{"image_path": "/daintlab/home/rilab/github/frankmocap_notebooks/images/1X5A1790/scene_00000120.jpg", "body_bbox_list": [[489, 126, 148, 429]], "hand_bbox_list": [{"left_hand": [619.830810546875, 349.5652160644531, 25.4312744140625, 49.0059814453125], "right_hand": [490.70928955078125, 346.64166259765625, 24.64990234375, 47.3333740234375]}]}