{"image_path": "/daintlab/home/rilab/github/frankmocap_notebooks/images/1X5A1790/scene_00000400.jpg", "body_bbox_list": [[489, 131, 148, 419]], "hand_bbox_list": [{"left_hand": [623.4010620117188, 354.0718994140625, 20.58282470703125, 47.837188720703125], "right_hand": [489.4303283691406, 352.3414611816406, 21.012939453125, 48.43475341796875]}]}