{"image_path": "/daintlab/home/rilab/github/frankmocap_notebooks/images/1X5A1790/scene_00000470.jpg", "body_bbox_list": [[500, 367, 126, 177]], "hand_bbox_list": [{"left_hand": [596.5455322265625, 522.7481689453125, 34.44635009765625, 49.64794921875], "right_hand": [501.4974670410156, 523.2705688476562, 29.199554443359375, 49.74853515625]}]}