{"image_path": "/daintlab/home/rilab/github/frankmocap_notebooks/images/1X5A1790/scene_00000597.jpg", "body_bbox_list": [[483, 131, 170, 424]], "hand_bbox_list": [{"left_hand": [637.831298828125, 352.3670654296875, 25.29852294921875, 50.107086181640625], "right_hand": [483.6408386230469, 354.3543701171875, 28.780731201171875, 52.246551513671875]}]}