{"image_path": "/daintlab/home/rilab/github/frankmocap_notebooks/images/1X5A1790/scene_00000043.jpg", "body_bbox_list": [[483, 126, 165, 429]], "hand_bbox_list": [{"left_hand": [624.665771484375, 357.1863708496094, 28.71990966796875, 38.044830322265625], "right_hand": [485.2331237792969, 357.21502685546875, 25.068389892578125, 40.852508544921875]}]}