{"image_path": "/daintlab/home/rilab/github/frankmocap_notebooks/images/1X5A1790/scene_00000003.jpg", "body_bbox_list": [[483, 126, 165, 429]], "hand_bbox_list": [{"left_hand": [623.044189453125, 356.9591979980469, 31.801513671875, 38.0267333984375], "right_hand": [482.1728515625, 355.7732238769531, 31.98004150390625, 39.309295654296875]}]}