{"image_path": "/daintlab/home/rilab/github/frankmocap_notebooks/images/1X5A1790/scene_00000064.jpg", "body_bbox_list": [[483, 126, 160, 429]], "hand_bbox_list": [{"left_hand": [626.8992309570312, 356.3890380859375, 25.517333984375, 46.570281982421875], "right_hand": [486.2123718261719, 353.8456726074219, 25.900543212890625, 45.754302978515625]}]}