{"image_path": "/daintlab/home/rilab/github/frankmocap_notebooks/images/1X5A1790/scene_00000344.jpg", "body_bbox_list": [[489, 79, 143, 473]], "hand_bbox_list": [{"left_hand": [611.9872436523438, 49.61484146118164, 22.2056884765625, 63.03287887573242], "right_hand": [486.3547668457031, 54.44673156738281, 22.929962158203125, 55.438751220703125]}]}