{"image_path": "/daintlab/home/rilab/github/frankmocap_notebooks/images/1X5A1790/scene_00000108.jpg", "body_bbox_list": [[488, 126, 155, 429]], "hand_bbox_list": [{"left_hand": [625.7909545898438, 356.4642333984375, 23.8660888671875, 47.4541015625], "right_hand": [488.7623291015625, 355.8240661621094, 25.36328125, 46.04931640625]}]}