{"image_path": "/daintlab/home/rilab/github/frankmocap_notebooks/images/1X5A1790/scene_00000232.jpg", "body_bbox_list": [[499, 47, 133, 512]], "hand_bbox_list": [{"left_hand": [605.6025390625, 24.502599716186523, 22.0513916015625, 51.05493927001953], "right_hand": [505.4690246582031, 28.07862663269043, 20.654388427734375, 51.431007385253906]}]}