{"image_path": "/daintlab/home/rilab/github/frankmocap_notebooks/images/1X5A1790/scene_00000516.jpg", "body_bbox_list": [[505, 362, 121, 177]], "hand_bbox_list": [{"left_hand": [598.8143310546875, 525.501220703125, 33.03179931640625, 49.815185546875], "right_hand": [501.7208557128906, 525.8458251953125, 29.636932373046875, 48.6981201171875]}]}