{"image_path": "/daintlab/home/rilab/github/frankmocap_notebooks/images/1X5A1790/scene_00000200.jpg", "body_bbox_list": [[494, 53, 143, 500]], "hand_bbox_list": [{"left_hand": [606.1129150390625, 17.68279457092285, 24.0872802734375, 53.71508026123047], "right_hand": [499.447998046875, 18.348102569580078, 22.70611572265625, 55.55881118774414]}]}