{"image_path": "/daintlab/home/rilab/github/frankmocap_notebooks/images/1X5A1790/scene_00000109.jpg", "body_bbox_list": [[488, 126, 155, 429]], "hand_bbox_list": [{"left_hand": [625.2127075195312, 356.05609130859375, 23.9930419921875, 47.71270751953125], "right_hand": [488.6809997558594, 355.6409606933594, 25.517913818359375, 46.52337646484375]}]}