{"image_path": "/daintlab/home/rilab/github/frankmocap_notebooks/images/1X5A1790/scene_00000265.jpg", "body_bbox_list": [[494, 47, 138, 512]], "hand_bbox_list": [{"left_hand": [605.9937133789062, 23.967453002929688, 21.9638671875, 52.60493469238281], "right_hand": [499.9447021484375, 27.90396499633789, 21.88873291015625, 53.16152572631836]}]}