{"image_path": "/daintlab/home/rilab/github/frankmocap_notebooks/images/1X5A1790/scene_00000475.jpg", "body_bbox_list": [[505, 362, 121, 177]], "hand_bbox_list": [{"left_hand": [599.4861450195312, 525.6761474609375, 32.8143310546875, 48.10894775390625], "right_hand": [502.1556701660156, 525.5885620117188, 30.497894287109375, 48.33209228515625]}]}