{"image_path": "/daintlab/home/rilab/github/frankmocap_notebooks/images/1X5A1790/scene_00000038.jpg", "body_bbox_list": [[483, 126, 165, 429]], "hand_bbox_list": [{"left_hand": [622.9825439453125, 356.8580322265625, 31.5155029296875, 38.28167724609375], "right_hand": [482.75518798828125, 355.9364013671875, 31.548828125, 39.2894287109375]}]}