{"image_path": "/daintlab/home/rilab/github/frankmocap_notebooks/images/1X5A1790/scene_00000192.jpg", "body_bbox_list": [[494, 63, 143, 490]], "hand_bbox_list": [{"left_hand": [607.4705810546875, 22.834688186645508, 23.75372314453125, 58.00463104248047], "right_hand": [496.074462890625, 25.261539459228516, 22.979736328125, 56.41313552856445]}]}