{"image_path": "/daintlab/home/rilab/github/frankmocap_notebooks/images/1X5A1790/scene_00000496.jpg", "body_bbox_list": [[505, 368, 116, 170]], "hand_bbox_list": [{"left_hand": [598.4223022460938, 525.0299072265625, 34.0404052734375, 48.769775390625], "right_hand": [501.78277587890625, 525.6927490234375, 29.6956787109375, 47.9044189453125]}]}