{"image_path": "/daintlab/home/rilab/github/frankmocap_notebooks/images/1X5A1790/scene_00000467.jpg", "body_bbox_list": [[500, 357, 116, 192]], "hand_bbox_list": [{"left_hand": [595.897705078125, 519.0922241210938, 33.55377197265625, 50.22149658203125], "right_hand": [502.7183532714844, 521.1383056640625, 29.113189697265625, 48.20184326171875]}]}