{"image_path": "/daintlab/home/rilab/github/frankmocap_notebooks/images/1X5A1790/scene_00000585.jpg", "body_bbox_list": [[499, 194, 143, 353]], "hand_bbox_list": [{"left_hand": [621.5862426757812, 398.5686340332031, 30.65679931640625, 58.04840087890625], "right_hand": [497.22259521484375, 399.3003845214844, 31.536865234375, 55.45050048828125]}]}