{"image_path": "/daintlab/home/rilab/github/frankmocap_notebooks/images/1X5A1790/scene_00000629.jpg", "body_bbox_list": [[483, 131, 160, 424]], "hand_bbox_list": [{"left_hand": [621.618408203125, 352.6232604980469, 27.6363525390625, 44.700164794921875], "right_hand": [484.2257080078125, 355.5049743652344, 27.2679443359375, 45.93017578125]}]}