{"image_path": "/daintlab/home/rilab/github/frankmocap_notebooks/images/1X5A1790/scene_00000341.jpg", "body_bbox_list": [[489, 69, 143, 478]], "hand_bbox_list": [{"left_hand": [611.4759521484375, 39.307334899902344, 22.775634765625, 68.44286346435547], "right_hand": [486.9314880371094, 42.32856369018555, 22.59405517578125, 56.6938362121582]}]}