{"image_path": "/daintlab/home/rilab/github/frankmocap_notebooks/images/1X5A1790/scene_00000398.jpg", "body_bbox_list": [[489, 131, 148, 419]], "hand_bbox_list": [{"left_hand": [622.9808349609375, 353.47564697265625, 20.1212158203125, 48.48822021484375], "right_hand": [488.406494140625, 352.7595520019531, 22.054168701171875, 47.094024658203125]}]}