{"image_path": "/daintlab/home/rilab/github/frankmocap_notebooks/images/1X5A1790/scene_00000078.jpg", "body_bbox_list": [[483, 126, 160, 429]], "hand_bbox_list": [{"left_hand": [627.0889892578125, 355.454833984375, 25.49072265625, 46.58160400390625], "right_hand": [486.0770263671875, 353.8437805175781, 25.67010498046875, 46.696624755859375]}]}