{"image_path": "/daintlab/home/rilab/github/frankmocap_notebooks/images/1X5A1790/scene_00000268.jpg", "body_bbox_list": [[494, 47, 138, 512]], "hand_bbox_list": [{"left_hand": [605.949462890625, 24.081640243530273, 21.908935546875, 52.188575744628906], "right_hand": [499.68841552734375, 27.93056297302246, 22.11248779296875, 53.531700134277344]}]}