{"image_path": "/daintlab/home/rilab/github/frankmocap_notebooks/images/1X5A1790/scene_00000044.jpg", "body_bbox_list": [[483, 126, 165, 429]], "hand_bbox_list": [{"left_hand": [625.9713134765625, 355.5022888183594, 26.71533203125, 41.510040283203125], "right_hand": [485.39697265625, 357.3006896972656, 25.02984619140625, 40.957763671875]}]}