{"image_path": "/daintlab/home/rilab/github/frankmocap_notebooks/images/1X5A1790/scene_00000353.jpg", "body_bbox_list": [[483, 126, 155, 424]], "hand_bbox_list": [{"left_hand": [616.9779663085938, 99.93506622314453, 21.36138916015625, 48.89447784423828], "right_hand": [485.3609313964844, 101.56570434570312, 22.140380859375, 44.271728515625]}]}