{"image_path": "/daintlab/home/rilab/github/frankmocap_notebooks/images/1X5A1790/scene_00000162.jpg", "body_bbox_list": [[483, 131, 155, 424]], "hand_bbox_list": [{"left_hand": [613.1124877929688, 170.00103759765625, 24.97344970703125, 35.88948059082031], "right_hand": [483.3257751464844, 174.93824768066406, 24.515625, 37.86106872558594]}]}