{"image_path": "/daintlab/home/rilab/github/frankmocap_notebooks/images/1X5A1790/scene_00000046.jpg", "body_bbox_list": [[483, 126, 160, 429]], "hand_bbox_list": [{"left_hand": [625.4661865234375, 355.644287109375, 26.0877685546875, 46.1832275390625], "right_hand": [485.48004150390625, 355.6731262207031, 26.72113037109375, 45.024810791015625]}]}