{"image_path": "/daintlab/home/rilab/github/frankmocap_notebooks/images/1X5A1790/scene_00000399.jpg", "body_bbox_list": [[489, 131, 148, 419]], "hand_bbox_list": [{"left_hand": [622.9576416015625, 353.7449951171875, 20.8394775390625, 48.150543212890625], "right_hand": [489.2546691894531, 352.23504638671875, 21.238372802734375, 48.517059326171875]}]}