{"image_path": "/daintlab/home/rilab/github/frankmocap_notebooks/images/1X5A1790/scene_00000095.jpg", "body_bbox_list": [[483, 126, 160, 429]], "hand_bbox_list": [{"left_hand": [625.3987426757812, 357.8204345703125, 25.2607421875, 46.728485107421875], "right_hand": [486.2605895996094, 355.466064453125, 26.140533447265625, 46.736541748046875]}]}