{"image_path": "/daintlab/home/rilab/github/frankmocap_notebooks/images/1X5A1790/scene_00000591.jpg", "body_bbox_list": [[488, 147, 160, 407]], "hand_bbox_list": [{"left_hand": [632.1480102539062, 367.0517272949219, 26.5615234375, 50.796966552734375], "right_hand": [488.923828125, 368.9974365234375, 26.2459716796875, 49.75140380859375]}]}