{"image_path": "/daintlab/home/rilab/github/frankmocap_notebooks/images/1X5A1790/scene_00000079.jpg", "body_bbox_list": [[483, 126, 160, 429]], "hand_bbox_list": [{"left_hand": [627.0892333984375, 355.5400695800781, 25.47491455078125, 46.254150390625], "right_hand": [486.0148010253906, 354.0365905761719, 25.51446533203125, 46.527313232421875]}]}