{"image_path": "/daintlab/home/rilab/github/frankmocap_notebooks/images/1X5A1790/scene_00000566.jpg", "body_bbox_list": [[505, 347, 121, 177]], "hand_bbox_list": [{"left_hand": [602.3784790039062, 513.5064697265625, 31.3123779296875, 49.8956298828125], "right_hand": [505.017822265625, 514.1597290039062, 28.7833251953125, 48.17547607421875]}]}