{"image_path": "/daintlab/home/rilab/github/frankmocap_notebooks/images/1X5A1790/scene_00000509.jpg", "body_bbox_list": [[505, 362, 121, 182]], "hand_bbox_list": [{"left_hand": [599.1688232421875, 525.8092041015625, 32.10699462890625, 48.3182373046875], "right_hand": [502.4824523925781, 524.6492919921875, 31.411041259765625, 50.90142822265625]}]}