{"image_path": "/daintlab/home/rilab/github/frankmocap_notebooks/images/1X5A1790/scene_00000612.jpg", "body_bbox_list": [[483, 131, 160, 424]], "hand_bbox_list": [{"left_hand": [630.3931884765625, 354.0744934082031, 21.30755615234375, 48.30108642578125], "right_hand": [486.12457275390625, 357.5779724121094, 24.546630859375, 48.063507080078125]}]}