{"image_path": "/daintlab/home/rilab/github/frankmocap_notebooks/images/1X5A1790/scene_00000606.jpg", "body_bbox_list": [[483, 131, 170, 424]], "hand_bbox_list": [{"left_hand": [635.7416381835938, 349.71331787109375, 22.61175537109375, 49.72662353515625], "right_hand": [484.23760986328125, 354.241943359375, 24.019287109375, 49.774688720703125]}]}