{"image_path": "/daintlab/home/rilab/github/frankmocap_notebooks/images/1X5A1790/scene_00000506.jpg", "body_bbox_list": [[505, 368, 121, 170]], "hand_bbox_list": [{"left_hand": [599.2014770507812, 525.6533203125, 32.21466064453125, 48.65838623046875], "right_hand": [502.4793395996094, 524.7095336914062, 31.294464111328125, 50.90045166015625]}]}