{"image_path": "/daintlab/home/rilab/github/frankmocap_notebooks/images/1X5A1790/scene_00000358.jpg", "body_bbox_list": [[489, 131, 148, 419]], "hand_bbox_list": [{"left_hand": [614.7381591796875, 132.33692932128906, 23.80035400390625, 50.120269775390625], "right_hand": [485.7603454589844, 131.36639404296875, 22.993988037109375, 39.086181640625]}]}