{"image_path": "/daintlab/home/rilab/github/frankmocap_notebooks/images/1X5A1790/scene_00000088.jpg", "body_bbox_list": [[483, 126, 160, 429]], "hand_bbox_list": [{"left_hand": [626.761474609375, 356.49072265625, 25.40936279296875, 46.525115966796875], "right_hand": [486.028564453125, 355.13287353515625, 25.222381591796875, 46.645172119140625]}]}