{"image_path": "/daintlab/home/rilab/github/frankmocap_notebooks/images/1X5A1790/scene_00000093.jpg", "body_bbox_list": [[483, 126, 160, 429]], "hand_bbox_list": [{"left_hand": [625.5807495117188, 356.38726806640625, 25.95550537109375, 47.28411865234375], "right_hand": [486.1759033203125, 355.53851318359375, 26.00909423828125, 46.824737548828125]}]}