{"image_path": "/daintlab/home/rilab/github/frankmocap_notebooks/images/1X5A1790/scene_00000309.jpg", "body_bbox_list": [[489, 47, 148, 512]], "hand_bbox_list": [{"left_hand": [606.229248046875, 20.732667922973633, 22.1944580078125, 53.562835693359375], "right_hand": [496.7276306152344, 22.876508712768555, 21.959075927734375, 52.34291076660156]}]}