{"image_path": "/daintlab/home/rilab/github/frankmocap_notebooks/images/1X5A1790/scene_00000490.jpg", "body_bbox_list": [[500, 368, 121, 170]], "hand_bbox_list": [{"left_hand": [599.2113647460938, 526.210205078125, 32.99176025390625, 47.27960205078125], "right_hand": [501.6465759277344, 525.4669189453125, 29.792999267578125, 47.978759765625]}]}