{"image_path": "/daintlab/home/rilab/github/frankmocap_notebooks/images/1X5A1790/scene_00000440.jpg", "body_bbox_list": [[499, 221, 133, 319]], "hand_bbox_list": [{"left_hand": [592.1600341796875, 413.7707824707031, 28.94366455078125, 47.3543701171875], "right_hand": [510.6847839355469, 412.3471374511719, 27.747955322265625, 46.274993896484375]}]}