{"image_path": "/daintlab/home/rilab/github/frankmocap_notebooks/images/1X5A1790/scene_00000448.jpg", "body_bbox_list": [[500, 289, 126, 248]], "hand_bbox_list": [{"left_hand": [593.2052001953125, 457.4048156738281, 28.4044189453125, 46.981353759765625], "right_hand": [510.6069641113281, 456.0204772949219, 28.337371826171875, 46.206268310546875]}]}