{"image_path": "/daintlab/home/rilab/github/frankmocap_notebooks/images/1X5A1790/scene_00000274.jpg", "body_bbox_list": [[494, 47, 138, 512]], "hand_bbox_list": [{"left_hand": [606.3892211914062, 24.090608596801758, 22.0716552734375, 53.03216552734375], "right_hand": [501.11700439453125, 28.864225387573242, 20.8502197265625, 52.66282653808594]}]}