{"image_path": "/daintlab/home/rilab/github/frankmocap_notebooks/images/1X5A1790/scene_00000175.jpg", "body_bbox_list": [[489, 105, 148, 451]], "hand_bbox_list": [{"left_hand": [605.2340698242188, 79.52033233642578, 24.1962890625, 54.88013458251953], "right_hand": [487.78472900390625, 89.2849349975586, 23.033233642578125, 46.37273406982422]}]}