{"image_path": "/daintlab/home/rilab/github/frankmocap_notebooks/images/1X5A1790/scene_00000455.jpg", "body_bbox_list": [[500, 331, 126, 204]], "hand_bbox_list": [{"left_hand": [592.6649780273438, 486.35015869140625, 34.79266357421875, 48.710205078125], "right_hand": [508.4775695800781, 487.97882080078125, 27.943389892578125, 46.02197265625]}]}