{"image_path": "/daintlab/home/rilab/github/frankmocap_notebooks/images/1X5A1790/scene_00000324.jpg", "body_bbox_list": [[489, 47, 148, 512]], "hand_bbox_list": [{"left_hand": [612.7083740234375, 16.61811637878418, 22.17041015625, 59.81897735595703], "right_hand": [495.3318786621094, 17.04100227355957, 21.098968505859375, 59.46729278564453]}]}