{"image_path": "/daintlab/home/rilab/github/frankmocap_notebooks/images/1X5A1790/scene_00000413.jpg", "body_bbox_list": [[489, 131, 148, 419]], "hand_bbox_list": [{"left_hand": [619.0433349609375, 353.0769958496094, 20.4063720703125, 48.393524169921875], "right_hand": [491.5004577636719, 353.5762939453125, 21.405914306640625, 47.06243896484375]}]}