{"image_path": "/daintlab/home/rilab/github/frankmocap_notebooks/images/1X5A1790/scene_00000424.jpg", "body_bbox_list": [[494, 147, 143, 402]], "hand_bbox_list": [{"left_hand": [608.7091674804688, 360.370361328125, 23.6505126953125, 48.373199462890625], "right_hand": [500.2873229980469, 359.8727722167969, 21.229339599609375, 47.916717529296875]}]}