{"image_path": "/daintlab/home/rilab/github/frankmocap_notebooks/images/1X5A1790/scene_00000604.jpg", "body_bbox_list": [[483, 131, 170, 424]], "hand_bbox_list": [{"left_hand": [636.428955078125, 349.50262451171875, 24.05548095703125, 49.7176513671875], "right_hand": [483.68890380859375, 354.083984375, 24.843475341796875, 49.903564453125]}]}