{"image_path": "/daintlab/home/rilab/github/frankmocap_notebooks/images/1X5A1790/scene_00000207.jpg", "body_bbox_list": [[494, 47, 143, 512]], "hand_bbox_list": [{"left_hand": [612.5242919921875, 18.457117080688477, 22.2447509765625, 54.921875], "right_hand": [499.9986877441406, 17.6146297454834, 22.661529541015625, 56.953346252441406]}]}