{"image_path": "/daintlab/home/rilab/github/frankmocap_notebooks/images/1X5A1790/scene_00000176.jpg", "body_bbox_list": [[489, 105, 148, 451]], "hand_bbox_list": [{"left_hand": [606.3479614257812, 73.89856719970703, 22.9578857421875, 54.992881774902344], "right_hand": [487.4931335449219, 82.205078125, 22.89422607421875, 48.473785400390625]}]}