{"image_path": "/daintlab/home/rilab/github/frankmocap_notebooks/images/1X5A1790/scene_00000250.jpg", "body_bbox_list": [[494, 52, 138, 507]], "hand_bbox_list": [{"left_hand": [605.74169921875, 23.79418182373047, 22.1617431640625, 52.59502410888672], "right_hand": [500.4305419921875, 27.747779846191406, 21.33856201171875, 51.910400390625]}]}