{"image_path": "/daintlab/home/rilab/github/frankmocap_notebooks/images/1X5A1790/scene_00000182.jpg", "body_bbox_list": [[489, 84, 148, 473]], "hand_bbox_list": [{"left_hand": [609.281982421875, 48.63511276245117, 23.66571044921875, 60.03908920288086], "right_hand": [486.9288024902344, 52.0752067565918, 22.9512939453125, 55.28725814819336]}]}