{"image_path": "/daintlab/home/rilab/github/frankmocap_notebooks/images/1X5A1790/scene_00000048.jpg", "body_bbox_list": [[488, 126, 160, 429]], "hand_bbox_list": [{"left_hand": [626.073974609375, 355.34051513671875, 25.9002685546875, 46.706634521484375], "right_hand": [486.0189208984375, 353.7823181152344, 26.21185302734375, 46.384185791015625]}]}