{"image_path": "/daintlab/home/rilab/github/frankmocap_notebooks/images/1X5A1790/scene_00000151.jpg", "body_bbox_list": [[489, 126, 143, 429]], "hand_bbox_list": [{"left_hand": [611.5533447265625, 240.7476348876953, 24.3349609375, 32.12931823730469], "right_hand": [484.0951843261719, 241.69338989257812, 23.89630126953125, 36.891204833984375]}]}