{"image_path": "/daintlab/home/rilab/github/frankmocap_notebooks/images/1X5A1790/scene_00000157.jpg", "body_bbox_list": [[489, 131, 143, 424]], "hand_bbox_list": [{"left_hand": [613.7230834960938, 205.90577697753906, 20.63116455078125, 33.82969665527344], "right_hand": [485.94146728515625, 209.24400329589844, 23.571746826171875, 32.9720458984375]}]}