{"image_path": "/daintlab/home/rilab/github/frankmocap_notebooks/images/1X5A1790/scene_00000280.jpg", "body_bbox_list": [[494, 52, 138, 507]], "hand_bbox_list": [{"left_hand": [606.7490844726562, 23.734529495239258, 22.302001953125, 52.811370849609375], "right_hand": [500.73681640625, 27.581851959228516, 20.97900390625, 52.4035758972168]}]}