{"image_path": "/daintlab/home/rilab/github/frankmocap_notebooks/images/1X5A1790/scene_00000602.jpg", "body_bbox_list": [[483, 131, 170, 424]], "hand_bbox_list": [{"left_hand": [636.591552734375, 349.2184753417969, 25.38641357421875, 49.381134033203125], "right_hand": [482.6580505371094, 353.8180847167969, 25.423248291015625, 49.376983642578125]}]}