{"image_path": "/daintlab/home/rilab/github/frankmocap_notebooks/images/1X5A1790/scene_00000215.jpg", "body_bbox_list": [[499, 42, 133, 517]], "hand_bbox_list": [{"left_hand": [605.5819702148438, 22.544498443603516, 21.95086669921875, 51.69926834106445], "right_hand": [509.8126220703125, 22.307628631591797, 22.48406982421875, 52.48208999633789]}]}