{"image_path": "/daintlab/home/rilab/github/frankmocap_notebooks/images/1X5A1790/scene_00000577.jpg", "body_bbox_list": [[499, 299, 133, 243]], "hand_bbox_list": [{"left_hand": [607.215087890625, 464.4468994140625, 33.6695556640625, 51.58343505859375], "right_hand": [504.5074157714844, 463.8185119628906, 27.762359619140625, 47.4652099609375]}]}