{"image_path": "/daintlab/home/rilab/github/frankmocap_notebooks/images/1X5A1790/scene_00000347.jpg", "body_bbox_list": [[489, 79, 148, 473]], "hand_bbox_list": [{"left_hand": [613.0579833984375, 60.86182403564453, 21.845703125, 59.17835998535156], "right_hand": [486.1470947265625, 66.52279663085938, 22.782928466796875, 50.547645568847656]}]}