{"image_path": "/daintlab/home/rilab/github/frankmocap_notebooks/images/1X5A1790/scene_00000009.jpg", "body_bbox_list": [[488, 126, 155, 424]], "hand_bbox_list": [{"left_hand": [621.9781494140625, 356.4893493652344, 31.840576171875, 40.844757080078125], "right_hand": [482.9442138671875, 356.2137451171875, 31.5118408203125, 39.213287353515625]}]}