{"image_path": "/daintlab/home/rilab/github/frankmocap_notebooks/images/1X5A1790/scene_00000515.jpg", "body_bbox_list": [[500, 362, 126, 177]], "hand_bbox_list": [{"left_hand": [597.9534912109375, 524.6486206054688, 33.9912109375, 49.29205322265625], "right_hand": [502.44415283203125, 525.009765625, 31.50506591796875, 50.66217041015625]}]}