{"image_path": "/daintlab/home/rilab/github/frankmocap_notebooks/images/1X5A1790/scene_00000529.jpg", "body_bbox_list": [[505, 362, 121, 177]], "hand_bbox_list": [{"left_hand": [598.0497436523438, 525.176025390625, 33.669677734375, 50.27581787109375], "right_hand": [502.3420104980469, 524.4793701171875, 31.644073486328125, 50.95294189453125]}]}