{"image_path": "/daintlab/home/rilab/github/frankmocap_notebooks/images/1X5A1790/scene_00000428.jpg", "body_bbox_list": [[494, 163, 138, 385]], "hand_bbox_list": [{"left_hand": [600.42431640625, 371.3914794921875, 25.38189697265625, 48.63958740234375], "right_hand": [502.7506408691406, 370.38555908203125, 23.571868896484375, 49.215087890625]}]}