{"image_path": "/daintlab/home/rilab/github/frankmocap_notebooks/images/1X5A1790/scene_00000100.jpg", "body_bbox_list": [[488, 126, 155, 429]], "hand_bbox_list": [{"left_hand": [625.281005859375, 357.89068603515625, 25.049560546875, 46.605255126953125], "right_hand": [486.2348327636719, 355.4296569824219, 26.007354736328125, 46.484375]}]}