{"image_path": "/daintlab/home/rilab/github/frankmocap_notebooks/images/1X5A1790/scene_00000624.jpg", "body_bbox_list": [[483, 131, 160, 424]], "hand_bbox_list": [{"left_hand": [621.3239135742188, 352.67901611328125, 30.97991943359375, 47.710845947265625], "right_hand": [484.8674011230469, 356.6014099121094, 26.9451904296875, 46.228546142578125]}]}