{"image_path": "/daintlab/home/rilab/github/frankmocap_notebooks/images/1X5A1790/scene_00000098.jpg", "body_bbox_list": [[488, 126, 155, 429]], "hand_bbox_list": [{"left_hand": [625.3430786132812, 357.8664245605469, 24.92242431640625, 46.696563720703125], "right_hand": [486.2810974121094, 355.4183349609375, 26.146453857421875, 46.70855712890625]}]}