{"image_path": "/daintlab/home/rilab/github/frankmocap_notebooks/images/1X5A1790/scene_00000508.jpg", "body_bbox_list": [[505, 368, 121, 170]], "hand_bbox_list": [{"left_hand": [599.1646118164062, 525.6456909179688, 32.29443359375, 48.5772705078125], "right_hand": [502.49114990234375, 524.7238159179688, 31.40252685546875, 50.801025390625]}]}