{"image_path": "/daintlab/home/rilab/github/frankmocap_notebooks/images/1X5A1790/scene_00000051.jpg", "body_bbox_list": [[483, 126, 160, 429]], "hand_bbox_list": [{"left_hand": [626.5634765625, 355.08209228515625, 26.07574462890625, 46.509857177734375], "right_hand": [485.7857971191406, 353.7026672363281, 25.91021728515625, 46.4464111328125]}]}