{"image_path": "/daintlab/home/rilab/github/frankmocap_notebooks/images/1X5A1790/scene_00000142.jpg", "body_bbox_list": [[483, 126, 155, 429]], "hand_bbox_list": [{"left_hand": [616.242919921875, 289.0576171875, 22.9371337890625, 41.828521728515625], "right_hand": [485.12384033203125, 291.9365234375, 19.27197265625, 41.597137451171875]}]}