{"image_path": "/daintlab/home/rilab/github/frankmocap_notebooks/images/1X5A1790/scene_00000414.jpg", "body_bbox_list": [[489, 137, 148, 412]], "hand_bbox_list": [{"left_hand": [618.74267578125, 354.2120056152344, 20.00244140625, 47.45458984375], "right_hand": [492.75433349609375, 353.19110107421875, 21.75299072265625, 48.263031005859375]}]}