{"image_path": "/daintlab/home/rilab/github/frankmocap_notebooks/images/1X5A1790/scene_00000058.jpg", "body_bbox_list": [[483, 126, 160, 429]], "hand_bbox_list": [{"left_hand": [627.2683715820312, 355.7394104003906, 25.4935302734375, 47.44488525390625], "right_hand": [486.0011291503906, 353.87451171875, 25.845550537109375, 45.881866455078125]}]}