{"image_path": "/daintlab/home/rilab/github/frankmocap_notebooks/images/1X5A1790/scene_00000290.jpg", "body_bbox_list": [[494, 52, 143, 507]], "hand_bbox_list": [{"left_hand": [607.604736328125, 23.897043228149414, 22.45751953125, 53.07063293457031], "right_hand": [498.6957702636719, 27.226093292236328, 21.384918212890625, 53.31852340698242]}]}