{"image_path": "/daintlab/home/rilab/github/frankmocap_notebooks/images/1X5A1790/scene_00000278.jpg", "body_bbox_list": [[494, 52, 138, 507]], "hand_bbox_list": [{"left_hand": [606.9003295898438, 24.243873596191406, 22.1102294921875, 52.46989440917969], "right_hand": [501.1579895019531, 28.11281967163086, 20.682037353515625, 52.28010177612305]}]}