{"image_path": "/daintlab/home/rilab/github/frankmocap_notebooks/images/1X5A1790/scene_00000230.jpg", "body_bbox_list": [[499, 58, 133, 500]], "hand_bbox_list": [{"left_hand": null, "right_hand": [506.16497802734375, 27.060911178588867, 20.2823486328125, 51.381263732910156]}]}