{"image_path": "/daintlab/home/rilab/github/frankmocap_notebooks/images/1X5A1790/scene_00000367.jpg", "body_bbox_list": [[484, 131, 148, 419]], "hand_bbox_list": [{"left_hand": [617.0772705078125, 192.4379425048828, 23.56707763671875, 37.4124755859375], "right_hand": [485.1397399902344, 194.4830322265625, 24.672515869140625, 33.1566162109375]}]}