{"image_path": "/daintlab/home/rilab/github/frankmocap_notebooks/images/1X5A1790/scene_00000286.jpg", "body_bbox_list": [[494, 52, 143, 507]], "hand_bbox_list": [{"left_hand": [607.7509155273438, 24.27127456665039, 22.08123779296875, 52.52821731567383], "right_hand": [500.3396911621094, 27.633386611938477, 21.406463623046875, 52.3460693359375]}]}