{"image_path": "/daintlab/home/rilab/github/frankmocap_notebooks/images/1X5A1790/scene_00000614.jpg", "body_bbox_list": [[483, 131, 160, 424]], "hand_bbox_list": [{"left_hand": [630.94140625, 354.00439453125, 20.97479248046875, 48.366790771484375], "right_hand": [486.307861328125, 357.7519226074219, 24.6522216796875, 48.07330322265625]}]}