{"image_path": "/daintlab/home/rilab/github/frankmocap_notebooks/images/1X5A1790/scene_00000511.jpg", "body_bbox_list": [[505, 362, 121, 177]], "hand_bbox_list": [{"left_hand": [599.123291015625, 525.668212890625, 32.28204345703125, 48.4664306640625], "right_hand": [502.4837646484375, 524.5519409179688, 31.35626220703125, 50.900634765625]}]}