{"image_path": "/daintlab/home/rilab/github/frankmocap_notebooks/images/1X5A1790/scene_00000213.jpg", "body_bbox_list": [[499, 52, 133, 507]], "hand_bbox_list": [{"left_hand": [605.8178100585938, 21.25678825378418, 22.8231201171875, 52.95123291015625], "right_hand": [507.9237365722656, 22.592554092407227, 22.387603759765625, 51.793312072753906]}]}