{"image_path": "/daintlab/home/rilab/github/frankmocap_notebooks/images/1X5A1790/scene_00000018.jpg", "body_bbox_list": [[488, 126, 160, 429]], "hand_bbox_list": [{"left_hand": [622.3555908203125, 356.6555480957031, 31.74273681640625, 38.704803466796875], "right_hand": [482.36004638671875, 355.4189453125, 31.94635009765625, 39.312652587890625]}]}