{"image_path": "/daintlab/home/rilab/github/frankmocap_notebooks/images/1X5A1790/scene_00000429.jpg", "body_bbox_list": [[494, 163, 138, 385]], "hand_bbox_list": [{"left_hand": [599.2814331054688, 373.3882751464844, 26.3360595703125, 48.789703369140625], "right_hand": [503.04345703125, 372.55157470703125, 24.04498291015625, 48.110870361328125]}]}