{"image_path": "/daintlab/home/rilab/github/frankmocap_notebooks/images/1X5A1790/scene_00000148.jpg", "body_bbox_list": [[489, 126, 148, 429]], "hand_bbox_list": [{"left_hand": [611.863037109375, 256.1958312988281, 23.8408203125, 40.9664306640625], "right_hand": [483.6078796386719, 259.81304931640625, 21.059722900390625, 39.512664794921875]}]}