{"image_path": "/daintlab/home/rilab/github/frankmocap_notebooks/images/1X5A1790/scene_00000118.jpg", "body_bbox_list": [[494, 126, 148, 429]], "hand_bbox_list": [{"left_hand": [621.816162109375, 351.11962890625, 23.8433837890625, 47.276702880859375], "right_hand": [492.71502685546875, 349.69598388671875, 23.40008544921875, 48.51190185546875]}]}