{"image_path": "/daintlab/home/rilab/github/frankmocap_notebooks/images/1X5A1790/scene_00000438.jpg", "body_bbox_list": [[499, 215, 133, 331]], "hand_bbox_list": [{"left_hand": [593.0562744140625, 406.9553527832031, 28.0245361328125, 46.298248291015625], "right_hand": [509.8299560546875, 403.7149963378906, 26.78985595703125, 48.29119873046875]}]}