{"image_path": "/daintlab/home/rilab/github/frankmocap_notebooks/images/1X5A1790/scene_00000254.jpg", "body_bbox_list": [[494, 52, 138, 507]], "hand_bbox_list": [{"left_hand": [606.1812133789062, 23.49430274963379, 22.1787109375, 52.56505584716797], "right_hand": [500.63372802734375, 27.7804012298584, 21.29888916015625, 52.160667419433594]}]}