{"image_path": "/daintlab/home/rilab/github/frankmocap_notebooks/images/1X5A1790/scene_00000037.jpg", "body_bbox_list": [[483, 126, 165, 429]], "hand_bbox_list": [{"left_hand": [622.5985107421875, 356.6311950683594, 31.9482421875, 38.66912841796875], "right_hand": [482.68109130859375, 355.88525390625, 31.68316650390625, 39.33697509765625]}]}