{"image_path": "/daintlab/home/rilab/github/frankmocap_notebooks/images/1X5A1790/scene_00000040.jpg", "body_bbox_list": [[483, 126, 165, 429]], "hand_bbox_list": [{"left_hand": [623.6289672851562, 357.1482849121094, 30.32196044921875, 37.77056884765625], "right_hand": [482.9770202636719, 355.9754333496094, 30.840789794921875, 39.11614990234375]}]}