{"image_path": "/daintlab/home/rilab/github/frankmocap_notebooks/images/1X5A1790/scene_00000628.jpg", "body_bbox_list": [[483, 131, 160, 424]], "hand_bbox_list": [{"left_hand": [621.6279907226562, 352.6163024902344, 27.62469482421875, 44.70843505859375], "right_hand": [484.2276306152344, 355.5106201171875, 27.264190673828125, 45.922576904296875]}]}