{"image_path": "/daintlab/home/rilab/github/frankmocap_notebooks/images/1X5A1790/scene_00000615.jpg", "body_bbox_list": [[483, 131, 160, 424]], "hand_bbox_list": [{"left_hand": [630.6778564453125, 354.2560119628906, 21.1268310546875, 48.2237548828125], "right_hand": [486.3265686035156, 357.8465881347656, 24.697601318359375, 48.3349609375]}]}