{"image_path": "/daintlab/home/rilab/github/frankmocap_notebooks/images/1X5A1790/scene_00000219.jpg", "body_bbox_list": [[499, 52, 133, 507]], "hand_bbox_list": [{"left_hand": null, "right_hand": [508.0827941894531, 23.98052406311035, 21.787200927734375, 52.944244384765625]}]}