{"image_path": "/daintlab/home/rilab/github/frankmocap_notebooks/images/1X5A1790/scene_00000080.jpg", "body_bbox_list": [[483, 126, 160, 429]], "hand_bbox_list": [{"left_hand": [626.8853759765625, 355.35784912109375, 25.60003662109375, 46.5732421875], "right_hand": [485.8392639160156, 354.97601318359375, 25.0255126953125, 46.548309326171875]}]}