{"image_path": "/daintlab/home/rilab/github/frankmocap_notebooks/images/1X5A1790/scene_00000006.jpg", "body_bbox_list": [[483, 126, 160, 429]], "hand_bbox_list": [{"left_hand": [621.7609252929688, 356.28173828125, 31.724365234375, 40.6214599609375], "right_hand": [482.61383056640625, 355.95855712890625, 31.66650390625, 39.323699951171875]}]}