{"image_path": "/daintlab/home/rilab/github/frankmocap_notebooks/images/1X5A1790/scene_00000061.jpg", "body_bbox_list": [[483, 126, 160, 429]], "hand_bbox_list": [{"left_hand": [626.938232421875, 356.4462890625, 25.48687744140625, 46.587860107421875], "right_hand": [485.8993835449219, 353.82733154296875, 25.666473388671875, 45.881561279296875]}]}