{"image_path": "/daintlab/home/rilab/github/frankmocap_notebooks/images/1X5A1790/scene_00000295.jpg", "body_bbox_list": [[494, 52, 138, 507]], "hand_bbox_list": [{"left_hand": [607.1302490234375, 23.524131774902344, 21.97918701171875, 52.785621643066406], "right_hand": [498.2755432128906, 27.746143341064453, 21.354583740234375, 52.78056716918945]}]}