{"image_path": "/daintlab/home/rilab/github/frankmocap_notebooks/images/1X5A1790/scene_00000063.jpg", "body_bbox_list": [[483, 126, 160, 429]], "hand_bbox_list": [{"left_hand": [626.7667846679688, 356.3904724121094, 25.64019775390625, 46.584991455078125], "right_hand": [486.0096740722656, 353.47027587890625, 26.106658935546875, 46.15167236328125]}]}