{"image_path": "/daintlab/home/rilab/github/frankmocap_notebooks/images/1X5A1790/scene_00000185.jpg", "body_bbox_list": [[489, 68, 148, 490]], "hand_bbox_list": [{"left_hand": [609.8177490234375, 37.02663803100586, 23.982666015625, 65.64634704589844], "right_hand": [489.60357666015625, 41.347999572753906, 22.32781982421875, 58.306640625]}]}