{"image_path": "/daintlab/home/rilab/github/frankmocap_notebooks/images/1X5A1790/scene_00000196.jpg", "body_bbox_list": [[489, 58, 148, 495]], "hand_bbox_list": [{"left_hand": [606.3694458007812, 18.87287139892578, 24.10894775390625, 53.74688720703125], "right_hand": [497.6064147949219, 18.8539981842041, 22.559967041015625, 56.42498016357422]}]}