{"image_path": "/daintlab/home/rilab/github/frankmocap_notebooks/images/1X5A1790/scene_00000243.jpg", "body_bbox_list": [[494, 47, 138, 512]], "hand_bbox_list": [{"left_hand": [605.9435424804688, 24.30349349975586, 21.6220703125, 52.491886138916016], "right_hand": [501.7027587890625, 28.638137817382812, 20.79547119140625, 51.38690185546875]}]}