{"image_path": "/daintlab/home/rilab/github/frankmocap_notebooks/images/1X5A1790/scene_00000033.jpg", "body_bbox_list": [[483, 126, 165, 429]], "hand_bbox_list": [{"left_hand": [622.6868286132812, 356.509765625, 32.1490478515625, 38.570159912109375], "right_hand": [482.1959533691406, 355.8506774902344, 32.098236083984375, 39.35699462890625]}]}