{"image_path": "/daintlab/home/rilab/github/frankmocap_notebooks/images/1X5A1790/scene_00000056.jpg", "body_bbox_list": [[483, 126, 165, 429]], "hand_bbox_list": [{"left_hand": [628.4636840820312, 355.31610107421875, 25.225341796875, 47.050994873046875], "right_hand": [485.95159912109375, 354.0810546875, 25.396484375, 46.006561279296875]}]}