{"image_path": "/daintlab/home/rilab/github/frankmocap_notebooks/images/1X5A1790/scene_00000085.jpg", "body_bbox_list": [[483, 126, 160, 429]], "hand_bbox_list": [{"left_hand": [626.8352661132812, 355.7031555175781, 25.6103515625, 46.672515869140625], "right_hand": [485.8796691894531, 354.7419128417969, 25.06036376953125, 46.811614990234375]}]}