{"image_path": "/daintlab/home/rilab/github/frankmocap_notebooks/images/1X5A1790/scene_00000076.jpg", "body_bbox_list": [[483, 126, 160, 429]], "hand_bbox_list": [{"left_hand": [626.2798461914062, 356.3349914550781, 26.03497314453125, 46.125885009765625], "right_hand": [486.186767578125, 353.99078369140625, 25.74945068359375, 46.584381103515625]}]}