{"image_path": "/daintlab/home/rilab/github/frankmocap_notebooks/images/1X5A1790/scene_00000249.jpg", "body_bbox_list": [[494, 47, 138, 512]], "hand_bbox_list": [{"left_hand": [605.6209716796875, 24.089797973632812, 22.2421875, 52.593055725097656], "right_hand": [500.51666259765625, 27.612045288085938, 21.585205078125, 52.26300811767578]}]}