{"image_path": "/daintlab/home/rilab/github/frankmocap_notebooks/images/1X5A1790/scene_00000395.jpg", "body_bbox_list": [[489, 131, 148, 419]], "hand_bbox_list": [{"left_hand": [622.806640625, 353.4018249511719, 21.10302734375, 48.687774658203125], "right_hand": [488.0860900878906, 352.6093444824219, 22.32366943359375, 47.063751220703125]}]}