{"image_path": "/daintlab/home/rilab/github/frankmocap_notebooks/images/1X5A1790/scene_00000224.jpg", "body_bbox_list": [[499, 42, 133, 512]], "hand_bbox_list": [{"left_hand": [603.6209106445312, 24.325538635253906, 22.30938720703125, 50.32928466796875], "right_hand": [507.75299072265625, 25.067060470581055, 21.24517822265625, 51.95921325683594]}]}