{"image_path": "/daintlab/home/rilab/github/frankmocap_notebooks/images/1X5A1790/scene_00000523.jpg", "body_bbox_list": [[584, 368, 28, 160], [500, 378, 126, 165]], "hand_bbox_list": [{"left_hand": [599.3305053710938, 523.601318359375, 30.49615478515625, 46.860107421875], "right_hand": null}, {"left_hand": [599.3305053710938, 523.601318359375, 30.49615478515625, 46.860107421875], "right_hand": [502.3009338378906, 525.0562133789062, 29.762481689453125, 47.7874755859375]}]}