{"image_path": "/daintlab/home/rilab/github/frankmocap_notebooks/images/1X5A1790/scene_00000015.jpg", "body_bbox_list": [[488, 126, 155, 429]], "hand_bbox_list": [{"left_hand": [621.4078369140625, 356.8828125, 31.734375, 40.513458251953125], "right_hand": [482.79803466796875, 355.8866882324219, 31.6243896484375, 39.306640625]}]}