{"image_path": "/daintlab/home/rilab/github/frankmocap_notebooks/images/1X5A1790/scene_00000084.jpg", "body_bbox_list": [[483, 126, 160, 429]], "hand_bbox_list": [{"left_hand": [626.8432006835938, 355.7107238769531, 25.600341796875, 46.766143798828125], "right_hand": [486.08587646484375, 353.87945556640625, 24.9298095703125, 46.8583984375]}]}