{"image_path": "/daintlab/home/rilab/github/frankmocap_notebooks/images/1X5A1790/scene_00000117.jpg", "body_bbox_list": [[494, 126, 143, 429]], "hand_bbox_list": [{"left_hand": [621.800537109375, 351.27398681640625, 23.93609619140625, 48.0198974609375], "right_hand": [492.7361755371094, 349.85247802734375, 23.452972412109375, 48.740631103515625]}]}