{"image_path": "/daintlab/home/rilab/github/frankmocap_notebooks/images/1X5A1790/scene_00000154.jpg", "body_bbox_list": [[489, 131, 148, 424]], "hand_bbox_list": [{"left_hand": [613.0399169921875, 220.21261596679688, 23.27508544921875, 31.230514526367188], "right_hand": [484.1267395019531, 225.68258666992188, 24.0374755859375, 31.33282470703125]}]}