{"image_path": "/daintlab/home/rilab/github/frankmocap_notebooks/images/1X5A1790/scene_00000164.jpg", "body_bbox_list": [[483, 131, 155, 424]], "hand_bbox_list": [{"left_hand": [612.613037109375, 156.19004821777344, 24.21063232421875, 40.21775817871094], "right_hand": [482.5419006347656, 162.06422424316406, 24.196990966796875, 39.60772705078125]}]}