{"image_path": "/daintlab/home/rilab/github/frankmocap_notebooks/images/1X5A1790/scene_00000495.jpg", "body_bbox_list": [[505, 368, 116, 170]], "hand_bbox_list": [{"left_hand": [599.4267578125, 525.9967041015625, 32.6746826171875, 48.03582763671875], "right_hand": [501.71942138671875, 525.6470336914062, 29.79547119140625, 47.9375]}]}