{"image_path": "/daintlab/home/rilab/github/frankmocap_notebooks/images/1X5A1790/scene_00000432.jpg", "body_bbox_list": [[494, 173, 138, 375]], "hand_bbox_list": [{"left_hand": [597.0989379882812, 383.73193359375, 26.74993896484375, 48.793914794921875], "right_hand": [505.128662109375, 382.29241943359375, 24.6619873046875, 48.5557861328125]}]}