{"image_path": "/daintlab/home/rilab/github/frankmocap_notebooks/images/1X5A1790/scene_00000527.jpg", "body_bbox_list": [[505, 362, 121, 177]], "hand_bbox_list": [{"left_hand": [597.060791015625, 524.159912109375, 35.02557373046875, 49.71746826171875], "right_hand": [502.3694763183594, 524.4747924804688, 31.725006103515625, 50.99139404296875]}]}