{"image_path": "/daintlab/home/rilab/github/frankmocap_notebooks/images/1X5A1790/scene_00000594.jpg", "body_bbox_list": [[483, 137, 170, 412]], "hand_bbox_list": [{"left_hand": [633.1926879882812, 354.5152587890625, 28.52239990234375, 54.55657958984375], "right_hand": [484.81304931640625, 359.4576416015625, 28.99761962890625, 52.970245361328125]}]}