{"image_path": "/daintlab/home/rilab/github/frankmocap_notebooks/images/1X5A1790/scene_00000461.jpg", "body_bbox_list": [[505, 352, 121, 177]], "hand_bbox_list": [{"left_hand": [597.263427734375, 510.7547607421875, 32.044921875, 46.6201171875], "right_hand": [507.0511169433594, 510.77459716796875, 28.047515869140625, 47.171875]}]}