{"image_path": "/daintlab/home/rilab/github/frankmocap_notebooks/images/1X5A1790/scene_00000548.jpg", "body_bbox_list": [[500, 362, 121, 182]], "hand_bbox_list": [{"left_hand": [598.0406494140625, 525.1728515625, 33.72650146484375, 50.31427001953125], "right_hand": [502.12554931640625, 524.3850708007812, 31.75152587890625, 51.1021728515625]}]}