{"image_path": "/daintlab/home/rilab/github/frankmocap_notebooks/images/1X5A1790/scene_00000283.jpg", "body_bbox_list": [[494, 52, 138, 507]], "hand_bbox_list": [{"left_hand": [607.0225219726562, 23.862899780273438, 21.87176513671875, 52.271568298339844], "right_hand": [500.1477355957031, 27.649831771850586, 21.659271240234375, 52.32823944091797]}]}