{"image_path": "/daintlab/home/rilab/github/frankmocap_notebooks/images/1X5A1790/scene_00000146.jpg", "body_bbox_list": [[483, 126, 155, 429]], "hand_bbox_list": [{"left_hand": [612.3096313476562, 263.5039978027344, 24.46929931640625, 42.056854248046875], "right_hand": [482.864990234375, 269.32940673828125, 20.220489501953125, 40.87353515625]}]}