{"image_path": "/daintlab/home/rilab/github/frankmocap_notebooks/images/1X5A1790/scene_00000547.jpg", "body_bbox_list": [[500, 362, 121, 177]], "hand_bbox_list": [{"left_hand": [598.0354614257812, 525.1776733398438, 33.91363525390625, 50.306640625], "right_hand": [502.1067810058594, 524.318115234375, 31.811431884765625, 51.17108154296875]}]}