{"image_path": "/daintlab/home/rilab/github/frankmocap_notebooks/images/1X5A1790/scene_00000183.jpg", "body_bbox_list": [[489, 79, 148, 478]], "hand_bbox_list": [{"left_hand": [609.9141845703125, 44.424198150634766, 23.31646728515625, 61.64982986450195], "right_hand": [487.15911865234375, 47.594520568847656, 23.06207275390625, 55.254127502441406]}]}