{"image_path": "/daintlab/home/rilab/github/frankmocap_notebooks/images/1X5A1790/scene_00000349.jpg", "body_bbox_list": [[489, 95, 143, 456]], "hand_bbox_list": [{"left_hand": [614.1309204101562, 71.38014221191406, 22.117919921875, 60.393798828125], "right_hand": [485.8018493652344, 77.10071563720703, 23.256866455078125, 48.924766540527344]}]}