{"image_path": "/daintlab/home/rilab/github/frankmocap_notebooks/images/1X5A1790/scene_00000601.jpg", "body_bbox_list": [[483, 131, 170, 419]], "hand_bbox_list": [{"left_hand": [638.50244140625, 348.8623046875, 24.501708984375, 49.998077392578125], "right_hand": [482.76043701171875, 354.0133361816406, 25.92022705078125, 49.53692626953125]}]}