{"image_path": "/daintlab/home/rilab/github/frankmocap_notebooks/images/1X5A1790/scene_00000122.jpg", "body_bbox_list": [[488, 126, 155, 429]], "hand_bbox_list": [{"left_hand": [618.8551635742188, 345.3802795410156, 25.88690185546875, 48.223114013671875], "right_hand": [489.9440002441406, 343.7947082519531, 25.432830810546875, 47.97296142578125]}]}