{"image_path": "/daintlab/home/rilab/github/frankmocap_notebooks/images/1X5A1790/scene_00000346.jpg", "body_bbox_list": [[484, 79, 148, 473]], "hand_bbox_list": [{"left_hand": [612.677734375, 56.46326446533203, 22.0687255859375, 62.028038024902344], "right_hand": [485.6293029785156, 61.28226852416992, 21.989837646484375, 52.36221694946289]}]}