{"image_path": "/daintlab/home/rilab/github/frankmocap_notebooks/images/1X5A1790/scene_00000303.jpg", "body_bbox_list": [[489, 47, 148, 512]], "hand_bbox_list": [{"left_hand": [606.5999755859375, 23.203393936157227, 22.299072265625, 51.94017791748047], "right_hand": [498.1383972167969, 27.268375396728516, 21.540863037109375, 52.47333908081055]}]}