{"image_path": "/daintlab/home/rilab/github/frankmocap_notebooks/images/1X5A1790/scene_00000208.jpg", "body_bbox_list": [[494, 47, 143, 512]], "hand_bbox_list": [{"left_hand": [612.6622924804688, 18.944049835205078, 23.014404296875, 54.09456253051758], "right_hand": [499.5692443847656, 18.059560775756836, 22.622161865234375, 56.85224914550781]}]}