{"image_path": "/daintlab/home/rilab/github/frankmocap_notebooks/images/1X5A1790/scene_00000451.jpg", "body_bbox_list": [[500, 315, 126, 221]], "hand_bbox_list": [{"left_hand": [593.2088623046875, 469.7608337402344, 29.3721923828125, 45.959991455078125], "right_hand": [509.18988037109375, 470.9555358886719, 27.84844970703125, 47.728118896484375]}]}