{"image_path": "/daintlab/home/rilab/github/frankmocap_notebooks/images/1X5A1790/scene_00000099.jpg", "body_bbox_list": [[488, 126, 155, 429]], "hand_bbox_list": [{"left_hand": [625.2536010742188, 357.8525085449219, 25.0225830078125, 46.6458740234375], "right_hand": [486.22332763671875, 355.4468688964844, 26.25994873046875, 46.68841552734375]}]}