{"image_path": "/daintlab/home/rilab/github/frankmocap_notebooks/images/1X5A1790/scene_00000578.jpg", "body_bbox_list": [[499, 284, 133, 258]], "hand_bbox_list": [{"left_hand": [613.1331176757812, 458.8611145019531, 27.6588134765625, 49.085723876953125], "right_hand": [503.5918273925781, 455.7182312011719, 28.608551025390625, 48.057098388671875]}]}