{"image_path": "/daintlab/home/rilab/github/frankmocap_notebooks/images/1X5A1790/scene_00000013.jpg", "body_bbox_list": [[488, 126, 155, 424]], "hand_bbox_list": [{"left_hand": [621.7334594726562, 356.849853515625, 31.8358154296875, 40.608489990234375], "right_hand": [483.1773376464844, 356.17950439453125, 31.201263427734375, 39.192291259765625]}]}