{"image_path": "/daintlab/home/rilab/github/frankmocap_notebooks/images/1X5A1790/scene_00000595.jpg", "body_bbox_list": [[483, 137, 170, 412]], "hand_bbox_list": [{"left_hand": [635.5955200195312, 355.6330871582031, 26.0970458984375, 49.553436279296875], "right_hand": [486.30462646484375, 359.54730224609375, 25.84100341796875, 48.35791015625]}]}