{"image_path": "/daintlab/home/rilab/github/frankmocap_notebooks/images/1X5A1790/scene_00000030.jpg", "body_bbox_list": [[483, 126, 165, 429]], "hand_bbox_list": [{"left_hand": [622.9880981445312, 356.1537780761719, 32.1690673828125, 38.458038330078125], "right_hand": [481.8811950683594, 355.4712219238281, 32.192718505859375, 39.36151123046875]}]}