{"image_path": "/daintlab/home/rilab/github/frankmocap_notebooks/images/1X5A1790/scene_00000163.jpg", "body_bbox_list": [[483, 131, 155, 424]], "hand_bbox_list": [{"left_hand": [611.7283325195312, 163.1475372314453, 27.05224609375, 36.07130432128906], "right_hand": [483.0298156738281, 169.0330352783203, 24.311737060546875, 38.73797607421875]}]}