{"image_path": "/daintlab/home/rilab/github/frankmocap_notebooks/images/1X5A1790/scene_00000530.jpg", "body_bbox_list": [[505, 362, 121, 177]], "hand_bbox_list": [{"left_hand": [597.9397583007812, 525.09326171875, 33.79534912109375, 50.35040283203125], "right_hand": [502.3639831542969, 524.47607421875, 31.647491455078125, 50.9857177734375]}]}