{"image_path": "/daintlab/home/rilab/github/frankmocap_notebooks/images/1X5A1790/scene_00000169.jpg", "body_bbox_list": [[483, 126, 155, 429]], "hand_bbox_list": [{"left_hand": [610.5343017578125, 120.0909652709961, 23.33233642578125, 43.78466033935547], "right_hand": [483.11279296875, 129.84149169921875, 23.297607421875, 41.904266357421875]}]}