{"image_path": "/daintlab/home/rilab/github/frankmocap_notebooks/images/1X5A1790/scene_00000114.jpg", "body_bbox_list": [[488, 126, 155, 429]], "hand_bbox_list": [{"left_hand": [623.1618041992188, 355.39019775390625, 24.137451171875, 47.377593994140625], "right_hand": [489.27886962890625, 354.5588684082031, 25.4227294921875, 47.347381591796875]}]}