{"image_path": "/daintlab/home/rilab/github/frankmocap_notebooks/images/1X5A1790/scene_00000542.jpg", "body_bbox_list": [[505, 362, 116, 177]], "hand_bbox_list": [{"left_hand": [598.0165405273438, 525.1480712890625, 34.044921875, 50.43939208984375], "right_hand": [502.11724853515625, 524.4899291992188, 31.80517578125, 50.969482421875]}]}