{"image_path": "/daintlab/home/rilab/github/frankmocap_notebooks/images/1X5A1790/scene_00000456.jpg", "body_bbox_list": [[505, 331, 121, 204]], "hand_bbox_list": [{"left_hand": [592.6773071289062, 492.4355773925781, 34.68701171875, 48.262115478515625], "right_hand": [507.98626708984375, 491.94891357421875, 28.23828125, 46.1925048828125]}]}