{"image_path": "/daintlab/home/rilab/github/frankmocap_notebooks/images/1X5A1790/scene_00000259.jpg", "body_bbox_list": [[494, 52, 138, 507]], "hand_bbox_list": [{"left_hand": [606.3274536132812, 23.673093795776367, 22.46173095703125, 51.699195861816406], "right_hand": [500.529052734375, 27.524246215820312, 21.311767578125, 52.31212615966797]}]}