{"image_path": "/daintlab/home/rilab/github/frankmocap_notebooks/images/1X5A1790/scene_00000302.jpg", "body_bbox_list": [[489, 52, 148, 507]], "hand_bbox_list": [{"left_hand": [606.605712890625, 23.200510025024414, 22.1717529296875, 52.024986267089844], "right_hand": [498.1169738769531, 27.583702087402344, 21.560821533203125, 52.005821228027344]}]}