{"image_path": "/daintlab/home/rilab/github/frankmocap_notebooks/images/1X5A1790/scene_00000473.jpg", "body_bbox_list": [[500, 367, 126, 177]], "hand_bbox_list": [{"left_hand": [599.5245971679688, 525.6577758789062, 32.8211669921875, 48.0460205078125], "right_hand": [502.102783203125, 525.7510375976562, 30.61505126953125, 48.16241455078125]}]}