{"image_path": "/daintlab/home/rilab/github/frankmocap_notebooks/images/1X5A1790/scene_00000251.jpg", "body_bbox_list": [[494, 52, 138, 507]], "hand_bbox_list": [{"left_hand": [605.9259643554688, 23.469484329223633, 22.1201171875, 51.99955749511719], "right_hand": [500.46099853515625, 27.756977081298828, 21.2957763671875, 51.940547943115234]}]}