{"image_path": "/daintlab/home/rilab/github/frankmocap_notebooks/images/1X5A1790/scene_00000126.jpg", "body_bbox_list": [[489, 126, 148, 429]], "hand_bbox_list": [{"left_hand": [618.6851806640625, 339.2054138183594, 26.26953125, 50.172515869140625], "right_hand": [489.9139709472656, 339.8363342285156, 24.495513916015625, 48.8321533203125]}]}