{"image_path": "/daintlab/home/rilab/github/frankmocap_notebooks/images/1X5A1790/scene_00000586.jpg", "body_bbox_list": [[499, 179, 148, 368]], "hand_bbox_list": [{"left_hand": [628.0060424804688, 393.8619079589844, 26.86114501953125, 52.119140625], "right_hand": [496.9945373535156, 392.712158203125, 30.824249267578125, 55.266082763671875]}]}