{"image_path": "/daintlab/home/rilab/github/frankmocap_notebooks/images/Yw3lYf4hYaQ/scene_00000042.jpg", "body_bbox_list": [[746, 178, 133, 380], [184, 225, 77, 331]], "hand_bbox_list": [{"left_hand": [862.6048583984375, 361.9207763671875, 26.43988037109375, 36.93206787109375], "right_hand": [749.6654663085938, 322.808837890625, 19.46612548828125, 26.279327392578125]}, {"left_hand": null, "right_hand": [218.00375366210938, 293.5233154296875, 29.262725830078125, 26.730438232421875]}]}