{"image_path": "/daintlab/home/rilab/github/frankmocap_notebooks/images/Yw3lYf4hYaQ/scene_00000151.jpg", "body_bbox_list": [[697, 120, 231, 441], [164, 160, 192, 446]], "hand_bbox_list": [{"left_hand": null, "right_hand": null}, {"left_hand": [347.9710693359375, 231.6387176513672, 22.517181396484375, 29.102706909179688], "right_hand": [157.96188354492188, 163.3081512451172, 40.42515563964844, 44.07890319824219]}]}