{"image_path": "/daintlab/home/rilab/github/frankmocap_notebooks/images/Yw3lYf4hYaQ/scene_00000114.jpg", "body_bbox_list": [[737, 167, 121, 397], [204, 215, 82, 336]], "hand_bbox_list": [{"left_hand": [846.7269897460938, 360.24951171875, 21.87127685546875, 36.4625244140625], "right_hand": [732.5328979492188, 293.61468505859375, 19.3607177734375, 25.9522705078125]}, {"left_hand": [270.22900390625, 328.2640686035156, 26.55035400390625, 26.58184814453125], "right_hand": [270.22900390625, 328.2640686035156, 26.55035400390625, 26.58184814453125]}]}