{"image_path": "/daintlab/home/rilab/github/frankmocap_notebooks/images/Yw3lYf4hYaQ/scene_00000145.jpg", "body_bbox_list": [[764, 84, 82, 473], [234, 203, 72, 390]], "hand_bbox_list": [{"left_hand": [825.1383056640625, 47.42982864379883, 27.47149658203125, 49.28120803833008], "right_hand": null}, {"left_hand": null, "right_hand": null}]}