{"image_path": "/daintlab/home/rilab/github/frankmocap_notebooks/images/Yw3lYf4hYaQ/scene_00000179.jpg", "body_bbox_list": [[769, 78, 82, 485], [223, 229, 89, 363]], "hand_bbox_list": [{"left_hand": [835.5044555664062, 49.73653793334961, 28.61883544921875, 47.84601974487305], "right_hand": null}, {"left_hand": null, "right_hand": null}]}