{"image_path": "/daintlab/home/rilab/github/frankmocap_notebooks/images/Yw3lYf4hYaQ/scene_00000213.jpg", "body_bbox_list": [[675, 131, 275, 434], [143, 208, 209, 385]], "hand_bbox_list": [{"left_hand": null, "right_hand": null}, {"left_hand": [342.8205261230469, 234.79823303222656, 25.005584716796875, 28.051803588867188], "right_hand": [112.12908172607422, 174.70849609375, 47.471580505371094, 44.91569519042969]}]}