{"image_path": "/daintlab/home/rilab/github/frankmocap_notebooks/images/Yw3lYf4hYaQ/scene_00000100.jpg", "body_bbox_list": [[737, 168, 116, 380], [202, 215, 116, 336]], "hand_bbox_list": [{"left_hand": [844.0758056640625, 348.27398681640625, 15.3551025390625, 28.486480712890625], "right_hand": [745.325927734375, 223.28782653808594, 33.99041748046875, 34.05442810058594]}, {"left_hand": [297.5241394042969, 257.4378662109375, 30.6092529296875, 18.46923828125], "right_hand": null}]}