{"image_path": "/daintlab/home/rilab/github/frankmocap_notebooks/images/Yw3lYf4hYaQ/scene_00000060.jpg", "body_bbox_list": [[741, 89, 133, 473], [218, 260, 94, 341]], "hand_bbox_list": [{"left_hand": [863.4027709960938, 62.38498306274414, 26.75299072265625, 43.714900970458984], "right_hand": null}, {"left_hand": null, "right_hand": null}]}