{"image_path": "/daintlab/home/rilab/github/frankmocap_notebooks/images/Yw3lYf4hYaQ/scene_00000027.jpg", "body_bbox_list": [[764, 68, 82, 490], [239, 182, 72, 412]], "hand_bbox_list": [{"left_hand": [828.7302856445312, 45.928924560546875, 25.53448486328125, 46.034873962402344], "right_hand": null}, {"left_hand": null, "right_hand": null}]}