{"image_path": "/daintlab/home/rilab/github/frankmocap_notebooks/images/Yw3lYf4hYaQ/scene_00000214.jpg", "body_bbox_list": [[664, 168, 302, 390], [132, 229, 231, 363]], "hand_bbox_list": [{"left_hand": null, "right_hand": null}, {"left_hand": [341.4916076660156, 263.1812438964844, 35.36822509765625, 32.188812255859375], "right_hand": [91.34361267089844, 210.2531280517578, 53.20233154296875, 40.12786865234375]}]}