{"image_path": "/daintlab/home/rilab/github/frankmocap_notebooks/images/Yw3lYf4hYaQ/scene_00000075.jpg", "body_bbox_list": [[737, 168, 116, 385], [203, 215, 99, 336]], "hand_bbox_list": [{"left_hand": [843.0318603515625, 352.37127685546875, 17.67523193359375, 30.14044189453125], "right_hand": [743.802490234375, 225.5580291748047, 39.97967529296875, 41.42875671386719]}, {"left_hand": [287.8416748046875, 269.8167419433594, 30.710723876953125, 19.956512451171875], "right_hand": [287.8416748046875, 269.8167419433594, 30.710723876953125, 19.956512451171875]}]}