{"image_path": "/daintlab/home/rilab/github/frankmocap_notebooks/images/Yw3lYf4hYaQ/scene_00000038.jpg", "body_bbox_list": [[637, 167, 341, 397], [116, 271, 248, 324]], "hand_bbox_list": [{"left_hand": [953.6196899414062, 270.29437255859375, 41.29534912109375, 29.992706298828125], "right_hand": [623.5283203125, 267.39642333984375, 39.25885009765625, 26.137908935546875]}, {"left_hand": [356.091796875, 408.21044921875, 30.10455322265625, 33.57647705078125], "right_hand": [94.0057373046875, 379.117919921875, 45.29582214355469, 34.22332763671875]}]}