{"image_path": "/daintlab/home/rilab/github/frankmocap_notebooks/images/Yw3lYf4hYaQ/scene_00000082.jpg", "body_bbox_list": [[758, 168, 99, 390], [164, 210, 182, 331]], "hand_bbox_list": [{"left_hand": [834.98486328125, 184.96783447265625, 26.2294921875, 25.654266357421875], "right_hand": null}, {"left_hand": [329.30963134765625, 241.71939086914062, 35.372772216796875, 23.017608642578125], "right_hand": [160.3457489013672, 367.69903564453125, 22.302444458007812, 30.243316650390625]}]}