{"image_path": "/daintlab/home/rilab/github/frankmocap_notebooks/images/Yw3lYf4hYaQ/scene_00000046.jpg", "body_bbox_list": [[773, 168, 99, 380], [138, 215, 199, 331]], "hand_bbox_list": [{"left_hand": [837.973876953125, 190.57574462890625, 24.9525146484375, 27.97625732421875], "right_hand": null}, {"left_hand": [322.3561706542969, 244.2464141845703, 33.579132080078125, 20.120681762695312], "right_hand": [136.38124084472656, 358.9095764160156, 25.743499755859375, 26.417388916015625]}]}