{"image_path": "/daintlab/home/rilab/github/frankmocap_notebooks/images/Yw3lYf4hYaQ/scene_00000062.jpg", "body_bbox_list": [[753, 173, 104, 380], [198, 215, 89, 336]], "hand_bbox_list": [{"left_hand": [853.5040283203125, 358.873291015625, 17.01751708984375, 43.8411865234375], "right_hand": [751.0860595703125, 310.51617431640625, 17.39215087890625, 30.461212158203125]}, {"left_hand": [268.79498291015625, 323.8868408203125, 28.12042236328125, 29.995635986328125], "right_hand": null}]}