{"image_path": "/daintlab/home/rilab/github/frankmocap_notebooks/images/Yw3lYf4hYaQ/scene_00000149.jpg", "body_bbox_list": [[742, 73, 126, 485], [223, 218, 89, 375]], "hand_bbox_list": [{"left_hand": [855.6153564453125, 50.76469039916992, 22.540771484375, 48.20164108276367], "right_hand": [743.159912109375, 50.03648376464844, 22.296875, 45.886680603027344]}, {"left_hand": null, "right_hand": null}]}