{"image_path": "/daintlab/home/rilab/github/frankmocap_notebooks/images/Yw3lYf4hYaQ/scene_00000032.jpg", "body_bbox_list": [[778, 168, 94, 390], [154, 217, 187, 287]], "hand_bbox_list": [{"left_hand": null, "right_hand": [781.0966186523438, 345.5033264160156, 19.28143310546875, 37.65020751953125]}, {"left_hand": [331.935546875, 295.6839904785156, 22.953460693359375, 16.364898681640625], "right_hand": [153.60984802246094, 368.4258728027344, 20.370697021484375, 36.097381591796875]}]}