{"image_path": "/daintlab/home/rilab/github/frankmocap_notebooks/images/Yw3lYf4hYaQ/scene_00000219.jpg", "body_bbox_list": [[637, 167, 331, 397], [126, 245, 243, 336]], "hand_bbox_list": [{"left_hand": [944.983154296875, 270.19677734375, 46.27459716796875, 36.128082275390625], "right_hand": [624.3707885742188, 271.3087463378906, 40.49542236328125, 30.62109375]}, {"left_hand": [359.43060302734375, 370.44854736328125, 32.12225341796875, 33.185821533203125], "right_hand": [98.61721801757812, 337.53802490234375, 46.24211120605469, 36.1746826171875]}]}