{"image_path": "/daintlab/home/rilab/github/frankmocap_notebooks/images/Yw3lYf4hYaQ/scene_00000203.jpg", "body_bbox_list": [[763, 152, 94, 412], [228, 250, 104, 341]], "hand_bbox_list": [{"left_hand": [833.69140625, 144.6413116455078, 28.8543701171875, 21.460189819335938], "right_hand": null}, {"left_hand": null, "right_hand": [340.83636474609375, 234.09788513183594, 57.15191650390625, 25.791030883789062]}]}