{"image_path": "/daintlab/home/rilab/github/frankmocap_notebooks/images/Yw3lYf4hYaQ/scene_00000205.jpg", "body_bbox_list": [[752, 99, 116, 468], [232, 171, 111, 419]], "hand_bbox_list": [{"left_hand": null, "right_hand": [758.8568115234375, 80.99076080322266, 26.08819580078125, 35.558631896972656]}, {"left_hand": null, "right_hand": null}]}