{"image_path": "/daintlab/home/rilab/github/frankmocap_notebooks/images/Yw3lYf4hYaQ/scene_00000051.jpg", "body_bbox_list": [[763, 168, 99, 385], [193, 215, 104, 341]], "hand_bbox_list": [{"left_hand": [852.491455078125, 348.51947021484375, 17.412109375, 31.970184326171875], "right_hand": null}, {"left_hand": [284.9514465332031, 262.9051818847656, 29.156005859375, 21.270599365234375], "right_hand": [284.9514465332031, 262.9051818847656, 29.156005859375, 21.270599365234375]}]}