{"image_path": "/daintlab/home/rilab/github/frankmocap_notebooks/images/Yw3lYf4hYaQ/scene_00000050.jpg", "body_bbox_list": [[758, 173, 104, 380], [193, 220, 89, 331]], "hand_bbox_list": [{"left_hand": [853.2122192382812, 357.956298828125, 19.5501708984375, 38.434661865234375], "right_hand": [756.8278198242188, 299.5997314453125, 19.53021240234375, 27.587890625]}, {"left_hand": [272.6625061035156, 315.5406799316406, 25.126800537109375, 24.258026123046875], "right_hand": [272.6625061035156, 315.5406799316406, 25.126800537109375, 24.258026123046875]}]}