{"image_path": "/daintlab/home/rilab/github/frankmocap_notebooks/images/Yw3lYf4hYaQ/scene_00000238.jpg", "body_bbox_list": [[758, 73, 94, 490], [244, 142, 72, 498]], "hand_bbox_list": [{"left_hand": [825.173095703125, 49.05773162841797, 31.10247802734375, 50.150062561035156], "right_hand": [763.1881713867188, 47.807151794433594, 26.32061767578125, 45.72731018066406]}, {"left_hand": null, "right_hand": null}]}