{"image_path": "/daintlab/home/rilab/github/frankmocap_notebooks/images/Yw3lYf4hYaQ/scene_00000049.jpg", "body_bbox_list": [[764, 168, 82, 390], [215, 276, 165, 314]], "hand_bbox_list": [{"left_hand": [760.7275390625, 254.35964965820312, 22.10321044921875, 22.85443115234375], "right_hand": [760.7275390625, 254.35964965820312, 22.10321044921875, 22.85443115234375]}, {"left_hand": [354.2422790527344, 349.66986083984375, 44.675811767578125, 33.491241455078125], "right_hand": [354.2422790527344, 349.66986083984375, 44.675811767578125, 33.491241455078125]}]}