{"image_path": "/daintlab/home/rilab/github/frankmocap_notebooks/images/Yw3lYf4hYaQ/scene_00000125.jpg", "body_bbox_list": [[732, 167, 116, 397], [214, 215, 77, 336]], "hand_bbox_list": [{"left_hand": [837.59765625, 360.0543212890625, 18.764404296875, 38.34112548828125], "right_hand": [732.0440063476562, 346.1186828613281, 22.6170654296875, 40.7939453125]}, {"left_hand": [234.9281768798828, 365.0585021972656, 24.459457397460938, 39.31585693359375], "right_hand": [234.9281768798828, 365.0585021972656, 24.459457397460938, 39.31585693359375]}]}