{"image_path": "/daintlab/home/rilab/github/frankmocap_notebooks/images/Yw3lYf4hYaQ/scene_00000009.jpg", "body_bbox_list": [[763, 168, 104, 390], [194, 210, 72, 341]], "hand_bbox_list": [{"left_hand": [856.227783203125, 351.0709228515625, 18.42169189453125, 40.655853271484375], "right_hand": [767.6398315429688, 352.8398132324219, 17.4798583984375, 39.51055908203125]}, {"left_hand": [201.96490478515625, 376.3044128417969, 21.29486083984375, 37.272857666015625], "right_hand": [201.96490478515625, 376.3044128417969, 21.29486083984375, 37.272857666015625]}]}