{"image_path": "/daintlab/home/rilab/github/frankmocap_notebooks/images/Yw3lYf4hYaQ/scene_00000190.jpg", "body_bbox_list": [[692, 168, 226, 390], [169, 271, 182, 324]], "hand_bbox_list": [{"left_hand": [905.0220336914062, 331.7422180175781, 32.90447998046875, 40.760284423828125], "right_hand": [686.7489624023438, 338.12188720703125, 32.38714599609375, 46.0255126953125]}, {"left_hand": [339.32135009765625, 457.9801940917969, 30.75146484375, 41.611602783203125], "right_hand": [156.8809356689453, 458.5530700683594, 30.075912475585938, 49.436065673828125]}]}