{"image_path": "/daintlab/home/rilab/github/frankmocap_notebooks/images/Yw3lYf4hYaQ/scene_00000054.jpg", "body_bbox_list": [[742, 105, 111, 456], [227, 197, 121, 407]], "hand_bbox_list": [{"left_hand": [831.0164184570312, 80.84207916259766, 28.10565185546875, 45.066123962402344], "right_hand": [752.9560546875, 94.71076202392578, 23.927490234375, 33.192588806152344]}, {"left_hand": null, "right_hand": null}]}