{"image_path": "/daintlab/home/rilab/github/frankmocap_notebooks/images/Yw3lYf4hYaQ/scene_00000038.jpg", "body_bbox_list": [[753, 173, 104, 375], [194, 215, 82, 341]], "hand_bbox_list": [{"left_hand": [848.7767333984375, 357.71026611328125, 18.04034423828125, 31.844818115234375], "right_hand": [750.040283203125, 285.5115661621094, 19.17474365234375, 24.045318603515625]}, {"left_hand": [263.0545349121094, 319.3973083496094, 25.515411376953125, 24.95501708984375], "right_hand": [263.0545349121094, 319.3973083496094, 25.515411376953125, 24.95501708984375]}]}