{"image_path": "/daintlab/home/rilab/github/frankmocap_notebooks/images/Yw3lYf4hYaQ/scene_00000014.jpg", "body_bbox_list": [[768, 168, 104, 390], [194, 215, 72, 336]], "hand_bbox_list": [{"left_hand": [858.1159057617188, 355.2188415527344, 17.92474365234375, 40.5208740234375], "right_hand": [769.0440063476562, 358.3909912109375, 16.8411865234375, 37.433380126953125]}, {"left_hand": [197.69412231445312, 377.5904541015625, 19.2972412109375, 40.429779052734375], "right_hand": [197.69412231445312, 377.5904541015625, 19.2972412109375, 40.429779052734375]}]}