{"image_path": "/daintlab/home/rilab/github/frankmocap_notebooks/images/Yw3lYf4hYaQ/scene_00000134.jpg", "body_bbox_list": [[747, 167, 111, 397], [213, 270, 94, 331]], "hand_bbox_list": [{"left_hand": [848.4570922851562, 361.26708984375, 21.1707763671875, 38.81048583984375], "right_hand": [745.0928955078125, 362.82098388671875, 23.2926025390625, 38.62310791015625]}, {"left_hand": [292.5049133300781, 494.23101806640625, 16.357391357421875, 42.56500244140625], "right_hand": [201.1885528564453, 491.5668640136719, 29.780059814453125, 46.528472900390625]}]}