{"image_path": "/daintlab/home/rilab/github/frankmocap_notebooks/images/Yw3lYf4hYaQ/scene_00000059.jpg", "body_bbox_list": [[758, 78, 94, 485], [223, 229, 89, 368]], "hand_bbox_list": [{"left_hand": [835.5498657226562, 50.08022689819336, 28.45489501953125, 46.91689682006836], "right_hand": null}, {"left_hand": null, "right_hand": null}]}