{"image_path": "/daintlab/home/rilab/github/frankmocap_notebooks/images/Yw3lYf4hYaQ/scene_00000188.jpg", "body_bbox_list": [[626, 167, 358, 397], [111, 270, 258, 331]], "hand_bbox_list": [{"left_hand": [955.9127197265625, 246.96823120117188, 43.8973388671875, 23.590789794921875], "right_hand": [615.2417602539062, 251.66064453125, 43.3433837890625, 24.390594482421875]}, {"left_hand": [351.5974426269531, 380.55523681640625, 32.16973876953125, 28.283843994140625], "right_hand": [80.69097137451172, 354.1575927734375, 50.35381317138672, 30.062591552734375]}]}