{"image_path": "/daintlab/home/rilab/github/frankmocap_notebooks/images/Yw3lYf4hYaQ/scene_00000065.jpg", "body_bbox_list": [[752, 168, 111, 375], [198, 215, 104, 346]], "hand_bbox_list": [{"left_hand": [847.3836669921875, 343.4668273925781, 18.130859375, 27.04742431640625], "right_hand": [750.2433471679688, 213.76510620117188, 31.873779296875, 45.88262939453125]}, {"left_hand": [285.72857666015625, 259.00469970703125, 30.1170654296875, 21.25537109375], "right_hand": [285.72857666015625, 259.00469970703125, 30.1170654296875, 21.25537109375]}]}