{"image_path": "/daintlab/home/rilab/github/frankmocap_notebooks/images/Yw3lYf4hYaQ/scene_00000041.jpg", "body_bbox_list": [[747, 173, 121, 380], [188, 215, 99, 346]], "hand_bbox_list": [{"left_hand": [855.2162475585938, 354.5347900390625, 19.55865478515625, 33.00762939453125], "right_hand": null}, {"left_hand": null, "right_hand": [277.6632995605469, 283.6446533203125, 23.95843505859375, 18.178009033203125]}]}