{"image_path": "/daintlab/home/rilab/github/frankmocap_notebooks/images/Yw3lYf4hYaQ/scene_00000079.jpg", "body_bbox_list": [[747, 173, 121, 390], [197, 215, 111, 331]], "hand_bbox_list": [{"left_hand": [852.274169921875, 348.8605041503906, 26.9849853515625, 35.0445556640625], "right_hand": [745.3195190429688, 362.5782470703125, 20.5404052734375, 34.48297119140625]}, {"left_hand": null, "right_hand": [207.7123565673828, 375.7833557128906, 21.944961547851562, 39.080963134765625]}]}