{"image_path": "/daintlab/home/rilab/github/frankmocap_notebooks/images/Yw3lYf4hYaQ/scene_00000173.jpg", "body_bbox_list": [[757, 141, 116, 419], [220, 233, 160, 375]], "hand_bbox_list": [{"left_hand": null, "right_hand": [754.196533203125, 139.60385131835938, 25.35052490234375, 24.376678466796875]}, {"left_hand": [322.843017578125, 224.5161590576172, 48.54852294921875, 27.086029052734375], "right_hand": [258.8048400878906, 291.2492980957031, 24.159332275390625, 30.16326904296875]}]}