{"image_path": "/daintlab/home/rilab/github/frankmocap_notebooks/images/Yw3lYf4hYaQ/scene_00000088.jpg", "body_bbox_list": [[752, 78, 116, 485], [239, 156, 72, 424]], "hand_bbox_list": [{"left_hand": null, "right_hand": [756.8359375, 43.97141647338867, 26.3336181640625, 44.489078521728516]}, {"left_hand": null, "right_hand": null}]}