{"image_path": "/daintlab/home/rilab/github/frankmocap_notebooks/images/Yw3lYf4hYaQ/scene_00000127.jpg", "body_bbox_list": [[737, 167, 111, 397], [189, 215, 82, 331]], "hand_bbox_list": [{"left_hand": null, "right_hand": [738.9577026367188, 364.8890686035156, 21.373779296875, 33.97906494140625]}, {"left_hand": [190.08203125, 386.08929443359375, 19.1343994140625, 29.659210205078125], "right_hand": [190.08203125, 386.08929443359375, 19.1343994140625, 29.659210205078125]}]}