{"image_path": "/daintlab/home/rilab/github/frankmocap_notebooks/images/Yw3lYf4hYaQ/scene_00000075.jpg", "body_bbox_list": [[752, 167, 111, 397], [234, 271, 82, 319]], "hand_bbox_list": [{"left_hand": [848.403076171875, 355.8829040527344, 22.75457763671875, 42.568084716796875], "right_hand": [757.6649780273438, 360.15240478515625, 21.3843994140625, 37.039520263671875]}, {"left_hand": [304.3166809082031, 480.46728515625, 19.339080810546875, 48.609130859375], "right_hand": [230.3634490966797, 483.3905334472656, 28.341171264648438, 48.641387939453125]}]}