{"image_path": "/daintlab/home/rilab/github/frankmocap_notebooks/images/Yw3lYf4hYaQ/scene_00000139.jpg", "body_bbox_list": [[747, 167, 121, 397], [209, 276, 187, 319]], "hand_bbox_list": [{"left_hand": null, "right_hand": null}, {"left_hand": [358.8055725097656, 331.7341003417969, 40.4288330078125, 19.9180908203125], "right_hand": null}]}