{"image_path": "/daintlab/home/rilab/github/frankmocap_notebooks/images/Yw3lYf4hYaQ/scene_00000200.jpg", "body_bbox_list": [[763, 167, 94, 397], [225, 266, 170, 319]], "hand_bbox_list": [{"left_hand": [830.00634765625, 187.9251708984375, 25.94482421875, 21.062225341796875], "right_hand": [763.4166259765625, 195.09115600585938, 31.8057861328125, 56.26861572265625]}, {"left_hand": null, "right_hand": null}]}