{"image_path": "/daintlab/home/rilab/github/frankmocap_notebooks/images/Yw3lYf4hYaQ/scene_00000102.jpg", "body_bbox_list": [[742, 173, 126, 385], [203, 226, 104, 319]], "hand_bbox_list": [{"left_hand": [853.1924438476562, 343.1571350097656, 28.0013427734375, 38.12115478515625], "right_hand": [740.7474975585938, 344.6269836425781, 21.671875, 36.259307861328125]}, {"left_hand": [237.6470947265625, 365.1546325683594, 23.243408203125, 42.11541748046875], "right_hand": [237.6470947265625, 365.1546325683594, 23.243408203125, 42.11541748046875]}]}