{"image_path": "/daintlab/home/rilab/github/frankmocap_notebooks/images/Yw3lYf4hYaQ/scene_00000074.jpg", "body_bbox_list": [[752, 167, 111, 397], [228, 271, 89, 314]], "hand_bbox_list": [{"left_hand": [848.9769897460938, 355.41937255859375, 18.30816650390625, 35.78436279296875], "right_hand": [758.415771484375, 360.0957946777344, 17.336669921875, 35.5416259765625]}, {"left_hand": [223.59271240234375, 480.369873046875, 30.188751220703125, 52.98883056640625], "right_hand": [223.59271240234375, 480.369873046875, 30.188751220703125, 52.98883056640625]}]}