{"image_path": "/daintlab/home/rilab/github/frankmocap_notebooks/images/Yw3lYf4hYaQ/scene_00000061.jpg", "body_bbox_list": [[708, 110, 204, 456], [175, 165, 170, 441]], "hand_bbox_list": [{"left_hand": null, "right_hand": [693.5149536132812, 81.69188690185547, 34.1917724609375, 54.945945739746094]}, {"left_hand": null, "right_hand": null}]}