{"image_path": "/daintlab/home/rilab/github/frankmocap_notebooks/images/Yw3lYf4hYaQ/scene_00000076.jpg", "body_bbox_list": [[742, 168, 111, 380], [203, 215, 104, 341]], "hand_bbox_list": [{"left_hand": null, "right_hand": [742.0582275390625, 206.89205932617188, 26.91839599609375, 47.14073181152344]}, {"left_hand": [291.6424255371094, 245.99758911132812, 29.135711669921875, 21.379425048828125], "right_hand": null}]}