{"image_path": "/daintlab/home/rilab/github/frankmocap_notebooks/images/Yw3lYf4hYaQ/scene_00000044.jpg", "body_bbox_list": [[752, 168, 116, 390], [213, 271, 99, 319]], "hand_bbox_list": [{"left_hand": [850.5650024414062, 355.22247314453125, 18.39569091796875, 33.6275634765625], "right_hand": [757.7135009765625, 357.1728515625, 15.50927734375, 37.43170166015625]}, {"left_hand": null, "right_hand": [210.68470764160156, 488.4754638671875, 26.364395141601562, 47.41668701171875]}]}