{"image_path": "/daintlab/home/rilab/github/frankmocap_notebooks/images/Yw3lYf4hYaQ/scene_00000084.jpg", "body_bbox_list": [[757, 167, 111, 397], [226, 213, 133, 380]], "hand_bbox_list": [{"left_hand": null, "right_hand": null}, {"left_hand": null, "right_hand": [261.8621826171875, 276.5019836425781, 28.026336669921875, 32.7490234375]}]}