{"image_path": "/daintlab/home/rilab/github/frankmocap_notebooks/images/Yw3lYf4hYaQ/scene_00000019.jpg", "body_bbox_list": [[757, 167, 111, 397], [209, 276, 187, 319]], "hand_bbox_list": [{"left_hand": null, "right_hand": null}, {"left_hand": [379.303466796875, 331.8605651855469, 21.455078125, 19.7490234375], "right_hand": null}]}