{"image_path": "/daintlab/home/rilab/github/frankmocap_notebooks/images/Yw3lYf4hYaQ/scene_00000071.jpg", "body_bbox_list": [[768, 168, 89, 390], [164, 216, 177, 314]], "hand_bbox_list": [{"left_hand": [829.7860717773438, 202.64625549316406, 29.44647216796875, 28.705429077148438], "right_hand": null}, {"left_hand": [325.8387451171875, 256.3852844238281, 34.18426513671875, 19.928436279296875], "right_hand": [158.33621215820312, 372.4852600097656, 22.757553100585938, 30.204833984375]}]}