{"image_path": "/daintlab/home/rilab/github/frankmocap_notebooks/images/Yw3lYf4hYaQ/scene_00000162.jpg", "body_bbox_list": [[752, 167, 116, 397], [213, 271, 99, 324]], "hand_bbox_list": [{"left_hand": [850.2211303710938, 356.5362243652344, 17.72198486328125, 35.332305908203125], "right_hand": [755.1303100585938, 357.5204162597656, 17.3697509765625, 37.380889892578125]}, {"left_hand": [213.43316650390625, 487.9068298339844, 25.65753173828125, 49.271636962890625], "right_hand": [213.43316650390625, 487.9068298339844, 25.65753173828125, 49.271636962890625]}]}