{"image_path": "/daintlab/home/rilab/github/frankmocap_notebooks/images/Yw3lYf4hYaQ/scene_00000087.jpg", "body_bbox_list": [[757, 73, 111, 490], [239, 193, 72, 390]], "hand_bbox_list": [{"left_hand": null, "right_hand": [756.029052734375, 43.432247161865234, 27.3232421875, 45.1776237487793]}, {"left_hand": null, "right_hand": null}]}