{"image_path": "/daintlab/home/rilab/github/frankmocap_notebooks/images/Yw3lYf4hYaQ/scene_00000178.jpg", "body_bbox_list": [[763, 73, 89, 485], [229, 208, 82, 385]], "hand_bbox_list": [{"left_hand": [825.3938598632812, 47.66509246826172, 28.9732666015625, 49.81797790527344], "right_hand": null}, {"left_hand": null, "right_hand": null}]}