{"image_path": "/daintlab/home/rilab/github/frankmocap_notebooks/images/Yw3lYf4hYaQ/scene_00000087.jpg", "body_bbox_list": [[742, 163, 111, 390], [202, 215, 111, 336]], "hand_bbox_list": [{"left_hand": null, "right_hand": [741.2098388671875, 207.3397216796875, 26.61834716796875, 46.694976806640625]}, {"left_hand": [295.796630859375, 248.25608825683594, 28.500152587890625, 19.297988891601562], "right_hand": [295.796630859375, 248.25608825683594, 28.500152587890625, 19.297988891601562]}]}