{"image_path": "/daintlab/home/rilab/github/frankmocap_notebooks/images/Yw3lYf4hYaQ/scene_00000078.jpg", "body_bbox_list": [[742, 173, 121, 385], [204, 215, 82, 336]], "hand_bbox_list": [{"left_hand": [851.75732421875, 358.00128173828125, 22.15496826171875, 36.612518310546875], "right_hand": [739.995361328125, 298.916015625, 18.1453857421875, 23.666473388671875]}, {"left_hand": [268.5487365722656, 310.5606384277344, 31.816864013671875, 23.342742919921875], "right_hand": [268.5487365722656, 310.5606384277344, 31.816864013671875, 23.342742919921875]}]}