{"image_path": "/daintlab/home/rilab/github/frankmocap_notebooks/images/Yw3lYf4hYaQ/scene_00000006.jpg", "body_bbox_list": [[762, 162, 111, 397], [199, 210, 67, 341]], "hand_bbox_list": [{"left_hand": [856.8255615234375, 348.0855407714844, 17.8475341796875, 38.27703857421875], "right_hand": [768.1626586914062, 348.51519775390625, 16.3712158203125, 39.87322998046875]}, {"left_hand": [204.76483154296875, 369.9275817871094, 19.955947875976562, 39.685333251953125], "right_hand": [204.76483154296875, 369.9275817871094, 19.955947875976562, 39.685333251953125]}]}