{"image_path": "/daintlab/home/rilab/github/frankmocap_notebooks/images/Yw3lYf4hYaQ/scene_00000058.jpg", "body_bbox_list": [[773, 168, 99, 380], [149, 215, 187, 331]], "hand_bbox_list": [{"left_hand": [830.9866333007812, 188.1307373046875, 32.924560546875, 63.85371398925781], "right_hand": null}, {"left_hand": [323.23712158203125, 244.3623504638672, 34.564453125, 25.522964477539062], "right_hand": [150.2413330078125, 362.40863037109375, 21.262344360351562, 26.414764404296875]}]}