{"image_path": "/daintlab/home/rilab/github/frankmocap_notebooks/images/Yw3lYf4hYaQ/scene_00000172.jpg", "body_bbox_list": [[758, 168, 104, 390], [215, 270, 155, 336]], "hand_bbox_list": [{"left_hand": [831.8151245117188, 173.62930297851562, 25.701416015625, 20.3701171875], "right_hand": [759.6566772460938, 181.66270446777344, 24.88470458984375, 17.235946655273438]}, {"left_hand": [352.88848876953125, 289.2870178222656, 42.568359375, 17.8177490234375], "right_hand": [352.88848876953125, 289.2870178222656, 42.568359375, 17.8177490234375]}]}