{"image_path": "/daintlab/home/rilab/github/frankmocap_notebooks/images/Yw3lYf4hYaQ/scene_00000138.jpg", "body_bbox_list": [[737, 167, 126, 397], [210, 276, 165, 314]], "hand_bbox_list": [{"left_hand": null, "right_hand": null}, {"left_hand": [344.641845703125, 350.9796142578125, 52.7508544921875, 28.18585205078125], "right_hand": null}]}