{"image_path": "/daintlab/home/rilab/github/frankmocap_notebooks/images/Yw3lYf4hYaQ/scene_00000073.jpg", "body_bbox_list": [[752, 168, 116, 390], [218, 271, 94, 319]], "hand_bbox_list": [{"left_hand": [850.2550659179688, 355.5916748046875, 17.31903076171875, 35.03912353515625], "right_hand": [755.4092407226562, 357.739013671875, 17.15753173828125, 36.68609619140625]}, {"left_hand": [219.33889770507812, 482.5535583496094, 28.6593017578125, 49.373565673828125], "right_hand": [219.33889770507812, 482.5535583496094, 28.6593017578125, 49.373565673828125]}]}