{"image_path": "/daintlab/home/rilab/github/frankmocap_notebooks/images/Yw3lYf4hYaQ/scene_00000040.jpg", "body_bbox_list": [[719, 168, 177, 390], [186, 276, 143, 324]], "hand_bbox_list": [{"left_hand": [885.8776245117188, 357.4165344238281, 20.2440185546875, 40.200042724609375], "right_hand": [719.0128173828125, 354.50543212890625, 22.22882080078125, 43.23223876953125]}, {"left_hand": [318.4393615722656, 478.0118103027344, 26.73443603515625, 49.432708740234375], "right_hand": [182.30612182617188, 481.38653564453125, 27.590469360351562, 47.62213134765625]}]}