{"image_path": "/daintlab/home/rilab/github/frankmocap_notebooks/images/Yw3lYf4hYaQ/scene_00000099.jpg", "body_bbox_list": [[748, 168, 99, 375], [207, 215, 111, 336]], "hand_bbox_list": [{"left_hand": null, "right_hand": [744.3555908203125, 206.70750427246094, 23.93353271484375, 42.001861572265625]}, {"left_hand": [300.5850524902344, 248.0250701904297, 30.185394287109375, 20.444351196289062], "right_hand": null}]}