{"image_path": "/daintlab/home/rilab/github/frankmocap_notebooks/images/Yw3lYf4hYaQ/scene_00000024.jpg", "body_bbox_list": [[768, 168, 104, 390], [194, 215, 67, 336]], "hand_bbox_list": [{"left_hand": [857.9872436523438, 354.9087219238281, 18.00439453125, 40.099395751953125], "right_hand": [769.6028442382812, 355.85760498046875, 16.72760009765625, 40.154632568359375]}, {"left_hand": [198.1986083984375, 377.3497009277344, 19.335418701171875, 40.28607177734375], "right_hand": [198.1986083984375, 377.3497009277344, 19.335418701171875, 40.28607177734375]}]}