{"image_path": "/daintlab/home/rilab/github/frankmocap_notebooks/images/Yw3lYf4hYaQ/scene_00000140.jpg", "body_bbox_list": [[758, 167, 94, 397], [210, 271, 165, 324]], "hand_bbox_list": [{"left_hand": [837.3020629882812, 193.46353149414062, 22.23345947265625, 20.190048217773438], "right_hand": [751.2570190429688, 200.90707397460938, 27.0877685546875, 48.44769287109375]}, {"left_hand": [357.466552734375, 312.3016052246094, 39.68658447265625, 19.445068359375], "right_hand": null}]}