{"image_path": "/daintlab/home/rilab/github/frankmocap_notebooks/images/Yw3lYf4hYaQ/scene_00000027.jpg", "body_bbox_list": [[773, 173, 99, 385], [195, 215, 60, 341]], "hand_bbox_list": [{"left_hand": [861.8654174804688, 351.0079040527344, 17.41070556640625, 42.8221435546875], "right_hand": [773.1757202148438, 358.8289489746094, 18.38739013671875, 36.999847412109375]}, {"left_hand": [201.566650390625, 377.6057434082031, 21.274337768554688, 40.01220703125], "right_hand": [201.566650390625, 377.6057434082031, 21.274337768554688, 40.01220703125]}]}