{"image_path": "/daintlab/home/rilab/github/frankmocap_notebooks/images/Yw3lYf4hYaQ/scene_00000041.jpg", "body_bbox_list": [[752, 168, 116, 390], [213, 276, 99, 324]], "hand_bbox_list": [{"left_hand": [851.1953735351562, 356.369873046875, 16.9388427734375, 37.38372802734375], "right_hand": [759.8753662109375, 360.7711486816406, 14.05828857421875, 35.637908935546875]}, {"left_hand": [216.536376953125, 485.39691162109375, 28.544952392578125, 58.17510986328125], "right_hand": [216.536376953125, 485.39691162109375, 28.544952392578125, 58.17510986328125]}]}