{"image_path": "/daintlab/home/rilab/github/frankmocap_notebooks/images/Yw3lYf4hYaQ/scene_00000031.jpg", "body_bbox_list": [[697, 120, 231, 441], [164, 160, 192, 446]], "hand_bbox_list": [{"left_hand": null, "right_hand": null}, {"left_hand": [322.017822265625, 231.40414428710938, 47.541839599609375, 71.9759521484375], "right_hand": [158.0087127685547, 163.1340789794922, 40.6204833984375, 45.07707214355469]}]}