{"image_path": "/daintlab/home/rilab/github/frankmocap_notebooks/images/Yw3lYf4hYaQ/scene_00000070.jpg", "body_bbox_list": [[697, 168, 221, 390], [169, 271, 182, 324]], "hand_bbox_list": [{"left_hand": [904.0635986328125, 331.0260009765625, 33.68365478515625, 43.4248046875], "right_hand": [688.9153442382812, 339.24639892578125, 27.847900390625, 44.687896728515625]}, {"left_hand": [339.9918518066406, 460.5644836425781, 30.0667724609375, 39.325714111328125], "right_hand": [156.51858520507812, 459.4501953125, 30.627914428710938, 48.598236083984375]}]}