{"image_path": "/daintlab/home/rilab/github/frankmocap_notebooks/images/Yw3lYf4hYaQ/scene_00000130.jpg", "body_bbox_list": [[748, 168, 104, 390], [178, 271, 104, 319]], "hand_bbox_list": [{"left_hand": [843.6312255859375, 352.4263916015625, 15.215087890625, 30.087371826171875], "right_hand": null}, {"left_hand": null, "right_hand": [166.91799926757812, 478.60980224609375, 26.308258056640625, 44.7178955078125]}]}