{"image_path": "/daintlab/home/rilab/github/frankmocap_notebooks/images/Yw3lYf4hYaQ/scene_00000016.jpg", "body_bbox_list": [[768, 168, 104, 390], [194, 215, 72, 336]], "hand_bbox_list": [{"left_hand": [858.33056640625, 355.7639465332031, 17.65985107421875, 39.72515869140625], "right_hand": [769.331787109375, 356.42962646484375, 16.363037109375, 39.282196044921875]}, {"left_hand": [201.10972595214844, 378.7709655761719, 20.79681396484375, 39.921478271484375], "right_hand": [201.10972595214844, 378.7709655761719, 20.79681396484375, 39.921478271484375]}]}