{"image_path": "/daintlab/home/rilab/github/frankmocap_notebooks/images/Yw3lYf4hYaQ/scene_00000050.jpg", "body_bbox_list": [[758, 168, 99, 390], [214, 271, 182, 324]], "hand_bbox_list": [{"left_hand": [827.4954223632812, 213.25350952148438, 34.3890380859375, 44.103607177734375], "right_hand": null}, {"left_hand": [370.59033203125, 331.07830810546875, 27.285675048828125, 19.277557373046875], "right_hand": [370.59033203125, 331.07830810546875, 27.285675048828125, 19.277557373046875]}]}