{"image_path": "/daintlab/home/rilab/github/frankmocap_notebooks/images/Yw3lYf4hYaQ/scene_00000223.jpg", "body_bbox_list": [[752, 167, 116, 397], [218, 245, 94, 331]], "hand_bbox_list": [{"left_hand": [849.6378784179688, 354.31689453125, 18.9249267578125, 37.486175537109375], "right_hand": [759.1083984375, 358.59747314453125, 16.380126953125, 38.475128173828125]}, {"left_hand": [217.64105224609375, 459.3395080566406, 30.99383544921875, 56.879669189453125], "right_hand": [217.64105224609375, 459.3395080566406, 30.99383544921875, 56.879669189453125]}]}