{"image_path": "/daintlab/home/rilab/github/frankmocap_notebooks/images/Yw3lYf4hYaQ/scene_00000189.jpg", "body_bbox_list": [[653, 167, 314, 397], [132, 271, 226, 319]], "hand_bbox_list": [{"left_hand": [944.306640625, 290.51751708984375, 38.5697021484375, 32.16986083984375], "right_hand": [637.8082885742188, 296.2294006347656, 39.2415771484375, 40.812347412109375]}, {"left_hand": [349.9805908203125, 428.0743408203125, 32.033050537109375, 35.246429443359375], "right_hand": [115.96233367919922, 419.62432861328125, 39.53864288330078, 44.0062255859375]}]}