{"image_path": "/daintlab/home/rilab/github/frankmocap_notebooks/images/Yw3lYf4hYaQ/scene_00000198.jpg", "body_bbox_list": [[758, 167, 99, 397], [221, 266, 148, 324]], "hand_bbox_list": [{"left_hand": [844.4051513671875, 277.84844970703125, 22.33160400390625, 24.034332275390625], "right_hand": [755.625, 283.50799560546875, 24.631591796875, 30.6319580078125]}, {"left_hand": [346.090087890625, 382.48046875, 29.196868896484375, 32.371002197265625], "right_hand": [346.090087890625, 382.48046875, 29.196868896484375, 32.371002197265625]}]}