{"image_path": "/daintlab/home/rilab/github/frankmocap_notebooks/images/Yw3lYf4hYaQ/scene_00000056.jpg", "body_bbox_list": [[763, 73, 89, 490], [234, 202, 77, 397]], "hand_bbox_list": [{"left_hand": [823.4532470703125, 47.154136657714844, 30.10174560546875, 49.78571319580078], "right_hand": null}, {"left_hand": null, "right_hand": null}]}