{"image_path": "/daintlab/home/rilab/github/frankmocap_notebooks/images/Yw3lYf4hYaQ/scene_00000021.jpg", "body_bbox_list": [[768, 168, 104, 390], [194, 210, 72, 341]], "hand_bbox_list": [{"left_hand": [857.9835815429688, 354.2405700683594, 17.3492431640625, 37.39471435546875], "right_hand": [768.8277587890625, 353.0716247558594, 16.9495849609375, 40.206390380859375]}, {"left_hand": [203.80442810058594, 374.7973327636719, 21.029327392578125, 37.7933349609375], "right_hand": [203.80442810058594, 374.7973327636719, 21.029327392578125, 37.7933349609375]}]}