{"image_path": "/daintlab/home/rilab/github/frankmocap_notebooks/images/Yw3lYf4hYaQ/scene_00000039.jpg", "body_bbox_list": [[748, 174, 104, 363], [193, 215, 89, 341]], "hand_bbox_list": [{"left_hand": null, "right_hand": [752.9362182617188, 225.7996826171875, 36.40667724609375, 37.464263916015625]}, {"left_hand": null, "right_hand": [280.7183532714844, 269.8012390136719, 25.41522216796875, 18.490570068359375]}]}