{"image_path": "/daintlab/home/rilab/github/frankmocap_notebooks/images/Yw3lYf4hYaQ/scene_00000028.jpg", "body_bbox_list": [[773, 173, 104, 380], [195, 220, 60, 336]], "hand_bbox_list": [{"left_hand": [863.8804321289062, 352.7919921875, 17.6632080078125, 42.522003173828125], "right_hand": [774.8401489257812, 358.5682373046875, 19.5303955078125, 37.356170654296875]}, {"left_hand": [204.05918884277344, 379.0140075683594, 20.273361206054688, 38.67510986328125], "right_hand": [204.05918884277344, 379.0140075683594, 20.273361206054688, 38.67510986328125]}]}