{"image_path": "/daintlab/home/rilab/github/frankmocap_notebooks/images/Yw3lYf4hYaQ/scene_00000094.jpg", "body_bbox_list": [[763, 168, 99, 385], [164, 216, 187, 324]], "hand_bbox_list": [{"left_hand": [832.5015258789062, 196.9610595703125, 28.99420166015625, 32.63618469238281], "right_hand": null}, {"left_hand": [336.8136291503906, 258.3184814453125, 31.702850341796875, 18.947540283203125], "right_hand": [163.25955200195312, 370.8636474609375, 23.792648315429688, 31.028594970703125]}]}