{"image_path": "/daintlab/home/rilab/github/frankmocap_notebooks/images/Yw3lYf4hYaQ/scene_00000146.jpg", "body_bbox_list": [[764, 78, 82, 485], [239, 160, 67, 441]], "hand_bbox_list": [{"left_hand": [827.3887939453125, 45.99698257446289, 25.50262451171875, 48.10483169555664], "right_hand": null}, {"left_hand": null, "right_hand": null}]}