{"image_path": "/daintlab/home/rilab/github/frankmocap_notebooks/images/Yw3lYf4hYaQ/scene_00000147.jpg", "body_bbox_list": [[764, 73, 82, 485], [239, 176, 67, 419]], "hand_bbox_list": [{"left_hand": [828.8816528320312, 46.1705322265625, 25.5916748046875, 46.83368682861328], "right_hand": null}, {"left_hand": null, "right_hand": null}]}