{"image_path": "/daintlab/home/rilab/github/frankmocap_notebooks/images/Yw3lYf4hYaQ/scene_00000047.jpg", "body_bbox_list": [[773, 168, 89, 380], [149, 216, 182, 309]], "hand_bbox_list": [{"left_hand": null, "right_hand": null}, {"left_hand": [318.4194030761719, 278.8761901855469, 34.17657470703125, 17.87115478515625], "right_hand": [146.85232543945312, 374.9560852050781, 24.378265380859375, 29.222930908203125]}]}