{"image_path": "/daintlab/home/rilab/github/frankmocap_notebooks/images/xqvCmoLULNY/scene_00000045.jpg", "body_bbox_list": [[622, 125, 177, 441]], "hand_bbox_list": [{"left_hand": [677.048095703125, 184.0654296875, 36.21502685546875, 31.616928100585938], "right_hand": [677.048095703125, 184.0654296875, 36.21502685546875, 31.616928100585938]}]}