{"image_path": "/daintlab/home/rilab/github/frankmocap_notebooks/images/xqvCmoLULNY/scene_00000030.jpg", "body_bbox_list": [[622, 167, 177, 397]], "hand_bbox_list": [{"left_hand": [675.8059692382812, 233.17982482910156, 37.6578369140625, 30.679367065429688], "right_hand": [675.8059692382812, 233.17982482910156, 37.6578369140625, 30.679367065429688]}]}