{"image_path": "/daintlab/home/rilab/github/frankmocap_notebooks/images/xqvCmoLULNY/scene_00000014.jpg", "body_bbox_list": [[628, 99, 170, 468]], "hand_bbox_list": [{"left_hand": [679.9700317382812, 155.34756469726562, 37.4600830078125, 29.944412231445312], "right_hand": [679.9700317382812, 155.34756469726562, 37.4600830078125, 29.944412231445312]}]}