{"image_path": "/daintlab/home/rilab/github/frankmocap_notebooks/images/xqvCmoLULNY/scene_00000031.jpg", "body_bbox_list": [[622, 178, 177, 385]], "hand_bbox_list": [{"left_hand": [670.3596801757812, 243.5711212158203, 46.346435546875, 31.386886596679688], "right_hand": [670.3596801757812, 243.5711212158203, 46.346435546875, 31.386886596679688]}]}