{"image_path": "/daintlab/home/rilab/github/frankmocap_notebooks/images/xqvCmoLULNY/scene_00000037.jpg", "body_bbox_list": [[617, 220, 182, 341]], "hand_bbox_list": [{"left_hand": [663.794189453125, 287.6247863769531, 23.9312744140625, 19.21343994140625], "right_hand": [663.794189453125, 287.6247863769531, 23.9312744140625, 19.21343994140625]}]}