{"image_path": "/daintlab/home/rilab/github/frankmocap_notebooks/images/xqvCmoLULNY/scene_00000021.jpg", "body_bbox_list": [[638, 84, 160, 478]], "hand_bbox_list": [{"left_hand": [724.7260131835938, 130.95130920410156, 25.7674560546875, 29.203643798828125], "right_hand": [688.6630249023438, 130.9072723388672, 40.605712890625, 36.11376953125]}]}