{"image_path": "/daintlab/home/rilab/github/frankmocap_notebooks/images/xqvCmoLULNY/scene_00000003.jpg", "body_bbox_list": [[612, 220, 187, 341]], "hand_bbox_list": [{"left_hand": [657.5245361328125, 274.3294982910156, 111.87823486328125, 59.55230712890625], "right_hand": [657.5245361328125, 274.3294982910156, 111.87823486328125, 59.55230712890625]}]}