{"image_path": "/daintlab/home/rilab/github/frankmocap_notebooks/images/xqvCmoLULNY/scene_00000029.jpg", "body_bbox_list": [[628, 152, 170, 412]], "hand_bbox_list": [{"left_hand": [676.4972534179688, 215.22682189941406, 37.609130859375, 31.553604125976562], "right_hand": [676.4972534179688, 215.22682189941406, 37.609130859375, 31.553604125976562]}]}