{"image_path": "/daintlab/home/rilab/github/frankmocap_notebooks/images/xqvCmoLULNY/scene_00000016.jpg", "body_bbox_list": [[633, 84, 165, 478]], "hand_bbox_list": [{"left_hand": [681.080078125, 137.12010192871094, 38.95330810546875, 24.422134399414062], "right_hand": [681.080078125, 137.12010192871094, 38.95330810546875, 24.422134399414062]}]}