{"image_path": "/daintlab/home/rilab/github/frankmocap_notebooks/images/xqvCmoLULNY/scene_00000011.jpg", "body_bbox_list": [[622, 146, 177, 419]], "hand_bbox_list": [{"left_hand": [670.4005126953125, 215.47366333007812, 45.28460693359375, 32.540771484375], "right_hand": [670.6597290039062, 216.70899963378906, 26.3739013671875, 22.773040771484375]}]}