{"image_path": "/daintlab/home/rilab/github/frankmocap_notebooks/images/xqvCmoLULNY/scene_00000018.jpg", "body_bbox_list": [[633, 84, 165, 478]], "hand_bbox_list": [{"left_hand": [683.8712768554688, 132.75086975097656, 39.14080810546875, 26.119415283203125], "right_hand": [691.6910400390625, 154.6393280029297, 22.0267333984375, 17.860214233398438]}]}