{"image_path": "/daintlab/home/rilab/github/frankmocap_notebooks/images/xqvCmoLULNY/scene_00000047.jpg", "body_bbox_list": [[628, 104, 170, 463]], "hand_bbox_list": [{"left_hand": [678.65087890625, 153.03724670410156, 38.90777587890625, 35.52348327636719], "right_hand": [688.4521484375, 175.66485595703125, 16.65789794921875, 15.719802856445312]}]}