{"image_path": "/home/hyem/workspace/frankmocap_notebooks/images/9WhpAVOSyl8/scene_00000066.jpg", "body_bbox_list": [[511, 197, 204, 412], [274, 246, 143, 319]], "hand_bbox_list": [{"left_hand": [667.8685913085938, 232.07656860351562, 49.7213134765625, 47.833221435546875], "right_hand": [667.8685913085938, 232.07656860351562, 49.7213134765625, 47.833221435546875]}, {"left_hand": [377.0305480957031, 277.60235595703125, 28.758148193359375, 37.2410888671875], "right_hand": [377.0305480957031, 277.60235595703125, 28.758148193359375, 37.2410888671875]}]}