{"image_path": "/home/hyem/workspace/frankmocap_notebooks/images/9WhpAVOSyl8/scene_00000113.jpg", "body_bbox_list": [[522, 29, 192, 583], [269, 141, 138, 424]], "hand_bbox_list": [{"left_hand": [675.1141967773438, 82.28718566894531, 45.797119140625, 48.35935974121094], "right_hand": [675.1141967773438, 82.28718566894531, 45.797119140625, 48.35935974121094]}, {"left_hand": [378.20989990234375, 168.9137725830078, 30.960205078125, 34.823333740234375], "right_hand": [378.20989990234375, 168.9137725830078, 30.960205078125, 34.823333740234375]}]}