{"image_path": "/home/hyem/workspace/frankmocap_notebooks/images/9WhpAVOSyl8/scene_00000044.jpg", "body_bbox_list": [[501, 212, 214, 397], [269, 251, 143, 314]], "hand_bbox_list": [{"left_hand": [669.2064208984375, 252.41810607910156, 50.19842529296875, 45.43962097167969], "right_hand": [669.2064208984375, 252.41810607910156, 50.19842529296875, 45.43962097167969]}, {"left_hand": [375.7254638671875, 285.0182189941406, 29.539947509765625, 36.753692626953125], "right_hand": [375.7254638671875, 285.0182189941406, 29.539947509765625, 36.753692626953125]}]}