{"image_path": "/home/hyem/workspace/frankmocap_notebooks/images/9WhpAVOSyl8/scene_00000159.jpg", "body_bbox_list": [[516, 118, 209, 495], [268, 188, 155, 380]], "hand_bbox_list": [{"left_hand": [676.8517456054688, 160.0828399658203, 48.3492431640625, 47.449798583984375], "right_hand": [676.8517456054688, 160.0828399658203, 48.3492431640625, 47.449798583984375]}, {"left_hand": [374.1387023925781, 226.84823608398438, 29.400787353515625, 35.556732177734375], "right_hand": [374.1387023925781, 226.84823608398438, 29.400787353515625, 35.556732177734375]}]}