{"image_path": "/home/hyem/workspace/frankmocap_notebooks/images/9WhpAVOSyl8/scene_00000096.jpg", "body_bbox_list": [[511, 207, 209, 402], [263, 267, 160, 297]], "hand_bbox_list": [{"left_hand": [671.9421997070312, 245.5483856201172, 48.8922119140625, 48.06645202636719], "right_hand": [671.9421997070312, 245.5483856201172, 48.8922119140625, 48.06645202636719]}, {"left_hand": [371.0417175292969, 299.3882751464844, 29.583221435546875, 36.86602783203125], "right_hand": [371.0417175292969, 299.3882751464844, 29.583221435546875, 36.86602783203125]}]}