{"image_path": "/home/hyem/workspace/frankmocap_notebooks/images/9WhpAVOSyl8/scene_00000084.jpg", "body_bbox_list": [[521, 34, 199, 583], [269, 125, 143, 441]], "hand_bbox_list": [{"left_hand": [673.14990234375, 85.3333740234375, 47.3095703125, 46.44883728027344], "right_hand": [673.14990234375, 85.3333740234375, 47.3095703125, 46.44883728027344]}, {"left_hand": [360.9460754394531, 159.64308166503906, 30.491973876953125, 33.75328063964844], "right_hand": [360.9460754394531, 159.64308166503906, 30.491973876953125, 33.75328063964844]}]}