{"image_path": "/home/hyem/workspace/frankmocap_notebooks/images/9WhpAVOSyl8/scene_00000157.jpg", "body_bbox_list": [[516, 170, 204, 441], [257, 235, 177, 331]], "hand_bbox_list": [{"left_hand": [674.4560546875, 212.89247131347656, 48.15582275390625, 45.27171325683594], "right_hand": [674.4560546875, 212.89247131347656, 48.15582275390625, 45.27171325683594]}, {"left_hand": [375.6665344238281, 270.5922546386719, 29.250762939453125, 35.9395751953125], "right_hand": [375.6665344238281, 270.5922546386719, 29.250762939453125, 35.9395751953125]}]}