{"image_path": "/home/hyem/workspace/frankmocap_notebooks/images/9WhpAVOSyl8/scene_00000192.jpg", "body_bbox_list": [[521, 29, 199, 588], [269, 120, 143, 446]], "hand_bbox_list": [{"left_hand": [676.693603515625, 79.8895263671875, 47.05157470703125, 47.15885925292969], "right_hand": [676.693603515625, 79.8895263671875, 47.05157470703125, 47.15885925292969]}, {"left_hand": [361.5217590332031, 158.26527404785156, 30.64801025390625, 34.48603820800781], "right_hand": [361.5217590332031, 158.26527404785156, 30.64801025390625, 34.48603820800781]}]}