{"image_path": "/home/hyem/workspace/frankmocap_notebooks/images/9WhpAVOSyl8/scene_00000025.jpg", "body_bbox_list": [[522, 39, 177, 573], [274, 126, 138, 434]], "hand_bbox_list": [{"left_hand": [665.0410766601562, 114.80293273925781, 47.1826171875, 46.6671142578125], "right_hand": [665.0410766601562, 114.80293273925781, 47.1826171875, 46.6671142578125]}, {"left_hand": [373.76959228515625, 175.1848907470703, 30.654296875, 33.53703308105469], "right_hand": [373.76959228515625, 175.1848907470703, 30.654296875, 33.53703308105469]}]}