{"image_path": "/home/hyem/workspace/frankmocap_notebooks/images/9WhpAVOSyl8/scene_00000021.jpg", "body_bbox_list": [[517, 45, 182, 566], [274, 126, 133, 434]], "hand_bbox_list": [{"left_hand": [658.9154052734375, 108.3377914428711, 49.3355712890625, 48.48328399658203], "right_hand": [658.9154052734375, 108.3377914428711, 49.3355712890625, 48.48328399658203]}, {"left_hand": [371.0971984863281, 175.01495361328125, 29.587371826171875, 32.42173767089844], "right_hand": [371.0971984863281, 175.01495361328125, 29.587371826171875, 32.42173767089844]}]}