{"image_path": "/home/hyem/workspace/frankmocap_notebooks/images/9WhpAVOSyl8/scene_00000279.jpg", "body_bbox_list": [[517, 34, 192, 583], [269, 120, 143, 441]], "hand_bbox_list": [{"left_hand": [665.2510375976562, 84.96234893798828, 47.47265625, 46.46886444091797], "right_hand": [665.2510375976562, 84.96234893798828, 47.47265625, 46.46886444091797]}, {"left_hand": [360.5444641113281, 158.49044799804688, 30.674774169921875, 34.60307312011719], "right_hand": [360.5444641113281, 158.49044799804688, 30.674774169921875, 34.60307312011719]}]}