{"image_path": "/home/hyem/workspace/frankmocap_notebooks/images/9WhpAVOSyl8/scene_00000156.jpg", "body_bbox_list": [[511, 191, 209, 419], [263, 251, 170, 314]], "hand_bbox_list": [{"left_hand": [672.4102783203125, 229.73419189453125, 47.7205810546875, 47.96136474609375], "right_hand": [672.4102783203125, 229.73419189453125, 47.7205810546875, 47.96136474609375]}, {"left_hand": [375.59765625, 284.46453857421875, 29.55926513671875, 36.21514892578125], "right_hand": [375.59765625, 284.46453857421875, 29.55926513671875, 36.21514892578125]}]}