{"image_path": "/home/hyem/workspace/frankmocap_notebooks/images/9WhpAVOSyl8/scene_00000197.jpg", "body_bbox_list": [[522, 34, 192, 583], [269, 125, 148, 441]], "hand_bbox_list": [{"left_hand": [672.4608764648438, 84.5754165649414, 47.40899658203125, 46.862709045410156], "right_hand": [672.4608764648438, 84.5754165649414, 47.40899658203125, 46.862709045410156]}, {"left_hand": [361.82550048828125, 158.7732391357422, 30.03509521484375, 34.19044494628906], "right_hand": [361.82550048828125, 158.7732391357422, 30.03509521484375, 34.19044494628906]}]}