{"image_path": "/home/hyem/workspace/frankmocap_notebooks/images/9WhpAVOSyl8/scene_00000281.jpg", "body_bbox_list": [[511, 55, 204, 561], [273, 141, 155, 424]], "hand_bbox_list": [{"left_hand": [666.1729125976562, 99.87721252441406, 46.80157470703125, 45.61372375488281], "right_hand": [666.1729125976562, 99.87721252441406, 46.80157470703125, 45.61372375488281]}, {"left_hand": [371.0443420410156, 176.39010620117188, 29.61376953125, 36.071380615234375], "right_hand": [371.0443420410156, 176.39010620117188, 29.61376953125, 36.071380615234375]}]}