{"image_path": "/home/hyem/workspace/frankmocap_notebooks/images/9WhpAVOSyl8/scene_00000145.jpg", "body_bbox_list": [[511, 107, 214, 507], [273, 157, 155, 407]], "hand_bbox_list": [{"left_hand": [674.96630859375, 151.4298858642578, 45.92913818359375, 48.78132629394531], "right_hand": [674.96630859375, 151.4298858642578, 45.92913818359375, 48.78132629394531]}, {"left_hand": [374.9275207519531, 194.3338623046875, 29.27490234375, 35.820281982421875], "right_hand": [374.9275207519531, 194.3338623046875, 29.27490234375, 35.820281982421875]}]}