{"image_path": "/home/hyem/workspace/frankmocap_notebooks/images/9WhpAVOSyl8/scene_00000079.jpg", "body_bbox_list": [[516, 81, 209, 534], [274, 136, 138, 429]], "hand_bbox_list": [{"left_hand": [676.6404418945312, 130.23915100097656, 50.2286376953125, 47.27101135253906], "right_hand": [676.6404418945312, 130.23915100097656, 50.2286376953125, 47.27101135253906]}, {"left_hand": [371.30072021484375, 171.9023895263672, 29.41168212890625, 34.6148681640625], "right_hand": [371.30072021484375, 171.9023895263672, 29.41168212890625, 34.6148681640625]}]}