{"image_path": "/home/hyem/workspace/frankmocap_notebooks/images/9WhpAVOSyl8/scene_00000098.jpg", "body_bbox_list": [[511, 207, 204, 402], [263, 262, 160, 302]], "hand_bbox_list": [{"left_hand": [669.88037109375, 239.97921752929688, 49.5374755859375, 47.863861083984375], "right_hand": [669.88037109375, 239.97921752929688, 49.5374755859375, 47.863861083984375]}, {"left_hand": [368.9897155761719, 296.8912658691406, 28.221435546875, 36.696197509765625], "right_hand": [368.9897155761719, 296.8912658691406, 28.221435546875, 36.696197509765625]}]}