{"image_path": "/home/hyem/workspace/frankmocap_notebooks/images/9WhpAVOSyl8/scene_00000165.jpg", "body_bbox_list": [[521, 29, 199, 588], [269, 115, 148, 451]], "hand_bbox_list": [{"left_hand": [676.1654663085938, 80.97996520996094, 48.70404052734375, 47.70564270019531], "right_hand": [676.1654663085938, 80.97996520996094, 48.70404052734375, 47.70564270019531]}, {"left_hand": [367.4958190917969, 158.91749572753906, 28.429656982421875, 33.823089599609375], "right_hand": [367.4958190917969, 158.91749572753906, 28.429656982421875, 33.823089599609375]}]}