{"image_path": "/home/hyem/workspace/frankmocap_notebooks/images/9WhpAVOSyl8/scene_00000045.jpg", "body_bbox_list": [[501, 207, 214, 402], [269, 235, 143, 331]], "hand_bbox_list": [{"left_hand": [668.072021484375, 249.5677947998047, 49.83148193359375, 46.23707580566406], "right_hand": [668.072021484375, 249.5677947998047, 49.83148193359375, 46.23707580566406]}, {"left_hand": [375.62615966796875, 274.5328674316406, 28.643341064453125, 35.551666259765625], "right_hand": [375.62615966796875, 274.5328674316406, 28.643341064453125, 35.551666259765625]}]}