{"image_path": "/home/hyem/workspace/frankmocap_notebooks/images/9WhpAVOSyl8/scene_00000153.jpg", "body_bbox_list": [[511, 207, 204, 402], [257, 251, 177, 314]], "hand_bbox_list": [{"left_hand": [669.8884887695312, 241.07833862304688, 49.4205322265625, 46.258636474609375], "right_hand": [669.8884887695312, 241.07833862304688, 49.4205322265625, 46.258636474609375]}, {"left_hand": [377.47808837890625, 288.91656494140625, 28.3592529296875, 36.783538818359375], "right_hand": [377.47808837890625, 288.91656494140625, 28.3592529296875, 36.783538818359375]}]}