{"image_path": "/home/hyem/workspace/frankmocap_notebooks/images/9WhpAVOSyl8/scene_00000115.jpg", "body_bbox_list": [[516, 50, 209, 561], [269, 147, 138, 412]], "hand_bbox_list": [{"left_hand": [677.2120361328125, 93.30934143066406, 43.780029296875, 48.00950622558594], "right_hand": [677.2120361328125, 93.30934143066406, 43.780029296875, 48.00950622558594]}, {"left_hand": [380.09332275390625, 173.8458709716797, 30.89044189453125, 34.125030517578125], "right_hand": [380.09332275390625, 173.8458709716797, 30.89044189453125, 34.125030517578125]}]}