{"image_path": "/home/hyem/workspace/frankmocap_notebooks/images/9WhpAVOSyl8/scene_00000289.jpg", "body_bbox_list": [[506, 207, 209, 402], [257, 251, 177, 314]], "hand_bbox_list": [{"left_hand": [667.3904418945312, 249.6449737548828, 47.8275146484375, 46.15635681152344], "right_hand": [667.3904418945312, 249.6449737548828, 47.8275146484375, 46.15635681152344]}, {"left_hand": [378.8575134277344, 289.4269104003906, 30.216217041015625, 35.475250244140625], "right_hand": [378.8575134277344, 289.4269104003906, 30.216217041015625, 35.475250244140625]}]}