{"image_path": "/home/hyem/workspace/frankmocap_notebooks/images/9WhpAVOSyl8/scene_00000246.jpg", "body_bbox_list": [[516, 29, 199, 588], [268, 120, 155, 446]], "hand_bbox_list": [{"left_hand": [672.3617553710938, 82.0776596069336, 47.49725341796875, 46.950401306152344], "right_hand": [672.3617553710938, 82.0776596069336, 47.49725341796875, 46.950401306152344]}, {"left_hand": [370.42535400390625, 160.47300720214844, 28.48077392578125, 34.15081787109375], "right_hand": [370.42535400390625, 160.47300720214844, 28.48077392578125, 34.15081787109375]}]}