{"image_path": "/home/hyem/workspace/frankmocap_notebooks/images/9WhpAVOSyl8/scene_00000167.jpg", "body_bbox_list": [[522, 34, 192, 583], [269, 120, 148, 446]], "hand_bbox_list": [{"left_hand": [673.71728515625, 85.43351745605469, 46.0181884765625, 46.839630126953125], "right_hand": [673.71728515625, 85.43351745605469, 46.0181884765625, 46.839630126953125]}, {"left_hand": [364.7944641113281, 158.21046447753906, 30.50030517578125, 34.73736572265625], "right_hand": [364.7944641113281, 158.21046447753906, 30.50030517578125, 34.73736572265625]}]}