{"image_path": "/home/hyem/workspace/frankmocap_notebooks/images/9WhpAVOSyl8/scene_00000077.jpg", "body_bbox_list": [[516, 134, 204, 478], [274, 167, 143, 397]], "hand_bbox_list": [{"left_hand": [673.094482421875, 179.89508056640625, 48.9171142578125, 47.23603820800781], "right_hand": [673.094482421875, 179.89508056640625, 48.9171142578125, 47.23603820800781]}, {"left_hand": [374.1354064941406, 195.6459503173828, 30.49542236328125, 36.435546875], "right_hand": [374.1354064941406, 195.6459503173828, 30.49542236328125, 36.435546875]}]}