{"image_path": "/home/hyem/workspace/frankmocap_notebooks/images/9WhpAVOSyl8/scene_00000183.jpg", "body_bbox_list": [[516, 191, 209, 419], [262, 262, 182, 302]], "hand_bbox_list": [{"left_hand": [676.3676147460938, 234.18450927734375, 49.12274169921875, 47.8028564453125], "right_hand": [676.3676147460938, 234.18450927734375, 49.12274169921875, 47.8028564453125]}, {"left_hand": [386.40380859375, 290.8170166015625, 30.2945556640625, 36.4378662109375], "right_hand": [386.40380859375, 290.8170166015625, 30.2945556640625, 36.4378662109375]}]}