{"image_path": "/home/hyem/workspace/frankmocap_notebooks/images/9WhpAVOSyl8/scene_00000180.jpg", "body_bbox_list": [[506, 207, 214, 402], [257, 262, 187, 302]], "hand_bbox_list": [{"left_hand": [674.93359375, 245.3126678466797, 47.64501953125, 48.87675476074219], "right_hand": [674.93359375, 245.3126678466797, 47.64501953125, 48.87675476074219]}, {"left_hand": [387.4905700683594, 297.7734069824219, 29.70220947265625, 35.591400146484375], "right_hand": [387.4905700683594, 297.7734069824219, 29.70220947265625, 35.591400146484375]}]}