{"image_path": "/home/hyem/workspace/frankmocap_notebooks/images/9WhpAVOSyl8/scene_00000020.jpg", "body_bbox_list": [[517, 45, 182, 566], [274, 126, 133, 434]], "hand_bbox_list": [{"left_hand": [660.8717041015625, 111.89832305908203, 48.137451171875, 47.896949768066406], "right_hand": [660.8717041015625, 111.89832305908203, 48.137451171875, 47.896949768066406]}, {"left_hand": [371.5320129394531, 175.19021606445312, 29.346588134765625, 32.265625], "right_hand": [371.5320129394531, 175.19021606445312, 29.346588134765625, 32.265625]}]}