{"image_path": "/home/hyem/workspace/frankmocap_notebooks/images/9WhpAVOSyl8/scene_00000060.jpg", "body_bbox_list": [[516, 60, 204, 556], [274, 125, 138, 441]], "hand_bbox_list": [{"left_hand": [672.2745971679688, 108.17583465576172, 48.3851318359375, 47.513160705566406], "right_hand": [672.2745971679688, 108.17583465576172, 48.3851318359375, 47.513160705566406]}, {"left_hand": [369.1957702636719, 160.45155334472656, 28.645050048828125, 34.86625671386719], "right_hand": [369.1957702636719, 160.45155334472656, 28.645050048828125, 34.86625671386719]}]}