{"image_path": "/home/hyem/workspace/frankmocap_notebooks/images/9WhpAVOSyl8/scene_00000267.jpg", "body_bbox_list": [[516, 170, 204, 441], [262, 246, 182, 319]], "hand_bbox_list": [{"left_hand": [673.5350952148438, 216.19900512695312, 47.77459716796875, 49.93878173828125], "right_hand": [673.5350952148438, 216.19900512695312, 47.77459716796875, 49.93878173828125]}, {"left_hand": [383.5911865234375, 277.891845703125, 30.328033447265625, 36.977142333984375], "right_hand": [383.5911865234375, 277.891845703125, 30.328033447265625, 36.977142333984375]}]}