{"image_path": "/home/hyem/workspace/frankmocap_notebooks/images/9WhpAVOSyl8/scene_00000116.jpg", "body_bbox_list": [[511, 71, 214, 544], [274, 152, 138, 412]], "hand_bbox_list": [{"left_hand": [676.37353515625, 112.30440521240234, 44.376708984375, 47.56340789794922], "right_hand": [676.37353515625, 112.30440521240234, 44.376708984375, 47.56340789794922]}, {"left_hand": [381.0792236328125, 177.4626922607422, 30.305023193359375, 35.03062438964844], "right_hand": [381.0792236328125, 177.4626922607422, 30.305023193359375, 35.03062438964844]}]}