{"image_path": "/home/hyem/workspace/frankmocap_notebooks/images/9WhpAVOSyl8/scene_00000258.jpg", "body_bbox_list": [[511, 170, 209, 441], [262, 241, 182, 324]], "hand_bbox_list": [{"left_hand": [670.2582397460938, 206.6569366455078, 47.548828125, 48.555511474609375], "right_hand": [670.2582397460938, 206.6569366455078, 47.548828125, 48.555511474609375]}, {"left_hand": [384.4585266113281, 271.6720886230469, 30.035888671875, 36.851318359375], "right_hand": [384.4585266113281, 271.6720886230469, 30.035888671875, 36.851318359375]}]}