{"image_path": "/home/hyem/workspace/frankmocap_notebooks/images/9WhpAVOSyl8/scene_00000285.jpg", "body_bbox_list": [[511, 149, 204, 463], [268, 230, 165, 336]], "hand_bbox_list": [{"left_hand": [670.13916015625, 191.6765899658203, 48.60546875, 46.34559631347656], "right_hand": [670.13916015625, 191.6765899658203, 48.60546875, 46.34559631347656]}, {"left_hand": [375.3589782714844, 257.1296691894531, 30.1572265625, 36.426300048828125], "right_hand": [375.3589782714844, 257.1296691894531, 30.1572265625, 36.426300048828125]}]}