{"image_path": "/home/hyem/workspace/frankmocap_notebooks/images/9WhpAVOSyl8/scene_00000040.jpg", "body_bbox_list": [[506, 212, 209, 397], [264, 251, 148, 314]], "hand_bbox_list": [{"left_hand": [669.7124633789062, 252.857666015625, 49.94842529296875, 45.7020263671875], "right_hand": [669.7124633789062, 252.857666015625, 49.94842529296875, 45.7020263671875]}, {"left_hand": [379.2596435546875, 295.02801513671875, 29.375579833984375, 34.60028076171875], "right_hand": [379.2596435546875, 295.02801513671875, 29.375579833984375, 34.60028076171875]}]}