{"image_path": "/home/hyem/workspace/frankmocap_notebooks/images/9WhpAVOSyl8/scene_00000201.jpg", "body_bbox_list": [[516, 92, 204, 522], [268, 178, 160, 390]], "hand_bbox_list": [{"left_hand": [671.0860595703125, 133.32516479492188, 47.6998291015625, 48.150848388671875], "right_hand": [671.0860595703125, 133.32516479492188, 47.6998291015625, 48.150848388671875]}, {"left_hand": [372.6866455078125, 215.15086364746094, 28.31072998046875, 36.362457275390625], "right_hand": [372.6866455078125, 215.15086364746094, 28.31072998046875, 36.362457275390625]}]}