{"image_path": "/home/hyem/workspace/frankmocap_notebooks/images/9WhpAVOSyl8/scene_00000227.jpg", "body_bbox_list": [[516, 71, 199, 544], [274, 141, 148, 424]], "hand_bbox_list": [{"left_hand": [666.9852905273438, 112.87261962890625, 47.1187744140625, 46.37974548339844], "right_hand": [666.9852905273438, 112.87261962890625, 47.1187744140625, 46.37974548339844]}, {"left_hand": [367.0648498535156, 175.8400421142578, 28.92596435546875, 36.20684814453125], "right_hand": [367.0648498535156, 175.8400421142578, 28.92596435546875, 36.20684814453125]}]}