{"image_path": "/home/hyem/workspace/frankmocap_notebooks/images/9WhpAVOSyl8/scene_00000283.jpg", "body_bbox_list": [[511, 102, 204, 512], [268, 183, 165, 385]], "hand_bbox_list": [{"left_hand": [670.5731811523438, 141.39283752441406, 46.71527099609375, 45.26347351074219], "right_hand": [670.5731811523438, 141.39283752441406, 46.71527099609375, 45.26347351074219]}, {"left_hand": [374.7807312011719, 216.55189514160156, 30.29925537109375, 36.313262939453125], "right_hand": [374.7807312011719, 216.55189514160156, 30.29925537109375, 36.313262939453125]}]}