{"image_path": "/home/hyem/workspace/frankmocap_notebooks/images/9WhpAVOSyl8/scene_00000069.jpg", "body_bbox_list": [[506, 207, 209, 402], [269, 262, 148, 302]], "hand_bbox_list": [{"left_hand": [669.7431030273438, 246.41726684570312, 50.076904296875, 46.788299560546875], "right_hand": [669.7431030273438, 246.41726684570312, 50.076904296875, 46.788299560546875]}, {"left_hand": [380.96484375, 294.9460754394531, 28.236724853515625, 36.289794921875], "right_hand": [380.96484375, 294.9460754394531, 28.236724853515625, 36.289794921875]}]}