{"image_path": "/home/hyem/workspace/frankmocap_notebooks/images/9WhpAVOSyl8/scene_00000255.jpg", "body_bbox_list": [[511, 97, 204, 517], [268, 183, 170, 385]], "hand_bbox_list": [{"left_hand": [667.5325927734375, 135.8870086669922, 47.43719482421875, 48.72998046875], "right_hand": [667.5325927734375, 135.8870086669922, 47.43719482421875, 48.72998046875]}, {"left_hand": [378.92108154296875, 214.6871337890625, 29.38458251953125, 35.77947998046875], "right_hand": [378.92108154296875, 214.6871337890625, 29.38458251953125, 35.77947998046875]}]}