{"image_path": "/home/hyem/workspace/frankmocap_notebooks/images/9WhpAVOSyl8/scene_00000259.jpg", "body_bbox_list": [[506, 186, 214, 424], [262, 256, 182, 309]], "hand_bbox_list": [{"left_hand": [670.4579467773438, 222.18521118164062, 48.24041748046875, 46.99688720703125], "right_hand": [670.4579467773438, 222.18521118164062, 48.24041748046875, 46.99688720703125]}, {"left_hand": [384.44390869140625, 284.8415222167969, 30.249786376953125, 36.94146728515625], "right_hand": [384.44390869140625, 284.8415222167969, 30.249786376953125, 36.94146728515625]}]}