{"image_path": "/home/hyem/workspace/frankmocap_notebooks/images/9WhpAVOSyl8/scene_00000154.jpg", "body_bbox_list": [[511, 202, 204, 407], [257, 251, 177, 314]], "hand_bbox_list": [{"left_hand": [669.4608154296875, 239.56845092773438, 48.4774169921875, 45.6129150390625], "right_hand": [669.4608154296875, 239.56845092773438, 48.4774169921875, 45.6129150390625]}, {"left_hand": [376.87286376953125, 288.60552978515625, 28.298248291015625, 36.74224853515625], "right_hand": [376.87286376953125, 288.60552978515625, 28.298248291015625, 36.74224853515625]}]}