{"image_path": "/home/hyem/workspace/frankmocap_notebooks/images/9WhpAVOSyl8/scene_00000191.jpg", "body_bbox_list": [[521, 34, 199, 583], [274, 125, 143, 441]], "hand_bbox_list": [{"left_hand": [679.4292602539062, 85.80873107910156, 46.35186767578125, 46.46025085449219], "right_hand": [679.4292602539062, 85.80873107910156, 46.35186767578125, 46.46025085449219]}, {"left_hand": [365.0091247558594, 162.071533203125, 29.916839599609375, 35.26319885253906], "right_hand": [365.0091247558594, 162.071533203125, 29.916839599609375, 35.26319885253906]}]}