{"image_path": "/home/hyem/workspace/frankmocap_notebooks/images/9WhpAVOSyl8/scene_00000088.jpg", "body_bbox_list": [[516, 60, 204, 556], [274, 125, 138, 441]], "hand_bbox_list": [{"left_hand": [675.16259765625, 105.98250579833984, 46.590087890625, 48.594322204589844], "right_hand": [675.16259765625, 105.98250579833984, 46.590087890625, 48.594322204589844]}, {"left_hand": [361.0684509277344, 166.20111083984375, 29.91326904296875, 34.71369934082031], "right_hand": [361.0684509277344, 166.20111083984375, 29.91326904296875, 34.71369934082031]}]}