{"image_path": "/home/hyem/workspace/frankmocap_notebooks/images/9WhpAVOSyl8/scene_00000172.jpg", "body_bbox_list": [[511, 76, 209, 539], [273, 136, 155, 429]], "hand_bbox_list": [{"left_hand": [676.3915405273438, 119.05099487304688, 48.04840087890625, 49.03007507324219], "right_hand": [676.3915405273438, 119.05099487304688, 48.04840087890625, 49.03007507324219]}, {"left_hand": [371.58697509765625, 171.4142608642578, 28.794403076171875, 34.94416809082031], "right_hand": [371.58697509765625, 171.4142608642578, 28.794403076171875, 34.94416809082031]}]}