{"image_path": "/home/hyem/workspace/frankmocap_notebooks/images/9WhpAVOSyl8/scene_00000018.jpg", "body_bbox_list": [[517, 45, 182, 566], [269, 126, 138, 434]], "hand_bbox_list": [{"left_hand": [658.96142578125, 112.62700653076172, 47.97503662109375, 47.170936584472656], "right_hand": [658.96142578125, 112.62700653076172, 47.97503662109375, 47.170936584472656]}, {"left_hand": [371.2632751464844, 174.87762451171875, 28.95086669921875, 32.01908874511719], "right_hand": [371.2632751464844, 174.87762451171875, 28.95086669921875, 32.01908874511719]}]}