{"image_path": "/home/hyem/workspace/frankmocap_notebooks/images/9WhpAVOSyl8/scene_00000068.jpg", "body_bbox_list": [[506, 207, 209, 402], [269, 262, 148, 302]], "hand_bbox_list": [{"left_hand": [670.1810913085938, 247.93130493164062, 49.797607421875, 47.11126708984375], "right_hand": [670.1810913085938, 247.93130493164062, 49.797607421875, 47.11126708984375]}, {"left_hand": [379.8553161621094, 295.8988342285156, 27.983306884765625, 33.5181884765625], "right_hand": [379.8553161621094, 295.8988342285156, 27.983306884765625, 33.5181884765625]}]}