{"image_path": "/home/hyem/workspace/frankmocap_notebooks/images/9WhpAVOSyl8/scene_00000071.jpg", "body_bbox_list": [[506, 207, 209, 402], [269, 256, 148, 309]], "hand_bbox_list": [{"left_hand": [667.0950317382812, 241.37864685058594, 51.26416015625, 48.71684265136719], "right_hand": [667.0950317382812, 241.37864685058594, 51.26416015625, 48.71684265136719]}, {"left_hand": [380.93896484375, 292.0801086425781, 27.7064208984375, 35.614990234375], "right_hand": [380.93896484375, 292.0801086425781, 27.7064208984375, 35.614990234375]}]}