{"image_path": "/home/hyem/workspace/frankmocap_notebooks/images/9WhpAVOSyl8/scene_00000090.jpg", "body_bbox_list": [[516, 107, 209, 507], [274, 157, 138, 407]], "hand_bbox_list": [{"left_hand": [674.4422607421875, 146.7213897705078, 47.645263671875, 49.016357421875], "right_hand": [674.4422607421875, 146.7213897705078, 47.645263671875, 49.016357421875]}, {"left_hand": [363.3004150390625, 195.5291748046875, 28.8623046875, 35.7808837890625], "right_hand": [363.3004150390625, 195.5291748046875, 28.8623046875, 35.7808837890625]}]}