{"image_path": "/home/hyem/workspace/frankmocap_notebooks/images/9WhpAVOSyl8/scene_00000089.jpg", "body_bbox_list": [[516, 81, 204, 534], [274, 136, 138, 429]], "hand_bbox_list": [{"left_hand": [673.9954223632812, 124.41567993164062, 47.740478515625, 48.88215637207031], "right_hand": [673.9954223632812, 124.41567993164062, 47.740478515625, 48.88215637207031]}, {"left_hand": [361.3994140625, 176.59927368164062, 29.841888427734375, 36.002166748046875], "right_hand": [361.3994140625, 176.59927368164062, 29.841888427734375, 36.002166748046875]}]}