{"image_path": "/home/hyem/workspace/frankmocap_notebooks/images/9WhpAVOSyl8/scene_00000019.jpg", "body_bbox_list": [[517, 45, 182, 566], [269, 126, 138, 434]], "hand_bbox_list": [{"left_hand": [661.401123046875, 112.65219116210938, 46.8826904296875, 46.898834228515625], "right_hand": [661.401123046875, 112.65219116210938, 46.8826904296875, 46.898834228515625]}, {"left_hand": [371.5255126953125, 175.1425323486328, 29.2108154296875, 32.99949645996094], "right_hand": [371.5255126953125, 175.1425323486328, 29.2108154296875, 32.99949645996094]}]}