{"image_path": "/home/hyem/workspace/frankmocap_notebooks/images/9WhpAVOSyl8/scene_00000061.jpg", "body_bbox_list": [[516, 86, 199, 529], [274, 131, 138, 434]], "hand_bbox_list": [{"left_hand": [670.7227783203125, 125.13607025146484, 49.06060791015625, 47.842445373535156], "right_hand": [670.7227783203125, 125.13607025146484, 49.06060791015625, 47.842445373535156]}, {"left_hand": [371.1561279296875, 169.72825622558594, 28.7314453125, 35.43402099609375], "right_hand": [371.1561279296875, 169.72825622558594, 28.7314453125, 35.43402099609375]}]}