{"image_path": "/home/hyem/workspace/frankmocap_notebooks/images/9WhpAVOSyl8/scene_00000299.jpg", "body_bbox_list": [[517, 44, 187, 573], [273, 152, 160, 412]], "hand_bbox_list": [{"left_hand": [662.7537841796875, 100.62786865234375, 45.1236572265625, 46.093170166015625], "right_hand": [662.7537841796875, 100.62786865234375, 45.1236572265625, 46.093170166015625]}, {"left_hand": [371.79913330078125, 182.2399444580078, 30.119232177734375, 35.63017272949219], "right_hand": [371.79913330078125, 182.2399444580078, 30.119232177734375, 35.63017272949219]}]}