{"image_path": "/home/hyem/workspace/frankmocap_notebooks/images/9WhpAVOSyl8/scene_00000228.jpg", "body_bbox_list": [[511, 92, 209, 522], [268, 162, 160, 402]], "hand_bbox_list": [{"left_hand": [671.14990234375, 135.97303771972656, 47.814697265625, 47.71369934082031], "right_hand": [671.14990234375, 135.97303771972656, 47.814697265625, 47.71369934082031]}, {"left_hand": [368.384765625, 195.07891845703125, 28.895782470703125, 36.70100402832031], "right_hand": [368.384765625, 195.07891845703125, 28.895782470703125, 36.70100402832031]}]}