{"image_path": "/home/hyem/workspace/frankmocap_notebooks/images/9WhpAVOSyl8/scene_00000186.jpg", "body_bbox_list": [[515, 139, 221, 473], [268, 215, 170, 346]], "hand_bbox_list": [{"left_hand": [681.6053466796875, 174.72430419921875, 47.5531005859375, 47.444915771484375], "right_hand": [681.6053466796875, 174.72430419921875, 47.5531005859375, 47.444915771484375]}, {"left_hand": [380.95538330078125, 251.4042510986328, 30.35626220703125, 36.55717468261719], "right_hand": [380.95538330078125, 251.4042510986328, 30.35626220703125, 36.55717468261719]}]}