{"image_path": "/home/hyem/workspace/frankmocap_notebooks/images/9WhpAVOSyl8/scene_00000104.jpg", "body_bbox_list": [[516, 113, 209, 500], [264, 188, 148, 375]], "hand_bbox_list": [{"left_hand": [676.1845703125, 158.867431640625, 50.91827392578125, 49.13505554199219], "right_hand": [676.1845703125, 158.867431640625, 50.91827392578125, 49.13505554199219]}, {"left_hand": [376.325439453125, 212.61354064941406, 31.148651123046875, 35.96630859375], "right_hand": [376.325439453125, 212.61354064941406, 31.148651123046875, 35.96630859375]}]}