{"image_path": "/home/hyem/workspace/frankmocap_notebooks/images/9WhpAVOSyl8/scene_00000132.jpg", "body_bbox_list": [[516, 118, 209, 495], [268, 188, 160, 375]], "hand_bbox_list": [{"left_hand": [678.9899291992188, 167.8360595703125, 47.66778564453125, 46.581817626953125], "right_hand": [678.9899291992188, 167.8360595703125, 47.66778564453125, 46.581817626953125]}, {"left_hand": [384.1266784667969, 222.46409606933594, 30.17889404296875, 36.39286804199219], "right_hand": [384.1266784667969, 222.46409606933594, 30.17889404296875, 36.39286804199219]}]}