{"image_path": "/home/hyem/workspace/frankmocap_notebooks/images/9WhpAVOSyl8/scene_00000158.jpg", "body_bbox_list": [[516, 144, 204, 468], [263, 214, 165, 353]], "hand_bbox_list": [{"left_hand": [675.6942749023438, 188.3888397216797, 49.615966796875, 47.93919372558594], "right_hand": [675.6942749023438, 188.3888397216797, 49.615966796875, 47.93919372558594]}, {"left_hand": [374.5238037109375, 249.88156127929688, 30.379058837890625, 36.11090087890625], "right_hand": [374.5238037109375, 249.88156127929688, 30.379058837890625, 36.11090087890625]}]}