{"image_path": "/home/hyem/workspace/frankmocap_notebooks/images/9WhpAVOSyl8/scene_00000217.jpg", "body_bbox_list": [[516, 50, 199, 566], [273, 146, 155, 419]], "hand_bbox_list": [{"left_hand": [667.043212890625, 93.68489074707031, 46.94390869140625, 46.61384582519531], "right_hand": [667.043212890625, 93.68489074707031, 46.94390869140625, 46.61384582519531]}, {"left_hand": [375.4035339355469, 183.50238037109375, 29.90264892578125, 35.88116455078125], "right_hand": [375.4035339355469, 183.50238037109375, 29.90264892578125, 35.88116455078125]}]}