{"image_path": "/home/hyem/workspace/frankmocap_notebooks/images/9WhpAVOSyl8/scene_00000086.jpg", "body_bbox_list": [[521, 34, 199, 583], [269, 125, 143, 441]], "hand_bbox_list": [{"left_hand": [674.3062744140625, 87.52571105957031, 47.964111328125, 46.46034240722656], "right_hand": [674.3062744140625, 87.52571105957031, 47.964111328125, 46.46034240722656]}, {"left_hand": [360.9585876464844, 160.44174194335938, 30.56463623046875, 33.81074523925781], "right_hand": [360.9585876464844, 160.44174194335938, 30.56463623046875, 33.81074523925781]}]}