{"image_path": "/home/hyem/workspace/frankmocap_notebooks/images/9WhpAVOSyl8/scene_00000140.jpg", "body_bbox_list": [[516, 23, 204, 595], [269, 115, 148, 451]], "hand_bbox_list": [{"left_hand": [677.3363647460938, 83.21360778808594, 48.6488037109375, 47.267791748046875], "right_hand": [677.3363647460938, 83.21360778808594, 48.6488037109375, 47.267791748046875]}, {"left_hand": [366.4189453125, 158.4400634765625, 30.574951171875, 35.90142822265625], "right_hand": [366.4189453125, 158.4400634765625, 30.574951171875, 35.90142822265625]}]}