{"image_path": "/home/hyem/workspace/frankmocap_notebooks/images/9WhpAVOSyl8/scene_00000293.jpg", "body_bbox_list": [[511, 186, 204, 424], [263, 251, 170, 314]], "hand_bbox_list": [{"left_hand": [664.7465209960938, 232.37625122070312, 49.0740966796875, 47.374755859375], "right_hand": [664.7465209960938, 232.37625122070312, 49.0740966796875, 47.374755859375]}, {"left_hand": [375.5828857421875, 284.2249450683594, 30.74029541015625, 36.00726318359375], "right_hand": [375.5828857421875, 284.2249450683594, 30.74029541015625, 36.00726318359375]}]}