{"image_path": "/home/hyem/workspace/frankmocap_notebooks/images/9WhpAVOSyl8/scene_00000205.jpg", "body_bbox_list": [[511, 181, 204, 429], [268, 241, 170, 324]], "hand_bbox_list": [{"left_hand": [662.99560546875, 214.95166015625, 48.82781982421875, 48.686798095703125], "right_hand": [662.99560546875, 214.95166015625, 48.82781982421875, 48.686798095703125]}, {"left_hand": [382.3552551269531, 280.661865234375, 29.4150390625, 37.0941162109375], "right_hand": [382.3552551269531, 280.661865234375, 29.4150390625, 37.0941162109375]}]}