{"image_path": "/home/hyem/workspace/frankmocap_notebooks/images/9WhpAVOSyl8/scene_00000194.jpg", "body_bbox_list": [[522, 29, 192, 588], [269, 126, 143, 434]], "hand_bbox_list": [{"left_hand": [672.3788452148438, 81.7077865600586, 47.4158935546875, 47.177818298339844], "right_hand": [672.3788452148438, 81.7077865600586, 47.4158935546875, 47.177818298339844]}, {"left_hand": [361.03863525390625, 155.9636993408203, 30.041961669921875, 35.62664794921875], "right_hand": [361.03863525390625, 155.9636993408203, 30.041961669921875, 35.62664794921875]}]}