{"image_path": "/home/hyem/workspace/frankmocap_notebooks/images/9WhpAVOSyl8/scene_00000133.jpg", "body_bbox_list": [[516, 86, 209, 529], [269, 167, 148, 397]], "hand_bbox_list": [{"left_hand": [681.26611328125, 139.32969665527344, 46.420166015625, 46.9359130859375], "right_hand": [681.26611328125, 139.32969665527344, 46.420166015625, 46.9359130859375]}, {"left_hand": [381.0439147949219, 204.10386657714844, 30.117767333984375, 36.12623596191406], "right_hand": [381.0439147949219, 204.10386657714844, 30.117767333984375, 36.12623596191406]}]}