{"image_path": "/home/hyem/workspace/frankmocap_notebooks/images/9WhpAVOSyl8/scene_00000091.jpg", "body_bbox_list": [[516, 139, 214, 473], [269, 183, 143, 380]], "hand_bbox_list": [{"left_hand": [672.2754516601562, 171.12889099121094, 49.46844482421875, 46.5335693359375], "right_hand": [672.2754516601562, 171.12889099121094, 49.46844482421875, 46.5335693359375]}, {"left_hand": [365.7241516113281, 220.6752166748047, 28.368682861328125, 34.936767578125], "right_hand": [365.7241516113281, 220.6752166748047, 28.368682861328125, 34.936767578125]}]}