{"image_path": "/home/hyem/workspace/frankmocap_notebooks/images/9WhpAVOSyl8/scene_00000111.jpg", "body_bbox_list": [[521, 29, 199, 588], [269, 141, 143, 424]], "hand_bbox_list": [{"left_hand": [674.8304443359375, 81.25604248046875, 47.03582763671875, 49.31251525878906], "right_hand": [674.8304443359375, 81.25604248046875, 47.03582763671875, 49.31251525878906]}, {"left_hand": [376.1764221191406, 165.8004913330078, 29.586639404296875, 35.388916015625], "right_hand": [376.1764221191406, 165.8004913330078, 29.586639404296875, 35.388916015625]}]}