{"pred_joints_img": [[812.2699584960938, 193.9917755126953, -42.7288932800293], [802.8980102539062, 235.12161254882812, -7.457162380218506], [773.6497192382812, 235.91986083984375, -3.942610263824463], [712.1865844726562, 217.68753051757812, 7.566792964935303], [661.2283935546875, 188.03053283691406, -0.8232812881469727], [841.58154296875, 232.07699584960938, -4.710241794586182], [902.763916015625, 221.6145477294922, 7.327931880950928], [951.154052734375, 187.74777221679688, -5.388969421386719], [810.7562866210938, 347.39892578125, 3.19271183013916], [796.6971435546875, 372.94500732421875, 8.006645202636719], [785.7494506835938, 455.08343505859375, -9.553439140319824], [784.8792114257812, 550.8082275390625, -1.6055549383163452], [824.80908203125, 369.2468566894531, 9.754653930664062], [840.689453125, 454.0900573730469, -12.235827445983887], [838.4890747070312, 547.8328247070312, 2.5169010162353516], [0.0, 0.0, 0.0], [0.0, 0.0, 0.0], [0.0, 0.0, 0.0], [0.0, 0.0, 0.0], [0.0, 0.0, 0.0], [0.0, 0.0, 0.0], [0.0, 0.0, 0.0], [0.0, 0.0, 0.0], [0.0, 0.0, 0.0], [0.0, 0.0, 0.0], [0.0, 0.0, 0.0], [0.0, 0.0, 0.0], [0.0, 0.0, 0.0], [0.0, 0.0, 0.0], [0.0, 0.0, 0.0], [0.0, 0.0, 0.0], [0.0, 0.0, 0.0], [0.0, 0.0, 0.0], [0.0, 0.0, 0.0], [0.0, 0.0, 0.0], [0.0, 0.0, 0.0], [0.0, 0.0, 0.0], [0.0, 0.0, 0.0], [0.0, 0.0, 0.0], [0.0, 0.0, 0.0], [0.0, 0.0, 0.0], [0.0, 0.0, 0.0], [0.0, 0.0, 0.0], [0.0, 0.0, 0.0], [0.0, 0.0, 0.0], [0.0, 0.0, 0.0], [0.0, 0.0, 0.0], [0.0, 0.0, 0.0], [0.0, 0.0, 0.0]], "head_info": {"pos": [812.2699584960938, 193.9917755126953, -42.7288932800293], "vec": [0.2096189707517624, -0.028377383947372437, -0.9773712754249573]}, "left_hand_info": {"thumb": [-0.5214389562606812, -0.3406541347503662, -0.7823401689529419], "index": [0.822550356388092, -0.44454294443130493, -0.3546723425388336], "palm": [-0.22696319222450256, -0.8284541964530945, 0.5120071768760681], "pos": [951.154052734375, 187.74777221679688, -5.388969421386719]}, "right_hand_info": {"thumb": [0.5170141458511353, -0.45599913597106934, -0.7244040966033936], "index": [-0.8308866620063782, -0.47075143456459045, -0.29668232798576355], "palm": [-0.20572736859321594, 0.7552866339683533, -0.6222686767578125], "pos": [661.2283935546875, 188.03053283691406, -0.8232812881469727]}, "left_heel_info": {"pos": [841.9342651367188, 557.0103759765625, 19.089500427246094], "vec": [0.11850641667842865, 0.22450721263885498, -0.9672397375106812]}, "right_heel_info": {"pos": [786.544921875, 562.6128540039062, 16.651926040649414], "vec": [-0.12802499532699585, 0.1665651947259903, -0.9776838421821594]}}