{"pred_joints_img": [[802.5845336914062, 196.81895446777344, -18.2318058013916], [805.9371948242188, 239.8494873046875, 5.258769989013672], [778.837158203125, 242.62576293945312, -7.7082319259643555], [763.9664306640625, 247.49989318847656, -65.05973052978516], [770.7589111328125, 227.04165649414062, -114.9992904663086], [847.5667114257812, 252.60540771484375, 5.486439228057861], [849.8350219726562, 307.7555236816406, 22.499860763549805], [858.2000122070312, 355.3844299316406, -4.048027515411377], [810.8779296875, 343.369140625, 2.993067502975464], [799.0191040039062, 367.6109619140625, 6.325775623321533], [790.5582275390625, 445.20635986328125, 6.155125617980957], [796.7781982421875, 532.385498046875, 18.604524612426758], [824.7526245117188, 363.73529052734375, 4.37265682220459], [827.8362426757812, 416.92523193359375, -57.992584228515625], [842.7407836914062, 491.692138671875, -15.588985443115234], [0.0, 0.0, 0.0], [0.0, 0.0, 0.0], [0.0, 0.0, 0.0], [0.0, 0.0, 0.0], [0.0, 0.0, 0.0], [0.0, 0.0, 0.0], [0.0, 0.0, 0.0], [0.0, 0.0, 0.0], [0.0, 0.0, 0.0], [0.0, 0.0, 0.0], [0.0, 0.0, 0.0], [0.0, 0.0, 0.0], [0.0, 0.0, 0.0], [0.0, 0.0, 0.0], [0.0, 0.0, 0.0], [0.0, 0.0, 0.0], [0.0, 0.0, 0.0], [0.0, 0.0, 0.0], [0.0, 0.0, 0.0], [0.0, 0.0, 0.0], [0.0, 0.0, 0.0], [0.0, 0.0, 0.0], [0.0, 0.0, 0.0], [0.0, 0.0, 0.0], [0.0, 0.0, 0.0], [0.0, 0.0, 0.0], [0.0, 0.0, 0.0], [0.0, 0.0, 0.0], [0.0, 0.0, 0.0], [0.0, 0.0, 0.0], [0.0, 0.0, 0.0], [0.0, 0.0, 0.0], [0.0, 0.0, 0.0], [0.0, 0.0, 0.0]], "head_info": {"pos": [802.5845336914062, 196.81895446777344, -18.2318058013916], "vec": [-0.24947550892829895, -0.19885990023612976, -0.9477429986000061]}, "left_hand_info": {"thumb": [0.6342545747756958, 0.2046811282634735, -0.7455378770828247], "index": [0.3571947515010834, 0.7776474952697754, 0.5173743367195129], "palm": [0.6856624484062195, -0.5944493412971497, 0.4201154410839081], "pos": [858.2000122070312, 355.3844299316406, -4.048027515411377]}, "right_hand_info": {"thumb": [0.6804961562156677, -0.5766021013259888, 0.4521670639514923], "index": [0.15822549164295197, -0.4868943393230438, -0.8590102195739746], "palm": [0.7154646515846252, 0.6560975313186646, -0.2400965839624405], "pos": [770.7589111328125, 227.04165649414062, -114.9992904663086]}, "left_heel_info": {"pos": [850.1969604492188, 493.6918640136719, 0.028982505202293396], "vec": [-0.018419068306684494, 0.4886106550693512, -0.8723074793815613]}, "right_heel_info": {"pos": [798.91552734375, 541.2911376953125, 35.68753433227539], "vec": [-0.20830266177654266, 0.21568666398525238, -0.9539859890937805]}}