{"pred_joints_img": [[833.5833740234375, 194.6898651123047, -24.776390075683594], [831.780029296875, 236.92575073242188, 0.0834721103310585], [799.325927734375, 249.85980224609375, 0.6471070051193237], [794.0836791992188, 307.96246337890625, 9.221006393432617], [791.26416015625, 357.9546813964844, -10.784785270690918], [871.490234375, 247.4429168701172, -12.324923515319824], [872.7348022460938, 304.61798095703125, -16.36279296875], [861.430908203125, 334.69561767578125, -60.59671401977539], [835.033203125, 339.8042297363281, 2.9709904193878174], [820.7601928710938, 362.4287414550781, 7.439985752105713], [806.916015625, 437.32489013671875, -8.504037857055664], [801.6131591796875, 499.730712890625, 53.10117721557617], [846.87255859375, 360.9039611816406, 7.733063220977783], [853.2747802734375, 440.5456848144531, -9.364829063415527], [840.1441650390625, 525.9769287109375, -1.162728190422058], [0.0, 0.0, 0.0], [0.0, 0.0, 0.0], [0.0, 0.0, 0.0], [0.0, 0.0, 0.0], [0.0, 0.0, 0.0], [0.0, 0.0, 0.0], [0.0, 0.0, 0.0], [0.0, 0.0, 0.0], [0.0, 0.0, 0.0], [0.0, 0.0, 0.0], [0.0, 0.0, 0.0], [0.0, 0.0, 0.0], [0.0, 0.0, 0.0], [0.0, 0.0, 0.0], [0.0, 0.0, 0.0], [0.0, 0.0, 0.0], [0.0, 0.0, 0.0], [0.0, 0.0, 0.0], [0.0, 0.0, 0.0], [0.0, 0.0, 0.0], [0.0, 0.0, 0.0], [0.0, 0.0, 0.0], [0.0, 0.0, 0.0], [0.0, 0.0, 0.0], [0.0, 0.0, 0.0], [0.0, 0.0, 0.0], [0.0, 0.0, 0.0], [0.0, 0.0, 0.0], [0.0, 0.0, 0.0], [0.0, 0.0, 0.0], [0.0, 0.0, 0.0], [0.0, 0.0, 0.0], [0.0, 0.0, 0.0], [0.0, 0.0, 0.0]], "head_info": {"pos": [833.5833740234375, 194.6898651123047, -24.776390075683594], "vec": [-0.0019497883040457964, -0.1676243543624878, -0.9858489632606506]}, "left_hand_info": {"thumb": [-0.5357476472854614, -0.7712281346321106, -0.3437757194042206], "index": [-0.26694387197494507, 0.5409530401229858, -0.7975655198097229], "palm": [0.8010714650154114, -0.3355249762535095, -0.49568891525268555], "pos": [861.430908203125, 334.69561767578125, -60.59671401977539]}, "right_hand_info": {"thumb": [-0.3691927492618561, 0.3681810796260834, -0.8533108830451965], "index": [-0.344526082277298, 0.7985318899154663, 0.493607759475708], "palm": [0.863132894039154, 0.47622421383857727, -0.1679641604423523], "pos": [791.26416015625, 357.9546813964844, -10.784785270690918]}, "left_heel_info": {"pos": [843.0941772460938, 533.5550537109375, 13.73913860321045], "vec": [0.15922307968139648, 0.21168041229248047, -0.9642817378044128]}, "right_heel_info": {"pos": [801.0957641601562, 498.2110595703125, 72.23777770996094], "vec": [-0.14054253697395325, 0.68238765001297, -0.7173527479171753]}}