{"pred_joints_img": [[815.0958251953125, 193.53216552734375, -25.27819061279297], [809.8426513671875, 237.2113037109375, 1.5080242156982422], [776.2002563476562, 247.72679138183594, -0.3292052745819092], [762.7723388671875, 307.8871154785156, -6.15451717376709], [767.0706787109375, 299.52410888671875, -61.924522399902344], [852.7378540039062, 246.95135498046875, -4.218117713928223], [858.3448486328125, 306.5081481933594, 2.605292558670044], [856.436279296875, 318.4059753417969, -53.462310791015625], [814.6036376953125, 346.466552734375, 3.1089258193969727], [800.2738647460938, 371.07257080078125, 6.632603645324707], [788.8350219726562, 450.81524658203125, -6.114958763122559], [786.5741577148438, 542.57470703125, 1.4432059526443481], [827.780517578125, 368.2610778808594, 8.8077392578125], [842.2332153320312, 451.842041015625, -3.1184701919555664], [838.3386840820312, 541.8319091796875, 10.129981994628906], [0.0, 0.0, 0.0], [0.0, 0.0, 0.0], [0.0, 0.0, 0.0], [0.0, 0.0, 0.0], [0.0, 0.0, 0.0], [0.0, 0.0, 0.0], [0.0, 0.0, 0.0], [0.0, 0.0, 0.0], [0.0, 0.0, 0.0], [0.0, 0.0, 0.0], [0.0, 0.0, 0.0], [0.0, 0.0, 0.0], [0.0, 0.0, 0.0], [0.0, 0.0, 0.0], [0.0, 0.0, 0.0], [0.0, 0.0, 0.0], [0.0, 0.0, 0.0], [0.0, 0.0, 0.0], [0.0, 0.0, 0.0], [0.0, 0.0, 0.0], [0.0, 0.0, 0.0], [0.0, 0.0, 0.0], [0.0, 0.0, 0.0], [0.0, 0.0, 0.0], [0.0, 0.0, 0.0], [0.0, 0.0, 0.0], [0.0, 0.0, 0.0], [0.0, 0.0, 0.0], [0.0, 0.0, 0.0], [0.0, 0.0, 0.0], [0.0, 0.0, 0.0], [0.0, 0.0, 0.0], [0.0, 0.0, 0.0], [0.0, 0.0, 0.0]], "head_info": {"pos": [815.0958251953125, 193.53216552734375, -25.27819061279297], "vec": [0.06216198951005936, -0.13356950879096985, -0.9890879988670349]}, "left_hand_info": {"thumb": [-0.034044235944747925, -0.6283341646194458, -0.777198314666748], "index": [0.9633896946907043, -0.22755587100982666, 0.14176982641220093], "palm": [-0.26593485474586487, -0.7439183592796326, 0.6130775809288025], "pos": [856.436279296875, 318.4059753417969, -53.462310791015625]}, "right_hand_info": {"thumb": [-0.12062559276819229, 0.5760421752929688, -0.8084707260131836], "index": [-0.3973590135574341, 0.7183074355125427, 0.5710868835449219], "palm": [0.9097006320953369, 0.3901408016681671, 0.14224927127361298], "pos": [767.0706787109375, 299.52410888671875, -61.924522399902344]}, "left_heel_info": {"pos": [841.62939453125, 550.1882934570312, 25.687633514404297], "vec": [0.21350325644016266, 0.17017672955989838, -0.9620063900947571]}, "right_heel_info": {"pos": [785.9775390625, 553.9984130859375, 18.462827682495117], "vec": [-0.09192504733800888, 0.11476905643939972, -0.989129900932312]}}