{"pred_joints_img": [[804.7994384765625, 177.4316864013672, -1.355610728263855], [802.248779296875, 227.46249389648438, 22.211820602416992], [778.6892700195312, 222.36160278320312, 18.8306941986084], [764.640380859375, 159.79505920410156, 4.076942443847656], [767.7131958007812, 99.64739990234375, 5.251342296600342], [832.0230712890625, 216.10443115234375, 12.7100830078125], [837.040771484375, 157.4892578125, -12.241828918457031], [830.29541015625, 97.33110046386719, -3.9858591556549072], [809.4564819335938, 338.5164794921875, 3.0077171325683594], [795.56201171875, 364.30938720703125, 6.106679439544678], [784.5401000976562, 449.2419738769531, 0.449444979429245], [786.598876953125, 545.709228515625, 12.854191780090332], [823.6229248046875, 360.71612548828125, 7.462801456451416], [839.3963623046875, 449.3606872558594, 2.140101909637451], [831.8525390625, 543.6290283203125, 19.25986671447754], [0.0, 0.0, 0.0], [0.0, 0.0, 0.0], [0.0, 0.0, 0.0], [0.0, 0.0, 0.0], [0.0, 0.0, 0.0], [0.0, 0.0, 0.0], [0.0, 0.0, 0.0], [0.0, 0.0, 0.0], [0.0, 0.0, 0.0], [0.0, 0.0, 0.0], [0.0, 0.0, 0.0], [0.0, 0.0, 0.0], [0.0, 0.0, 0.0], [0.0, 0.0, 0.0], [0.0, 0.0, 0.0], [0.0, 0.0, 0.0], [0.0, 0.0, 0.0], [0.0, 0.0, 0.0], [0.0, 0.0, 0.0], [0.0, 0.0, 0.0], [0.0, 0.0, 0.0], [0.0, 0.0, 0.0], [0.0, 0.0, 0.0], [0.0, 0.0, 0.0], [0.0, 0.0, 0.0], [0.0, 0.0, 0.0], [0.0, 0.0, 0.0], [0.0, 0.0, 0.0], [0.0, 0.0, 0.0], [0.0, 0.0, 0.0], [0.0, 0.0, 0.0], [0.0, 0.0, 0.0], [0.0, 0.0, 0.0], [0.0, 0.0, 0.0]], "head_info": {"pos": [804.7994384765625, 177.4316864013672, -1.355610728263855], "vec": [0.008971263654530048, -0.31197699904441833, -0.9500473141670227]}, "left_hand_info": {"thumb": [0.9373747706413269, 0.17021892964839935, 0.3038981854915619], "index": [0.14355070888996124, -0.9837090969085693, 0.10821093618869781], "palm": [0.31736695766448975, -0.05780940502882004, -0.9465391039848328], "pos": [830.29541015625, 97.33110046386719, -3.9858591556549072]}, "right_hand_info": {"thumb": [0.7953435182571411, 0.13151298463344574, 0.5917203426361084], "index": [0.25045180320739746, -0.9602561593055725, -0.12321539968252182], "palm": [0.5519986748695374, 0.24619600176811218, -0.7966711521148682], "pos": [767.7131958007812, 99.64739990234375, 5.251342296600342]}, "left_heel_info": {"pos": [833.0836181640625, 552.64404296875, 36.488014221191406], "vec": [0.21735617518424988, 0.2537635564804077, -0.9425287246704102]}, "right_heel_info": {"pos": [788.012451171875, 556.1926879882812, 32.4035758972168], "vec": [-0.06929319351911545, 0.2537487745285034, -0.9647849202156067]}}