{"pred_joints_img": [[806.654052734375, 203.27391052246094, -10.933128356933594], [804.0579223632812, 246.13218688964844, 14.759062767028809], [777.8804931640625, 245.38331604003906, 4.185673236846924], [763.8108520507812, 224.03958129882812, -51.58073425292969], [762.638427734375, 186.1866912841797, -92.98711395263672], [838.7568969726562, 242.66409301757812, 0.19504842162132263], [848.0485229492188, 234.87217712402344, -58.14970397949219], [848.314208984375, 192.49050903320312, -96.1372299194336], [811.1082763671875, 352.1719970703125, 2.928349733352661], [798.0451049804688, 376.6692810058594, 5.6794657707214355], [787.016845703125, 455.59344482421875, -3.322179079055786], [787.3035888671875, 546.303466796875, 0.8462071418762207], [824.6158447265625, 373.26068115234375, 6.5837507247924805], [839.2109985351562, 454.9071044921875, -8.47623348236084], [835.4945678710938, 543.9900512695312, 1.6254899501800537], [0.0, 0.0, 0.0], [0.0, 0.0, 0.0], [0.0, 0.0, 0.0], [0.0, 0.0, 0.0], [0.0, 0.0, 0.0], [0.0, 0.0, 0.0], [0.0, 0.0, 0.0], [0.0, 0.0, 0.0], [0.0, 0.0, 0.0], [0.0, 0.0, 0.0], [0.0, 0.0, 0.0], [0.0, 0.0, 0.0], [0.0, 0.0, 0.0], [0.0, 0.0, 0.0], [0.0, 0.0, 0.0], [0.0, 0.0, 0.0], [0.0, 0.0, 0.0], [0.0, 0.0, 0.0], [0.0, 0.0, 0.0], [0.0, 0.0, 0.0], [0.0, 0.0, 0.0], [0.0, 0.0, 0.0], [0.0, 0.0, 0.0], [0.0, 0.0, 0.0], [0.0, 0.0, 0.0], [0.0, 0.0, 0.0], [0.0, 0.0, 0.0], [0.0, 0.0, 0.0], [0.0, 0.0, 0.0], [0.0, 0.0, 0.0], [0.0, 0.0, 0.0], [0.0, 0.0, 0.0], [0.0, 0.0, 0.0], [0.0, 0.0, 0.0]], "head_info": {"pos": [806.654052734375, 203.27391052246094, -10.933128356933594], "vec": [-0.015281209722161293, -0.1438101828098297, -0.98948734998703]}, "left_hand_info": {"thumb": [0.5402810573577881, -0.18372143805027008, 0.8211838603019714], "index": [-0.4032663106918335, -0.9130440354347229, 0.06104770302772522], "palm": [0.73856121301651, -0.364138662815094, -0.5673890113830566], "pos": [848.314208984375, 192.49050903320312, -96.1372299194336]}, "right_hand_info": {"thumb": [0.8662084937095642, -0.4225825369358063, 0.266658753156662], "index": [-0.46345558762550354, -0.8789370059967041, 0.11259984970092773], "palm": [0.1867934912443161, -0.22111941874027252, -0.9571908712387085], "pos": [762.638427734375, 186.1866912841797, -92.98711395263672]}, "left_heel_info": {"pos": [838.6614379882812, 553.1738891601562, 16.738056182861328], "vec": [0.17214444279670715, 0.156588613986969, -0.9725463390350342]}, "right_heel_info": {"pos": [789.609619140625, 558.2326049804688, 17.384870529174805], "vec": [-0.21005302667617798, 0.10841526091098785, -0.9716603755950928]}}