{"pred_joints_img": [[819.7516479492188, 197.7069854736328, -23.290029525756836], [816.20947265625, 240.25411987304688, 0.9764465689659119], [783.4548950195312, 254.66534423828125, -0.8249555826187134], [780.5975341796875, 313.2854919433594, 6.869321346282959], [779.148681640625, 364.710205078125, -9.78385066986084], [857.989501953125, 252.430908203125, -5.601916790008545], [859.2400512695312, 309.6484375, 0.5979065299034119], [857.246337890625, 351.2749938964844, -35.02400588989258], [821.9298095703125, 344.61907958984375, 2.935033082962036], [808.2987670898438, 368.2178649902344, 6.22813081741333], [797.1961059570312, 443.77630615234375, -10.417999267578125], [795.0991821289062, 530.0970458984375, 7.088073253631592], [834.5506591796875, 365.4959411621094, 8.291670799255371], [847.099365234375, 445.9200439453125, -2.209498405456543], [840.3966674804688, 531.860595703125, 10.19001293182373], [0.0, 0.0, 0.0], [0.0, 0.0, 0.0], [0.0, 0.0, 0.0], [0.0, 0.0, 0.0], [0.0, 0.0, 0.0], [0.0, 0.0, 0.0], [0.0, 0.0, 0.0], [0.0, 0.0, 0.0], [0.0, 0.0, 0.0], [0.0, 0.0, 0.0], [0.0, 0.0, 0.0], [0.0, 0.0, 0.0], [0.0, 0.0, 0.0], [0.0, 0.0, 0.0], [0.0, 0.0, 0.0], [0.0, 0.0, 0.0], [0.0, 0.0, 0.0], [0.0, 0.0, 0.0], [0.0, 0.0, 0.0], [0.0, 0.0, 0.0], [0.0, 0.0, 0.0], [0.0, 0.0, 0.0], [0.0, 0.0, 0.0], [0.0, 0.0, 0.0], [0.0, 0.0, 0.0], [0.0, 0.0, 0.0], [0.0, 0.0, 0.0], [0.0, 0.0, 0.0], [0.0, 0.0, 0.0], [0.0, 0.0, 0.0], [0.0, 0.0, 0.0], [0.0, 0.0, 0.0], [0.0, 0.0, 0.0], [0.0, 0.0, 0.0]], "head_info": {"pos": [819.7516479492188, 197.7069854736328, -23.290029525756836], "vec": [0.05990425497293472, -0.1613863855600357, -0.9850715398788452]}, "left_hand_info": {"thumb": [-0.4659707546234131, -0.6093535423278809, -0.6415290236473083], "index": [-0.13720031082630157, 0.7660468220710754, -0.6279715895652771], "palm": [0.874098002910614, -0.20459842681884766, -0.44055894017219543], "pos": [857.246337890625, 351.2749938964844, -35.02400588989258]}, "right_hand_info": {"thumb": [0.2144208550453186, -0.36049115657806396, -0.9077829718589783], "index": [0.05690597742795944, 0.9324314594268799, -0.3568379878997803], "palm": [0.975082278251648, 0.024855228140950203, 0.22044683992862701], "pos": [779.148681640625, 364.710205078125, -9.78385066986084]}, "left_heel_info": {"pos": [842.7698364257812, 538.8656005859375, 25.505952835083008], "vec": [0.24334464967250824, 0.2306029498577118, -0.9421283006668091]}, "right_heel_info": {"pos": [794.5994262695312, 538.40625, 24.387121200561523], "vec": [-0.10712083429098129, 0.24270884692668915, -0.9641668200492859]}}