{"pred_joints_img": [[807.0549926757812, 203.09701538085938, 0.13657023012638092], [801.876708984375, 249.0850830078125, 22.586572647094727], [777.606201171875, 245.19898986816406, 16.18100929260254], [760.6577758789062, 189.58531188964844, -7.723067283630371], [762.08349609375, 132.19952392578125, -11.906326293945312], [833.5360107421875, 239.77748107910156, 14.485922813415527], [849.0302124023438, 188.69700622558594, -15.110236167907715], [850.8893432617188, 130.3492889404297, -14.414974212646484], [809.6318359375, 354.93280029296875, 2.8709349632263184], [796.3341064453125, 379.6576232910156, 4.716238498687744], [784.3489990234375, 460.27630615234375, -3.7056074142456055], [783.6237182617188, 552.5216064453125, 7.247702598571777], [823.0418701171875, 376.26861572265625, 6.750810623168945], [837.3580932617188, 460.6340026855469, -2.9681193828582764], [830.5015869140625, 550.5917358398438, 13.825276374816895], [0.0, 0.0, 0.0], [0.0, 0.0, 0.0], [0.0, 0.0, 0.0], [0.0, 0.0, 0.0], [0.0, 0.0, 0.0], [0.0, 0.0, 0.0], [0.0, 0.0, 0.0], [0.0, 0.0, 0.0], [0.0, 0.0, 0.0], [0.0, 0.0, 0.0], [0.0, 0.0, 0.0], [0.0, 0.0, 0.0], [0.0, 0.0, 0.0], [0.0, 0.0, 0.0], [0.0, 0.0, 0.0], [0.0, 0.0, 0.0], [0.0, 0.0, 0.0], [0.0, 0.0, 0.0], [0.0, 0.0, 0.0], [0.0, 0.0, 0.0], [0.0, 0.0, 0.0], [0.0, 0.0, 0.0], [0.0, 0.0, 0.0], [0.0, 0.0, 0.0], [0.0, 0.0, 0.0], [0.0, 0.0, 0.0], [0.0, 0.0, 0.0], [0.0, 0.0, 0.0], [0.0, 0.0, 0.0], [0.0, 0.0, 0.0], [0.0, 0.0, 0.0], [0.0, 0.0, 0.0], [0.0, 0.0, 0.0], [0.0, 0.0, 0.0]], "head_info": {"pos": [807.0549926757812, 203.09701538085938, 0.13657023012638092], "vec": [0.08712528645992279, -0.24277248978614807, -0.9661628603935242]}, "left_hand_info": {"thumb": [0.9870657920837402, 0.08632081001996994, -0.1350918859243393], "index": [0.11217442154884338, -0.9739013910293579, 0.19731441140174866], "palm": [-0.11453383415937424, -0.2099161595106125, -0.9709877371788025], "pos": [850.8893432617188, 130.3492889404297, -14.414974212646484]}, "right_hand_info": {"thumb": [-0.98384690284729, 0.17860440909862518, -0.01207311637699604], "index": [-0.1789684295654297, -0.9828557968139648, 0.04432594031095505], "palm": [-0.003949323203414679, 0.04577064514160156, 0.9989441633224487], "pos": [762.08349609375, 132.19952392578125, -11.906326293945312]}, "left_heel_info": {"pos": [832.244140625, 559.8114013671875, 29.870683670043945], "vec": [0.19815117120742798, 0.2125929743051529, -0.9568387269973755]}, "right_heel_info": {"pos": [784.3373413085938, 563.6475219726562, 25.701988220214844], "vec": [-0.0840415209531784, 0.19126711785793304, -0.9779334664344788]}}