{"pred_joints_img": [[801.772216796875, 181.2493438720703, -2.3920023441314697], [800.5076293945312, 229.3818359375, 22.669816970825195], [777.8720703125, 223.98876953125, 20.332794189453125], [764.886962890625, 160.81922912597656, 10.974091529846191], [768.2643432617188, 101.49586486816406, 16.385299682617188], [830.1587524414062, 218.41409301757812, 16.015138626098633], [840.600341796875, 159.02305603027344, -3.1779818534851074], [837.2882690429688, 99.68450927734375, 8.24384880065918], [807.2869873046875, 339.4844970703125, 2.9356796741485596], [793.3954467773438, 365.001708984375, 5.551788806915283], [782.5848999023438, 449.16705322265625, -0.7568506002426147], [784.6170043945312, 545.2132568359375, 7.512100696563721], [821.126220703125, 361.6088562011719, 7.198365688323975], [836.1284790039062, 449.3847961425781, -0.9449954032897949], [828.372314453125, 543.5941162109375, 10.75886058807373], [0.0, 0.0, 0.0], [0.0, 0.0, 0.0], [0.0, 0.0, 0.0], [0.0, 0.0, 0.0], [0.0, 0.0, 0.0], [0.0, 0.0, 0.0], [0.0, 0.0, 0.0], [0.0, 0.0, 0.0], [0.0, 0.0, 0.0], [0.0, 0.0, 0.0], [0.0, 0.0, 0.0], [0.0, 0.0, 0.0], [0.0, 0.0, 0.0], [0.0, 0.0, 0.0], [0.0, 0.0, 0.0], [0.0, 0.0, 0.0], [0.0, 0.0, 0.0], [0.0, 0.0, 0.0], [0.0, 0.0, 0.0], [0.0, 0.0, 0.0], [0.0, 0.0, 0.0], [0.0, 0.0, 0.0], [0.0, 0.0, 0.0], [0.0, 0.0, 0.0], [0.0, 0.0, 0.0], [0.0, 0.0, 0.0], [0.0, 0.0, 0.0], [0.0, 0.0, 0.0], [0.0, 0.0, 0.0], [0.0, 0.0, 0.0], [0.0, 0.0, 0.0], [0.0, 0.0, 0.0], [0.0, 0.0, 0.0], [0.0, 0.0, 0.0]], "head_info": {"pos": [801.772216796875, 181.2493438720703, -2.3920023441314697], "vec": [-0.020273180678486824, -0.258259654045105, -0.9658628106117249]}, "left_hand_info": {"thumb": [0.9748293161392212, 0.1159793809056282, -0.1904117465019226], "index": [0.09683319181203842, -0.9895347356796265, -0.10697759687900543], "palm": [-0.2008262425661087, 0.08584672212600708, -0.9758581519126892], "pos": [837.2882690429688, 99.68450927734375, 8.24384880065918]}, "right_hand_info": {"thumb": [0.8226110935211182, 0.17482194304466248, 0.5410622954368591], "index": [0.24896559119224548, -0.9662390947341919, -0.06631778925657272], "palm": [0.5112017393112183, 0.18925964832305908, -0.8383636474609375], "pos": [768.2643432617188, 101.49586486816406, 16.385299682617188]}, "left_heel_info": {"pos": [829.2904052734375, 553.439208984375, 27.262086868286133], "vec": [0.214391827583313, 0.21790416538715363, -0.9521312117576599]}, "right_heel_info": {"pos": [786.33837890625, 556.4447021484375, 26.3859806060791], "vec": [-0.07950693368911743, 0.21801552176475525, -0.9727013111114502]}}