{"pred_joints_img": [[804.3599853515625, 195.45480346679688, 0.5685524344444275], [800.974365234375, 242.29052734375, 24.89740562438965], [777.1427001953125, 237.2141571044922, 19.704858779907227], [762.5228881835938, 176.62313842773438, 2.9002797603607178], [761.185791015625, 117.52339172363281, 0.6442528963088989], [832.5585327148438, 232.29296875, 15.359190940856934], [842.1100463867188, 177.59689331054688, -13.717015266418457], [842.1178588867188, 117.58901977539062, -13.103936195373535], [809.0875244140625, 350.0019836425781, 2.9474899768829346], [795.6807861328125, 375.3651428222656, 4.700524806976318], [784.2828369140625, 458.41925048828125, -2.9028334617614746], [785.2548217773438, 553.23583984375, 8.709680557250977], [822.9743041992188, 371.68621826171875, 6.836893081665039], [839.068115234375, 458.415283203125, 0.13874204456806183], [831.9730834960938, 550.8754272460938, 17.591733932495117], [0.0, 0.0, 0.0], [0.0, 0.0, 0.0], [0.0, 0.0, 0.0], [0.0, 0.0, 0.0], [0.0, 0.0, 0.0], [0.0, 0.0, 0.0], [0.0, 0.0, 0.0], [0.0, 0.0, 0.0], [0.0, 0.0, 0.0], [0.0, 0.0, 0.0], [0.0, 0.0, 0.0], [0.0, 0.0, 0.0], [0.0, 0.0, 0.0], [0.0, 0.0, 0.0], [0.0, 0.0, 0.0], [0.0, 0.0, 0.0], [0.0, 0.0, 0.0], [0.0, 0.0, 0.0], [0.0, 0.0, 0.0], [0.0, 0.0, 0.0], [0.0, 0.0, 0.0], [0.0, 0.0, 0.0], [0.0, 0.0, 0.0], [0.0, 0.0, 0.0], [0.0, 0.0, 0.0], [0.0, 0.0, 0.0], [0.0, 0.0, 0.0], [0.0, 0.0, 0.0], [0.0, 0.0, 0.0], [0.0, 0.0, 0.0], [0.0, 0.0, 0.0], [0.0, 0.0, 0.0], [0.0, 0.0, 0.0], [0.0, 0.0, 0.0]], "head_info": {"pos": [804.3599853515625, 195.45480346679688, 0.5685524344444275], "vec": [0.011266125366091728, -0.24119862914085388, -0.9704103469848633]}, "left_hand_info": {"thumb": [0.9928601980209351, 0.11573676019906998, -0.028873730450868607], "index": [0.11875118315219879, -0.9818851947784424, 0.1476469188928604], "palm": [-0.011262512765824795, -0.1500215232372284, -0.9886185526847839], "pos": [842.1178588867188, 117.58901977539062, -13.103936195373535]}, "right_hand_info": {"thumb": [-0.827515184879303, -0.1605307161808014, -0.5380041599273682], "index": [0.0034980650525540113, -0.959707498550415, 0.2809789180755615], "palm": [-0.561432421207428, 0.23063234984874725, 0.7947341799736023], "pos": [761.185791015625, 117.52339172363281, 0.6442528963088989]}, "left_heel_info": {"pos": [833.6188354492188, 559.8739013671875, 34.304073333740234], "vec": [0.20774877071380615, 0.23610831797122955, -0.949259340763092]}, "right_heel_info": {"pos": [786.29443359375, 564.3336181640625, 27.883989334106445], "vec": [-0.07729838788509369, 0.21349041163921356, -0.973882257938385]}}