{"pred_joints_img": [[817.9751586914062, 183.24844360351562, -21.008928298950195], [815.6361694335938, 228.42527770996094, 5.777192115783691], [780.158935546875, 241.63983154296875, -0.38242432475090027], [774.8019409179688, 305.5322570800781, 1.3214715719223022], [773.8228759765625, 360.39093017578125, -19.590572357177734], [860.151123046875, 243.71241760253906, 4.414309978485107], [856.55224609375, 305.28302001953125, 13.671501159667969], [863.381103515625, 358.0305480957031, -13.07171630859375], [818.153076171875, 341.1873474121094, 3.0848653316497803], [803.4721069335938, 366.7054443359375, 4.823404312133789], [793.420166015625, 449.4395751953125, -10.933147430419922], [793.2166137695312, 544.7843017578125, -4.321246147155762], [831.2929077148438, 363.88861083984375, 8.622312545776367], [847.2908325195312, 450.25689697265625, -6.10441255569458], [843.0548706054688, 544.4075927734375, -0.04199179634451866], [0.0, 0.0, 0.0], [0.0, 0.0, 0.0], [0.0, 0.0, 0.0], [0.0, 0.0, 0.0], [0.0, 0.0, 0.0], [0.0, 0.0, 0.0], [0.0, 0.0, 0.0], [0.0, 0.0, 0.0], [0.0, 0.0, 0.0], [0.0, 0.0, 0.0], [0.0, 0.0, 0.0], [0.0, 0.0, 0.0], [0.0, 0.0, 0.0], [0.0, 0.0, 0.0], [0.0, 0.0, 0.0], [0.0, 0.0, 0.0], [0.0, 0.0, 0.0], [0.0, 0.0, 0.0], [0.0, 0.0, 0.0], [0.0, 0.0, 0.0], [0.0, 0.0, 0.0], [0.0, 0.0, 0.0], [0.0, 0.0, 0.0], [0.0, 0.0, 0.0], [0.0, 0.0, 0.0], [0.0, 0.0, 0.0], [0.0, 0.0, 0.0], [0.0, 0.0, 0.0], [0.0, 0.0, 0.0], [0.0, 0.0, 0.0], [0.0, 0.0, 0.0], [0.0, 0.0, 0.0], [0.0, 0.0, 0.0], [0.0, 0.0, 0.0]], "head_info": {"pos": [817.9751586914062, 183.24844360351562, -21.008928298950195], "vec": [-0.07157372683286667, -0.13447131216526031, -0.9883292317390442]}, "left_hand_info": {"thumb": [0.4362787902355194, 0.3779420852661133, -0.8165909051895142], "index": [0.2439434826374054, 0.8238472938537598, 0.5116318464279175], "palm": [0.8661134243011475, -0.42241615056991577, 0.2672306001186371], "pos": [863.381103515625, 358.0305480957031, -13.07171630859375]}, "right_hand_info": {"thumb": [-0.36538445949554443, 0.3679659366607666, -0.8550410866737366], "index": [-0.14662517607212067, 0.8843350410461426, 0.4432298541069031], "palm": [0.9192361831665039, 0.2873198390007019, -0.2691691517829895], "pos": [773.8228759765625, 360.39093017578125, -19.590572357177734]}, "left_heel_info": {"pos": [845.0987548828125, 553.379638671875, 15.94655704498291], "vec": [0.2854701578617096, 0.15465199947357178, -0.9458274841308594]}, "right_heel_info": {"pos": [792.739013671875, 555.8250732421875, 13.326708793640137], "vec": [-0.11790269613265991, 0.13779939711093903, -0.9834176898002625]}}