{"pred_joints_img": [[818.2494506835938, 186.85186767578125, -22.178335189819336], [815.4046020507812, 230.62551879882812, 5.78501033782959], [779.9768676757812, 243.89370727539062, 3.045361042022705], [774.851806640625, 307.0840148925781, 5.519551753997803], [772.94775390625, 361.8738098144531, -13.689055442810059], [859.1127319335938, 245.60687255859375, 0.3865313231945038], [856.3344116210938, 306.59405517578125, 9.279284477233887], [862.1812744140625, 359.15167236328125, -16.650203704833984], [817.517333984375, 342.2027587890625, 3.014244318008423], [803.0184326171875, 367.3374938964844, 5.968632221221924], [791.5050659179688, 449.0353088378906, -9.441514015197754], [791.5516357421875, 543.5018920898438, -5.375461101531982], [830.7534790039062, 364.7704772949219, 7.314494609832764], [844.8556518554688, 450.3023376464844, -8.5664701461792], [840.7066650390625, 543.39453125, -1.7852154970169067], [0.0, 0.0, 0.0], [0.0, 0.0, 0.0], [0.0, 0.0, 0.0], [0.0, 0.0, 0.0], [0.0, 0.0, 0.0], [0.0, 0.0, 0.0], [0.0, 0.0, 0.0], [0.0, 0.0, 0.0], [0.0, 0.0, 0.0], [0.0, 0.0, 0.0], [0.0, 0.0, 0.0], [0.0, 0.0, 0.0], [0.0, 0.0, 0.0], [0.0, 0.0, 0.0], [0.0, 0.0, 0.0], [0.0, 0.0, 0.0], [0.0, 0.0, 0.0], [0.0, 0.0, 0.0], [0.0, 0.0, 0.0], [0.0, 0.0, 0.0], [0.0, 0.0, 0.0], [0.0, 0.0, 0.0], [0.0, 0.0, 0.0], [0.0, 0.0, 0.0], [0.0, 0.0, 0.0], [0.0, 0.0, 0.0], [0.0, 0.0, 0.0], [0.0, 0.0, 0.0], [0.0, 0.0, 0.0], [0.0, 0.0, 0.0], [0.0, 0.0, 0.0], [0.0, 0.0, 0.0], [0.0, 0.0, 0.0], [0.0, 0.0, 0.0]], "head_info": {"pos": [818.2494506835938, 186.85186767578125, -22.178335189819336], "vec": [-0.0596076138317585, -0.09753097593784332, -0.9934458136558533]}, "left_hand_info": {"thumb": [0.3963092863559723, 0.3186405301094055, -0.8610500693321228], "index": [0.26278769969940186, 0.85923832654953, 0.4389214515686035], "palm": [0.8797054290771484, -0.4002220332622528, 0.25678932666778564], "pos": [862.1812744140625, 359.15167236328125, -16.650203704833984]}, "right_hand_info": {"thumb": [-0.40141645073890686, 0.3961971700191498, -0.8257679343223572], "index": [-0.15226556360721588, 0.8601815104484558, 0.4867267906665802], "palm": [0.9031500220298767, 0.321116179227829, -0.28496378660202026], "pos": [772.94775390625, 361.8738098144531, -13.689055442810059]}, "left_heel_info": {"pos": [844.0470581054688, 552.2406005859375, 13.829602241516113], "vec": [0.20890562236309052, 0.15543816983699799, -0.9655037522315979]}, "right_heel_info": {"pos": [792.5025024414062, 554.924560546875, 11.745182037353516], "vec": [-0.19963690638542175, 0.10982584953308105, -0.973695695400238]}}