{"pred_joints_img": [[823.0216674804688, 201.1350860595703, -30.2377872467041], [818.1741943359375, 241.9248809814453, -2.4673609733581543], [784.50439453125, 256.01385498046875, -7.32383918762207], [776.0684814453125, 315.40692138671875, 3.209313154220581], [766.1669311523438, 368.3349609375, -10.978288650512695], [859.724365234375, 254.89901733398438, 5.798824787139893], [856.7938232421875, 309.8246765136719, 27.74675178527832], [872.1668701171875, 352.04315185546875, -6.443455696105957], [821.10595703125, 348.6224670410156, 2.994987726211548], [806.994873046875, 372.8215026855469, 4.987002372741699], [797.6600341796875, 450.9527587890625, -11.413729667663574], [797.7744140625, 541.1802368164062, -2.7511677742004395], [833.4563598632812, 369.93194580078125, 9.759703636169434], [849.14794921875, 451.2939147949219, -6.265005588531494], [843.4290161132812, 540.3386840820312, 1.7263915538787842], [0.0, 0.0, 0.0], [0.0, 0.0, 0.0], [0.0, 0.0, 0.0], [0.0, 0.0, 0.0], [0.0, 0.0, 0.0], [0.0, 0.0, 0.0], [0.0, 0.0, 0.0], [0.0, 0.0, 0.0], [0.0, 0.0, 0.0], [0.0, 0.0, 0.0], [0.0, 0.0, 0.0], [0.0, 0.0, 0.0], [0.0, 0.0, 0.0], [0.0, 0.0, 0.0], [0.0, 0.0, 0.0], [0.0, 0.0, 0.0], [0.0, 0.0, 0.0], [0.0, 0.0, 0.0], [0.0, 0.0, 0.0], [0.0, 0.0, 0.0], [0.0, 0.0, 0.0], [0.0, 0.0, 0.0], [0.0, 0.0, 0.0], [0.0, 0.0, 0.0], [0.0, 0.0, 0.0], [0.0, 0.0, 0.0], [0.0, 0.0, 0.0], [0.0, 0.0, 0.0], [0.0, 0.0, 0.0], [0.0, 0.0, 0.0], [0.0, 0.0, 0.0], [0.0, 0.0, 0.0], [0.0, 0.0, 0.0], [0.0, 0.0, 0.0]], "head_info": {"pos": [823.0216674804688, 201.1350860595703, -30.2377872467041], "vec": [0.009277459233999252, -0.061463695019483566, -0.9980661869049072]}, "left_hand_info": {"thumb": [0.26176297664642334, -0.9309033751487732, -0.2547531723976135], "index": [0.9614672064781189, 0.2745022177696228, -0.015146189369261265], "palm": [0.08402993530035019, -0.24097205698490143, 0.9668874740600586], "pos": [872.1668701171875, 352.04315185546875, -6.443455696105957]}, "right_hand_info": {"thumb": [-0.5867245197296143, 0.35294046998023987, -0.728826105594635], "index": [-0.38801324367523193, 0.6674473285675049, 0.6355782747268677], "palm": [0.710774302482605, 0.6557035446166992, -0.25466209650039673], "pos": [766.1669311523438, 368.3349609375, -10.978288650512695]}, "left_heel_info": {"pos": [844.7926635742188, 548.7533569335938, 17.1583251953125], "vec": [0.30619683861732483, 0.16236887872219086, -0.9380191564559937]}, "right_heel_info": {"pos": [797.2123413085938, 551.4302978515625, 14.216191291809082], "vec": [-0.1007813960313797, 0.15780238807201385, -0.98231440782547]}}