{"pred_joints_img": [[811.3865966796875, 195.17791748046875, -40.685699462890625], [805.0173950195312, 237.6919403076172, -7.178214073181152], [773.6753540039062, 240.69601440429688, -4.207871437072754], [709.6217041015625, 237.01861572265625, 8.424480438232422], [652.3258056640625, 224.04513549804688, -2.6603477001190186], [846.1162109375, 238.08364868164062, -3.107583522796631], [906.788330078125, 244.81723022460938, 14.32183837890625], [962.1328125, 223.5900115966797, 1.4971661567687988], [811.6544189453125, 350.6372375488281, 3.222944498062134], [797.091796875, 376.1433410644531, 7.830755710601807], [784.7700805664062, 458.2605285644531, -11.22349739074707], [781.4111328125, 554.2568359375, -1.6046350002288818], [825.3867797851562, 372.7681884765625, 10.20236873626709], [840.3585205078125, 457.9082336425781, -13.254983901977539], [834.0948486328125, 551.939697265625, 1.5483938455581665], [0.0, 0.0, 0.0], [0.0, 0.0, 0.0], [0.0, 0.0, 0.0], [0.0, 0.0, 0.0], [0.0, 0.0, 0.0], [0.0, 0.0, 0.0], [0.0, 0.0, 0.0], [0.0, 0.0, 0.0], [0.0, 0.0, 0.0], [0.0, 0.0, 0.0], [0.0, 0.0, 0.0], [0.0, 0.0, 0.0], [0.0, 0.0, 0.0], [0.0, 0.0, 0.0], [0.0, 0.0, 0.0], [0.0, 0.0, 0.0], [0.0, 0.0, 0.0], [0.0, 0.0, 0.0], [0.0, 0.0, 0.0], [0.0, 0.0, 0.0], [0.0, 0.0, 0.0], [0.0, 0.0, 0.0], [0.0, 0.0, 0.0], [0.0, 0.0, 0.0], [0.0, 0.0, 0.0], [0.0, 0.0, 0.0], [0.0, 0.0, 0.0], [0.0, 0.0, 0.0], [0.0, 0.0, 0.0], [0.0, 0.0, 0.0], [0.0, 0.0, 0.0], [0.0, 0.0, 0.0], [0.0, 0.0, 0.0], [0.0, 0.0, 0.0]], "head_info": {"pos": [811.3865966796875, 195.17791748046875, -40.685699462890625], "vec": [0.11523230373859406, -0.05411096289753914, -0.9918636679649353]}, "left_hand_info": {"thumb": [-0.40166571736335754, -0.38445401191711426, -0.8311797380447388], "index": [0.914110004901886, -0.22320528328418732, -0.33850017189979553], "palm": [-0.05538595840334892, -0.8957535624504089, 0.44108715653419495], "pos": [962.1328125, 223.5900115966797, 1.4971661567687988]}, "right_hand_info": {"thumb": [-0.29181501269340515, -0.8754810690879822, -0.38519731163978577], "index": [-0.8003796339035034, 0.003018244169652462, 0.5994859337806702], "palm": [-0.5236759185791016, 0.48324304819107056, -0.7015979290008545], "pos": [652.3258056640625, 224.04513549804688, -2.6603477001190186]}, "left_heel_info": {"pos": [836.0656127929688, 560.9794311523438, 18.374513626098633], "vec": [0.19303768873214722, 0.23778916895389557, -0.9519415497779846]}, "right_heel_info": {"pos": [781.6082763671875, 565.7396850585938, 16.97338104248047], "vec": [-0.0786609873175621, 0.18322385847568512, -0.9799191355705261]}}