{"pred_joints_img": [[811.1807861328125, 190.57281494140625, -26.840200424194336], [808.820068359375, 234.7984161376953, 0.04869785159826279], [774.120849609375, 248.98556518554688, -1.1320639848709106], [768.797119140625, 310.7889099121094, 4.010909080505371], [761.9401245117188, 364.7425842285156, -12.719855308532715], [852.3787231445312, 248.61415100097656, -5.673349380493164], [852.7349853515625, 307.776123046875, 7.015002250671387], [860.9635009765625, 359.973388671875, -16.146329879760742], [813.3364868164062, 343.8209228515625, 3.0304205417633057], [799.3573608398438, 368.57147216796875, 6.618005752563477], [788.9522705078125, 448.40081787109375, -9.063572883605957], [789.0857543945312, 540.6673583984375, -3.465913772583008], [826.6646118164062, 365.6490478515625, 7.9624857902526855], [840.4016723632812, 448.947998046875, -9.12814712524414], [835.9537963867188, 539.5174560546875, 1.9513591527938843], [0.0, 0.0, 0.0], [0.0, 0.0, 0.0], [0.0, 0.0, 0.0], [0.0, 0.0, 0.0], [0.0, 0.0, 0.0], [0.0, 0.0, 0.0], [0.0, 0.0, 0.0], [0.0, 0.0, 0.0], [0.0, 0.0, 0.0], [0.0, 0.0, 0.0], [0.0, 0.0, 0.0], [0.0, 0.0, 0.0], [0.0, 0.0, 0.0], [0.0, 0.0, 0.0], [0.0, 0.0, 0.0], [0.0, 0.0, 0.0], [0.0, 0.0, 0.0], [0.0, 0.0, 0.0], [0.0, 0.0, 0.0], [0.0, 0.0, 0.0], [0.0, 0.0, 0.0], [0.0, 0.0, 0.0], [0.0, 0.0, 0.0], [0.0, 0.0, 0.0], [0.0, 0.0, 0.0], [0.0, 0.0, 0.0], [0.0, 0.0, 0.0], [0.0, 0.0, 0.0], [0.0, 0.0, 0.0], [0.0, 0.0, 0.0], [0.0, 0.0, 0.0], [0.0, 0.0, 0.0], [0.0, 0.0, 0.0], [0.0, 0.0, 0.0]], "head_info": {"pos": [811.1807861328125, 190.57281494140625, -26.840200424194336], "vec": [-0.047619085758924484, -0.14778631925582886, -0.987872302532196]}, "left_hand_info": {"thumb": [-0.06850442290306091, 0.5091871619224548, -0.8579251170158386], "index": [0.16367408633232117, 0.8540295958518982, 0.4938059449195862], "palm": [0.9841331243515015, -0.10659221559762955, -0.14184555411338806], "pos": [860.9635009765625, 359.973388671875, -16.146329879760742]}, "right_hand_info": {"thumb": [-0.1964472234249115, 0.6798208951950073, -0.7065777778625488], "index": [-0.05211988836526871, 0.712360680103302, 0.69987553358078], "palm": [0.9791282415390015, 0.17431536316871643, -0.10450908541679382], "pos": [761.9401245117188, 364.7425842285156, -12.719855308532715]}, "left_heel_info": {"pos": [839.5130615234375, 547.478271484375, 17.458494186401367], "vec": [0.1845826357603073, 0.20240038633346558, -0.9617501497268677]}, "right_heel_info": {"pos": [789.1566772460938, 551.365234375, 13.627639770507812], "vec": [-0.13329164683818817, 0.14610467851161957, -0.9802483320236206]}}