{"pred_joints_img": [[803.9253540039062, 197.76806640625, -22.527299880981445], [803.1703491210938, 240.29373168945312, 2.423234462738037], [770.8865356445312, 248.9029083251953, -2.9681546688079834], [753.362548828125, 291.640869140625, -41.110321044921875], [760.3475341796875, 270.8850402832031, -91.26018524169922], [845.0457763671875, 253.59719848632812, -4.582281112670898], [849.6651611328125, 310.30133056640625, 7.789525032043457], [864.3165283203125, 359.36322021484375, -13.598702430725098], [807.9041137695312, 345.19488525390625, 2.951450824737549], [795.3267211914062, 369.27337646484375, 7.5596137046813965], [784.8522338867188, 447.00897216796875, 0.981853723526001], [788.5765991210938, 535.177490234375, 11.419508934020996], [821.60302734375, 365.9079895019531, 6.160155296325684], [834.1071166992188, 442.5635986328125, -22.20708656311035], [832.2241821289062, 525.4133911132812, 6.880350112915039], [0.0, 0.0, 0.0], [0.0, 0.0, 0.0], [0.0, 0.0, 0.0], [0.0, 0.0, 0.0], [0.0, 0.0, 0.0], [0.0, 0.0, 0.0], [0.0, 0.0, 0.0], [0.0, 0.0, 0.0], [0.0, 0.0, 0.0], [0.0, 0.0, 0.0], [0.0, 0.0, 0.0], [0.0, 0.0, 0.0], [0.0, 0.0, 0.0], [0.0, 0.0, 0.0], [0.0, 0.0, 0.0], [0.0, 0.0, 0.0], [0.0, 0.0, 0.0], [0.0, 0.0, 0.0], [0.0, 0.0, 0.0], [0.0, 0.0, 0.0], [0.0, 0.0, 0.0], [0.0, 0.0, 0.0], [0.0, 0.0, 0.0], [0.0, 0.0, 0.0], [0.0, 0.0, 0.0], [0.0, 0.0, 0.0], [0.0, 0.0, 0.0], [0.0, 0.0, 0.0], [0.0, 0.0, 0.0], [0.0, 0.0, 0.0], [0.0, 0.0, 0.0], [0.0, 0.0, 0.0], [0.0, 0.0, 0.0], [0.0, 0.0, 0.0]], "head_info": {"pos": [803.9253540039062, 197.76806640625, -22.527299880981445], "vec": [-0.054954975843429565, -0.14562949538230896, -0.9878117442131042]}, "left_hand_info": {"thumb": [0.4988035261631012, 0.3034503757953644, -0.8118577003479004], "index": [0.3668583333492279, 0.7747373580932617, 0.5149727463722229], "palm": [0.7852451801300049, -0.5547069907188416, 0.2751184403896332], "pos": [864.3165283203125, 359.36322021484375, -13.598702430725098]}, "right_hand_info": {"thumb": [0.3735554814338684, -0.7506178617477417, 0.5450038909912109], "index": [0.12981779873371124, -0.5394510626792908, -0.8319495320320129], "palm": [0.9184789657592773, 0.3815304636955261, -0.10407129675149918], "pos": [760.3475341796875, 270.8850402832031, -91.26018524169922]}, "left_heel_info": {"pos": [836.9660034179688, 530.6876220703125, 22.81037712097168], "vec": [0.09951486438512802, 0.34419336915016174, -0.9336100816726685]}, "right_heel_info": {"pos": [791.84814453125, 544.4933471679688, 28.223896026611328], "vec": [-0.2878309488296509, 0.19568665325641632, -0.9374753832817078]}}