{"pred_joints_img": [[805.5234985351562, 196.1051788330078, -28.297027587890625], [802.3626708984375, 239.79566955566406, -2.737804412841797], [768.3507080078125, 254.8095703125, -2.84084153175354], [764.964111328125, 315.1300964355469, 7.338325500488281], [759.81494140625, 368.2023010253906, -9.740370750427246], [845.6370239257812, 252.41543579101562, -5.781225204467773], [847.0015258789062, 309.81005859375, 10.117993354797363], [848.2832641601562, 345.64300537109375, -33.896087646484375], [807.4846801757812, 346.9723205566406, 3.06876802444458], [793.44580078125, 371.05419921875, 7.866427421569824], [781.9684448242188, 448.97930908203125, -10.38745403289795], [783.5453491210938, 534.9886474609375, 19.971717834472656], [820.6204833984375, 368.527587890625, 8.037690162658691], [831.5349731445312, 451.38134765625, -6.9089813232421875], [825.3953247070312, 540.6311645507812, 4.333528995513916], [0.0, 0.0, 0.0], [0.0, 0.0, 0.0], [0.0, 0.0, 0.0], [0.0, 0.0, 0.0], [0.0, 0.0, 0.0], [0.0, 0.0, 0.0], [0.0, 0.0, 0.0], [0.0, 0.0, 0.0], [0.0, 0.0, 0.0], [0.0, 0.0, 0.0], [0.0, 0.0, 0.0], [0.0, 0.0, 0.0], [0.0, 0.0, 0.0], [0.0, 0.0, 0.0], [0.0, 0.0, 0.0], [0.0, 0.0, 0.0], [0.0, 0.0, 0.0], [0.0, 0.0, 0.0], [0.0, 0.0, 0.0], [0.0, 0.0, 0.0], [0.0, 0.0, 0.0], [0.0, 0.0, 0.0], [0.0, 0.0, 0.0], [0.0, 0.0, 0.0], [0.0, 0.0, 0.0], [0.0, 0.0, 0.0], [0.0, 0.0, 0.0], [0.0, 0.0, 0.0], [0.0, 0.0, 0.0], [0.0, 0.0, 0.0], [0.0, 0.0, 0.0], [0.0, 0.0, 0.0], [0.0, 0.0, 0.0], [0.0, 0.0, 0.0]], "head_info": {"pos": [805.5234985351562, 196.1051788330078, -28.297027587890625], "vec": [0.01736408658325672, -0.15564708411693573, -0.9876601099967957]}, "left_hand_info": {"thumb": [-0.3629770874977112, -0.7456932663917542, -0.5587388873100281], "index": [-0.06218542158603668, 0.6176841855049133, -0.7839637994766235], "palm": [0.9297206997871399, -0.2498154640197754, -0.27057647705078125], "pos": [848.2832641601562, 345.64300537109375, -33.896087646484375]}, "right_hand_info": {"thumb": [-0.7508953213691711, 0.10710199922323227, -0.6516789793968201], "index": [-0.46819552779197693, 0.609607994556427, 0.6396647691726685], "palm": [0.46577805280685425, 0.7854344844818115, -0.4076070785522461], "pos": [759.81494140625, 368.2023010253906, -9.740370750427246]}, "left_heel_info": {"pos": [829.742919921875, 548.0791015625, 19.682552337646484], "vec": [0.09996616840362549, 0.23183080554008484, -0.9676059484481812]}, "right_heel_info": {"pos": [784.3373413085938, 541.572998046875, 38.83710479736328], "vec": [-0.16750457882881165, 0.3513902425765991, -0.9211227893829346]}}