{"pred_joints_img": [[798.08056640625, 197.01441955566406, -30.98087501525879], [795.3258056640625, 239.44815063476562, -3.015287160873413], [762.4946899414062, 248.45669555664062, 4.644429683685303], [743.4110717773438, 304.65936279296875, 20.510311126708984], [729.7274169921875, 322.7414245605469, -30.818161010742188], [837.55078125, 255.20606994628906, -11.157859802246094], [839.3565063476562, 311.87103271484375, 7.624270439147949], [851.1358032226562, 364.6340026855469, -10.1159086227417], [800.008056640625, 347.0706481933594, 2.9918649196624756], [787.0105590820312, 371.69525146484375, 8.231582641601562], [778.3136596679688, 450.96295166015625, -4.701478004455566], [782.357666015625, 541.5178833007812, 5.007815837860107], [814.0548095703125, 368.3084411621094, 6.89013671875], [825.3416748046875, 449.3326721191406, -15.632901191711426], [820.0367431640625, 537.041259765625, 4.332076072692871], [0.0, 0.0, 0.0], [0.0, 0.0, 0.0], [0.0, 0.0, 0.0], [0.0, 0.0, 0.0], [0.0, 0.0, 0.0], [0.0, 0.0, 0.0], [0.0, 0.0, 0.0], [0.0, 0.0, 0.0], [0.0, 0.0, 0.0], [0.0, 0.0, 0.0], [0.0, 0.0, 0.0], [0.0, 0.0, 0.0], [0.0, 0.0, 0.0], [0.0, 0.0, 0.0], [0.0, 0.0, 0.0], [0.0, 0.0, 0.0], [0.0, 0.0, 0.0], [0.0, 0.0, 0.0], [0.0, 0.0, 0.0], [0.0, 0.0, 0.0], [0.0, 0.0, 0.0], [0.0, 0.0, 0.0], [0.0, 0.0, 0.0], [0.0, 0.0, 0.0], [0.0, 0.0, 0.0], [0.0, 0.0, 0.0], [0.0, 0.0, 0.0], [0.0, 0.0, 0.0], [0.0, 0.0, 0.0], [0.0, 0.0, 0.0], [0.0, 0.0, 0.0], [0.0, 0.0, 0.0], [0.0, 0.0, 0.0], [0.0, 0.0, 0.0]], "head_info": {"pos": [798.08056640625, 197.01441955566406, -30.98087501525879], "vec": [-0.019837886095046997, -0.09946367144584656, -0.9948434233665466]}, "left_hand_info": {"thumb": [0.5472480654716492, 0.3672117292881012, -0.7521138191223145], "index": [0.38664770126342773, 0.6860649585723877, 0.6162940859794617], "palm": [0.7423093318939209, -0.628068745136261, 0.23346610367298126], "pos": [851.1358032226562, 364.6340026855469, -10.1159086227417]}, "right_hand_info": {"thumb": [-0.7834911942481995, -0.16381673514842987, -0.5994211435317993], "index": [-0.5584679245948792, 0.6086363792419434, 0.5636269450187683], "palm": [0.2724979519844055, 0.7763541340827942, -0.5683476328849792], "pos": [729.7274169921875, 322.7414245605469, -30.818161010742188]}, "left_heel_info": {"pos": [824.8107299804688, 544.1488037109375, 19.96776580810547], "vec": [0.09556738287210464, 0.25560128688812256, -0.9620472192764282]}, "right_heel_info": {"pos": [784.7255249023438, 551.5836791992188, 22.289230346679688], "vec": [-0.20190958678722382, 0.18414844572544098, -0.9619365334510803]}}