{"pred_joints_img": [[806.0478515625, 185.8261260986328, 0.1863633692264557], [805.288330078125, 234.53517150878906, 23.606544494628906], [781.7211303710938, 229.35951232910156, 18.792150497436523], [770.039306640625, 167.7630615234375, 0.882709801197052], [774.677734375, 108.24276733398438, 0.058667633682489395], [835.2332153320312, 223.4361572265625, 13.781990051269531], [840.1538696289062, 166.1228790283203, -12.684266090393066], [833.392578125, 106.35183715820312, -5.6720051765441895], [811.9838256835938, 344.1278076171875, 2.987462043762207], [798.1434326171875, 369.6667785644531, 5.681574821472168], [786.5084838867188, 453.6998291015625, -1.4421085119247437], [788.1153564453125, 549.8660888671875, 6.442416191101074], [825.966552734375, 366.2808837890625, 6.61691951751709], [840.884765625, 453.90350341796875, -3.497548818588257], [834.1180419921875, 547.9136962890625, 10.79137134552002], [0.0, 0.0, 0.0], [0.0, 0.0, 0.0], [0.0, 0.0, 0.0], [0.0, 0.0, 0.0], [0.0, 0.0, 0.0], [0.0, 0.0, 0.0], [0.0, 0.0, 0.0], [0.0, 0.0, 0.0], [0.0, 0.0, 0.0], [0.0, 0.0, 0.0], [0.0, 0.0, 0.0], [0.0, 0.0, 0.0], [0.0, 0.0, 0.0], [0.0, 0.0, 0.0], [0.0, 0.0, 0.0], [0.0, 0.0, 0.0], [0.0, 0.0, 0.0], [0.0, 0.0, 0.0], [0.0, 0.0, 0.0], [0.0, 0.0, 0.0], [0.0, 0.0, 0.0], [0.0, 0.0, 0.0], [0.0, 0.0, 0.0], [0.0, 0.0, 0.0], [0.0, 0.0, 0.0], [0.0, 0.0, 0.0], [0.0, 0.0, 0.0], [0.0, 0.0, 0.0], [0.0, 0.0, 0.0], [0.0, 0.0, 0.0], [0.0, 0.0, 0.0], [0.0, 0.0, 0.0], [0.0, 0.0, 0.0], [0.0, 0.0, 0.0]], "head_info": {"pos": [806.0478515625, 185.8261260986328, 0.1863633692264557], "vec": [-0.03365468233823776, -0.28793787956237793, -0.957057535648346]}, "left_hand_info": {"thumb": [-0.6345024704933167, 0.17960681021213531, 0.7517632842063904], "index": [-0.3113635182380676, -0.9496117234230042, -0.035921137779951096], "palm": [0.7074315547943115, -0.25686368346214294, 0.6584540009498596], "pos": [833.392578125, 106.35183715820312, -5.6720051765441895]}, "right_hand_info": {"thumb": [-0.8339134454727173, 0.19089244306087494, -0.5178306102752686], "index": [-0.11186853051185608, -0.9772652983665466, -0.1801050454378128], "palm": [-0.5404385924339294, -0.09226308763027191, 0.836309552192688], "pos": [774.677734375, 108.24276733398438, 0.058667633682489395]}, "left_heel_info": {"pos": [836.013671875, 557.5445556640625, 27.189626693725586], "vec": [0.18621455132961273, 0.2088240534067154, -0.960060715675354]}, "right_heel_info": {"pos": [790.0569458007812, 561.333251953125, 25.465877532958984], "vec": [-0.10269264131784439, 0.20290538668632507, -0.9737985730171204]}}