{"pred_joints_img": [[806.2281494140625, 179.1098175048828, -0.9057703614234924], [804.3489379882812, 228.67196655273438, 23.320505142211914], [781.4071655273438, 222.72836303710938, 19.475683212280273], [771.5222778320312, 158.26242065429688, 7.094490051269531], [779.3749389648438, 98.08699035644531, 10.638860702514648], [834.49169921875, 217.5859375, 16.09171485900879], [842.9807739257812, 157.138916015625, -4.648324012756348], [834.449951171875, 97.07862854003906, 6.385982990264893], [810.3964233398438, 340.7076416015625, 3.0066800117492676], [796.1255493164062, 366.64642333984375, 5.497300624847412], [785.1382446289062, 452.39300537109375, -1.5362393856048584], [787.1575317382812, 550.3930053710938, 5.711157321929932], [824.3804321289062, 363.3182373046875, 7.306457042694092], [839.5906372070312, 452.6309509277344, -2.637216806411743], [831.8245849609375, 548.68359375, 9.202736854553223], [0.0, 0.0, 0.0], [0.0, 0.0, 0.0], [0.0, 0.0, 0.0], [0.0, 0.0, 0.0], [0.0, 0.0, 0.0], [0.0, 0.0, 0.0], [0.0, 0.0, 0.0], [0.0, 0.0, 0.0], [0.0, 0.0, 0.0], [0.0, 0.0, 0.0], [0.0, 0.0, 0.0], [0.0, 0.0, 0.0], [0.0, 0.0, 0.0], [0.0, 0.0, 0.0], [0.0, 0.0, 0.0], [0.0, 0.0, 0.0], [0.0, 0.0, 0.0], [0.0, 0.0, 0.0], [0.0, 0.0, 0.0], [0.0, 0.0, 0.0], [0.0, 0.0, 0.0], [0.0, 0.0, 0.0], [0.0, 0.0, 0.0], [0.0, 0.0, 0.0], [0.0, 0.0, 0.0], [0.0, 0.0, 0.0], [0.0, 0.0, 0.0], [0.0, 0.0, 0.0], [0.0, 0.0, 0.0], [0.0, 0.0, 0.0], [0.0, 0.0, 0.0], [0.0, 0.0, 0.0], [0.0, 0.0, 0.0], [0.0, 0.0, 0.0]], "head_info": {"pos": [806.2281494140625, 179.1098175048828, -0.9057703614234924], "vec": [-0.012983054853975773, -0.2851998507976532, -0.9583801627159119]}, "left_hand_info": {"thumb": [-0.7139083743095398, 0.25899964570999146, 0.6505798101425171], "index": [-0.3412046432495117, -0.9399890303611755, -0.00020293041598051786], "palm": [0.6114852428436279, -0.22212572395801544, 0.7594378590583801], "pos": [834.449951171875, 97.07862854003906, 6.385982990264893]}, "right_hand_info": {"thumb": [-0.5480973720550537, 0.1731937974691391, -0.8182867765426636], "index": [-0.19568589329719543, -0.9777275323867798, -0.07586755603551865], "palm": [-0.8132012486457825, 0.11854436248540878, 0.5697814226150513], "pos": [779.3749389648438, 98.08699035644531, 10.638860702514648]}, "left_heel_info": {"pos": [832.9680786132812, 558.4293212890625, 25.983413696289062], "vec": [0.1977861374616623, 0.22572889924049377, -0.9539009928703308]}, "right_heel_info": {"pos": [788.5859985351562, 561.6531372070312, 25.3964900970459], "vec": [-0.051389195024967194, 0.22803282737731934, -0.9722962975502014]}}