{"pred_joints_img": [[803.9801635742188, 179.6743927001953, -6.797571659088135], [802.554931640625, 226.9600830078125, 21.18183708190918], [779.0977172851562, 222.17391967773438, 18.74471092224121], [760.00537109375, 160.27735900878906, 6.622931480407715], [755.309814453125, 100.14437866210938, 7.5552449226379395], [833.4578247070312, 216.36685180664062, 14.993316650390625], [849.844482421875, 158.5521240234375, -7.011907577514648], [851.0558471679688, 97.63383483886719, -1.4530482292175293], [810.6700439453125, 338.3549499511719, 2.9997472763061523], [796.7884521484375, 364.27154541015625, 5.341396808624268], [785.0742797851562, 449.1048889160156, -2.6743602752685547], [786.939453125, 546.2767333984375, 4.718905925750732], [824.8272705078125, 360.6551208496094, 7.129059791564941], [840.4207153320312, 449.1369323730469, -2.741136074066162], [832.78173828125, 544.0621948242188, 11.474433898925781], [0.0, 0.0, 0.0], [0.0, 0.0, 0.0], [0.0, 0.0, 0.0], [0.0, 0.0, 0.0], [0.0, 0.0, 0.0], [0.0, 0.0, 0.0], [0.0, 0.0, 0.0], [0.0, 0.0, 0.0], [0.0, 0.0, 0.0], [0.0, 0.0, 0.0], [0.0, 0.0, 0.0], [0.0, 0.0, 0.0], [0.0, 0.0, 0.0], [0.0, 0.0, 0.0], [0.0, 0.0, 0.0], [0.0, 0.0, 0.0], [0.0, 0.0, 0.0], [0.0, 0.0, 0.0], [0.0, 0.0, 0.0], [0.0, 0.0, 0.0], [0.0, 0.0, 0.0], [0.0, 0.0, 0.0], [0.0, 0.0, 0.0], [0.0, 0.0, 0.0], [0.0, 0.0, 0.0], [0.0, 0.0, 0.0], [0.0, 0.0, 0.0], [0.0, 0.0, 0.0], [0.0, 0.0, 0.0], [0.0, 0.0, 0.0], [0.0, 0.0, 0.0], [0.0, 0.0, 0.0], [0.0, 0.0, 0.0], [0.0, 0.0, 0.0]], "head_info": {"pos": [803.9801635742188, 179.6743927001953, -6.797571659088135], "vec": [-0.015360530465841293, -0.2098350077867508, -0.9776161313056946]}, "left_hand_info": {"thumb": [0.9958497285842896, 0.07839478552341461, 0.04623410850763321], "index": [0.07937890291213989, -0.9966469407081604, -0.01984548568725586], "palm": [0.04452330246567726, 0.023433133959770203, -0.9987335205078125], "pos": [851.0558471679688, 97.63383483886719, -1.4530482292175293]}, "right_hand_info": {"thumb": [0.850034236907959, 0.010215774178504944, 0.5266283750534058], "index": [0.09789850562810898, -0.9854552149772644, -0.13890229165554047], "palm": [0.5175496935844421, 0.169627845287323, -0.8386707901954651], "pos": [755.309814453125, 100.14437866210938, 7.5552449226379395]}, "left_heel_info": {"pos": [833.9793701171875, 553.4947509765625, 28.45526885986328], "vec": [0.20082445442676544, 0.2443745732307434, -0.9486572742462158]}, "right_heel_info": {"pos": [788.836669921875, 557.4797973632812, 23.868431091308594], "vec": [-0.09072155505418777, 0.2250966578722, -0.9701036810874939]}}