{"pred_joints_img": [[814.0285034179688, 197.6842803955078, -23.122474670410156], [813.0320434570312, 240.47119140625, 2.0537619590759277], [782.6785278320312, 253.186767578125, 13.425535202026367], [779.107421875, 311.0273742675781, 28.762929916381836], [775.9224243164062, 361.0571594238281, 6.534544944763184], [841.5985717773438, 241.03204345703125, -23.40606689453125], [850.1678466796875, 252.93409729003906, -79.79917907714844], [845.1129760742188, 235.9417724609375, -132.5068817138672], [816.5062255859375, 344.34747314453125, 2.8345673084259033], [803.2926025390625, 367.372802734375, 9.695802688598633], [780.3976440429688, 437.234619140625, -19.430282592773438], [781.974609375, 522.5971069335938, 6.613770008087158], [829.122314453125, 365.7235412597656, 4.953561782836914], [838.5673217773438, 447.3226623535156, -7.273803234100342], [830.74609375, 534.078125, 6.556677341461182], [0.0, 0.0, 0.0], [0.0, 0.0, 0.0], [0.0, 0.0, 0.0], [0.0, 0.0, 0.0], [0.0, 0.0, 0.0], [0.0, 0.0, 0.0], [0.0, 0.0, 0.0], [0.0, 0.0, 0.0], [0.0, 0.0, 0.0], [0.0, 0.0, 0.0], [0.0, 0.0, 0.0], [0.0, 0.0, 0.0], [0.0, 0.0, 0.0], [0.0, 0.0, 0.0], [0.0, 0.0, 0.0], [0.0, 0.0, 0.0], [0.0, 0.0, 0.0], [0.0, 0.0, 0.0], [0.0, 0.0, 0.0], [0.0, 0.0, 0.0], [0.0, 0.0, 0.0], [0.0, 0.0, 0.0], [0.0, 0.0, 0.0], [0.0, 0.0, 0.0], [0.0, 0.0, 0.0], [0.0, 0.0, 0.0], [0.0, 0.0, 0.0], [0.0, 0.0, 0.0], [0.0, 0.0, 0.0], [0.0, 0.0, 0.0], [0.0, 0.0, 0.0], [0.0, 0.0, 0.0], [0.0, 0.0, 0.0], [0.0, 0.0, 0.0]], "head_info": {"pos": [814.0285034179688, 197.6842803955078, -23.122474670410156], "vec": [-0.0025788915809243917, -0.16437894105911255, -0.9863938689231873]}, "left_hand_info": {"thumb": [-0.7738745808601379, -0.5569596886634827, 0.3015196919441223], "index": [-0.14831718802452087, -0.3034684658050537, -0.941227376461029], "palm": [0.6157273650169373, -0.7731124758720398, 0.1522398740053177], "pos": [845.1129760742188, 235.9417724609375, -132.5068817138672]}, "right_hand_info": {"thumb": [-7.550884038209915e-05, -0.48471078276634216, -0.8746745586395264], "index": [0.03532421961426735, 0.8741273283958435, -0.4844106137752533], "palm": [0.9993759393692017, -0.030933771282434464, 0.017056025564670563], "pos": [775.9224243164062, 361.0571594238281, 6.534544944763184]}, "left_heel_info": {"pos": [835.5359497070312, 541.5872802734375, 21.52678680419922], "vec": [0.05063467100262642, 0.24690796434879303, -0.9677151441574097]}, "right_heel_info": {"pos": [787.8484497070312, 530.0070190429688, 23.838525772094727], "vec": [-0.42144572734832764, 0.3046712279319763, -0.8541422486305237]}}