{"pred_joints_img": [[810.7909545898438, 192.10983276367188, -27.181570053100586], [808.48388671875, 236.64732360839844, 0.19577060639858246], [773.1986083984375, 250.9815216064453, -0.6319041848182678], [766.722412109375, 313.53851318359375, 2.7350800037384033], [758.3825073242188, 368.03692626953125, -13.8521089553833], [852.430419921875, 250.80877685546875, -6.950995922088623], [852.404296875, 311.0599365234375, 3.923719644546509], [861.2106323242188, 364.1285705566406, -18.754785537719727], [811.9409790039062, 346.9453125, 3.0921220779418945], [797.4359741210938, 371.7409362792969, 7.149217128753662], [785.0720825195312, 452.48126220703125, -7.591203212738037], [784.302001953125, 545.84521484375, -1.0174161195755005], [825.220703125, 369.2673645019531, 7.688815593719482], [837.2789306640625, 453.53387451171875, -11.07711410522461], [831.2632446289062, 545.1444091796875, 0.25380122661590576], [0.0, 0.0, 0.0], [0.0, 0.0, 0.0], [0.0, 0.0, 0.0], [0.0, 0.0, 0.0], [0.0, 0.0, 0.0], [0.0, 0.0, 0.0], [0.0, 0.0, 0.0], [0.0, 0.0, 0.0], [0.0, 0.0, 0.0], [0.0, 0.0, 0.0], [0.0, 0.0, 0.0], [0.0, 0.0, 0.0], [0.0, 0.0, 0.0], [0.0, 0.0, 0.0], [0.0, 0.0, 0.0], [0.0, 0.0, 0.0], [0.0, 0.0, 0.0], [0.0, 0.0, 0.0], [0.0, 0.0, 0.0], [0.0, 0.0, 0.0], [0.0, 0.0, 0.0], [0.0, 0.0, 0.0], [0.0, 0.0, 0.0], [0.0, 0.0, 0.0], [0.0, 0.0, 0.0], [0.0, 0.0, 0.0], [0.0, 0.0, 0.0], [0.0, 0.0, 0.0], [0.0, 0.0, 0.0], [0.0, 0.0, 0.0], [0.0, 0.0, 0.0], [0.0, 0.0, 0.0], [0.0, 0.0, 0.0], [0.0, 0.0, 0.0]], "head_info": {"pos": [810.7909545898438, 192.10983276367188, -27.181570053100586], "vec": [-0.053831301629543304, -0.14090107381343842, -0.9885590672492981]}, "left_hand_info": {"thumb": [0.26997286081314087, 0.2280624657869339, -0.9354689717292786], "index": [0.04863285645842552, 0.9670746326446533, 0.24980303645133972], "palm": [0.9616389274597168, -0.11293456703424454, 0.24999256432056427], "pos": [861.2106323242188, 364.1285705566406, -18.754785537719727]}, "right_hand_info": {"thumb": [-0.6309870481491089, 0.5065010786056519, -0.5876326560974121], "index": [-0.05988737568259239, 0.723398745059967, 0.6878283023834229], "palm": [0.7734784483909607, 0.46920251846313477, -0.4261222183704376], "pos": [758.3825073242188, 368.03692626953125, -13.8521089553833]}, "left_heel_info": {"pos": [835.0296020507812, 553.1847534179688, 16.063915252685547], "vec": [0.15674203634262085, 0.21503187716007233, -0.9639467000961304]}, "right_heel_info": {"pos": [784.6767578125, 556.354736328125, 16.54469108581543], "vec": [-0.1562211662530899, 0.16140374541282654, -0.9744454026222229]}}