{"pred_joints_img": [[809.10791015625, 198.8666229248047, -16.329225540161133], [806.303955078125, 242.77435302734375, 10.798528671264648], [780.4898681640625, 242.28887939453125, -2.002458095550537], [769.962158203125, 227.25474548339844, -61.83596420288086], [771.2879638671875, 195.59683227539062, -109.549560546875], [841.7830810546875, 239.4541015625, -2.8692469596862793], [850.146240234375, 234.6761016845703, -62.8858757019043], [848.4823608398438, 194.06256103515625, -104.3982925415039], [813.1841430664062, 350.9471435546875, 2.992511749267578], [799.5130004882812, 375.7266540527344, 5.1570611000061035], [788.9197998046875, 455.9878234863281, -6.537023067474365], [788.0320434570312, 548.4912109375, -1.075066089630127], [826.39453125, 372.4496154785156, 8.05053997039795], [841.7257690429688, 455.7154541015625, -6.9646525382995605], [837.1011962890625, 546.7468872070312, 1.729595422744751], [0.0, 0.0, 0.0], [0.0, 0.0, 0.0], [0.0, 0.0, 0.0], [0.0, 0.0, 0.0], [0.0, 0.0, 0.0], [0.0, 0.0, 0.0], [0.0, 0.0, 0.0], [0.0, 0.0, 0.0], [0.0, 0.0, 0.0], [0.0, 0.0, 0.0], [0.0, 0.0, 0.0], [0.0, 0.0, 0.0], [0.0, 0.0, 0.0], [0.0, 0.0, 0.0], [0.0, 0.0, 0.0], [0.0, 0.0, 0.0], [0.0, 0.0, 0.0], [0.0, 0.0, 0.0], [0.0, 0.0, 0.0], [0.0, 0.0, 0.0], [0.0, 0.0, 0.0], [0.0, 0.0, 0.0], [0.0, 0.0, 0.0], [0.0, 0.0, 0.0], [0.0, 0.0, 0.0], [0.0, 0.0, 0.0], [0.0, 0.0, 0.0], [0.0, 0.0, 0.0], [0.0, 0.0, 0.0], [0.0, 0.0, 0.0], [0.0, 0.0, 0.0], [0.0, 0.0, 0.0], [0.0, 0.0, 0.0], [0.0, 0.0, 0.0]], "head_info": {"pos": [809.10791015625, 198.8666229248047, -16.329225540161133], "vec": [-0.020849104970693588, -0.1577703356742859, -0.9872556924819946]}, "left_hand_info": {"thumb": [0.9237082600593567, -0.38054347038269043, 0.044155314564704895], "index": [-0.34096309542655945, -0.764089047908783, 0.5476423501968384], "palm": [-0.17466312646865845, -0.5209170579910278, -0.835546612739563], "pos": [848.4823608398438, 194.06256103515625, -104.3982925415039]}, "right_hand_info": {"thumb": [0.31354817748069763, -0.8419971466064453, -0.4390083849430084], "index": [-0.9227539300918579, -0.3792743980884552, 0.06838174164295197], "palm": [-0.2240818738937378, 0.38365572690963745, -0.895876944065094], "pos": [771.2879638671875, 195.59683227539062, -109.549560546875]}, "left_heel_info": {"pos": [839.5015869140625, 556.2296142578125, 17.08686637878418], "vec": [0.21944962441921234, 0.15646865963935852, -0.9629949927330017]}, "right_heel_info": {"pos": [788.3994750976562, 560.5491333007812, 16.172325134277344], "vec": [-0.10524585098028183, 0.12316343188285828, -0.9867898225784302]}}