{"pred_joints_img": [[825.223388671875, 197.0756378173828, -19.827510833740234], [821.5623779296875, 241.1537628173828, 0.79878169298172], [791.1788330078125, 252.25868225097656, 8.63888931274414], [785.7933959960938, 306.8951416015625, 26.191003799438477], [785.9613037109375, 355.67523193359375, 6.143646240234375], [850.1771240234375, 240.99359130859375, -21.644411087036133], [858.5853271484375, 245.79953002929688, -76.80055236816406], [857.67529296875, 223.68661499023438, -125.49728393554688], [825.13134765625, 341.9939270019531, 2.701601505279541], [812.0711669921875, 364.38623046875, 7.767841339111328], [801.0646362304688, 433.7158203125, -20.92421531677246], [796.8701171875, 508.9710693359375, 19.71019172668457], [837.1317749023438, 362.28662109375, 7.02584981918335], [845.1512451171875, 441.018310546875, -2.4560885429382324], [833.7246704101562, 523.5886840820312, 12.010552406311035], [0.0, 0.0, 0.0], [0.0, 0.0, 0.0], [0.0, 0.0, 0.0], [0.0, 0.0, 0.0], [0.0, 0.0, 0.0], [0.0, 0.0, 0.0], [0.0, 0.0, 0.0], [0.0, 0.0, 0.0], [0.0, 0.0, 0.0], [0.0, 0.0, 0.0], [0.0, 0.0, 0.0], [0.0, 0.0, 0.0], [0.0, 0.0, 0.0], [0.0, 0.0, 0.0], [0.0, 0.0, 0.0], [0.0, 0.0, 0.0], [0.0, 0.0, 0.0], [0.0, 0.0, 0.0], [0.0, 0.0, 0.0], [0.0, 0.0, 0.0], [0.0, 0.0, 0.0], [0.0, 0.0, 0.0], [0.0, 0.0, 0.0], [0.0, 0.0, 0.0], [0.0, 0.0, 0.0], [0.0, 0.0, 0.0], [0.0, 0.0, 0.0], [0.0, 0.0, 0.0], [0.0, 0.0, 0.0], [0.0, 0.0, 0.0], [0.0, 0.0, 0.0], [0.0, 0.0, 0.0], [0.0, 0.0, 0.0], [0.0, 0.0, 0.0]], "head_info": {"pos": [825.223388671875, 197.0756378173828, -19.827510833740234], "vec": [0.06107189878821373, -0.27934205532073975, -0.9582474827766418]}, "left_hand_info": {"thumb": [0.5760082602500916, -0.14010505378246307, -0.8053478598594666], "index": [-0.16472068428993225, -0.9848868250846863, 0.05352611467242241], "palm": [-0.8006757497787476, 0.10182595998048782, -0.5903811454772949], "pos": [857.67529296875, 223.68661499023438, -125.49728393554688]}, "right_hand_info": {"thumb": [0.09694333374500275, -0.45890283584594727, -0.8831818699836731], "index": [0.13089478015899658, 0.8855324983596802, -0.4457564353942871], "palm": [0.9866451025009155, -0.07239078730344772, 0.1459144502878189], "pos": [785.9613037109375, 355.67523193359375, 6.143646240234375]}, "left_heel_info": {"pos": [836.1885375976562, 530.5333251953125, 27.104480743408203], "vec": [0.1659204214811325, 0.28026971220970154, -0.9454730749130249]}, "right_heel_info": {"pos": [797.8214721679688, 512.5169677734375, 38.35614776611328], "vec": [-0.15705862641334534, 0.48696303367614746, -0.8591854572296143]}}