{"pred_joints_img": [[818.441162109375, 193.7689208984375, -23.839340209960938], [815.5357666015625, 237.20010375976562, 3.6156086921691895], [780.82177734375, 250.9054412841797, 3.809617519378662], [776.1295166015625, 312.7012023925781, 5.68232536315918], [771.86083984375, 366.37579345703125, -12.14995002746582], [857.857666015625, 251.6209716796875, -6.434848308563232], [857.2099609375, 311.0740966796875, 3.519765853881836], [862.2647094726562, 363.60723876953125, -19.323625564575195], [818.5839233398438, 346.14715576171875, 2.971376895904541], [804.8645629882812, 370.7384338378906, 7.6024065017700195], [792.0090942382812, 450.5414733886719, -5.485588550567627], [792.0885620117188, 542.6922607421875, -1.2718164920806885], [832.0299682617188, 368.11016845703125, 6.124083518981934], [844.6200561523438, 451.1327209472656, -12.38210678100586], [841.7257690429688, 541.77880859375, -3.161985397338867], [0.0, 0.0, 0.0], [0.0, 0.0, 0.0], [0.0, 0.0, 0.0], [0.0, 0.0, 0.0], [0.0, 0.0, 0.0], [0.0, 0.0, 0.0], [0.0, 0.0, 0.0], [0.0, 0.0, 0.0], [0.0, 0.0, 0.0], [0.0, 0.0, 0.0], [0.0, 0.0, 0.0], [0.0, 0.0, 0.0], [0.0, 0.0, 0.0], [0.0, 0.0, 0.0], [0.0, 0.0, 0.0], [0.0, 0.0, 0.0], [0.0, 0.0, 0.0], [0.0, 0.0, 0.0], [0.0, 0.0, 0.0], [0.0, 0.0, 0.0], [0.0, 0.0, 0.0], [0.0, 0.0, 0.0], [0.0, 0.0, 0.0], [0.0, 0.0, 0.0], [0.0, 0.0, 0.0], [0.0, 0.0, 0.0], [0.0, 0.0, 0.0], [0.0, 0.0, 0.0], [0.0, 0.0, 0.0], [0.0, 0.0, 0.0], [0.0, 0.0, 0.0], [0.0, 0.0, 0.0], [0.0, 0.0, 0.0], [0.0, 0.0, 0.0]], "head_info": {"pos": [818.441162109375, 193.7689208984375, -23.839340209960938], "vec": [-0.0287054181098938, -0.11724114418029785, -0.9926884770393372]}, "left_hand_info": {"thumb": [0.469876766204834, 0.3487336337566376, -0.8109257817268372], "index": [0.247137650847435, 0.8299458622932434, 0.5001127123832703], "palm": [0.8474307060241699, -0.43540167808532715, 0.30378708243370056], "pos": [862.2647094726562, 363.60723876953125, -19.323625564575195]}, "right_hand_info": {"thumb": [-0.33829525113105774, 0.3162475526332855, -0.8863091468811035], "index": [-0.1036553829908371, 0.9235861301422119, 0.3691127300262451], "palm": [0.9353137612342834, 0.21673978865146637, -0.279664009809494], "pos": [771.86083984375, 366.37579345703125, -12.14995002746582]}, "left_heel_info": {"pos": [846.590576171875, 550.0354614257812, 11.935121536254883], "vec": [0.10623030364513397, 0.18189962208271027, -0.9775621294975281]}, "right_heel_info": {"pos": [794.2999877929688, 553.5558471679688, 15.497245788574219], "vec": [-0.2682552635669708, 0.1262291818857193, -0.9550420641899109]}}