{"pred_joints_img": [[787.8335571289062, 193.52304077148438, -32.73855209350586], [790.8175659179688, 237.31161499023438, -6.678072452545166], [765.1132202148438, 240.31838989257812, -21.414283752441406], [747.649658203125, 243.41030883789062, -79.31297302246094], [753.9468994140625, 226.44024658203125, -131.63723754882812], [833.2947998046875, 249.6903076171875, -1.776114583015442], [835.8907470703125, 303.78271484375, 21.213436126708984], [845.34814453125, 354.458251953125, -1.0579414367675781], [797.75048828125, 341.8353576660156, 2.9998726844787598], [785.8724365234375, 366.72216796875, 5.90618371963501], [780.1260986328125, 444.8349609375, -7.137614727020264], [787.3312377929688, 533.3768310546875, 6.115373134613037], [811.9425048828125, 361.83868408203125, 8.673046112060547], [831.3554077148438, 420.9546203613281, -46.927642822265625], [833.0723266601562, 502.21490478515625, -11.256342887878418], [0.0, 0.0, 0.0], [0.0, 0.0, 0.0], [0.0, 0.0, 0.0], [0.0, 0.0, 0.0], [0.0, 0.0, 0.0], [0.0, 0.0, 0.0], [0.0, 0.0, 0.0], [0.0, 0.0, 0.0], [0.0, 0.0, 0.0], [0.0, 0.0, 0.0], [0.0, 0.0, 0.0], [0.0, 0.0, 0.0], [0.0, 0.0, 0.0], [0.0, 0.0, 0.0], [0.0, 0.0, 0.0], [0.0, 0.0, 0.0], [0.0, 0.0, 0.0], [0.0, 0.0, 0.0], [0.0, 0.0, 0.0], [0.0, 0.0, 0.0], [0.0, 0.0, 0.0], [0.0, 0.0, 0.0], [0.0, 0.0, 0.0], [0.0, 0.0, 0.0], [0.0, 0.0, 0.0], [0.0, 0.0, 0.0], [0.0, 0.0, 0.0], [0.0, 0.0, 0.0], [0.0, 0.0, 0.0], [0.0, 0.0, 0.0], [0.0, 0.0, 0.0], [0.0, 0.0, 0.0], [0.0, 0.0, 0.0], [0.0, 0.0, 0.0]], "head_info": {"pos": [787.8335571289062, 193.52304077148438, -32.73855209350586], "vec": [-0.21087324619293213, -0.2007654309272766, -0.9566742777824402]}, "left_hand_info": {"thumb": [0.4535696506500244, -0.0362991988658905, -0.8904812932014465], "index": [0.3080458641052246, 0.943972110748291, 0.11842451244592667], "palm": [0.8362908363342285, -0.328022837638855, 0.43933892250061035], "pos": [845.34814453125, 354.458251953125, -1.0579414367675781]}, "right_hand_info": {"thumb": [0.9223998785018921, -0.3377895653247833, 0.18728764355182648], "index": [0.08897534012794495, -0.28602683544158936, -0.9540817737579346], "palm": [0.3758481740951538, 0.8967089056968689, -0.23377616703510284], "pos": [753.9468994140625, 226.44024658203125, -131.63723754882812]}, "left_heel_info": {"pos": [836.3338623046875, 506.14031982421875, 5.808529853820801], "vec": [0.19676345586776733, 0.4001912474632263, -0.89505934715271]}, "right_heel_info": {"pos": [787.3058471679688, 541.7191772460938, 24.116456985473633], "vec": [-0.035838592797517776, 0.27008751034736633, -0.9621685743331909]}}