{"pred_joints_img": [[810.584716796875, 195.90863037109375, -19.03931427001953], [804.8099365234375, 240.44796752929688, 3.991107702255249], [771.19482421875, 253.77056884765625, 5.746001720428467], [762.1680908203125, 313.545654296875, 8.61547565460205], [755.0640869140625, 365.2130432128906, -9.703730583190918], [838.9425659179688, 245.53228759765625, -18.397079467773438], [843.4701538085938, 275.25482177734375, -68.98931121826172], [839.5728759765625, 264.5690002441406, -123.86417388916016], [807.8082275390625, 346.3228454589844, 2.8761799335479736], [794.3428955078125, 370.1557922363281, 8.30678653717041], [784.1968994140625, 447.99725341796875, -5.858356475830078], [786.8126831054688, 537.3489990234375, 3.7057526111602783], [821.0193481445312, 367.76171875, 6.075012683868408], [829.3877563476562, 449.9335021972656, -7.79664421081543], [821.0067138671875, 537.6926879882812, 3.3329555988311768], [0.0, 0.0, 0.0], [0.0, 0.0, 0.0], [0.0, 0.0, 0.0], [0.0, 0.0, 0.0], [0.0, 0.0, 0.0], [0.0, 0.0, 0.0], [0.0, 0.0, 0.0], [0.0, 0.0, 0.0], [0.0, 0.0, 0.0], [0.0, 0.0, 0.0], [0.0, 0.0, 0.0], [0.0, 0.0, 0.0], [0.0, 0.0, 0.0], [0.0, 0.0, 0.0], [0.0, 0.0, 0.0], [0.0, 0.0, 0.0], [0.0, 0.0, 0.0], [0.0, 0.0, 0.0], [0.0, 0.0, 0.0], [0.0, 0.0, 0.0], [0.0, 0.0, 0.0], [0.0, 0.0, 0.0], [0.0, 0.0, 0.0], [0.0, 0.0, 0.0], [0.0, 0.0, 0.0], [0.0, 0.0, 0.0], [0.0, 0.0, 0.0], [0.0, 0.0, 0.0], [0.0, 0.0, 0.0], [0.0, 0.0, 0.0], [0.0, 0.0, 0.0], [0.0, 0.0, 0.0], [0.0, 0.0, 0.0], [0.0, 0.0, 0.0]], "head_info": {"pos": [810.584716796875, 195.90863037109375, -19.03931427001953], "vec": [0.04532521590590477, -0.21938598155975342, -0.9745847582817078]}, "left_hand_info": {"thumb": [-0.6181937456130981, -0.742085874080658, 0.25912389159202576], "index": [-0.12484487146139145, -0.2327793687582016, -0.9644830822944641], "palm": [0.7760478854179382, -0.6285876035690308, 0.051257140934467316], "pos": [839.5728759765625, 264.5690002441406, -123.86417388916016]}, "right_hand_info": {"thumb": [-0.5981316566467285, 0.35896655917167664, -0.7165064811706543], "index": [-0.3234836161136627, 0.7098526954650879, 0.6256735920906067], "palm": [0.7332099676132202, 0.606013298034668, -0.3084656000137329], "pos": [755.0640869140625, 365.2130432128906, -9.703730583190918]}, "left_heel_info": {"pos": [824.7857666015625, 545.9077758789062, 18.230684280395508], "vec": [0.13333798944950104, 0.20466068387031555, -0.9697086811065674]}, "right_heel_info": {"pos": [788.998046875, 547.540283203125, 20.454952239990234], "vec": [-0.21778900921344757, 0.17145465314388275, -0.9608179926872253]}}