{"pred_joints_img": [[814.8041381835938, 195.530517578125, -42.37985610961914], [804.0015869140625, 236.78831481933594, -7.646219253540039], [773.19482421875, 239.30526733398438, -3.9043309688568115], [709.357421875, 233.6118927001953, 10.093934059143066], [652.5953369140625, 217.1273193359375, -0.2726883888244629], [844.198486328125, 235.30169677734375, -4.155946254730225], [905.3551025390625, 235.6679229736328, 13.576333045959473], [958.8184814453125, 210.850341796875, -1.6642310619354248], [811.4644775390625, 349.6910705566406, 3.217867374420166], [797.171630859375, 375.3374938964844, 7.940582752227783], [786.6696166992188, 457.4847106933594, -13.048261642456055], [786.4157104492188, 554.0308837890625, -5.446347236633301], [825.4467163085938, 371.85919189453125, 9.525215148925781], [839.6655883789062, 456.955810546875, -15.51633071899414], [836.1189575195312, 551.6762084960938, -2.392927646636963], [0.0, 0.0, 0.0], [0.0, 0.0, 0.0], [0.0, 0.0, 0.0], [0.0, 0.0, 0.0], [0.0, 0.0, 0.0], [0.0, 0.0, 0.0], [0.0, 0.0, 0.0], [0.0, 0.0, 0.0], [0.0, 0.0, 0.0], [0.0, 0.0, 0.0], [0.0, 0.0, 0.0], [0.0, 0.0, 0.0], [0.0, 0.0, 0.0], [0.0, 0.0, 0.0], [0.0, 0.0, 0.0], [0.0, 0.0, 0.0], [0.0, 0.0, 0.0], [0.0, 0.0, 0.0], [0.0, 0.0, 0.0], [0.0, 0.0, 0.0], [0.0, 0.0, 0.0], [0.0, 0.0, 0.0], [0.0, 0.0, 0.0], [0.0, 0.0, 0.0], [0.0, 0.0, 0.0], [0.0, 0.0, 0.0], [0.0, 0.0, 0.0], [0.0, 0.0, 0.0], [0.0, 0.0, 0.0], [0.0, 0.0, 0.0], [0.0, 0.0, 0.0], [0.0, 0.0, 0.0], [0.0, 0.0, 0.0], [0.0, 0.0, 0.0]], "head_info": {"pos": [814.8041381835938, 195.530517578125, -42.37985610961914], "vec": [0.2638849914073944, -0.017211366444826126, -0.964400589466095]}, "left_hand_info": {"thumb": [-0.45548054575920105, -0.27683988213539124, -0.8461070656776428], "index": [0.878459095954895, -0.29391005635261536, -0.376731276512146], "palm": [-0.14438515901565552, -0.9148642420768738, 0.3770628273487091], "pos": [958.8184814453125, 210.850341796875, -1.6642310619354248]}, "right_hand_info": {"thumb": [0.39561769366264343, -0.3695186376571655, -0.8407988548278809], "index": [-0.9144431352615356, -0.24353931844234467, -0.3232373595237732], "palm": [-0.08532533794641495, 0.8967410326004028, -0.43425220251083374], "pos": [652.5953369140625, 217.1273193359375, -0.2726883888244629]}, "left_heel_info": {"pos": [839.6082153320312, 560.9327392578125, 14.221983909606934], "vec": [0.11151336133480072, 0.2216067612171173, -0.9687390327453613]}, "right_heel_info": {"pos": [788.005859375, 565.9658203125, 12.796625137329102], "vec": [-0.13233138620853424, 0.1556740701198578, -0.9789044260978699]}}