{"pred_joints_img": [[796.4214477539062, 194.47789001464844, -31.30364990234375], [793.7549438476562, 236.60836791992188, -5.079630374908447], [760.1536865234375, 247.53118896484375, -2.8892550468444824], [748.2470092773438, 304.00225830078125, 13.602154731750488], [736.807861328125, 350.0921936035156, -13.999221801757812], [835.501708984375, 251.8280029296875, -5.253643035888672], [834.3052368164062, 306.16546630859375, 15.913503646850586], [844.85009765625, 358.63189697265625, 0.4573196768760681], [797.035400390625, 340.9339904785156, 2.9493813514709473], [784.7435302734375, 365.27532958984375, 6.473945140838623], [776.7949829101562, 443.15966796875, -4.704713344573975], [780.8374633789062, 531.318603515625, 8.939759254455566], [810.7077026367188, 361.2732849121094, 7.730265140533447], [827.2913818359375, 419.60137939453125, -49.059139251708984], [818.4853515625, 499.2950134277344, -12.225379943847656], [0.0, 0.0, 0.0], [0.0, 0.0, 0.0], [0.0, 0.0, 0.0], [0.0, 0.0, 0.0], [0.0, 0.0, 0.0], [0.0, 0.0, 0.0], [0.0, 0.0, 0.0], [0.0, 0.0, 0.0], [0.0, 0.0, 0.0], [0.0, 0.0, 0.0], [0.0, 0.0, 0.0], [0.0, 0.0, 0.0], [0.0, 0.0, 0.0], [0.0, 0.0, 0.0], [0.0, 0.0, 0.0], [0.0, 0.0, 0.0], [0.0, 0.0, 0.0], [0.0, 0.0, 0.0], [0.0, 0.0, 0.0], [0.0, 0.0, 0.0], [0.0, 0.0, 0.0], [0.0, 0.0, 0.0], [0.0, 0.0, 0.0], [0.0, 0.0, 0.0], [0.0, 0.0, 0.0], [0.0, 0.0, 0.0], [0.0, 0.0, 0.0], [0.0, 0.0, 0.0], [0.0, 0.0, 0.0], [0.0, 0.0, 0.0], [0.0, 0.0, 0.0], [0.0, 0.0, 0.0], [0.0, 0.0, 0.0], [0.0, 0.0, 0.0]], "head_info": {"pos": [796.4214477539062, 194.47789001464844, -31.30364990234375], "vec": [-0.04891245439648628, -0.13652445375919342, -0.9894284009933472]}, "left_hand_info": {"thumb": [0.5616471767425537, 0.4504109025001526, -0.6940335631370544], "index": [0.23834820091724396, 0.7151954174041748, 0.6570279002189636], "palm": [0.792302131652832, -0.5344395041465759, 0.2943328320980072], "pos": [844.85009765625, 358.63189697265625, 0.4573196768760681]}, "right_hand_info": {"thumb": [-0.48808449506759644, -0.09007401764392853, -0.8681360483169556], "index": [-0.5057162642478943, 0.8398627638816833, 0.19718390703201294], "palm": [0.7113540172576904, 0.5352729558944702, -0.45547592639923096], "pos": [736.807861328125, 350.0921936035156, -13.999221801757812]}, "left_heel_info": {"pos": [820.8195190429688, 503.1670227050781, 4.615469932556152], "vec": [0.22523918747901917, 0.41651493310928345, -0.8807851672172546]}, "right_heel_info": {"pos": [779.805419921875, 539.3988647460938, 26.49832534790039], "vec": [-0.010970854200422764, 0.2574569284915924, -0.9662275314331055]}}