{"pred_joints_img": [[812.0128173828125, 194.61668395996094, -31.448495864868164], [809.2652587890625, 236.8385772705078, -3.0785067081451416], [775.0201416015625, 249.282470703125, -1.41777503490448], [769.3860473632812, 307.89984130859375, 18.048429489135742], [758.8690185546875, 351.6128845214844, -16.439247131347656], [851.86376953125, 249.61090087890625, 3.105602502822876], [845.5286254882812, 302.1793212890625, 31.982133865356445], [857.3513793945312, 345.5318603515625, -3.8189024925231934], [812.9915161132812, 346.00115966796875, 3.08976149559021], [798.6739501953125, 370.74169921875, 5.8914103507995605], [789.3779907226562, 450.279541015625, -10.59624195098877], [789.035400390625, 542.3302001953125, -4.595135688781738], [825.9893798828125, 367.7196960449219, 9.579703330993652], [840.3636474609375, 451.330810546875, -3.5779802799224854], [834.7581176757812, 541.74755859375, 6.83011531829834], [0.0, 0.0, 0.0], [0.0, 0.0, 0.0], [0.0, 0.0, 0.0], [0.0, 0.0, 0.0], [0.0, 0.0, 0.0], [0.0, 0.0, 0.0], [0.0, 0.0, 0.0], [0.0, 0.0, 0.0], [0.0, 0.0, 0.0], [0.0, 0.0, 0.0], [0.0, 0.0, 0.0], [0.0, 0.0, 0.0], [0.0, 0.0, 0.0], [0.0, 0.0, 0.0], [0.0, 0.0, 0.0], [0.0, 0.0, 0.0], [0.0, 0.0, 0.0], [0.0, 0.0, 0.0], [0.0, 0.0, 0.0], [0.0, 0.0, 0.0], [0.0, 0.0, 0.0], [0.0, 0.0, 0.0], [0.0, 0.0, 0.0], [0.0, 0.0, 0.0], [0.0, 0.0, 0.0], [0.0, 0.0, 0.0], [0.0, 0.0, 0.0], [0.0, 0.0, 0.0], [0.0, 0.0, 0.0], [0.0, 0.0, 0.0], [0.0, 0.0, 0.0], [0.0, 0.0, 0.0], [0.0, 0.0, 0.0], [0.0, 0.0, 0.0]], "head_info": {"pos": [812.0128173828125, 194.61668395996094, -31.448495864868164], "vec": [-0.028113652020692825, -0.07955705374479294, -0.9964338541030884]}, "left_hand_info": {"thumb": [-0.7693065404891968, 0.1537053883075714, -0.6201146245002747], "index": [0.13542504608631134, 0.9878037571907043, 0.07683641463518143], "palm": [0.6243616938591003, -0.024868296459317207, -0.780739426612854], "pos": [857.3513793945312, 345.5318603515625, -3.8189024925231934]}, "right_hand_info": {"thumb": [-0.2851685583591461, 0.4533463418483734, -0.8444856405258179], "index": [-0.49735742807388306, 0.6831773519515991, 0.5347002148628235], "palm": [0.8193378448486328, 0.5724908709526062, 0.030654458329081535], "pos": [758.8690185546875, 351.6128845214844, -16.439247131347656]}, "left_heel_info": {"pos": [837.3737182617188, 550.137939453125, 22.092296600341797], "vec": [0.2362951636314392, 0.1730642318725586, -0.9561450481414795]}, "right_heel_info": {"pos": [788.3236694335938, 553.5858154296875, 12.264729499816895], "vec": [-0.07272398471832275, 0.1259678602218628, -0.9893651008605957]}}