{"pred_joints_img": [[808.4267578125, 194.3421173095703, -32.45242691040039], [804.6507568359375, 236.8556365966797, -4.444607257843018], [770.8486328125, 247.7714080810547, -3.9764344692230225], [757.93310546875, 304.9788818359375, 14.688959121704102], [744.3651123046875, 345.68243408203125, -21.658870697021484], [846.8486328125, 249.08700561523438, 2.5223073959350586], [841.52880859375, 301.3610534667969, 31.14421844482422], [854.01318359375, 343.8917541503906, -4.721737861633301], [807.5935668945312, 345.010009765625, 3.085984706878662], [793.1456909179688, 369.4069519042969, 5.354825019836426], [785.4122924804688, 448.0782165527344, -12.176721572875977], [784.2531127929688, 539.1395874023438, -4.238338947296143], [819.9364013671875, 366.51007080078125, 10.457090377807617], [834.9667358398438, 448.96002197265625, -3.996596574783325], [828.8322143554688, 538.4456787109375, 6.939785480499268], [0.0, 0.0, 0.0], [0.0, 0.0, 0.0], [0.0, 0.0, 0.0], [0.0, 0.0, 0.0], [0.0, 0.0, 0.0], [0.0, 0.0, 0.0], [0.0, 0.0, 0.0], [0.0, 0.0, 0.0], [0.0, 0.0, 0.0], [0.0, 0.0, 0.0], [0.0, 0.0, 0.0], [0.0, 0.0, 0.0], [0.0, 0.0, 0.0], [0.0, 0.0, 0.0], [0.0, 0.0, 0.0], [0.0, 0.0, 0.0], [0.0, 0.0, 0.0], [0.0, 0.0, 0.0], [0.0, 0.0, 0.0], [0.0, 0.0, 0.0], [0.0, 0.0, 0.0], [0.0, 0.0, 0.0], [0.0, 0.0, 0.0], [0.0, 0.0, 0.0], [0.0, 0.0, 0.0], [0.0, 0.0, 0.0], [0.0, 0.0, 0.0], [0.0, 0.0, 0.0], [0.0, 0.0, 0.0], [0.0, 0.0, 0.0], [0.0, 0.0, 0.0], [0.0, 0.0, 0.0], [0.0, 0.0, 0.0], [0.0, 0.0, 0.0]], "head_info": {"pos": [808.4267578125, 194.3421173095703, -32.45242691040039], "vec": [0.027029165998101234, -0.10058538615703583, -0.9945611953735352]}, "left_hand_info": {"thumb": [0.3949642777442932, 0.6207948923110962, -0.6772127151489258], "index": [0.3982209265232086, 0.5486067533493042, 0.7351535558700562], "palm": [0.8279029726982117, -0.5600396394729614, -0.030533449724316597], "pos": [854.01318359375, 343.8917541503906, -4.721737861633301]}, "right_hand_info": {"thumb": [-0.6857765913009644, 0.27610456943511963, -0.6734068393707275], "index": [-0.4348074495792389, 0.5865620374679565, 0.6832916140556335], "palm": [0.5836548209190369, 0.7613877058029175, -0.2821982204914093], "pos": [744.3651123046875, 345.68243408203125, -21.658870697021484]}, "left_heel_info": {"pos": [830.5371704101562, 546.7361450195312, 22.5135555267334], "vec": [0.2828003466129303, 0.1797552853822708, -0.9421847462654114]}, "right_heel_info": {"pos": [782.1607666015625, 549.73486328125, 12.833633422851562], "vec": [0.016146404668688774, 0.1586439460515976, -0.98720383644104]}}