{"pred_joints_img": [[793.9371337890625, 195.01695251464844, -29.069543838500977], [791.7535400390625, 237.16586303710938, -0.9658229947090149], [757.311279296875, 252.17425537109375, -2.3592896461486816], [753.0213012695312, 313.587890625, 5.41304874420166], [745.639404296875, 368.060546875, -8.915363311767578], [835.3231201171875, 251.6057891845703, -2.7893004417419434], [833.03369140625, 309.7827453613281, 12.964190483093262], [842.50634765625, 363.1174621582031, -6.621473789215088], [797.3457641601562, 345.0098876953125, 3.0190794467926025], [784.4627685546875, 370.0898132324219, 6.412424564361572], [776.408935546875, 450.50457763671875, -7.039201736450195], [780.841796875, 542.6312255859375, -1.5994678735733032], [811.3633422851562, 366.25628662109375, 7.266011714935303], [826.6715698242188, 443.2152099609375, -28.014976501464844], [824.4930419921875, 532.21044921875, -7.794538974761963], [0.0, 0.0, 0.0], [0.0, 0.0, 0.0], [0.0, 0.0, 0.0], [0.0, 0.0, 0.0], [0.0, 0.0, 0.0], [0.0, 0.0, 0.0], [0.0, 0.0, 0.0], [0.0, 0.0, 0.0], [0.0, 0.0, 0.0], [0.0, 0.0, 0.0], [0.0, 0.0, 0.0], [0.0, 0.0, 0.0], [0.0, 0.0, 0.0], [0.0, 0.0, 0.0], [0.0, 0.0, 0.0], [0.0, 0.0, 0.0], [0.0, 0.0, 0.0], [0.0, 0.0, 0.0], [0.0, 0.0, 0.0], [0.0, 0.0, 0.0], [0.0, 0.0, 0.0], [0.0, 0.0, 0.0], [0.0, 0.0, 0.0], [0.0, 0.0, 0.0], [0.0, 0.0, 0.0], [0.0, 0.0, 0.0], [0.0, 0.0, 0.0], [0.0, 0.0, 0.0], [0.0, 0.0, 0.0], [0.0, 0.0, 0.0], [0.0, 0.0, 0.0], [0.0, 0.0, 0.0], [0.0, 0.0, 0.0], [0.0, 0.0, 0.0]], "head_info": {"pos": [793.9371337890625, 195.01695251464844, -29.069543838500977], "vec": [-0.045459844172000885, -0.08553043007850647, -0.995297908782959]}, "left_hand_info": {"thumb": [0.44984355568885803, 0.3505561053752899, -0.8214324712753296], "index": [0.33508923649787903, 0.7863075137138367, 0.5190720558166504], "palm": [0.8278623223304749, -0.5087543725967407, 0.23624776303768158], "pos": [842.50634765625, 363.1174621582031, -6.621473789215088]}, "right_hand_info": {"thumb": [-0.6261805891990662, 0.30090633034706116, -0.7192726731300354], "index": [-0.3045898377895355, 0.7548068761825562, 0.5809401869773865], "palm": [0.7177205681800842, 0.5828566551208496, -0.38099241256713867], "pos": [745.639404296875, 368.060546875, -8.915363311767578]}, "left_heel_info": {"pos": [828.8598022460938, 539.1012573242188, 8.132509231567383], "vec": [0.15225695073604584, 0.2441432774066925, -0.9577118158340454]}, "right_heel_info": {"pos": [781.54833984375, 552.7063598632812, 15.689396858215332], "vec": [-0.13244888186454773, 0.17390790581703186, -0.975814163684845]}}