{"pred_joints_img": [[810.1078491210938, 195.30300903320312, -44.343597412109375], [803.793701171875, 236.91006469726562, -9.642731666564941], [772.3171997070312, 240.36746215820312, -5.146758556365967], [708.5957641601562, 239.29519653320312, 9.838922500610352], [650.3255004882812, 227.95083618164062, 1.7602092027664185], [845.2213745117188, 237.26673889160156, -7.389205455780029], [906.482421875, 244.78492736816406, 7.743117809295654], [961.734375, 227.29908752441406, -10.583663940429688], [810.8539428710938, 349.23834228515625, 3.205533742904663], [796.6212768554688, 374.704345703125, 8.531527519226074], [785.4534301757812, 456.6084289550781, -12.658120155334473], [784.2540893554688, 552.82666015625, -2.822153329849243], [824.822509765625, 371.30426025390625, 9.579022407531738], [838.9732055664062, 456.080322265625, -16.185571670532227], [836.5181274414062, 550.3914794921875, -0.9270948767662048], [0.0, 0.0, 0.0], [0.0, 0.0, 0.0], [0.0, 0.0, 0.0], [0.0, 0.0, 0.0], [0.0, 0.0, 0.0], [0.0, 0.0, 0.0], [0.0, 0.0, 0.0], [0.0, 0.0, 0.0], [0.0, 0.0, 0.0], [0.0, 0.0, 0.0], [0.0, 0.0, 0.0], [0.0, 0.0, 0.0], [0.0, 0.0, 0.0], [0.0, 0.0, 0.0], [0.0, 0.0, 0.0], [0.0, 0.0, 0.0], [0.0, 0.0, 0.0], [0.0, 0.0, 0.0], [0.0, 0.0, 0.0], [0.0, 0.0, 0.0], [0.0, 0.0, 0.0], [0.0, 0.0, 0.0], [0.0, 0.0, 0.0], [0.0, 0.0, 0.0], [0.0, 0.0, 0.0], [0.0, 0.0, 0.0], [0.0, 0.0, 0.0], [0.0, 0.0, 0.0], [0.0, 0.0, 0.0], [0.0, 0.0, 0.0], [0.0, 0.0, 0.0], [0.0, 0.0, 0.0], [0.0, 0.0, 0.0], [0.0, 0.0, 0.0]], "head_info": {"pos": [810.1078491210938, 195.30300903320312, -44.343597412109375], "vec": [0.1324266642332077, -0.02954060584306717, -0.9907525181770325]}, "left_hand_info": {"thumb": [-0.4489831328392029, -0.3040778636932373, -0.8402088284492493], "index": [0.8932456374168396, -0.17688576877117157, -0.41330817341804504], "palm": [-0.02294311858713627, -0.9360812306404114, 0.351034939289093], "pos": [961.734375, 227.29908752441406, -10.583663940429688]}, "right_hand_info": {"thumb": [-0.3780421316623688, -0.5735332369804382, -0.7267351150512695], "index": [-0.877318799495697, -0.02872912399470806, 0.47904738783836365], "palm": [-0.29562801122665405, 0.8186783790588379, -0.4923105537891388], "pos": [650.3255004882812, 227.95083618164062, 1.7602092027664185]}, "left_heel_info": {"pos": [840.5841064453125, 559.4111328125, 15.527688026428223], "vec": [0.09488186985254288, 0.22394315898418427, -0.9699726700782776]}, "right_heel_info": {"pos": [785.385009765625, 564.5357666015625, 15.558592796325684], "vec": [-0.11811511963605881, 0.1705257147550583, -0.9782482981681824]}}