{"pred_joints_img": [[812.672607421875, 194.79473876953125, -28.885963439941406], [809.8399658203125, 236.90036010742188, -0.6715224385261536], [776.0938720703125, 248.5179901123047, -5.688296794891357], [766.7442016601562, 308.996337890625, 0.2740246057510376], [757.847412109375, 357.9477844238281, -25.850114822387695], [852.1258544921875, 249.47149658203125, 5.33247184753418], [847.1738891601562, 305.3907775878906, 25.87447738647461], [858.9221801757812, 353.9078369140625, -1.5976494550704956], [812.3958129882812, 344.91363525390625, 3.082162857055664], [798.0286254882812, 369.2987365722656, 4.913186550140381], [788.7096557617188, 448.353271484375, -9.857492446899414], [787.515625, 539.43701171875, -2.655048131942749], [824.7613525390625, 366.4669494628906, 9.986522674560547], [839.1624755859375, 449.33148193359375, -2.4723291397094727], [832.512451171875, 538.9091186523438, 6.954793930053711], [0.0, 0.0, 0.0], [0.0, 0.0, 0.0], [0.0, 0.0, 0.0], [0.0, 0.0, 0.0], [0.0, 0.0, 0.0], [0.0, 0.0, 0.0], [0.0, 0.0, 0.0], [0.0, 0.0, 0.0], [0.0, 0.0, 0.0], [0.0, 0.0, 0.0], [0.0, 0.0, 0.0], [0.0, 0.0, 0.0], [0.0, 0.0, 0.0], [0.0, 0.0, 0.0], [0.0, 0.0, 0.0], [0.0, 0.0, 0.0], [0.0, 0.0, 0.0], [0.0, 0.0, 0.0], [0.0, 0.0, 0.0], [0.0, 0.0, 0.0], [0.0, 0.0, 0.0], [0.0, 0.0, 0.0], [0.0, 0.0, 0.0], [0.0, 0.0, 0.0], [0.0, 0.0, 0.0], [0.0, 0.0, 0.0], [0.0, 0.0, 0.0], [0.0, 0.0, 0.0], [0.0, 0.0, 0.0], [0.0, 0.0, 0.0], [0.0, 0.0, 0.0], [0.0, 0.0, 0.0], [0.0, 0.0, 0.0], [0.0, 0.0, 0.0]], "head_info": {"pos": [812.672607421875, 194.79473876953125, -28.885963439941406], "vec": [-0.019747063517570496, -0.09552426636219025, -0.9952312111854553]}, "left_hand_info": {"thumb": [-0.013463258743286133, 0.5475042462348938, -0.8366946578025818], "index": [0.27921974658966064, 0.8055421710014343, 0.5226261615753174], "palm": [0.960132896900177, -0.22658544778823853, -0.16371923685073853], "pos": [858.9221801757812, 353.9078369140625, -1.5976494550704956]}, "right_hand_info": {"thumb": [-0.2955683767795563, 0.44788306951522827, -0.8438246846199036], "index": [-0.3700219988822937, 0.7606687545776367, 0.5333542227745056], "palm": [0.880751371383667, 0.46987631916999817, -0.059103015810251236], "pos": [757.847412109375, 357.9477844238281, -25.850114822387695]}, "left_heel_info": {"pos": [834.05419921875, 547.0938720703125, 22.458477020263672], "vec": [0.2978614270687103, 0.18474772572517395, -0.9365611672401428]}, "right_heel_info": {"pos": [786.1234130859375, 549.7769165039062, 14.467381477355957], "vec": [-0.04863271117210388, 0.1653263121843338, -0.9850391149520874]}}