{"pred_joints_img": [[806.0034790039062, 199.7462615966797, -29.65424156188965], [802.6982421875, 239.80853271484375, -1.2668124437332153], [770.57568359375, 253.07733154296875, 6.204096794128418], [766.1026611328125, 310.83416748046875, 22.24170684814453], [752.36669921875, 357.9038391113281, -2.509145975112915], [844.2789916992188, 252.1870574951172, -7.812539577484131], [849.5323486328125, 307.2245178222656, 11.156366348266602], [862.5540161132812, 354.5810546875, -15.08458137512207], [808.1718139648438, 345.27569580078125, 2.9075875282287598], [795.0436401367188, 369.0943908691406, 8.419389724731445], [782.5872192382812, 446.2441101074219, -5.30637264251709], [783.514892578125, 535.3233642578125, 2.0084969997406006], [821.5243530273438, 366.40106201171875, 6.467008590698242], [832.4218139648438, 447.2435302734375, -10.433158874511719], [827.9745483398438, 534.6471557617188, 1.6292458772659302], [0.0, 0.0, 0.0], [0.0, 0.0, 0.0], [0.0, 0.0, 0.0], [0.0, 0.0, 0.0], [0.0, 0.0, 0.0], [0.0, 0.0, 0.0], [0.0, 0.0, 0.0], [0.0, 0.0, 0.0], [0.0, 0.0, 0.0], [0.0, 0.0, 0.0], [0.0, 0.0, 0.0], [0.0, 0.0, 0.0], [0.0, 0.0, 0.0], [0.0, 0.0, 0.0], [0.0, 0.0, 0.0], [0.0, 0.0, 0.0], [0.0, 0.0, 0.0], [0.0, 0.0, 0.0], [0.0, 0.0, 0.0], [0.0, 0.0, 0.0], [0.0, 0.0, 0.0], [0.0, 0.0, 0.0], [0.0, 0.0, 0.0], [0.0, 0.0, 0.0], [0.0, 0.0, 0.0], [0.0, 0.0, 0.0], [0.0, 0.0, 0.0], [0.0, 0.0, 0.0], [0.0, 0.0, 0.0], [0.0, 0.0, 0.0], [0.0, 0.0, 0.0], [0.0, 0.0, 0.0], [0.0, 0.0, 0.0], [0.0, 0.0, 0.0]], "head_info": {"pos": [806.0034790039062, 199.7462615966797, -29.65424156188965], "vec": [0.041891057044267654, -0.03723762556910515, -0.9984279870986938]}, "left_hand_info": {"thumb": [0.11880284547805786, 0.08262329548597336, -0.9894742369651794], "index": [0.6611250638961792, 0.73692387342453, 0.14091384410858154], "palm": [0.740809977054596, -0.6709072589874268, 0.03292432054877281], "pos": [862.5540161132812, 354.5810546875, -15.08458137512207]}, "right_hand_info": {"thumb": [-0.4435669183731079, -0.5196139812469482, -0.7302395105361938], "index": [-0.623178243637085, 0.76439368724823, -0.16538189351558685], "palm": [0.64412522315979, 0.3817114233970642, -0.6628718972206116], "pos": [752.36669921875, 357.9038391113281, -2.509145975112915]}, "left_heel_info": {"pos": [832.4155883789062, 542.33154296875, 16.602558135986328], "vec": [0.11054326593875885, 0.20913445949554443, -0.9716187119483948]}, "right_heel_info": {"pos": [786.3746948242188, 545.4532470703125, 18.478403091430664], "vec": [-0.2812468409538269, 0.15462303161621094, -0.9470965266227722]}}