{"pred_joints_img": [[818.102294921875, 193.703857421875, -22.419824600219727], [815.468505859375, 237.7914276123047, 3.9452664852142334], [780.5830688476562, 251.31422424316406, 1.7615875005722046], [775.3245239257812, 313.281494140625, 4.790401458740234], [771.607666015625, 367.1502685546875, -13.383049964904785], [858.5538940429688, 252.54824829101562, -2.4919424057006836], [857.3118896484375, 312.242431640625, 7.490447998046875], [862.49267578125, 364.28875732421875, -17.030847549438477], [818.296142578125, 347.1514892578125, 2.9738917350769043], [804.24072265625, 371.85821533203125, 6.377140998840332], [792.7373046875, 452.02801513671875, -7.988485336303711], [792.5838012695312, 544.533203125, -2.332362413406372], [831.4990234375, 369.1473083496094, 7.348443031311035], [845.535888671875, 452.8682556152344, -8.607246398925781], [841.7125854492188, 544.073974609375, -1.2554587125778198], [0.0, 0.0, 0.0], [0.0, 0.0, 0.0], [0.0, 0.0, 0.0], [0.0, 0.0, 0.0], [0.0, 0.0, 0.0], [0.0, 0.0, 0.0], [0.0, 0.0, 0.0], [0.0, 0.0, 0.0], [0.0, 0.0, 0.0], [0.0, 0.0, 0.0], [0.0, 0.0, 0.0], [0.0, 0.0, 0.0], [0.0, 0.0, 0.0], [0.0, 0.0, 0.0], [0.0, 0.0, 0.0], [0.0, 0.0, 0.0], [0.0, 0.0, 0.0], [0.0, 0.0, 0.0], [0.0, 0.0, 0.0], [0.0, 0.0, 0.0], [0.0, 0.0, 0.0], [0.0, 0.0, 0.0], [0.0, 0.0, 0.0], [0.0, 0.0, 0.0], [0.0, 0.0, 0.0], [0.0, 0.0, 0.0], [0.0, 0.0, 0.0], [0.0, 0.0, 0.0], [0.0, 0.0, 0.0], [0.0, 0.0, 0.0], [0.0, 0.0, 0.0], [0.0, 0.0, 0.0], [0.0, 0.0, 0.0], [0.0, 0.0, 0.0]], "head_info": {"pos": [818.102294921875, 193.703857421875, -22.419824600219727], "vec": [-0.053142040967941284, -0.13958323001861572, -0.9887833595275879]}, "left_hand_info": {"thumb": [0.40190303325653076, 0.3695778250694275, -0.8377864956855774], "index": [0.244886115193367, 0.838224470615387, 0.48724785447120667], "palm": [0.8823291063308716, -0.4009886384010315, 0.24638047814369202], "pos": [862.49267578125, 364.28875732421875, -17.030847549438477]}, "right_hand_info": {"thumb": [-0.36045393347740173, 0.38400882482528687, -0.8500648140907288], "index": [-0.07851380109786987, 0.895602285861969, 0.4378722310066223], "palm": [0.9294667840003967, 0.22457459568977356, -0.29267337918281555], "pos": [771.607666015625, 367.1502685546875, -13.383049964904785]}, "left_heel_info": {"pos": [845.1228637695312, 552.5383911132812, 14.174895286560059], "vec": [0.1928398162126541, 0.1743043214082718, -0.9656245708465576]}, "right_heel_info": {"pos": [793.3890991210938, 555.2177734375, 14.785186767578125], "vec": [-0.18656672537326813, 0.14072851836681366, -0.9723107814788818]}}