{"pred_joints_img": [[810.7340698242188, 196.28793334960938, -24.777406692504883], [808.4256591796875, 240.14785766601562, 0.9345163702964783], [774.7733154296875, 255.2181854248047, 1.4296529293060303], [773.2473754882812, 315.8752136230469, 9.145153999328613], [771.2117309570312, 368.8589172363281, -8.397706985473633], [851.179443359375, 251.7905731201172, -8.276297569274902], [852.9675903320312, 310.75482177734375, -0.6314684152603149], [847.9646606445312, 353.4158630371094, -37.524375915527344], [815.40673828125, 347.6412658691406, 3.058223247528076], [801.8533325195312, 372.0362548828125, 8.000879287719727], [789.59716796875, 450.9972229003906, -3.481846809387207], [789.1979370117188, 538.3900756835938, 21.918764114379883], [829.0707397460938, 369.11834716796875, 7.197360515594482], [839.638916015625, 452.17510986328125, -5.976747035980225], [833.686279296875, 541.0612182617188, 6.574090957641602], [0.0, 0.0, 0.0], [0.0, 0.0, 0.0], [0.0, 0.0, 0.0], [0.0, 0.0, 0.0], [0.0, 0.0, 0.0], [0.0, 0.0, 0.0], [0.0, 0.0, 0.0], [0.0, 0.0, 0.0], [0.0, 0.0, 0.0], [0.0, 0.0, 0.0], [0.0, 0.0, 0.0], [0.0, 0.0, 0.0], [0.0, 0.0, 0.0], [0.0, 0.0, 0.0], [0.0, 0.0, 0.0], [0.0, 0.0, 0.0], [0.0, 0.0, 0.0], [0.0, 0.0, 0.0], [0.0, 0.0, 0.0], [0.0, 0.0, 0.0], [0.0, 0.0, 0.0], [0.0, 0.0, 0.0], [0.0, 0.0, 0.0], [0.0, 0.0, 0.0], [0.0, 0.0, 0.0], [0.0, 0.0, 0.0], [0.0, 0.0, 0.0], [0.0, 0.0, 0.0], [0.0, 0.0, 0.0], [0.0, 0.0, 0.0], [0.0, 0.0, 0.0], [0.0, 0.0, 0.0], [0.0, 0.0, 0.0], [0.0, 0.0, 0.0]], "head_info": {"pos": [810.7340698242188, 196.28793334960938, -24.777406692504883], "vec": [0.031529419124126434, -0.15692885220050812, -0.987106442451477]}, "left_hand_info": {"thumb": [-0.4939325451850891, -0.6203992962837219, -0.6092087626457214], "index": [-0.17460757493972778, 0.7571421265602112, -0.6294822692871094], "palm": [0.8517880439758301, -0.20454932749271393, -0.48230358958244324], "pos": [847.9646606445312, 353.4158630371094, -37.524375915527344]}, "right_hand_info": {"thumb": [-0.5832962989807129, 0.5226322412490845, -0.6217885613441467], "index": [-0.26186153292655945, 0.6036380529403687, 0.7530269622802734], "palm": [0.7688913941383362, 0.6020603179931641, -0.21524254977703094], "pos": [771.2117309570312, 368.8589172363281, -8.397706985473633]}, "left_heel_info": {"pos": [838.5243530273438, 548.3944091796875, 21.733015060424805], "vec": [0.08357875049114227, 0.2338062971830368, -0.9686842560768127]}, "right_heel_info": {"pos": [789.6847534179688, 545.55224609375, 40.49697494506836], "vec": [-0.15297743678092957, 0.3246687650680542, -0.9333745837211609]}}