{"pred_joints_img": [[808.7845458984375, 203.0260772705078, -2.4233388900756836], [805.364501953125, 248.12220764160156, 17.806337356567383], [781.5770874023438, 245.33880615234375, 9.628993034362793], [766.665283203125, 197.8057403564453, -24.50434112548828], [770.9745483398438, 143.33718872070312, -32.51167297363281], [836.8970947265625, 240.31610107421875, 7.745469570159912], [849.1773071289062, 199.732666015625, -32.78477478027344], [846.5843505859375, 144.06141662597656, -38.30193328857422], [814.2744750976562, 351.2120361328125, 2.756239414215088], [801.5777587890625, 375.2402648925781, 4.862769603729248], [789.9963989257812, 452.6986083984375, -4.1833624839782715], [787.8189697265625, 541.5720825195312, 3.501572847366333], [827.3460693359375, 371.6644287109375, 7.432939529418945], [842.5108642578125, 452.5537109375, -2.189667224884033], [837.6118774414062, 539.6043701171875, 10.889434814453125], [0.0, 0.0, 0.0], [0.0, 0.0, 0.0], [0.0, 0.0, 0.0], [0.0, 0.0, 0.0], [0.0, 0.0, 0.0], [0.0, 0.0, 0.0], [0.0, 0.0, 0.0], [0.0, 0.0, 0.0], [0.0, 0.0, 0.0], [0.0, 0.0, 0.0], [0.0, 0.0, 0.0], [0.0, 0.0, 0.0], [0.0, 0.0, 0.0], [0.0, 0.0, 0.0], [0.0, 0.0, 0.0], [0.0, 0.0, 0.0], [0.0, 0.0, 0.0], [0.0, 0.0, 0.0], [0.0, 0.0, 0.0], [0.0, 0.0, 0.0], [0.0, 0.0, 0.0], [0.0, 0.0, 0.0], [0.0, 0.0, 0.0], [0.0, 0.0, 0.0], [0.0, 0.0, 0.0], [0.0, 0.0, 0.0], [0.0, 0.0, 0.0], [0.0, 0.0, 0.0], [0.0, 0.0, 0.0], [0.0, 0.0, 0.0], [0.0, 0.0, 0.0], [0.0, 0.0, 0.0], [0.0, 0.0, 0.0], [0.0, 0.0, 0.0]], "head_info": {"pos": [808.7845458984375, 203.0260772705078, -2.4233388900756836], "vec": [0.019879452884197235, -0.26664263010025024, -0.9635904431343079]}, "left_hand_info": {"thumb": [0.4580914378166199, 0.12188499420881271, 0.8805091381072998], "index": [0.4443046748638153, -0.8893365263938904, -0.10804589092731476], "palm": [0.7698997259140015, 0.4407092034816742, -0.4615515172481537], "pos": [846.5843505859375, 144.06141662597656, -38.30193328857422]}, "right_hand_info": {"thumb": [-0.9961321949958801, 0.08223295211791992, 0.030960053205490112], "index": [-0.08377522975206375, -0.9951092004776001, -0.052339524030685425], "palm": [0.026504600420594215, -0.054730769246816635, 0.9981493353843689], "pos": [770.9745483398438, 143.33718872070312, -32.51167297363281]}, "left_heel_info": {"pos": [839.3543090820312, 549.1234741210938, 26.032100677490234], "vec": [0.22485393285751343, 0.1569698303937912, -0.9616658091545105]}, "right_heel_info": {"pos": [788.1911010742188, 553.0899047851562, 20.663881301879883], "vec": [-0.08271484076976776, 0.13999025523662567, -0.9866918921470642]}}