{"pred_joints_img": [[807.5733642578125, 178.8206329345703, -5.493955135345459], [804.6043090820312, 226.65390014648438, 21.65726089477539], [781.3062744140625, 221.2874298095703, 19.778865814208984], [762.0801391601562, 158.8725128173828, 9.918893814086914], [756.9068603515625, 98.72390747070312, 12.867888450622559], [835.9789428710938, 216.96571350097656, 15.565459251403809], [854.1815185546875, 159.57376098632812, -6.555797100067139], [856.9434814453125, 98.5667724609375, -1.2290362119674683], [810.9110717773438, 338.6873779296875, 2.9921553134918213], [796.8042602539062, 364.62811279296875, 5.221554756164551], [785.7103271484375, 449.7706604003906, -2.628112316131592], [787.5284423828125, 547.112060546875, 4.978404521942139], [824.9423828125, 361.1807861328125, 7.21652364730835], [840.976318359375, 449.82818603515625, -2.479814291000366], [834.2922973632812, 545.2721557617188, 9.880195617675781], [0.0, 0.0, 0.0], [0.0, 0.0, 0.0], [0.0, 0.0, 0.0], [0.0, 0.0, 0.0], [0.0, 0.0, 0.0], [0.0, 0.0, 0.0], [0.0, 0.0, 0.0], [0.0, 0.0, 0.0], [0.0, 0.0, 0.0], [0.0, 0.0, 0.0], [0.0, 0.0, 0.0], [0.0, 0.0, 0.0], [0.0, 0.0, 0.0], [0.0, 0.0, 0.0], [0.0, 0.0, 0.0], [0.0, 0.0, 0.0], [0.0, 0.0, 0.0], [0.0, 0.0, 0.0], [0.0, 0.0, 0.0], [0.0, 0.0, 0.0], [0.0, 0.0, 0.0], [0.0, 0.0, 0.0], [0.0, 0.0, 0.0], [0.0, 0.0, 0.0], [0.0, 0.0, 0.0], [0.0, 0.0, 0.0], [0.0, 0.0, 0.0], [0.0, 0.0, 0.0], [0.0, 0.0, 0.0], [0.0, 0.0, 0.0], [0.0, 0.0, 0.0], [0.0, 0.0, 0.0], [0.0, 0.0, 0.0], [0.0, 0.0, 0.0]], "head_info": {"pos": [807.5733642578125, 178.8206329345703, -5.493955135345459], "vec": [-0.00907708890736103, -0.23171992599964142, -0.9727402329444885]}, "left_hand_info": {"thumb": [-0.8079339861869812, 0.025243381038308144, 0.588732123374939], "index": [-0.12072678655385971, -0.984980583190918, -0.12344330549240112], "palm": [0.5767735838890076, -0.1708097904920578, 0.7988468408584595], "pos": [856.9434814453125, 98.5667724609375, -1.2290362119674683]}, "right_hand_info": {"thumb": [0.5055285096168518, 0.038415491580963135, -0.8619543313980103], "index": [0.17107486724853516, -0.9836369156837463, 0.05649524927139282], "palm": [-0.845679759979248, -0.17601867020130157, -0.5038284063339233], "pos": [756.9068603515625, 98.72390747070312, 12.867888450622559]}, "left_heel_info": {"pos": [835.7904052734375, 554.5579833984375, 26.68764877319336], "vec": [0.18555483222007751, 0.24439716339111328, -0.9517560005187988]}, "right_heel_info": {"pos": [789.4261474609375, 558.308837890625, 24.198833465576172], "vec": [-0.07577984035015106, 0.2277265191078186, -0.9707719087600708]}}