{"pred_joints_img": [[819.3674926757812, 203.28329467773438, -23.647705078125], [812.8898315429688, 243.57989501953125, 2.6501986980438232], [779.6250610351562, 257.80413818359375, -4.280911922454834], [773.0125122070312, 317.541748046875, 3.876516342163086], [768.076904296875, 370.15234375, -12.933831214904785], [854.5358276367188, 258.65771484375, 9.341670989990234], [851.4168090820312, 316.3020324707031, 21.49517250061035], [865.1817626953125, 366.50323486328125, 0.2734738886356354], [816.1720581054688, 350.6977233886719, 2.8988537788391113], [802.24853515625, 375.02984619140625, 3.4645771980285645], [795.1453857421875, 454.2144775390625, -7.048853874206543], [795.4490966796875, 543.8029174804688, 4.024167537689209], [828.0465698242188, 371.9344177246094, 10.579824447631836], [844.3040771484375, 454.22833251953125, 3.460812568664551], [838.0806274414062, 542.73828125, 12.81790828704834], [0.0, 0.0, 0.0], [0.0, 0.0, 0.0], [0.0, 0.0, 0.0], [0.0, 0.0, 0.0], [0.0, 0.0, 0.0], [0.0, 0.0, 0.0], [0.0, 0.0, 0.0], [0.0, 0.0, 0.0], [0.0, 0.0, 0.0], [0.0, 0.0, 0.0], [0.0, 0.0, 0.0], [0.0, 0.0, 0.0], [0.0, 0.0, 0.0], [0.0, 0.0, 0.0], [0.0, 0.0, 0.0], [0.0, 0.0, 0.0], [0.0, 0.0, 0.0], [0.0, 0.0, 0.0], [0.0, 0.0, 0.0], [0.0, 0.0, 0.0], [0.0, 0.0, 0.0], [0.0, 0.0, 0.0], [0.0, 0.0, 0.0], [0.0, 0.0, 0.0], [0.0, 0.0, 0.0], [0.0, 0.0, 0.0], [0.0, 0.0, 0.0], [0.0, 0.0, 0.0], [0.0, 0.0, 0.0], [0.0, 0.0, 0.0], [0.0, 0.0, 0.0], [0.0, 0.0, 0.0], [0.0, 0.0, 0.0], [0.0, 0.0, 0.0]], "head_info": {"pos": [819.3674926757812, 203.28329467773438, -23.647705078125], "vec": [0.0861654058098793, -0.0364217646420002, -0.9956148862838745]}, "left_hand_info": {"thumb": [0.640038788318634, 0.2108776867389679, -0.7388375997543335], "index": [0.4073663651943207, 0.7221856117248535, 0.5590174794197083], "palm": [0.651462197303772, -0.6587705016136169, 0.37632232904434204], "pos": [865.1817626953125, 366.50323486328125, 0.2734738886356354]}, "right_hand_info": {"thumb": [-0.079593725502491, 0.25135380029678345, -0.964617133140564], "index": [-0.4149494469165802, 0.8715063333511353, 0.26133042573928833], "palm": [0.9063563942909241, 0.42106759548187256, 0.03493267670273781], "pos": [768.076904296875, 370.15234375, -12.933831214904785]}, "left_heel_info": {"pos": [838.07666015625, 550.7734985351562, 28.237611770629883], "vec": [0.41205453872680664, 0.1706906259059906, -0.8950283527374268]}, "right_heel_info": {"pos": [793.3264770507812, 553.4405517578125, 20.951833724975586], "vec": [-0.0031538940966129303, 0.18737618625164032, -0.9822832345962524]}}