{"pred_joints_img": [[823.8096313476562, 196.7510223388672, -19.386959075927734], [819.8925170898438, 239.33465576171875, 4.406122207641602], [788.78857421875, 250.91943359375, 12.560835838317871], [783.7884521484375, 307.79791259765625, 27.261493682861328], [784.1591186523438, 355.3816833496094, 1.9833307266235352], [851.8294067382812, 241.00454711914062, -17.542701721191406], [859.5975341796875, 260.0348815917969, -71.03375244140625], [855.1671752929688, 235.95266723632812, -119.87763977050781], [822.9680786132812, 343.235595703125, 2.888655185699463], [809.8934326171875, 366.2201843261719, 9.207186698913574], [797.8499755859375, 440.9823913574219, -7.421395778656006], [795.552978515625, 512.3143920898438, 43.217254638671875], [835.624267578125, 364.2491455078125, 5.726055145263672], [841.1433715820312, 444.9454650878906, -3.9944100379943848], [831.8646850585938, 529.8173828125, 9.807221412658691], [0.0, 0.0, 0.0], [0.0, 0.0, 0.0], [0.0, 0.0, 0.0], [0.0, 0.0, 0.0], [0.0, 0.0, 0.0], [0.0, 0.0, 0.0], [0.0, 0.0, 0.0], [0.0, 0.0, 0.0], [0.0, 0.0, 0.0], [0.0, 0.0, 0.0], [0.0, 0.0, 0.0], [0.0, 0.0, 0.0], [0.0, 0.0, 0.0], [0.0, 0.0, 0.0], [0.0, 0.0, 0.0], [0.0, 0.0, 0.0], [0.0, 0.0, 0.0], [0.0, 0.0, 0.0], [0.0, 0.0, 0.0], [0.0, 0.0, 0.0], [0.0, 0.0, 0.0], [0.0, 0.0, 0.0], [0.0, 0.0, 0.0], [0.0, 0.0, 0.0], [0.0, 0.0, 0.0], [0.0, 0.0, 0.0], [0.0, 0.0, 0.0], [0.0, 0.0, 0.0], [0.0, 0.0, 0.0], [0.0, 0.0, 0.0], [0.0, 0.0, 0.0], [0.0, 0.0, 0.0], [0.0, 0.0, 0.0], [0.0, 0.0, 0.0]], "head_info": {"pos": [823.8096313476562, 196.7510223388672, -19.386959075927734], "vec": [0.05077022314071655, -0.1698179692029953, -0.9841667413711548]}, "left_hand_info": {"thumb": [0.7846768498420715, 0.05071514844894409, 0.6178270578384399], "index": [-0.10527495294809341, -0.9712690114974976, 0.21343331038951874], "palm": [0.6109005212783813, -0.23251785337924957, -0.756793200969696], "pos": [855.1671752929688, 235.95266723632812, -119.87763977050781]}, "right_hand_info": {"thumb": [0.10853488743305206, -0.5538678765296936, -0.8255001902580261], "index": [0.10386444628238678, 0.8321788311004639, -0.5446930527687073], "palm": [0.9886518120765686, -0.02662191540002823, 0.14784762263298035], "pos": [784.1591186523438, 355.3816833496094, 1.9833307266235352]}, "left_heel_info": {"pos": [837.499267578125, 537.5682983398438, 24.025869369506836], "vec": [-0.019527126103639603, 0.2190350592136383, -0.9755216240882874]}, "right_heel_info": {"pos": [796.3656616210938, 514.272216796875, 62.441959381103516], "vec": [-0.16864803433418274, 0.5480066537857056, -0.8192964792251587]}}