{"pred_joints_img": [[809.7140502929688, 201.26861572265625, -14.58701229095459], [805.8959350585938, 244.8741455078125, 11.415997505187988], [780.4763793945312, 244.03602600097656, -0.46260735392570496], [770.2246704101562, 221.35777282714844, -57.02602005004883], [773.4583129882812, 181.0026397705078, -96.48307800292969], [840.8169555664062, 240.9761505126953, -1.624599575996399], [850.3341064453125, 231.43077087402344, -60.11517333984375], [848.6265258789062, 185.26687622070312, -94.0877456665039], [813.4732666015625, 351.3407897949219, 2.9649014472961426], [800.056640625, 375.80828857421875, 5.382123947143555], [788.28515625, 455.1029052734375, -4.466180801391602], [786.2799072265625, 546.3239135742188, 2.677055597305298], [826.6901245117188, 372.46038818359375, 7.9468183517456055], [842.4832153320312, 454.89117431640625, -4.7585129737854], [838.4244995117188, 544.5740966796875, 6.141582489013672], [0.0, 0.0, 0.0], [0.0, 0.0, 0.0], [0.0, 0.0, 0.0], [0.0, 0.0, 0.0], [0.0, 0.0, 0.0], [0.0, 0.0, 0.0], [0.0, 0.0, 0.0], [0.0, 0.0, 0.0], [0.0, 0.0, 0.0], [0.0, 0.0, 0.0], [0.0, 0.0, 0.0], [0.0, 0.0, 0.0], [0.0, 0.0, 0.0], [0.0, 0.0, 0.0], [0.0, 0.0, 0.0], [0.0, 0.0, 0.0], [0.0, 0.0, 0.0], [0.0, 0.0, 0.0], [0.0, 0.0, 0.0], [0.0, 0.0, 0.0], [0.0, 0.0, 0.0], [0.0, 0.0, 0.0], [0.0, 0.0, 0.0], [0.0, 0.0, 0.0], [0.0, 0.0, 0.0], [0.0, 0.0, 0.0], [0.0, 0.0, 0.0], [0.0, 0.0, 0.0], [0.0, 0.0, 0.0], [0.0, 0.0, 0.0], [0.0, 0.0, 0.0], [0.0, 0.0, 0.0], [0.0, 0.0, 0.0], [0.0, 0.0, 0.0]], "head_info": {"pos": [809.7140502929688, 201.26861572265625, -14.58701229095459], "vec": [0.003169036703184247, -0.17164917290210724, -0.985153079032898]}, "left_hand_info": {"thumb": [0.7791977524757385, -0.6260852217674255, 0.029463764280080795], "index": [-0.41860389709472656, -0.4848371744155884, 0.7679217457771301], "palm": [-0.46649929881095886, -0.61069655418396, -0.6398657560348511], "pos": [848.6265258789062, 185.26687622070312, -94.0877456665039]}, "right_hand_info": {"thumb": [0.46111491322517395, -0.5267598032951355, 0.7140709161758423], "index": [0.11467572301626205, -0.7626067996025085, -0.6366164088249207], "palm": [0.8798991441726685, 0.3754398822784424, -0.291242778301239], "pos": [773.4583129882812, 181.0026397705078, -96.48307800292969]}, "left_heel_info": {"pos": [840.8203735351562, 553.7003784179688, 21.537771224975586], "vec": [0.21956337988376617, 0.17299069464206696, -0.9601386189460754]}, "right_heel_info": {"pos": [786.83935546875, 557.900634765625, 19.8599910736084], "vec": [-0.12418725341558456, 0.1373123973608017, -0.9827119708061218]}}