{"pred_joints_img": [[828.041748046875, 195.654541015625, -23.22231674194336], [821.9607543945312, 238.65716552734375, 0.006605303846299648], [789.6702270507812, 249.92628479003906, 1.1379719972610474], [777.99853515625, 307.74517822265625, 3.931715965270996], [778.2400512695312, 355.1590576171875, -22.130186080932617], [852.5042724609375, 240.6113739013672, -21.62166404724121], [859.7185668945312, 253.45785522460938, -77.07442474365234], [853.8614501953125, 239.41229248046875, -129.79493713378906], [823.98046875, 340.5054931640625, 2.82096004486084], [810.1832275390625, 363.20880126953125, 6.694948196411133], [800.8204345703125, 427.76324462890625, -35.83404541015625], [799.9910888671875, 513.0877075195312, -14.45254135131836], [835.7444458007812, 361.40167236328125, 7.148337364196777], [843.57373046875, 441.9483947753906, -4.784282684326172], [832.295654296875, 527.2631225585938, 7.275528907775879], [0.0, 0.0, 0.0], [0.0, 0.0, 0.0], [0.0, 0.0, 0.0], [0.0, 0.0, 0.0], [0.0, 0.0, 0.0], [0.0, 0.0, 0.0], [0.0, 0.0, 0.0], [0.0, 0.0, 0.0], [0.0, 0.0, 0.0], [0.0, 0.0, 0.0], [0.0, 0.0, 0.0], [0.0, 0.0, 0.0], [0.0, 0.0, 0.0], [0.0, 0.0, 0.0], [0.0, 0.0, 0.0], [0.0, 0.0, 0.0], [0.0, 0.0, 0.0], [0.0, 0.0, 0.0], [0.0, 0.0, 0.0], [0.0, 0.0, 0.0], [0.0, 0.0, 0.0], [0.0, 0.0, 0.0], [0.0, 0.0, 0.0], [0.0, 0.0, 0.0], [0.0, 0.0, 0.0], [0.0, 0.0, 0.0], [0.0, 0.0, 0.0], [0.0, 0.0, 0.0], [0.0, 0.0, 0.0], [0.0, 0.0, 0.0], [0.0, 0.0, 0.0], [0.0, 0.0, 0.0], [0.0, 0.0, 0.0], [0.0, 0.0, 0.0]], "head_info": {"pos": [828.041748046875, 195.654541015625, -23.22231674194336], "vec": [0.12437839806079865, -0.21307891607284546, -0.9690858721733093]}, "left_hand_info": {"thumb": [-0.8114430904388428, -0.510294497013092, 0.28488534688949585], "index": [-0.17035681009292603, -0.25976425409317017, -0.950526773929596], "palm": [0.5590515732765198, -0.8198304772377014, 0.12385175377130508], "pos": [853.8614501953125, 239.41229248046875, -129.79493713378906]}, "right_hand_info": {"thumb": [0.3537426292896271, -0.530692994594574, -0.7702150344848633], "index": [0.12161821126937866, 0.8425636887550354, -0.5246860384941101], "palm": [0.9274024367332458, 0.09193165600299835, 0.3625926077365875], "pos": [778.2400512695312, 355.1590576171875, -22.130186080932617]}, "left_heel_info": {"pos": [835.2088623046875, 534.550537109375, 22.54538345336914], "vec": [0.14962448179721832, 0.257015585899353, -0.9547542333602905]}, "right_heel_info": {"pos": [801.0728759765625, 520.7711791992188, 3.301443099975586], "vec": [-0.14599670469760895, 0.29146823287010193, -0.9453735947608948]}}