{"pred_joints_img": [[817.9378662109375, 192.55014038085938, -25.968189239501953], [816.1004028320312, 236.6690673828125, 1.3852461576461792], [781.196533203125, 250.37681579589844, 2.3317370414733887], [775.8353271484375, 312.275390625, 6.447598934173584], [770.9569091796875, 366.20062255859375, -11.138737678527832], [858.5935668945312, 251.51329040527344, -9.059465408325195], [857.9296875, 310.9156494140625, 2.6123061180114746], [861.8701782226562, 364.06884765625, -19.54175567626953], [819.2247314453125, 346.0105285644531, 3.0104587078094482], [805.3501586914062, 370.6426696777344, 7.974264621734619], [792.511474609375, 450.76611328125, -4.88917875289917], [792.1207275390625, 543.2196044921875, -0.28015848994255066], [832.7461547851562, 368.0611267089844, 6.508474349975586], [844.761962890625, 451.5262451171875, -11.719575881958008], [841.3445434570312, 542.4176025390625, -1.8790780305862427], [0.0, 0.0, 0.0], [0.0, 0.0, 0.0], [0.0, 0.0, 0.0], [0.0, 0.0, 0.0], [0.0, 0.0, 0.0], [0.0, 0.0, 0.0], [0.0, 0.0, 0.0], [0.0, 0.0, 0.0], [0.0, 0.0, 0.0], [0.0, 0.0, 0.0], [0.0, 0.0, 0.0], [0.0, 0.0, 0.0], [0.0, 0.0, 0.0], [0.0, 0.0, 0.0], [0.0, 0.0, 0.0], [0.0, 0.0, 0.0], [0.0, 0.0, 0.0], [0.0, 0.0, 0.0], [0.0, 0.0, 0.0], [0.0, 0.0, 0.0], [0.0, 0.0, 0.0], [0.0, 0.0, 0.0], [0.0, 0.0, 0.0], [0.0, 0.0, 0.0], [0.0, 0.0, 0.0], [0.0, 0.0, 0.0], [0.0, 0.0, 0.0], [0.0, 0.0, 0.0], [0.0, 0.0, 0.0], [0.0, 0.0, 0.0], [0.0, 0.0, 0.0], [0.0, 0.0, 0.0], [0.0, 0.0, 0.0], [0.0, 0.0, 0.0]], "head_info": {"pos": [817.9378662109375, 192.55014038085938, -25.968189239501953], "vec": [-0.0705418512225151, -0.1390480399131775, -0.9877699613571167]}, "left_hand_info": {"thumb": [0.382745623588562, 0.4176469147205353, -0.8240610957145691], "index": [0.23444534838199615, 0.8188740015029907, 0.5239091515541077], "palm": [0.8936113119125366, -0.39372125267982483, 0.21550507843494415], "pos": [861.8701782226562, 364.06884765625, -19.54175567626953]}, "right_hand_info": {"thumb": [-0.34855982661247253, 0.35640600323677063, -0.866879940032959], "index": [-0.13588713109493256, 0.8958951234817505, 0.4229734539985657], "palm": [0.9273838400840759, 0.26522940397262573, -0.26384207606315613], "pos": [770.9569091796875, 366.20062255859375, -11.138737678527832]}, "left_heel_info": {"pos": [846.2151489257812, 550.5997924804688, 13.334336280822754], "vec": [0.0999167189002037, 0.1940491497516632, -0.9758901596069336]}, "right_heel_info": {"pos": [793.786865234375, 553.9788818359375, 16.723390579223633], "vec": [-0.23537014424800873, 0.13661819696426392, -0.9622558355331421]}}