{"pred_joints_img": [[803.929443359375, 200.91778564453125, -25.490440368652344], [798.6937866210938, 242.0918731689453, 1.5821212530136108], [764.1829223632812, 254.891357421875, -1.0220024585723877], [755.6799926757812, 314.6884460449219, 11.689029693603516], [747.5541381835938, 365.7774658203125, -10.818178176879883], [841.1967163085938, 258.031982421875, 6.743708610534668], [836.9691772460938, 315.72564697265625, 22.738483428955078], [851.9932861328125, 367.9249267578125, 4.822945594787598], [801.7427978515625, 351.0095520019531, 3.0096852779388428], [787.8932495117188, 375.9224853515625, 4.1597089767456055], [783.072509765625, 455.95672607421875, -10.328291893005371], [785.1087036132812, 546.4151611328125, 5.203672409057617], [814.4365844726562, 372.4984436035156, 10.1034517288208], [832.1699829101562, 455.33990478515625, -1.8313456773757935], [827.3947143554688, 545.44140625, 7.768030643463135], [0.0, 0.0, 0.0], [0.0, 0.0, 0.0], [0.0, 0.0, 0.0], [0.0, 0.0, 0.0], [0.0, 0.0, 0.0], [0.0, 0.0, 0.0], [0.0, 0.0, 0.0], [0.0, 0.0, 0.0], [0.0, 0.0, 0.0], [0.0, 0.0, 0.0], [0.0, 0.0, 0.0], [0.0, 0.0, 0.0], [0.0, 0.0, 0.0], [0.0, 0.0, 0.0], [0.0, 0.0, 0.0], [0.0, 0.0, 0.0], [0.0, 0.0, 0.0], [0.0, 0.0, 0.0], [0.0, 0.0, 0.0], [0.0, 0.0, 0.0], [0.0, 0.0, 0.0], [0.0, 0.0, 0.0], [0.0, 0.0, 0.0], [0.0, 0.0, 0.0], [0.0, 0.0, 0.0], [0.0, 0.0, 0.0], [0.0, 0.0, 0.0], [0.0, 0.0, 0.0], [0.0, 0.0, 0.0], [0.0, 0.0, 0.0], [0.0, 0.0, 0.0], [0.0, 0.0, 0.0], [0.0, 0.0, 0.0], [0.0, 0.0, 0.0]], "head_info": {"pos": [803.929443359375, 200.91778564453125, -25.490440368652344], "vec": [0.04261508211493492, -0.045436810702085495, -0.9980578422546387]}, "left_hand_info": {"thumb": [0.34721142053604126, 0.3320266902446747, -0.8770419359207153], "index": [0.4421303868293762, 0.7668052315711975, 0.4653284251689911], "palm": [0.8270217180252075, -0.5493341684341431, 0.11944442987442017], "pos": [851.9932861328125, 367.9249267578125, 4.822945594787598]}, "right_hand_info": {"thumb": [-0.27101099491119385, -0.10389446467161179, -0.9569530487060547], "index": [-0.41432929039001465, 0.9099380970001221, 0.018548723310232162], "palm": [0.8688408136367798, 0.4015205204486847, -0.28964969515800476], "pos": [747.5541381835938, 365.7774658203125, -10.818178176879883]}, "left_heel_info": {"pos": [828.3685913085938, 553.5673828125, 23.52758026123047], "vec": [0.3503527045249939, 0.17960381507873535, -0.9192363023757935]}, "right_heel_info": {"pos": [783.3863525390625, 555.62255859375, 22.8612117767334], "vec": [-0.0053546857088804245, 0.22135326266288757, -0.9751790165901184]}}