{"pred_joints_img": [[805.342041015625, 175.88131713867188, -0.49110567569732666], [801.3310546875, 226.04010009765625, 23.9300537109375], [777.0558471679688, 221.06222534179688, 19.59465980529785], [761.7529296875, 157.04844665527344, 6.831247806549072], [765.12744140625, 96.08299255371094, 13.179859161376953], [833.1951293945312, 214.68814086914062, 17.068498611450195], [844.38134765625, 154.59674072265625, -5.328792095184326], [839.529541015625, 93.6734619140625, 6.605282306671143], [811.0260009765625, 338.65576171875, 3.0832438468933105], [797.0930786132812, 365.1192321777344, 5.164790630340576], [784.9254150390625, 451.50921630859375, -0.3947541415691376], [785.4252319335938, 549.6993408203125, 13.413430213928223], [825.5353393554688, 361.1449890136719, 7.775893688201904], [842.3584594726562, 451.23944091796875, 1.3828755617141724], [834.3046875, 546.8292236328125, 21.20063591003418], [0.0, 0.0, 0.0], [0.0, 0.0, 0.0], [0.0, 0.0, 0.0], [0.0, 0.0, 0.0], [0.0, 0.0, 0.0], [0.0, 0.0, 0.0], [0.0, 0.0, 0.0], [0.0, 0.0, 0.0], [0.0, 0.0, 0.0], [0.0, 0.0, 0.0], [0.0, 0.0, 0.0], [0.0, 0.0, 0.0], [0.0, 0.0, 0.0], [0.0, 0.0, 0.0], [0.0, 0.0, 0.0], [0.0, 0.0, 0.0], [0.0, 0.0, 0.0], [0.0, 0.0, 0.0], [0.0, 0.0, 0.0], [0.0, 0.0, 0.0], [0.0, 0.0, 0.0], [0.0, 0.0, 0.0], [0.0, 0.0, 0.0], [0.0, 0.0, 0.0], [0.0, 0.0, 0.0], [0.0, 0.0, 0.0], [0.0, 0.0, 0.0], [0.0, 0.0, 0.0], [0.0, 0.0, 0.0], [0.0, 0.0, 0.0], [0.0, 0.0, 0.0], [0.0, 0.0, 0.0], [0.0, 0.0, 0.0], [0.0, 0.0, 0.0]], "head_info": {"pos": [805.342041015625, 175.88131713867188, -0.49110567569732666], "vec": [0.05829128623008728, -0.28680360317230225, -0.9562143087387085]}, "left_hand_info": {"thumb": [0.9361956119537354, 0.27149903774261475, 0.22321753203868866], "index": [0.24872620403766632, -0.9604693651199341, 0.12503542006015778], "palm": [0.24834059178829193, -0.06153756007552147, -0.9667161107063293], "pos": [839.529541015625, 93.6734619140625, 6.605282306671143]}, "right_hand_info": {"thumb": [-0.7916198372840881, -0.1479104608297348, -0.5928410887718201], "index": [0.06048785150051117, -0.9844624400138855, 0.16484840214252472], "palm": [-0.6080125570297241, 0.09463758766651154, 0.7882667183876038], "pos": [765.12744140625, 96.08299255371094, 13.179859161376953]}, "left_heel_info": {"pos": [835.2752075195312, 555.8768310546875, 38.85993194580078], "vec": [0.23230886459350586, 0.2583651840686798, -0.9376993179321289]}, "right_heel_info": {"pos": [785.9715576171875, 560.447509765625, 33.833290100097656], "vec": [-0.0334220752120018, 0.25398683547973633, -0.9666299819946289]}}