{"pred_joints_img": [[812.7495727539062, 198.33042907714844, -30.504047393798828], [809.6625366210938, 240.08973693847656, -5.8859124183654785], [777.0303344726562, 248.09860229492188, -4.487224102020264], [757.075927734375, 302.57080078125, -7.333868026733398], [749.5943603515625, 311.55975341796875, -59.13323211669922], [849.54443359375, 256.6249084472656, -10.047599792480469], [845.9048461914062, 308.80426025390625, 11.154975891113281], [851.8982543945312, 359.467529296875, -6.085373401641846], [810.1000366210938, 341.3329772949219, 2.934739351272583], [797.776123046875, 364.35760498046875, 8.400545120239258], [788.963623046875, 439.2177734375, -3.0289101600646973], [793.5003051757812, 524.646484375, 7.113300800323486], [823.1860961914062, 361.3326110839844, 6.945041179656982], [833.9293823242188, 434.0985107421875, -24.774721145629883], [838.0222778320312, 511.5928649902344, 10.249019622802734], [0.0, 0.0, 0.0], [0.0, 0.0, 0.0], [0.0, 0.0, 0.0], [0.0, 0.0, 0.0], [0.0, 0.0, 0.0], [0.0, 0.0, 0.0], [0.0, 0.0, 0.0], [0.0, 0.0, 0.0], [0.0, 0.0, 0.0], [0.0, 0.0, 0.0], [0.0, 0.0, 0.0], [0.0, 0.0, 0.0], [0.0, 0.0, 0.0], [0.0, 0.0, 0.0], [0.0, 0.0, 0.0], [0.0, 0.0, 0.0], [0.0, 0.0, 0.0], [0.0, 0.0, 0.0], [0.0, 0.0, 0.0], [0.0, 0.0, 0.0], [0.0, 0.0, 0.0], [0.0, 0.0, 0.0], [0.0, 0.0, 0.0], [0.0, 0.0, 0.0], [0.0, 0.0, 0.0], [0.0, 0.0, 0.0], [0.0, 0.0, 0.0], [0.0, 0.0, 0.0], [0.0, 0.0, 0.0], [0.0, 0.0, 0.0], [0.0, 0.0, 0.0], [0.0, 0.0, 0.0], [0.0, 0.0, 0.0], [0.0, 0.0, 0.0]], "head_info": {"pos": [812.7495727539062, 198.33042907714844, -30.504047393798828], "vec": [-0.05086874961853027, -0.17929556965827942, -0.9824792742729187]}, "left_hand_info": {"thumb": [0.567462682723999, -0.06884986907243729, -0.820515513420105], "index": [0.5226826071739197, 0.8001018762588501, 0.2943466305732727], "palm": [0.6362302899360657, -0.5958999395370483, 0.49001458287239075], "pos": [851.8982543945312, 359.467529296875, -6.085373401641846]}, "right_hand_info": {"thumb": [-0.6657875180244446, 0.19335782527923584, -0.7206522822380066], "index": [-0.5382398962974548, 0.5444366335868835, 0.6433401107788086], "palm": [0.5167443156242371, 0.8162116408348083, -0.25840625166893005], "pos": [749.5943603515625, 311.55975341796875, -59.13323211669922]}, "left_heel_info": {"pos": [844.6612548828125, 515.60986328125, 25.267194747924805], "vec": [0.004449358209967613, 0.381533682346344, -0.9243442416191101]}, "right_heel_info": {"pos": [795.4373779296875, 533.79833984375, 23.646636962890625], "vec": [-0.18942147493362427, 0.19526752829551697, -0.9622837901115417]}}