{"pred_joints_img": [[818.2166137695312, 194.9691619873047, -19.24197769165039], [813.3027954101562, 239.87506103515625, 4.048372268676758], [782.9483032226562, 251.92153930664062, 16.06270408630371], [781.4937133789062, 309.5766296386719, 34.701988220214844], [779.8764038085938, 356.87957763671875, 5.886812686920166], [842.8123168945312, 238.45669555664062, -19.372854232788086], [854.3932495117188, 239.55313110351562, -77.12177276611328], [850.1264038085938, 204.02508544921875, -120.44578552246094], [816.6152954101562, 345.569091796875, 2.9086649417877197], [803.4071655273438, 369.08544921875, 9.722183227539062], [784.0204467773438, 438.91265869140625, -23.72185707092285], [787.3276977539062, 521.4498291015625, 12.257262229919434], [829.526611328125, 367.2224426269531, 4.64689302444458], [835.8308715820312, 450.113525390625, -6.2667083740234375], [827.416748046875, 536.926025390625, 11.622072219848633], [0.0, 0.0, 0.0], [0.0, 0.0, 0.0], [0.0, 0.0, 0.0], [0.0, 0.0, 0.0], [0.0, 0.0, 0.0], [0.0, 0.0, 0.0], [0.0, 0.0, 0.0], [0.0, 0.0, 0.0], [0.0, 0.0, 0.0], [0.0, 0.0, 0.0], [0.0, 0.0, 0.0], [0.0, 0.0, 0.0], [0.0, 0.0, 0.0], [0.0, 0.0, 0.0], [0.0, 0.0, 0.0], [0.0, 0.0, 0.0], [0.0, 0.0, 0.0], [0.0, 0.0, 0.0], [0.0, 0.0, 0.0], [0.0, 0.0, 0.0], [0.0, 0.0, 0.0], [0.0, 0.0, 0.0], [0.0, 0.0, 0.0], [0.0, 0.0, 0.0], [0.0, 0.0, 0.0], [0.0, 0.0, 0.0], [0.0, 0.0, 0.0], [0.0, 0.0, 0.0], [0.0, 0.0, 0.0], [0.0, 0.0, 0.0], [0.0, 0.0, 0.0], [0.0, 0.0, 0.0], [0.0, 0.0, 0.0], [0.0, 0.0, 0.0]], "head_info": {"pos": [818.2166137695312, 194.9691619873047, -19.24197769165039], "vec": [0.09377654641866684, -0.22001096606254578, -0.9709794521331787]}, "left_hand_info": {"thumb": [0.8458695411682129, -0.5077208280563354, -0.16347604990005493], "index": [-0.5128811597824097, -0.8583738803863525, 0.01213466189801693], "palm": [-0.1464845985174179, 0.07357944548130035, -0.9864727258682251], "pos": [850.1264038085938, 204.02508544921875, -120.44578552246094]}, "right_hand_info": {"thumb": [0.0015519820153713226, -0.6046565771102905, -0.7964848279953003], "index": [0.07757818698883057, 0.7941581606864929, -0.602739155292511], "palm": [0.9969850778579712, -0.06085440516471863, 0.04814067855477333], "pos": [779.8764038085938, 356.87957763671875, 5.886812686920166]}, "left_heel_info": {"pos": [833.5829467773438, 544.2350463867188, 26.507619857788086], "vec": [-0.06402035802602768, 0.2769468128681183, -0.9587501287460327]}, "right_heel_info": {"pos": [791.9804077148438, 526.8583374023438, 31.034650802612305], "vec": [-0.3326108455657959, 0.4073401391506195, -0.8505551218986511]}}