{"pred_joints_img": [[812.2344970703125, 198.84573364257812, -9.627052307128906], [808.3975830078125, 244.77479553222656, 14.95040225982666], [783.2584228515625, 241.24795532226562, 6.894506931304932], [765.7625732421875, 198.873046875, -36.47750473022461], [762.19140625, 151.8947296142578, -69.96324920654297], [840.0420532226562, 239.04150390625, -1.4271906614303589], [847.5726318359375, 208.0757293701172, -53.78285598754883], [844.6785888671875, 158.64427185058594, -85.1834716796875], [812.6392211914062, 353.42919921875, 2.9705758094787598], [799.0352783203125, 378.2029113769531, 6.646278381347656], [786.1988525390625, 459.5208740234375, -1.8509058952331543], [785.6583251953125, 553.1497802734375, 1.8243027925491333], [826.1378173828125, 375.1749267578125, 6.514045238494873], [840.8335571289062, 459.6763916015625, -7.982481002807617], [836.3914794921875, 551.53271484375, 2.534515857696533], [0.0, 0.0, 0.0], [0.0, 0.0, 0.0], [0.0, 0.0, 0.0], [0.0, 0.0, 0.0], [0.0, 0.0, 0.0], [0.0, 0.0, 0.0], [0.0, 0.0, 0.0], [0.0, 0.0, 0.0], [0.0, 0.0, 0.0], [0.0, 0.0, 0.0], [0.0, 0.0, 0.0], [0.0, 0.0, 0.0], [0.0, 0.0, 0.0], [0.0, 0.0, 0.0], [0.0, 0.0, 0.0], [0.0, 0.0, 0.0], [0.0, 0.0, 0.0], [0.0, 0.0, 0.0], [0.0, 0.0, 0.0], [0.0, 0.0, 0.0], [0.0, 0.0, 0.0], [0.0, 0.0, 0.0], [0.0, 0.0, 0.0], [0.0, 0.0, 0.0], [0.0, 0.0, 0.0], [0.0, 0.0, 0.0], [0.0, 0.0, 0.0], [0.0, 0.0, 0.0], [0.0, 0.0, 0.0], [0.0, 0.0, 0.0], [0.0, 0.0, 0.0], [0.0, 0.0, 0.0], [0.0, 0.0, 0.0], [0.0, 0.0, 0.0]], "head_info": {"pos": [812.2344970703125, 198.84573364257812, -9.627052307128906], "vec": [-0.03625909984111786, -0.23497578501701355, -0.9713246822357178]}, "left_hand_info": {"thumb": [-0.7350648045539856, -0.30405518412590027, 0.6059952974319458], "index": [-0.20200210809707642, -0.7549949884414673, -0.6238411068916321], "palm": [0.6472054719924927, -0.5809758901596069, 0.4935504198074341], "pos": [844.6785888671875, 158.64427185058594, -85.1834716796875]}, "right_hand_info": {"thumb": [0.865504801273346, -0.25443631410598755, 0.4314667880535126], "index": [0.09250252693891525, -0.7653770446777344, -0.6368997693061829], "palm": [0.49228519201278687, 0.5911515355110168, -0.6389014720916748], "pos": [762.19140625, 151.8947296142578, -69.96324920654297]}, "left_heel_info": {"pos": [839.1433715820312, 561.0614013671875, 18.22136878967285], "vec": [0.15964119136333466, 0.18607932329177856, -0.9694787859916687]}, "right_heel_info": {"pos": [788.4749755859375, 565.134033203125, 18.978649139404297], "vec": [-0.20741787552833557, 0.13881376385688782, -0.9683535695075989]}}