{"pred_joints_img": [[799.3028564453125, 196.04054260253906, -20.470809936523438], [802.2398071289062, 238.5863037109375, 2.2982378005981445], [775.8755493164062, 241.2919921875, -9.535623550415039], [756.8258666992188, 242.22906494140625, -64.27173614501953], [758.6397705078125, 215.74928283691406, -110.14793395996094], [842.8931274414062, 251.053466796875, 2.1892924308776855], [845.8955078125, 304.2092590332031, 20.60563087463379], [850.070068359375, 348.77679443359375, -9.147879600524902], [807.7119140625, 339.6068420410156, 2.8704025745391846], [796.1871337890625, 363.34820556640625, 6.316184043884277], [787.3187255859375, 438.9665832519531, 2.8860044479370117], [793.4270629882812, 524.12841796875, 14.237427711486816], [821.4361572265625, 359.42254638671875, 4.730496406555176], [826.0189208984375, 413.5902404785156, -54.057579040527344], [833.7437744140625, 491.8252868652344, -21.418460845947266], [0.0, 0.0, 0.0], [0.0, 0.0, 0.0], [0.0, 0.0, 0.0], [0.0, 0.0, 0.0], [0.0, 0.0, 0.0], [0.0, 0.0, 0.0], [0.0, 0.0, 0.0], [0.0, 0.0, 0.0], [0.0, 0.0, 0.0], [0.0, 0.0, 0.0], [0.0, 0.0, 0.0], [0.0, 0.0, 0.0], [0.0, 0.0, 0.0], [0.0, 0.0, 0.0], [0.0, 0.0, 0.0], [0.0, 0.0, 0.0], [0.0, 0.0, 0.0], [0.0, 0.0, 0.0], [0.0, 0.0, 0.0], [0.0, 0.0, 0.0], [0.0, 0.0, 0.0], [0.0, 0.0, 0.0], [0.0, 0.0, 0.0], [0.0, 0.0, 0.0], [0.0, 0.0, 0.0], [0.0, 0.0, 0.0], [0.0, 0.0, 0.0], [0.0, 0.0, 0.0], [0.0, 0.0, 0.0], [0.0, 0.0, 0.0], [0.0, 0.0, 0.0], [0.0, 0.0, 0.0], [0.0, 0.0, 0.0], [0.0, 0.0, 0.0]], "head_info": {"pos": [799.3028564453125, 196.04054260253906, -20.470809936523438], "vec": [-0.205237478017807, -0.21637359261512756, -0.9544946551322937]}, "left_hand_info": {"thumb": [-0.25681930780410767, -0.5272178053855896, -0.8099909424781799], "index": [-0.07306205481290817, 0.846294105052948, -0.5276819467544556], "palm": [0.9636938571929932, -0.07633931189775467, -0.25586429238319397], "pos": [850.070068359375, 348.77679443359375, -9.147879600524902]}, "right_hand_info": {"thumb": [-0.06934058666229248, 0.2734895348548889, 0.9593724012374878], "index": [-0.1991010457277298, -0.9461331963539124, 0.25532495975494385], "palm": [0.9775227308273315, -0.1733076572418213, 0.12005746364593506], "pos": [758.6397705078125, 215.74928283691406, -110.14793395996094]}, "left_heel_info": {"pos": [840.1817626953125, 496.11199951171875, -6.162621021270752], "vec": [-0.008521628566086292, 0.37552520632743835, -0.9267730116844177]}, "right_heel_info": {"pos": [796.1207275390625, 532.5535278320312, 31.115619659423828], "vec": [-0.22679312527179718, 0.23009799420833588, -0.9463719129562378]}}