{"pred_joints_img": [[800.6172485351562, 194.67025756835938, -30.223703384399414], [802.0828247070312, 239.17919921875, -7.473825931549072], [775.6019897460938, 243.24819946289062, -22.381872177124023], [754.0012817382812, 251.12060546875, -77.29615020751953], [758.3438720703125, 232.16903686523438, -128.11138916015625], [843.7098388671875, 253.375244140625, 0.23838089406490326], [843.0609130859375, 307.16510009765625, 21.50171661376953], [852.2759399414062, 357.35565185546875, 0.5008222460746765], [807.1076049804688, 342.9248046875, 2.953587293624878], [794.5044555664062, 367.0713806152344, 5.4151411056518555], [786.507568359375, 443.7347412109375, -6.485283374786377], [786.1246337890625, 530.6875, 8.33742904663086], [819.6092529296875, 362.45147705078125, 11.851298332214355], [846.2469482421875, 437.0244140625, -9.314885139465332], [836.6885375976562, 503.7113037109375, 46.02055740356445], [0.0, 0.0, 0.0], [0.0, 0.0, 0.0], [0.0, 0.0, 0.0], [0.0, 0.0, 0.0], [0.0, 0.0, 0.0], [0.0, 0.0, 0.0], [0.0, 0.0, 0.0], [0.0, 0.0, 0.0], [0.0, 0.0, 0.0], [0.0, 0.0, 0.0], [0.0, 0.0, 0.0], [0.0, 0.0, 0.0], [0.0, 0.0, 0.0], [0.0, 0.0, 0.0], [0.0, 0.0, 0.0], [0.0, 0.0, 0.0], [0.0, 0.0, 0.0], [0.0, 0.0, 0.0], [0.0, 0.0, 0.0], [0.0, 0.0, 0.0], [0.0, 0.0, 0.0], [0.0, 0.0, 0.0], [0.0, 0.0, 0.0], [0.0, 0.0, 0.0], [0.0, 0.0, 0.0], [0.0, 0.0, 0.0], [0.0, 0.0, 0.0], [0.0, 0.0, 0.0], [0.0, 0.0, 0.0], [0.0, 0.0, 0.0], [0.0, 0.0, 0.0], [0.0, 0.0, 0.0], [0.0, 0.0, 0.0], [0.0, 0.0, 0.0]], "head_info": {"pos": [800.6172485351562, 194.67025756835938, -30.223703384399414], "vec": [-0.15487410128116608, -0.252306193113327, -0.9551730751991272]}, "left_hand_info": {"thumb": [0.5000603795051575, 0.12771232426166534, -0.8565216064453125], "index": [0.5261328220367432, 0.7407915592193604, 0.4176267981529236], "palm": [0.6878400444984436, -0.6594827175140381, 0.3032468557357788], "pos": [852.2759399414062, 357.35565185546875, 0.5008222460746765]}, "right_hand_info": {"thumb": [0.5413382649421692, -0.09195450693368912, -0.835761547088623], "index": [-0.6030608415603638, 0.6501808762550354, -0.4621497392654419], "palm": [0.585892915725708, 0.7541943788528442, 0.2965136170387268], "pos": [758.3438720703125, 232.16903686523438, -128.11138916015625]}, "left_heel_info": {"pos": [836.5601806640625, 503.8646240234375, 63.34190368652344], "vec": [0.3881901800632477, 0.5565567016601562, -0.7345427870750427]}, "right_heel_info": {"pos": [782.830810546875, 539.3277587890625, 25.688350677490234], "vec": [0.11265280097723007, 0.25723111629486084, -0.9597612023353577]}}