{"pred_joints_img": [[808.4180908203125, 194.17611694335938, -44.10813522338867], [802.7550048828125, 237.08050537109375, -10.076627731323242], [771.0755004882812, 240.11956787109375, -6.710385799407959], [706.5126342773438, 235.70018005371094, 4.654282569885254], [649.1436157226562, 221.25576782226562, -5.6460041999816895], [844.4996948242188, 237.55007934570312, -7.712226390838623], [906.3187255859375, 243.45220947265625, 6.84443998336792], [962.3767700195312, 224.21632385253906, -7.242553234100342], [810.3568115234375, 350.29656982421875, 3.239981174468994], [796.2694091796875, 376.1661682128906, 8.470203399658203], [786.4147338867188, 457.7530212402344, -15.144484519958496], [786.80078125, 554.250732421875, -6.446688652038574], [824.7077026367188, 372.3076477050781, 9.987486839294434], [839.646240234375, 456.9087219238281, -16.554847717285156], [835.6019897460938, 551.094970703125, 0.19263635575771332], [0.0, 0.0, 0.0], [0.0, 0.0, 0.0], [0.0, 0.0, 0.0], [0.0, 0.0, 0.0], [0.0, 0.0, 0.0], [0.0, 0.0, 0.0], [0.0, 0.0, 0.0], [0.0, 0.0, 0.0], [0.0, 0.0, 0.0], [0.0, 0.0, 0.0], [0.0, 0.0, 0.0], [0.0, 0.0, 0.0], [0.0, 0.0, 0.0], [0.0, 0.0, 0.0], [0.0, 0.0, 0.0], [0.0, 0.0, 0.0], [0.0, 0.0, 0.0], [0.0, 0.0, 0.0], [0.0, 0.0, 0.0], [0.0, 0.0, 0.0], [0.0, 0.0, 0.0], [0.0, 0.0, 0.0], [0.0, 0.0, 0.0], [0.0, 0.0, 0.0], [0.0, 0.0, 0.0], [0.0, 0.0, 0.0], [0.0, 0.0, 0.0], [0.0, 0.0, 0.0], [0.0, 0.0, 0.0], [0.0, 0.0, 0.0], [0.0, 0.0, 0.0], [0.0, 0.0, 0.0], [0.0, 0.0, 0.0], [0.0, 0.0, 0.0]], "head_info": {"pos": [808.4180908203125, 194.17611694335938, -44.10813522338867], "vec": [0.09847664833068848, -0.05966329947113991, -0.9933491945266724]}, "left_hand_info": {"thumb": [0.4154089093208313, -0.7717427611351013, -0.4815066456794739], "index": [0.6776799559593201, -0.09053675830364227, 0.7297622561454773], "palm": [-0.6067827939987183, -0.6294571161270142, 0.48538482189178467], "pos": [962.3767700195312, 224.21632385253906, -7.242553234100342]}, "right_hand_info": {"thumb": [0.37839168310165405, -0.3838365375995636, -0.8423119187355042], "index": [-0.9243098497390747, -0.2055484503507614, -0.3215603530406952], "palm": [-0.04970931634306908, 0.9002329111099243, -0.4325616657733917], "pos": [649.1436157226562, 221.25576782226562, -5.6460041999816895]}, "left_heel_info": {"pos": [838.9036254882812, 559.9354858398438, 17.22982406616211], "vec": [0.13143324851989746, 0.24393366277217865, -0.9608442783355713]}, "right_heel_info": {"pos": [788.1735229492188, 565.6961059570312, 12.138439178466797], "vec": [-0.11170617491006851, 0.18102674186229706, -0.977113664150238]}}