{"pred_joints_img": [[796.9274291992188, 194.0128173828125, -27.30613899230957], [799.708984375, 237.260009765625, -3.5771350860595703], [773.7755126953125, 240.16131591796875, -16.492218017578125], [754.7904052734375, 241.50784301757812, -71.96520233154297], [758.0299072265625, 219.29458618164062, -120.63172912597656], [841.2346801757812, 249.37545776367188, -1.1550278663635254], [842.9622192382812, 302.356201171875, 19.779094696044922], [847.3423461914062, 349.6152648925781, -6.707770824432373], [806.5708618164062, 339.7425537109375, 2.95888614654541], [794.3463745117188, 363.51177978515625, 6.625495910644531], [786.9840087890625, 439.5502624511719, -1.8314406871795654], [792.3192138671875, 525.5411376953125, 9.733328819274902], [819.9186401367188, 359.3894958496094, 8.980574607849121], [833.9963989257812, 434.531005859375, -17.083683013916016], [830.1530151367188, 494.058349609375, 44.757625579833984], [0.0, 0.0, 0.0], [0.0, 0.0, 0.0], [0.0, 0.0, 0.0], [0.0, 0.0, 0.0], [0.0, 0.0, 0.0], [0.0, 0.0, 0.0], [0.0, 0.0, 0.0], [0.0, 0.0, 0.0], [0.0, 0.0, 0.0], [0.0, 0.0, 0.0], [0.0, 0.0, 0.0], [0.0, 0.0, 0.0], [0.0, 0.0, 0.0], [0.0, 0.0, 0.0], [0.0, 0.0, 0.0], [0.0, 0.0, 0.0], [0.0, 0.0, 0.0], [0.0, 0.0, 0.0], [0.0, 0.0, 0.0], [0.0, 0.0, 0.0], [0.0, 0.0, 0.0], [0.0, 0.0, 0.0], [0.0, 0.0, 0.0], [0.0, 0.0, 0.0], [0.0, 0.0, 0.0], [0.0, 0.0, 0.0], [0.0, 0.0, 0.0], [0.0, 0.0, 0.0], [0.0, 0.0, 0.0], [0.0, 0.0, 0.0], [0.0, 0.0, 0.0], [0.0, 0.0, 0.0], [0.0, 0.0, 0.0], [0.0, 0.0, 0.0]], "head_info": {"pos": [796.9274291992188, 194.0128173828125, -27.30613899230957], "vec": [-0.17968787252902985, -0.22707273066043854, -0.9571573734283447]}, "left_hand_info": {"thumb": [-0.22155553102493286, -0.45685669779777527, -0.8615074753761292], "index": [-0.0959487035870552, 0.8893897533416748, -0.44696733355522156], "palm": [0.9704158902168274, -0.016367562115192413, -0.24088400602340698], "pos": [847.3423461914062, 349.6152648925781, -6.707770824432373]}, "right_hand_info": {"thumb": [-0.16879765689373016, 0.04260630905628204, -0.9847294688224792], "index": [-0.2123716175556183, -0.9771713018417358, -0.005875553470104933], "palm": [-0.9624996781349182, 0.20813679695129395, 0.1739925891160965], "pos": [758.0299072265625, 219.29458618164062, -120.63172912597656]}, "left_heel_info": {"pos": [833.6212768554688, 492.41204833984375, 61.317752838134766], "vec": [0.17383480072021484, 0.6653544306755066, -0.7260060906410217]}, "right_heel_info": {"pos": [792.5106811523438, 534.18603515625, 27.267730712890625], "vec": [-0.06044534593820572, 0.24698908627033234, -0.9671311974525452]}}