{"pred_joints_img": [[804.9227294921875, 176.52232360839844, -1.3476881980895996], [802.837646484375, 227.06085205078125, 22.35673713684082], [779.1422119140625, 221.7344970703125, 18.519588470458984], [765.5322265625, 158.67343139648438, 2.217094659805298], [768.9473266601562, 97.82061767578125, 2.1133103370666504], [832.87060546875, 215.6848602294922, 12.878417015075684], [838.1316528320312, 156.7106475830078, -13.002602577209473], [832.312744140625, 95.54182434082031, -6.207857131958008], [809.650390625, 339.1726989746094, 3.036909818649292], [795.5574340820312, 365.1697692871094, 6.070944309234619], [784.739013671875, 451.2021484375, 0.3918372690677643], [786.7512817382812, 549.1452026367188, 10.67082405090332], [823.849609375, 361.6502685546875, 7.4077467918396], [838.8365478515625, 451.486572265625, 0.8935021162033081], [831.4424438476562, 547.21533203125, 16.660308837890625], [0.0, 0.0, 0.0], [0.0, 0.0, 0.0], [0.0, 0.0, 0.0], [0.0, 0.0, 0.0], [0.0, 0.0, 0.0], [0.0, 0.0, 0.0], [0.0, 0.0, 0.0], [0.0, 0.0, 0.0], [0.0, 0.0, 0.0], [0.0, 0.0, 0.0], [0.0, 0.0, 0.0], [0.0, 0.0, 0.0], [0.0, 0.0, 0.0], [0.0, 0.0, 0.0], [0.0, 0.0, 0.0], [0.0, 0.0, 0.0], [0.0, 0.0, 0.0], [0.0, 0.0, 0.0], [0.0, 0.0, 0.0], [0.0, 0.0, 0.0], [0.0, 0.0, 0.0], [0.0, 0.0, 0.0], [0.0, 0.0, 0.0], [0.0, 0.0, 0.0], [0.0, 0.0, 0.0], [0.0, 0.0, 0.0], [0.0, 0.0, 0.0], [0.0, 0.0, 0.0], [0.0, 0.0, 0.0], [0.0, 0.0, 0.0], [0.0, 0.0, 0.0], [0.0, 0.0, 0.0], [0.0, 0.0, 0.0], [0.0, 0.0, 0.0]], "head_info": {"pos": [804.9227294921875, 176.52232360839844, -1.3476881980895996], "vec": [-0.010500715114176273, -0.3151811957359314, -0.9489734172821045]}, "left_hand_info": {"thumb": [0.9943432807922363, -0.004863378591835499, 0.10610298067331314], "index": [-0.0031599137000739574, -0.9998635053634644, -0.016217032447457314], "palm": [0.10616736114025116, 0.015790021046996117, -0.99422287940979], "pos": [832.312744140625, 95.54182434082031, -6.207857131958008]}, "right_hand_info": {"thumb": [0.7868279814720154, 0.1243780329823494, 0.6045096516609192], "index": [0.2491743564605713, -0.960124671459198, -0.12677869200706482], "palm": [0.5646361112594604, 0.25038132071495056, -0.7864447236061096], "pos": [768.9473266601562, 97.82061767578125, 2.1133103370666504]}, "left_heel_info": {"pos": [833.1629028320312, 556.2962036132812, 34.009151458740234], "vec": [0.17205466330051422, 0.26560914516448975, -0.9486037492752075]}, "right_heel_info": {"pos": [788.1223754882812, 559.6821899414062, 30.448009490966797], "vec": [-0.05778498947620392, 0.2590687572956085, -0.9641287326812744]}}