{"pred_joints_img": [[817.2141723632812, 185.0596466064453, -22.679861068725586], [813.6464233398438, 228.7592315673828, 5.437168598175049], [778.72802734375, 242.52114868164062, -2.6927807331085205], [773.499267578125, 306.2841491699219, -0.18850746750831604], [774.4285888671875, 361.6856384277344, -19.26972198486328], [858.0315551757812, 243.8391571044922, 7.1313090324401855], [854.13134765625, 305.1492004394531, 17.287437438964844], [862.3604125976562, 357.79412841796875, -8.991767883300781], [816.7105712890625, 341.3956604003906, 3.067885398864746], [802.0410766601562, 366.9296875, 4.320783615112305], [792.1304931640625, 449.8594970703125, -9.875489234924316], [791.7154541015625, 545.0430908203125, -3.129671812057495], [829.6991577148438, 364.01336669921875, 9.245404243469238], [846.6200561523438, 450.38385009765625, -3.579786539077759], [842.5855712890625, 544.3807373046875, 2.7651913166046143], [0.0, 0.0, 0.0], [0.0, 0.0, 0.0], [0.0, 0.0, 0.0], [0.0, 0.0, 0.0], [0.0, 0.0, 0.0], [0.0, 0.0, 0.0], [0.0, 0.0, 0.0], [0.0, 0.0, 0.0], [0.0, 0.0, 0.0], [0.0, 0.0, 0.0], [0.0, 0.0, 0.0], [0.0, 0.0, 0.0], [0.0, 0.0, 0.0], [0.0, 0.0, 0.0], [0.0, 0.0, 0.0], [0.0, 0.0, 0.0], [0.0, 0.0, 0.0], [0.0, 0.0, 0.0], [0.0, 0.0, 0.0], [0.0, 0.0, 0.0], [0.0, 0.0, 0.0], [0.0, 0.0, 0.0], [0.0, 0.0, 0.0], [0.0, 0.0, 0.0], [0.0, 0.0, 0.0], [0.0, 0.0, 0.0], [0.0, 0.0, 0.0], [0.0, 0.0, 0.0], [0.0, 0.0, 0.0], [0.0, 0.0, 0.0], [0.0, 0.0, 0.0], [0.0, 0.0, 0.0], [0.0, 0.0, 0.0], [0.0, 0.0, 0.0]], "head_info": {"pos": [817.2141723632812, 185.0596466064453, -22.679861068725586], "vec": [-0.026970578357577324, -0.08241551369428635, -0.9962329864501953]}, "left_hand_info": {"thumb": [0.4398576617240906, 0.37364840507507324, -0.8166468739509583], "index": [0.26761895418167114, 0.8134897351264954, 0.5163472890853882], "palm": [0.8572661876678467, -0.4456695020198822, 0.2578243017196655], "pos": [862.3604125976562, 357.79412841796875, -8.991767883300781]}, "right_hand_info": {"thumb": [-0.42576801776885986, 0.3934803307056427, -0.8147974014282227], "index": [-0.12464281916618347, 0.8664056062698364, 0.4835343062877655], "palm": [0.8962063193321228, 0.3074321150779724, -0.3198433518409729], "pos": [774.4285888671875, 361.6856384277344, -19.26972198486328]}, "left_heel_info": {"pos": [844.1415405273438, 553.3623046875, 18.745027542114258], "vec": [0.3248332142829895, 0.14654015004634857, -0.9343497157096863]}, "right_heel_info": {"pos": [790.9249267578125, 555.986572265625, 14.519685745239258], "vec": [-0.10361494868993759, 0.14148227870464325, -0.9845032691955566]}}