{"pred_joints_img": [[815.0687866210938, 195.14158630371094, -17.257122039794922], [806.1548461914062, 239.58863830566406, 4.572754859924316], [774.2274169921875, 252.26998901367188, 8.882097244262695], [766.9981689453125, 310.49896240234375, 21.65396499633789], [765.1981201171875, 360.7873840332031, -0.5300201773643494], [837.2611694335938, 237.71218872070312, -15.143684387207031], [845.5230102539062, 238.43597412109375, -72.9079818725586], [837.5755615234375, 201.93861389160156, -114.32316589355469], [810.2196044921875, 342.8769226074219, 2.8505940437316895], [796.1220703125, 366.1376037597656, 5.5608930587768555], [786.3357543945312, 421.935546875, -49.92394256591797], [783.7974853515625, 509.8076171875, -32.95532989501953], [822.20361328125, 364.35980224609375, 6.170749187469482], [828.52783203125, 446.8839416503906, -3.039970874786377], [815.458984375, 533.4055786132812, 9.848875045776367], [0.0, 0.0, 0.0], [0.0, 0.0, 0.0], [0.0, 0.0, 0.0], [0.0, 0.0, 0.0], [0.0, 0.0, 0.0], [0.0, 0.0, 0.0], [0.0, 0.0, 0.0], [0.0, 0.0, 0.0], [0.0, 0.0, 0.0], [0.0, 0.0, 0.0], [0.0, 0.0, 0.0], [0.0, 0.0, 0.0], [0.0, 0.0, 0.0], [0.0, 0.0, 0.0], [0.0, 0.0, 0.0], [0.0, 0.0, 0.0], [0.0, 0.0, 0.0], [0.0, 0.0, 0.0], [0.0, 0.0, 0.0], [0.0, 0.0, 0.0], [0.0, 0.0, 0.0], [0.0, 0.0, 0.0], [0.0, 0.0, 0.0], [0.0, 0.0, 0.0], [0.0, 0.0, 0.0], [0.0, 0.0, 0.0], [0.0, 0.0, 0.0], [0.0, 0.0, 0.0], [0.0, 0.0, 0.0], [0.0, 0.0, 0.0], [0.0, 0.0, 0.0], [0.0, 0.0, 0.0], [0.0, 0.0, 0.0], [0.0, 0.0, 0.0]], "head_info": {"pos": [815.0687866210938, 195.14158630371094, -17.257122039794922], "vec": [0.24769629538059235, -0.2415332943201065, -0.9382473826408386]}, "left_hand_info": {"thumb": [-0.47019779682159424, -0.3092156648635864, 0.8266195058822632], "index": [-0.12420538067817688, -0.9041085839271545, -0.408852756023407], "palm": [0.873777449131012, -0.2949122488498688, 0.38670361042022705], "pos": [837.5755615234375, 201.93861389160156, -114.32316589355469]}, "right_hand_info": {"thumb": [0.14970842003822327, -0.4787972867488861, -0.8650667667388916], "index": [0.09361643344163895, 0.8778606057167053, -0.4696771800518036], "palm": [0.984288215637207, -0.010669836774468422, 0.17624641954898834], "pos": [765.1981201171875, 360.7873840332031, -0.5300201773643494]}, "left_heel_info": {"pos": [818.7760009765625, 540.9219970703125, 25.28654670715332], "vec": [0.11281461268663406, 0.2540995180606842, -0.9605759978294373]}, "right_heel_info": {"pos": [784.5113525390625, 518.19384765625, -15.002270698547363], "vec": [-0.12073064595460892, 0.2669316232204437, -0.9561232328414917]}}