{"pred_joints_img": [[794.69580078125, 194.59500122070312, -28.13831901550293], [797.4442749023438, 239.09339904785156, -5.302234172821045], [770.24658203125, 243.27381896972656, -18.427236557006836], [749.3564453125, 250.31954956054688, -73.77294158935547], [756.1759033203125, 225.30905151367188, -121.67786407470703], [839.7426147460938, 252.75070190429688, -2.1353037357330322], [840.74462890625, 307.4744873046875, 16.716571807861328], [848.5729370117188, 358.1777648925781, -3.767136812210083], [803.8807373046875, 342.7832946777344, 2.9993577003479004], [791.5025634765625, 366.99224853515625, 5.9643683433532715], [783.6486206054688, 444.3319396972656, -1.4877536296844482], [785.368408203125, 531.5072021484375, 12.698576927185059], [817.1277465820312, 362.5602722167969, 10.086758613586426], [837.431884765625, 435.78729248046875, -20.907115936279297], [835.1866455078125, 508.0742492675781, 28.004047393798828], [0.0, 0.0, 0.0], [0.0, 0.0, 0.0], [0.0, 0.0, 0.0], [0.0, 0.0, 0.0], [0.0, 0.0, 0.0], [0.0, 0.0, 0.0], [0.0, 0.0, 0.0], [0.0, 0.0, 0.0], [0.0, 0.0, 0.0], [0.0, 0.0, 0.0], [0.0, 0.0, 0.0], [0.0, 0.0, 0.0], [0.0, 0.0, 0.0], [0.0, 0.0, 0.0], [0.0, 0.0, 0.0], [0.0, 0.0, 0.0], [0.0, 0.0, 0.0], [0.0, 0.0, 0.0], [0.0, 0.0, 0.0], [0.0, 0.0, 0.0], [0.0, 0.0, 0.0], [0.0, 0.0, 0.0], [0.0, 0.0, 0.0], [0.0, 0.0, 0.0], [0.0, 0.0, 0.0], [0.0, 0.0, 0.0], [0.0, 0.0, 0.0], [0.0, 0.0, 0.0], [0.0, 0.0, 0.0], [0.0, 0.0, 0.0], [0.0, 0.0, 0.0], [0.0, 0.0, 0.0], [0.0, 0.0, 0.0], [0.0, 0.0, 0.0]], "head_info": {"pos": [794.69580078125, 194.59500122070312, -28.13831901550293], "vec": [-0.18317976593971252, -0.25040629506111145, -0.9506534337997437]}, "left_hand_info": {"thumb": [-0.1780574917793274, -0.3354945182800293, -0.9250616431236267], "index": [-0.03131730854511261, 0.9415398836135864, -0.3354427218437195], "palm": [0.9835216403007507, -0.030757645145058632, -0.17815500497817993], "pos": [848.5729370117188, 358.1777648925781, -3.767136812210083]}, "right_hand_info": {"thumb": [0.5276495814323425, -0.37051719427108765, -0.7643970847129822], "index": [-0.5515421032905579, 0.534952700138092, -0.6400209665298462], "palm": [0.6460551023483276, 0.7593040466308594, 0.07791172713041306], "pos": [756.1759033203125, 225.30905151367188, -121.67786407470703]}, "left_heel_info": {"pos": [837.9982299804688, 509.67205810546875, 44.927181243896484], "vec": [0.23010611534118652, 0.509783923625946, -0.8289580941200256]}, "right_heel_info": {"pos": [782.985107421875, 539.9796142578125, 30.222244262695312], "vec": [0.07605355978012085, 0.26929178833961487, -0.9600509405136108]}}