{"pred_joints_img": [[793.833251953125, 195.25770568847656, -25.71647834777832], [795.61572265625, 239.48513793945312, 0.8539440035820007], [768.8006591796875, 241.83424377441406, -11.427242279052734], [749.477294921875, 240.14453125, -69.40240478515625], [754.7852172851562, 215.70127868652344, -119.40071868896484], [838.6229248046875, 251.5487060546875, 0.9958845376968384], [842.6439208984375, 307.0740051269531, 21.76007080078125], [850.0587768554688, 355.83331298828125, -6.212296485900879], [804.2965087890625, 344.9735412597656, 3.066852331161499], [793.149169921875, 370.508056640625, 6.243980884552002], [784.9261474609375, 450.47357177734375, 2.8963353633880615], [793.1637573242188, 540.200927734375, 15.590564727783203], [819.610595703125, 365.3082580566406, 4.056069850921631], [824.3667602539062, 396.98773193359375, -74.15656280517578], [840.194091796875, 482.3985290527344, -50.89491653442383], [0.0, 0.0, 0.0], [0.0, 0.0, 0.0], [0.0, 0.0, 0.0], [0.0, 0.0, 0.0], [0.0, 0.0, 0.0], [0.0, 0.0, 0.0], [0.0, 0.0, 0.0], [0.0, 0.0, 0.0], [0.0, 0.0, 0.0], [0.0, 0.0, 0.0], [0.0, 0.0, 0.0], [0.0, 0.0, 0.0], [0.0, 0.0, 0.0], [0.0, 0.0, 0.0], [0.0, 0.0, 0.0], [0.0, 0.0, 0.0], [0.0, 0.0, 0.0], [0.0, 0.0, 0.0], [0.0, 0.0, 0.0], [0.0, 0.0, 0.0], [0.0, 0.0, 0.0], [0.0, 0.0, 0.0], [0.0, 0.0, 0.0], [0.0, 0.0, 0.0], [0.0, 0.0, 0.0], [0.0, 0.0, 0.0], [0.0, 0.0, 0.0], [0.0, 0.0, 0.0], [0.0, 0.0, 0.0], [0.0, 0.0, 0.0], [0.0, 0.0, 0.0], [0.0, 0.0, 0.0], [0.0, 0.0, 0.0], [0.0, 0.0, 0.0]], "head_info": {"pos": [793.833251953125, 195.25770568847656, -25.71647834777832], "vec": [-0.1538052260875702, -0.20045310258865356, -0.9675549268722534]}, "left_hand_info": {"thumb": [0.45833876729011536, -0.6207128167152405, -0.6361141800880432], "index": [0.8620655536651611, 0.4846293032169342, 0.14824771881103516], "palm": [0.21626026928424835, -0.6163197755813599, 0.7572194933891296], "pos": [850.0587768554688, 355.83331298828125, -6.212296485900879]}, "right_hand_info": {"thumb": [0.42049935460090637, 0.2307567298412323, 0.8774574995040894], "index": [0.19972972571849823, -0.9669347405433655, 0.15857233107089996], "palm": [0.8850358128547668, 0.108574777841568, -0.4526844322681427], "pos": [754.7852172851562, 215.70127868652344, -119.40071868896484]}, "left_heel_info": {"pos": [846.9110107421875, 487.2698974609375, -34.601524353027344], "vec": [0.01227740291506052, 0.35216179490089417, -0.9358586668968201]}, "right_heel_info": {"pos": [795.5704956054688, 548.4765014648438, 33.59588623046875], "vec": [-0.18256981670856476, 0.25666192173957825, -0.9491010904312134]}}