{"pred_joints_img": [[809.8594970703125, 189.52169799804688, -24.938182830810547], [806.91552734375, 235.16395568847656, 1.5820987224578857], [771.6859741210938, 250.92666625976562, 1.965590476989746], [767.7973022460938, 314.1447448730469, 6.5718889236450195], [762.1123046875, 369.8338623046875, -8.964105606079102], [851.123779296875, 249.33505249023438, -7.15631628036499], [851.3267822265625, 310.2256164550781, 3.0618832111358643], [859.585693359375, 363.5157165527344, -20.634538650512695], [812.4871215820312, 346.3485107421875, 3.105354070663452], [798.4266967773438, 371.6051330566406, 7.452130317687988], [785.6203002929688, 452.92034912109375, -8.537210464477539], [785.4048461914062, 547.2684326171875, -2.9057719707489014], [826.3219604492188, 368.6748046875, 7.164371013641357], [840.0142211914062, 453.44281005859375, -12.343095779418945], [836.586181640625, 546.1902465820312, -1.8338806629180908], [0.0, 0.0, 0.0], [0.0, 0.0, 0.0], [0.0, 0.0, 0.0], [0.0, 0.0, 0.0], [0.0, 0.0, 0.0], [0.0, 0.0, 0.0], [0.0, 0.0, 0.0], [0.0, 0.0, 0.0], [0.0, 0.0, 0.0], [0.0, 0.0, 0.0], [0.0, 0.0, 0.0], [0.0, 0.0, 0.0], [0.0, 0.0, 0.0], [0.0, 0.0, 0.0], [0.0, 0.0, 0.0], [0.0, 0.0, 0.0], [0.0, 0.0, 0.0], [0.0, 0.0, 0.0], [0.0, 0.0, 0.0], [0.0, 0.0, 0.0], [0.0, 0.0, 0.0], [0.0, 0.0, 0.0], [0.0, 0.0, 0.0], [0.0, 0.0, 0.0], [0.0, 0.0, 0.0], [0.0, 0.0, 0.0], [0.0, 0.0, 0.0], [0.0, 0.0, 0.0], [0.0, 0.0, 0.0], [0.0, 0.0, 0.0], [0.0, 0.0, 0.0], [0.0, 0.0, 0.0], [0.0, 0.0, 0.0], [0.0, 0.0, 0.0]], "head_info": {"pos": [809.8594970703125, 189.52169799804688, -24.938182830810547], "vec": [-0.010291775688529015, -0.16145959496498108, -0.9868256449699402]}, "left_hand_info": {"thumb": [0.5363665819168091, 0.3913154900074005, -0.7477855086326599], "index": [-0.11805398017168045, 0.9120924472808838, 0.3926202058792114], "palm": [0.8356878757476807, -0.12230931967496872, 0.5354122519493103], "pos": [859.585693359375, 363.5157165527344, -20.634538650512695]}, "right_hand_info": {"thumb": [-0.7129191160202026, 0.38835710287094116, -0.5838879346847534], "index": [-0.10870923101902008, 0.761370837688446, 0.6391374468803406], "palm": [0.6927688717842102, 0.5191273093223572, -0.5005778670310974], "pos": [762.1123046875, 369.8338623046875, -8.964105606079102]}, "left_heel_info": {"pos": [841.079345703125, 554.534423828125, 13.816092491149902], "vec": [0.13557109236717224, 0.18604746460914612, -0.9731427431106567]}, "right_heel_info": {"pos": [786.5740356445312, 558.3134155273438, 14.520135879516602], "vec": [-0.20306719839572906, 0.13345301151275635, -0.9700278639793396]}}