{"pred_joints_img": [[817.1322021484375, 192.3538360595703, -24.6175594329834], [815.2322998046875, 236.53591918945312, 2.8469250202178955], [780.2109375, 250.23648071289062, 1.9521528482437134], [774.6415405273438, 312.62188720703125, 5.189927577972412], [770.10791015625, 366.9376525878906, -12.735471725463867], [858.4817504882812, 250.89840698242188, -5.169272422790527], [857.8484497070312, 310.8550720214844, 5.919800281524658], [863.4795532226562, 363.9212341308594, -17.243709564208984], [818.7416381835938, 346.58270263671875, 3.0168867111206055], [804.7466430664062, 371.48333740234375, 7.052191257476807], [792.8627319335938, 452.0920715332031, -7.750525951385498], [792.994873046875, 545.3067626953125, -3.3973681926727295], [832.2498779296875, 368.7186279296875, 6.929099082946777], [845.274169921875, 452.7801208496094, -11.139901161193848], [841.494140625, 544.5785522460938, -3.239027261734009], [0.0, 0.0, 0.0], [0.0, 0.0, 0.0], [0.0, 0.0, 0.0], [0.0, 0.0, 0.0], [0.0, 0.0, 0.0], [0.0, 0.0, 0.0], [0.0, 0.0, 0.0], [0.0, 0.0, 0.0], [0.0, 0.0, 0.0], [0.0, 0.0, 0.0], [0.0, 0.0, 0.0], [0.0, 0.0, 0.0], [0.0, 0.0, 0.0], [0.0, 0.0, 0.0], [0.0, 0.0, 0.0], [0.0, 0.0, 0.0], [0.0, 0.0, 0.0], [0.0, 0.0, 0.0], [0.0, 0.0, 0.0], [0.0, 0.0, 0.0], [0.0, 0.0, 0.0], [0.0, 0.0, 0.0], [0.0, 0.0, 0.0], [0.0, 0.0, 0.0], [0.0, 0.0, 0.0], [0.0, 0.0, 0.0], [0.0, 0.0, 0.0], [0.0, 0.0, 0.0], [0.0, 0.0, 0.0], [0.0, 0.0, 0.0], [0.0, 0.0, 0.0], [0.0, 0.0, 0.0], [0.0, 0.0, 0.0], [0.0, 0.0, 0.0]], "head_info": {"pos": [817.1322021484375, 192.3538360595703, -24.6175594329834], "vec": [-0.06789194047451019, -0.130387544631958, -0.9891358613967896]}, "left_hand_info": {"thumb": [0.4069145619869232, 0.37142977118492126, -0.8345421552658081], "index": [0.22148825228214264, 0.846217930316925, 0.4846217930316925], "palm": [0.8862074017524719, -0.38204091787338257, 0.26207104325294495], "pos": [863.4795532226562, 363.9212341308594, -17.243709564208984]}, "right_hand_info": {"thumb": [-0.40545517206192017, 0.34949180483818054, -0.8446665406227112], "index": [-0.15212298929691315, 0.8853445053100586, 0.4393446147441864], "palm": [0.901368260383606, 0.3066277503967285, -0.30580177903175354], "pos": [770.10791015625, 366.9376525878906, -12.735471725463867]}, "left_heel_info": {"pos": [845.6790771484375, 553.0809326171875, 12.147931098937988], "vec": [0.1445033699274063, 0.17718909680843353, -0.9735105633735657]}, "right_heel_info": {"pos": [794.2607421875, 556.23779296875, 13.723806381225586], "vec": [-0.20990228652954102, 0.1318827122449875, -0.9687867760658264]}}