{"pred_joints_img": [[805.7444458007812, 200.0900421142578, -10.034314155578613], [805.0431518554688, 244.69102478027344, 14.225532531738281], [778.4017944335938, 245.00668334960938, 1.5784660577774048], [768.4156494140625, 233.5782012939453, -58.35810852050781], [767.2139892578125, 209.8403778076172, -109.72335052490234], [839.866943359375, 242.39474487304688, -3.3153443336486816], [845.4240112304688, 245.6322021484375, -63.02132034301758], [844.0097045898438, 219.38134765625, -114.0584487915039], [811.8324584960938, 351.681884765625, 2.9037656784057617], [798.616455078125, 376.2987976074219, 5.652225494384766], [787.344970703125, 455.84765625, -3.3442139625549316], [787.8597412109375, 547.221923828125, 1.9173634052276611], [825.2426147460938, 372.98291015625, 6.692592144012451], [840.467041015625, 455.3720703125, -7.614285469055176], [836.5569458007812, 545.0140380859375, 3.656317949295044], [0.0, 0.0, 0.0], [0.0, 0.0, 0.0], [0.0, 0.0, 0.0], [0.0, 0.0, 0.0], [0.0, 0.0, 0.0], [0.0, 0.0, 0.0], [0.0, 0.0, 0.0], [0.0, 0.0, 0.0], [0.0, 0.0, 0.0], [0.0, 0.0, 0.0], [0.0, 0.0, 0.0], [0.0, 0.0, 0.0], [0.0, 0.0, 0.0], [0.0, 0.0, 0.0], [0.0, 0.0, 0.0], [0.0, 0.0, 0.0], [0.0, 0.0, 0.0], [0.0, 0.0, 0.0], [0.0, 0.0, 0.0], [0.0, 0.0, 0.0], [0.0, 0.0, 0.0], [0.0, 0.0, 0.0], [0.0, 0.0, 0.0], [0.0, 0.0, 0.0], [0.0, 0.0, 0.0], [0.0, 0.0, 0.0], [0.0, 0.0, 0.0], [0.0, 0.0, 0.0], [0.0, 0.0, 0.0], [0.0, 0.0, 0.0], [0.0, 0.0, 0.0], [0.0, 0.0, 0.0], [0.0, 0.0, 0.0], [0.0, 0.0, 0.0]], "head_info": {"pos": [805.7444458007812, 200.0900421142578, -10.034314155578613], "vec": [-0.07273555546998978, -0.19579456746578217, -0.9779437780380249]}, "left_hand_info": {"thumb": [-0.5093021988868713, -0.7685636281967163, 0.3871966302394867], "index": [-0.10095363855361938, -0.3934582769870758, -0.9137828350067139], "palm": [0.8546459078788757, -0.5044804811477661, 0.12279985845088959], "pos": [844.0097045898438, 219.38134765625, -114.0584487915039]}, "right_hand_info": {"thumb": [-0.017632750794291496, -0.0902787372469902, -0.995760440826416], "index": [0.07920604944229126, -0.9929115176200867, 0.08861787617206573], "palm": [-0.9967023134231567, -0.07730767875909805, 0.024658383801579475], "pos": [767.2139892578125, 209.8403778076172, -109.72335052490234]}, "left_heel_info": {"pos": [839.7952880859375, 554.0455322265625, 18.989469528198242], "vec": [0.179121732711792, 0.16651329398155212, -0.9696333408355713]}, "right_heel_info": {"pos": [789.8280029296875, 559.0596313476562, 18.882490158081055], "vec": [-0.1913590133190155, 0.11671657115221024, -0.9745558500289917]}}