{"pred_joints_img": [[808.5374145507812, 199.86376953125, -12.353178977966309], [806.9297485351562, 245.1287078857422, 12.291078567504883], [780.6903076171875, 245.80123901367188, -1.792028546333313], [773.806884765625, 235.91053771972656, -63.03868865966797], [773.2947998046875, 221.09475708007812, -118.2919692993164], [841.18017578125, 244.09573364257812, -7.921584606170654], [843.3364868164062, 254.26119995117188, -67.64381408691406], [838.600341796875, 242.57220458984375, -124.29057312011719], [813.2981567382812, 353.14422607421875, 2.9006564617156982], [799.821533203125, 377.74603271484375, 6.223974227905273], [786.9882202148438, 458.1145324707031, -2.1690423488616943], [786.206298828125, 550.6211547851562, 2.099381923675537], [826.556884765625, 374.6875, 6.823847770690918], [841.0179443359375, 458.35833740234375, -6.948630332946777], [836.0731811523438, 548.93798828125, 4.869358539581299], [0.0, 0.0, 0.0], [0.0, 0.0, 0.0], [0.0, 0.0, 0.0], [0.0, 0.0, 0.0], [0.0, 0.0, 0.0], [0.0, 0.0, 0.0], [0.0, 0.0, 0.0], [0.0, 0.0, 0.0], [0.0, 0.0, 0.0], [0.0, 0.0, 0.0], [0.0, 0.0, 0.0], [0.0, 0.0, 0.0], [0.0, 0.0, 0.0], [0.0, 0.0, 0.0], [0.0, 0.0, 0.0], [0.0, 0.0, 0.0], [0.0, 0.0, 0.0], [0.0, 0.0, 0.0], [0.0, 0.0, 0.0], [0.0, 0.0, 0.0], [0.0, 0.0, 0.0], [0.0, 0.0, 0.0], [0.0, 0.0, 0.0], [0.0, 0.0, 0.0], [0.0, 0.0, 0.0], [0.0, 0.0, 0.0], [0.0, 0.0, 0.0], [0.0, 0.0, 0.0], [0.0, 0.0, 0.0], [0.0, 0.0, 0.0], [0.0, 0.0, 0.0], [0.0, 0.0, 0.0], [0.0, 0.0, 0.0], [0.0, 0.0, 0.0]], "head_info": {"pos": [808.5374145507812, 199.86376953125, -12.353178977966309], "vec": [-0.05608396977186203, -0.207413911819458, -0.9766442775726318]}, "left_hand_info": {"thumb": [-0.7859717011451721, -0.5967305898666382, 0.16174429655075073], "index": [-0.15582476556301117, -0.06197093799710274, -0.9858388304710388], "palm": [0.5983036160469055, -0.8000451326370239, -0.04427800700068474], "pos": [838.600341796875, 242.57220458984375, -124.29057312011719]}, "right_hand_info": {"thumb": [0.8379080295562744, -0.5156203508377075, 0.1790134757757187], "index": [0.0799182802438736, -0.2085409313440323, -0.9747429490089417], "palm": [0.5399289131164551, 0.8310513496398926, -0.1335306316614151], "pos": [773.2947998046875, 221.09475708007812, -118.2919692993164]}, "left_heel_info": {"pos": [839.0779418945312, 557.8430786132812, 20.507320404052734], "vec": [0.1854669153690338, 0.18471607565879822, -0.9651331305503845]}, "right_heel_info": {"pos": [788.466796875, 562.525634765625, 18.87156105041504], "vec": [-0.22463458776474, 0.11221693456172943, -0.9679600596427917]}}