{"image_path": "/daintlab/home/rilab/github/frankmocap_notebooks/images/ZK3jSXYBNak/scene_00000018.jpg", "body_bbox_list": [[393, 59, 270, 581]], "hand_bbox_list": [{"left_hand": [646.498291015625, 246.9952850341797, 42.27880859375, 43.34245300292969], "right_hand": [347.9908447265625, 271.2694396972656, 59.902557373046875, 47.181396484375]}]}