{"image_path": "/daintlab/home/rilab/github/frankmocap_notebooks/images/ZK3jSXYBNak/scene_00000004.jpg", "body_bbox_list": [[487, 96, 177, 529]], "hand_bbox_list": [{"left_hand": [645.3438720703125, 357.902099609375, 25.1268310546875, 45.1143798828125], "right_hand": [540.972900390625, 345.819580078125, 46.7156982421875, 50.361968994140625]}]}