{"image_path": "/daintlab/home/rilab/github/frankmocap_notebooks/images/ZK3jSXYBNak/scene_00000016.jpg", "body_bbox_list": [[404, 65, 258, 551]], "hand_bbox_list": [{"left_hand": [645.1104125976562, 252.88766479492188, 40.51617431640625, 43.755218505859375], "right_hand": [369.0877685546875, 270.2897644042969, 52.6903076171875, 45.47235107421875]}]}