{"image_path": "/daintlab/home/rilab/github/frankmocap_notebooks/images/ZK3jSXYBNak/scene_00000039.jpg", "body_bbox_list": [[440, 65, 221, 561]], "hand_bbox_list": [{"left_hand": [638.6318359375, 333.6421813964844, 31.71954345703125, 40.594451904296875], "right_hand": [423.89129638671875, 211.97976684570312, 41.69024658203125, 39.071044921875]}]}