{"image_path": "/daintlab/home/rilab/github/frankmocap_notebooks/images/ZK3jSXYBNak/scene_00000011.jpg", "body_bbox_list": [[467, 91, 182, 534]], "hand_bbox_list": [{"left_hand": [625.2747802734375, 355.4322814941406, 27.87225341796875, 46.315460205078125], "right_hand": [514.6408081054688, 357.7165832519531, 47.36676025390625, 46.633056640625]}]}