{"image_path": "/daintlab/home/rilab/github/frankmocap_notebooks/images/ZK3jSXYBNak/scene_00000042.jpg", "body_bbox_list": [[440, 65, 221, 561]], "hand_bbox_list": [{"left_hand": [636.0635986328125, 334.69287109375, 32.9072265625, 40.706817626953125], "right_hand": [424.1716003417969, 212.28932189941406, 41.85882568359375, 38.26484680175781]}]}