{"image_path": "/daintlab/home/rilab/github/frankmocap_notebooks/images/ZK3jSXYBNak/scene_00000002.jpg", "body_bbox_list": [[508, 86, 170, 544]], "hand_bbox_list": [{"left_hand": [659.0755615234375, 344.0455627441406, 27.60614013671875, 46.8795166015625], "right_hand": [571.3651123046875, 293.8822326660156, 40.075439453125, 41.712371826171875]}]}