{"image_path": "/daintlab/home/rilab/github/frankmocap_notebooks/images/ZK3jSXYBNak/scene_00000026.jpg", "body_bbox_list": [[414, 59, 258, 573]], "hand_bbox_list": [{"left_hand": [650.6063842773438, 274.70318603515625, 33.685302734375, 38.00677490234375], "right_hand": [374.53997802734375, 279.54791259765625, 57.165924072265625, 48.34796142578125]}]}