{"image_path": "/daintlab/home/rilab/github/frankmocap_notebooks/images/ZK3jSXYBNak/scene_00000032.jpg", "body_bbox_list": [[440, 65, 221, 561]], "hand_bbox_list": [{"left_hand": [618.9772338867188, 328.898681640625, 37.4581298828125, 48.1263427734375], "right_hand": [423.18450927734375, 206.83050537109375, 40.41436767578125, 38.28863525390625]}]}