{"image_path": "/daintlab/home/rilab/github/frankmocap_notebooks/images/ZK3jSXYBNak/scene_00000034.jpg", "body_bbox_list": [[430, 65, 231, 566]], "hand_bbox_list": [{"left_hand": [633.275390625, 329.888671875, 34.90380859375, 47.245361328125], "right_hand": [422.1886291503906, 212.27830505371094, 40.74639892578125, 39.194122314453125]}]}