{"image_path": "/daintlab/home/rilab/github/frankmocap_notebooks/images/ZK3jSXYBNak/scene_00000000.jpg", "body_bbox_list": [[508, 75, 170, 551]], "hand_bbox_list": [{"left_hand": [654.5003051757812, 335.0067138671875, 27.50653076171875, 46.1759033203125], "right_hand": [572.779296875, 270.4092102050781, 37.7052001953125, 31.42529296875]}]}