{"image_path": "/daintlab/home/rilab/github/frankmocap_notebooks/images/ZK3jSXYBNak/scene_00000030.jpg", "body_bbox_list": [[440, 65, 221, 566]], "hand_bbox_list": [{"left_hand": [611.55859375, 323.4393310546875, 39.90631103515625, 46.02667236328125], "right_hand": [432.0840148925781, 197.64944458007812, 36.591033935546875, 46.73970031738281]}]}