{"image_path": "/daintlab/home/rilab/github/frankmocap_notebooks/images/ZK3jSXYBNak/scene_00000043.jpg", "body_bbox_list": [[440, 65, 221, 561]], "hand_bbox_list": [{"left_hand": [636.5061645507812, 334.65228271484375, 32.6002197265625, 40.715087890625], "right_hand": [425.7440490722656, 215.12855529785156, 38.6578369140625, 33.67140197753906]}]}