{"image_path": "/daintlab/home/rilab/github/frankmocap_notebooks/images/jnE2DihdnS4/scene_00000063.jpg", "body_bbox_list": [[400, 267, 231, 297]], "hand_bbox_list": [{"left_hand": [539.925048828125, 390.2874450683594, 20.67596435546875, 28.7135009765625], "right_hand": [388.54974365234375, 375.8622741699219, 32.639251708984375, 30.85858154296875]}]}