{"image_path": "/daintlab/home/rilab/github/frankmocap_notebooks/images/jnE2DihdnS4/scene_00000090.jpg", "body_bbox_list": [[312, 273, 82, 275]], "hand_bbox_list": [{"left_hand": [373.3567810058594, 408.8802490234375, 25.918426513671875, 27.754791259765625], "right_hand": null}]}