{"image_path": "/daintlab/home/rilab/github/frankmocap_notebooks/images/jnE2DihdnS4/scene_00000058.jpg", "body_bbox_list": [[455, 173, 126, 390]], "hand_bbox_list": [{"left_hand": [536.6693115234375, 256.0713195800781, 22.9166259765625, 44.329742431640625], "right_hand": null}]}