{"image_path": "/daintlab/home/rilab/github/frankmocap_notebooks/images/jnE2DihdnS4/scene_00000003.jpg", "body_bbox_list": [[486, 224, 89, 353]], "hand_bbox_list": [{"left_hand": null, "right_hand": [476.6408996582031, 366.6044616699219, 26.18896484375, 17.495635986328125]}]}