{"image_path": "/daintlab/home/rilab/github/frankmocap_notebooks/images/jnE2DihdnS4/scene_00000072.jpg", "body_bbox_list": [[416, 231, 104, 324]], "hand_bbox_list": [{"left_hand": [499.0001220703125, 375.61712646484375, 24.12200927734375, 24.573272705078125], "right_hand": null}]}