{"image_path": "/daintlab/home/rilab/github/frankmocap_notebooks/images/jnE2DihdnS4/scene_00000015.jpg", "body_bbox_list": [[599, 241, 148, 319]], "hand_bbox_list": [{"left_hand": [637.2583618164062, 310.060791015625, 30.08892822265625, 27.58978271484375], "right_hand": [602.298583984375, 364.0044250488281, 24.67877197265625, 24.76715087890625]}]}