{"image_path": "/daintlab/home/rilab/github/frankmocap_notebooks/images/jnE2DihdnS4/scene_00000095.jpg", "body_bbox_list": [[244, 252, 148, 292]], "hand_bbox_list": [{"left_hand": [365.9736328125, 361.06939697265625, 20.499237060546875, 25.31494140625], "right_hand": [222.7578887939453, 302.20025634765625, 27.15081787109375, 28.118072509765625]}]}