{"image_path": "/daintlab/home/rilab/github/frankmocap_notebooks/images/jnE2DihdnS4/scene_00000019.jpg", "body_bbox_list": [[582, 262, 177, 297]], "hand_bbox_list": [{"left_hand": null, "right_hand": [591.0526733398438, 416.95941162109375, 19.78009033203125, 29.113311767578125]}]}