{"image_path": "/daintlab/home/rilab/github/frankmocap_notebooks/images/jnE2DihdnS4/scene_00000074.jpg", "body_bbox_list": [[426, 230, 89, 331]], "hand_bbox_list": [{"left_hand": [496.8255310058594, 371.41204833984375, 22.039093017578125, 26.59344482421875], "right_hand": [435.6046142578125, 260.3305358886719, 22.778533935546875, 23.338836669921875]}]}