{"image_path": "/daintlab/home/rilab/github/frankmocap_notebooks/images/jnE2DihdnS4/scene_00000098.jpg", "body_bbox_list": [[274, 257, 133, 287]], "hand_bbox_list": [{"left_hand": [381.75982666015625, 332.8232116699219, 37.921722412109375, 20.700164794921875], "right_hand": [288.5970153808594, 360.90509033203125, 22.49835205078125, 20.836517333984375]}]}