{"image_path": "/daintlab/home/rilab/github/frankmocap_notebooks/images/jnE2DihdnS4/scene_00000053.jpg", "body_bbox_list": [[455, 178, 126, 385]], "hand_bbox_list": [{"left_hand": null, "right_hand": [487.82000732421875, 164.11798095703125, 20.083282470703125, 25.83135986328125]}]}