{"image_path": "/daintlab/home/rilab/github/frankmocap_notebooks/images/jnE2DihdnS4/scene_00000087.jpg", "body_bbox_list": [[335, 252, 111, 297]], "hand_bbox_list": [{"left_hand": [410.3689880371094, 384.37408447265625, 24.384735107421875, 21.435211181640625], "right_hand": null}]}