{"image_path": "/daintlab/home/rilab/github/frankmocap_notebooks/images/jnE2DihdnS4/scene_00000012.jpg", "body_bbox_list": [[559, 217, 133, 302]], "hand_bbox_list": [{"left_hand": [688.526123046875, 298.45953369140625, 23.06646728515625, 23.864288330078125], "right_hand": [551.725341796875, 380.0789489746094, 28.41912841796875, 33.27618408203125]}]}