{"image_path": "/daintlab/home/rilab/github/frankmocap_notebooks/images/jnE2DihdnS4/scene_00000064.jpg", "body_bbox_list": [[374, 262, 243, 302]], "hand_bbox_list": [{"left_hand": [522.9707641601562, 395.3728942871094, 22.38018798828125, 24.69384765625], "right_hand": null}]}