{"image_path": "/daintlab/home/rilab/github/frankmocap_notebooks/images/jnE2DihdnS4/scene_00000008.jpg", "body_bbox_list": [[493, 225, 160, 341]], "hand_bbox_list": [{"left_hand": [603.1524658203125, 350.2605285644531, 27.74810791015625, 31.605621337890625], "right_hand": [486.5882263183594, 368.8109436035156, 23.8809814453125, 37.00140380859375]}]}