{"image_path": "/daintlab/home/rilab/github/frankmocap_notebooks/images/jnE2DihdnS4/scene_00000081.jpg", "body_bbox_list": [[389, 236, 133, 324]], "hand_bbox_list": [{"left_hand": [498.21307373046875, 368.392822265625, 21.6610107421875, 19.69635009765625], "right_hand": [385.42901611328125, 254.22042846679688, 30.352508544921875, 26.6536865234375]}]}