{"image_path": "/daintlab/home/rilab/github/frankmocap_notebooks/images/jnE2DihdnS4/scene_00000061.jpg", "body_bbox_list": [[459, 220, 138, 341]], "hand_bbox_list": [{"left_hand": [553.9922485351562, 357.0261535644531, 21.05657958984375, 33.367095947265625], "right_hand": null}]}