{"image_path": "/daintlab/home/rilab/github/frankmocap_notebooks/images/jnE2DihdnS4/scene_00000050.jpg", "body_bbox_list": [[444, 252, 133, 302]], "hand_bbox_list": [{"left_hand": [552.1683349609375, 355.5257263183594, 31.630126953125, 36.523651123046875], "right_hand": [552.1683349609375, 355.5257263183594, 31.630126953125, 36.523651123046875]}]}