{"image_path": "/daintlab/home/rilab/github/frankmocap_notebooks/images/jnE2DihdnS4/scene_00000083.jpg", "body_bbox_list": [[383, 251, 170, 309]], "hand_bbox_list": [{"left_hand": null, "right_hand": [397.7763671875, 272.0140075683594, 21.164459228515625, 21.486785888671875]}]}