{"image_path": "/daintlab/home/rilab/github/frankmocap_notebooks/images/jnE2DihdnS4/scene_00000070.jpg", "body_bbox_list": [[379, 225, 148, 336]], "hand_bbox_list": [{"left_hand": [490.3829650878906, 378.24981689453125, 22.032623291015625, 19.259857177734375], "right_hand": [368.2135925292969, 224.0726318359375, 32.970733642578125, 26.180831909179688]}]}