{"image_path": "/daintlab/home/rilab/github/frankmocap_notebooks/images/jnE2DihdnS4/scene_00000007.jpg", "body_bbox_list": [[509, 230, 143, 336]], "hand_bbox_list": [{"left_hand": [570.023681640625, 252.7978973388672, 21.569091796875, 40.04896545410156], "right_hand": [518.4984130859375, 271.7371826171875, 30.93182373046875, 46.338775634765625]}]}