{"image_path": "/daintlab/home/rilab/github/frankmocap_notebooks/images/jnE2DihdnS4/scene_00000011.jpg", "body_bbox_list": [[540, 220, 116, 336]], "hand_bbox_list": [{"left_hand": [652.9577026367188, 343.175048828125, 22.68994140625, 30.867950439453125], "right_hand": [538.475830078125, 369.7714538574219, 26.61712646484375, 31.84490966796875]}]}