{"image_path": "/daintlab/home/rilab/github/frankmocap_notebooks/images/jnE2DihdnS4/scene_00000028.jpg", "body_bbox_list": [[501, 241, 94, 314]], "hand_bbox_list": [{"left_hand": [582.9178466796875, 380.5436096191406, 20.71923828125, 26.4471435546875], "right_hand": [582.9178466796875, 380.5436096191406, 20.71923828125, 26.4471435546875]}]}