{"image_path": "/daintlab/home/rilab/github/frankmocap_notebooks/images/jnE2DihdnS4/scene_00000026.jpg", "body_bbox_list": [[531, 215, 89, 341]], "hand_bbox_list": [{"left_hand": [601.5510864257812, 382.34124755859375, 19.93487548828125, 18.2064208984375], "right_hand": null}]}