{"image_path": "/daintlab/home/rilab/github/frankmocap_notebooks/images/jnE2DihdnS4/scene_00000034.jpg", "body_bbox_list": [[461, 246, 99, 314]], "hand_bbox_list": [{"left_hand": [467.26629638671875, 324.1156921386719, 26.964019775390625, 23.365631103515625], "right_hand": [467.26629638671875, 324.1156921386719, 26.964019775390625, 23.365631103515625]}]}