{"image_path": "/daintlab/home/rilab/github/frankmocap_notebooks/images/bbz2boNSeL0/scene_00000067.jpg", "body_bbox_list": [[571, 64, 204, 576]], "hand_bbox_list": [{"left_hand": [678.7676391601562, 305.3822937011719, 47.5391845703125, 48.3861083984375], "right_hand": [567.2681274414062, 353.43878173828125, 35.494873046875, 46.951568603515625]}]}