{"image_path": "/daintlab/home/rilab/github/frankmocap_notebooks/images/bbz2boNSeL0/scene_00000022.jpg", "body_bbox_list": [[508, 71, 275, 539]], "hand_bbox_list": [{"left_hand": [768.84619140625, 247.73536682128906, 43.877685546875, 45.26405334472656], "right_hand": [519.9297485351562, 345.8624267578125, 37.61572265625, 46.1934814453125]}]}