{"image_path": "/daintlab/home/rilab/github/frankmocap_notebooks/images/bbz2boNSeL0/scene_00000047.jpg", "body_bbox_list": [[542, 49, 287, 583]], "hand_bbox_list": [{"left_hand": [819.9820556640625, 155.56350708007812, 47.656494140625, 48.35215759277344], "right_hand": [537.5565795898438, 173.35589599609375, 35.8369140625, 49.44502258300781]}]}