{"image_path": "/daintlab/home/rilab/github/frankmocap_notebooks/images/bbz2boNSeL0/scene_00000078.jpg", "body_bbox_list": [[556, 65, 199, 566]], "hand_bbox_list": [{"left_hand": [668.7725830078125, 298.4873962402344, 47.3046875, 45.12567138671875], "right_hand": [555.0123901367188, 362.3814697265625, 31.69146728515625, 46.6962890625]}]}