{"image_path": "/daintlab/home/rilab/github/frankmocap_notebooks/images/bbz2boNSeL0/scene_00000119.jpg", "body_bbox_list": [[547, 54, 192, 573]], "hand_bbox_list": [{"left_hand": [665.9552612304688, 294.5946960449219, 42.12957763671875, 43.407867431640625], "right_hand": [565.940673828125, 325.42327880859375, 41.7718505859375, 45.974700927734375]}]}