{"image_path": "/daintlab/home/rilab/github/frankmocap_notebooks/images/bbz2boNSeL0/scene_00000017.jpg", "body_bbox_list": [[512, 60, 182, 551]], "hand_bbox_list": [{"left_hand": [655.6012573242188, 321.8884582519531, 37.36041259765625, 48.58770751953125], "right_hand": [525.3116455078125, 349.7604675292969, 29.5064697265625, 46.265899658203125]}]}