{"image_path": "/daintlab/home/rilab/github/frankmocap_notebooks/images/bbz2boNSeL0/scene_00000109.jpg", "body_bbox_list": [[558, 75, 165, 561]], "hand_bbox_list": [{"left_hand": [670.832275390625, 305.7310485839844, 39.9095458984375, 42.734649658203125], "right_hand": [572.743408203125, 362.9964294433594, 35.0218505859375, 41.99615478515625]}]}