{"image_path": "/daintlab/home/rilab/github/frankmocap_notebooks/images/bbz2boNSeL0/scene_00000116.jpg", "body_bbox_list": [[537, 60, 182, 561]], "hand_bbox_list": [{"left_hand": [661.2384033203125, 292.5357666015625, 41.93829345703125, 43.3631591796875], "right_hand": [587.3807373046875, 178.8414306640625, 38.2340087890625, 35.44908142089844]}]}