{"image_path": "/daintlab/home/rilab/github/frankmocap_notebooks/images/bbz2boNSeL0/scene_00000064.jpg", "body_bbox_list": [[571, 60, 209, 556]], "hand_bbox_list": [{"left_hand": [675.665283203125, 300.340576171875, 45.44415283203125, 50.21417236328125], "right_hand": [571.5640258789062, 343.7464599609375, 29.3641357421875, 46.231353759765625]}]}