{"image_path": "/daintlab/home/rilab/github/frankmocap_notebooks/images/bbz2boNSeL0/scene_00000034.jpg", "body_bbox_list": [[532, 56, 182, 544]], "hand_bbox_list": [{"left_hand": [689.8475952148438, 325.74615478515625, 26.5186767578125, 34.76568603515625], "right_hand": [541.0571899414062, 339.3249816894531, 38.6319580078125, 45.84759521484375]}]}