{"image_path": "/daintlab/home/rilab/github/frankmocap_notebooks/images/bbz2boNSeL0/scene_00000072.jpg", "body_bbox_list": [[552, 65, 187, 556]], "hand_bbox_list": [{"left_hand": [684.6574096679688, 299.9789123535156, 41.12384033203125, 43.916046142578125], "right_hand": [566.6753540039062, 353.9524841308594, 42.0653076171875, 47.726409912109375]}]}