{"image_path": "/daintlab/home/rilab/github/frankmocap_notebooks/images/bbz2boNSeL0/scene_00000094.jpg", "body_bbox_list": [[563, 84, 155, 556]], "hand_bbox_list": [{"left_hand": [682.1935424804688, 314.36767578125, 32.58013916015625, 39.483795166015625], "right_hand": [577.8168334960938, 366.97332763671875, 41.90521240234375, 44.354217529296875]}]}