{"image_path": "/daintlab/home/rilab/github/frankmocap_notebooks/images/bbz2boNSeL0/scene_00000095.jpg", "body_bbox_list": [[569, 95, 148, 545]], "hand_bbox_list": [{"left_hand": [679.8528442382812, 315.4646301269531, 33.50445556640625, 39.753509521484375], "right_hand": [579.3963623046875, 371.9427795410156, 40.668212890625, 43.6611328125]}]}