{"image_path": "/daintlab/home/rilab/github/frankmocap_notebooks/images/bbz2boNSeL0/scene_00000020.jpg", "body_bbox_list": [[511, 66, 199, 539]], "hand_bbox_list": [{"left_hand": [677.0858154296875, 310.8106994628906, 40.94921875, 51.06884765625], "right_hand": [521.7421264648438, 347.1425476074219, 36.3436279296875, 47.4066162109375]}]}