{"image_path": "/daintlab/home/rilab/github/frankmocap_notebooks/images/bbz2boNSeL0/scene_00000035.jpg", "body_bbox_list": [[537, 56, 187, 544]], "hand_bbox_list": [{"left_hand": [697.2566528320312, 327.88031005859375, 32.76348876953125, 35.1846923828125], "right_hand": [537.53369140625, 338.32745361328125, 38.41265869140625, 46.11260986328125]}]}