{"image_path": "/daintlab/home/rilab/github/frankmocap_notebooks/images/bbz2boNSeL0/scene_00000007.jpg", "body_bbox_list": [[507, 60, 187, 556]], "hand_bbox_list": [{"left_hand": [656.5972900390625, 325.38067626953125, 38.67431640625, 46.368438720703125], "right_hand": [518.847412109375, 356.94000244140625, 32.6163330078125, 42.021636962890625]}]}