{"image_path": "/daintlab/home/rilab/github/frankmocap_notebooks/images/bbz2boNSeL0/scene_00000085.jpg", "body_bbox_list": [[561, 64, 199, 576]], "hand_bbox_list": [{"left_hand": [668.0989990234375, 293.4824523925781, 49.59307861328125, 42.2589111328125], "right_hand": [567.0634155273438, 350.89642333984375, 38.045654296875, 48.516082763671875]}]}