{"image_path": "/daintlab/home/rilab/github/frankmocap_notebooks/images/bbz2boNSeL0/scene_00000092.jpg", "body_bbox_list": [[563, 75, 170, 556]], "hand_bbox_list": [{"left_hand": [696.9474487304688, 299.2902526855469, 35.1221923828125, 44.391357421875], "right_hand": [568.4833374023438, 356.9891357421875, 42.14495849609375, 44.875701904296875]}]}