{"image_path": "/daintlab/home/rilab/github/frankmocap_notebooks/images/bbz2boNSeL0/scene_00000076.jpg", "body_bbox_list": [[552, 65, 182, 556]], "hand_bbox_list": [{"left_hand": [668.5100708007812, 303.378173828125, 43.725830078125, 47.44610595703125], "right_hand": [564.0899047851562, 355.9883728027344, 44.53204345703125, 48.9622802734375]}]}