{"image_path": "/daintlab/home/rilab/github/frankmocap_notebooks/images/bbz2boNSeL0/scene_00000002.jpg", "body_bbox_list": [[512, 61, 182, 544]], "hand_bbox_list": [{"left_hand": [653.5018310546875, 324.8558349609375, 39.93780517578125, 50.801971435546875], "right_hand": [526.1546630859375, 350.7119140625, 37.47308349609375, 48.28802490234375]}]}