{"image_path": "/daintlab/home/rilab/github/frankmocap_notebooks/images/bbz2boNSeL0/scene_00000053.jpg", "body_bbox_list": [[563, 54, 155, 578]], "hand_bbox_list": [{"left_hand": [678.5904541015625, 286.79681396484375, 40.2694091796875, 44.4306640625], "right_hand": [613.09765625, 336.3778381347656, 41.8046875, 42.84063720703125]}]}