{"image_path": "/daintlab/home/rilab/github/frankmocap_notebooks/images/bbz2boNSeL0/scene_00000069.jpg", "body_bbox_list": [[566, 64, 199, 576]], "hand_bbox_list": [{"left_hand": [689.25927734375, 305.2726745605469, 45.984619140625, 46.402740478515625], "right_hand": [567.28466796875, 358.05328369140625, 35.79248046875, 48.515045166015625]}]}