{"image_path": "/daintlab/home/rilab/github/frankmocap_notebooks/images/bbz2boNSeL0/scene_00000062.jpg", "body_bbox_list": [[571, 60, 204, 561]], "hand_bbox_list": [{"left_hand": [673.8827514648438, 295.72869873046875, 48.52557373046875, 49.202545166015625], "right_hand": [572.4744873046875, 348.9643249511719, 27.51837158203125, 46.7198486328125]}]}