{"image_path": "/daintlab/home/rilab/github/frankmocap_notebooks/images/bbz2boNSeL0/scene_00000040.jpg", "body_bbox_list": [[572, 50, 187, 556]], "hand_bbox_list": [{"left_hand": [722.2747192382812, 326.8442687988281, 34.72344970703125, 37.65093994140625], "right_hand": [573.5120849609375, 334.9278869628906, 26.48382568359375, 47.268890380859375]}]}