{"image_path": "/daintlab/home/rilab/github/frankmocap_notebooks/images/bbz2boNSeL0/scene_00000107.jpg", "body_bbox_list": [[558, 70, 170, 566]], "hand_bbox_list": [{"left_hand": [672.53759765625, 305.6011962890625, 39.12548828125, 42.20648193359375], "right_hand": [573.1856689453125, 362.7102355957031, 38.8828125, 49.6318359375]}]}