{"image_path": "/daintlab/home/rilab/github/frankmocap_notebooks/images/bbz2boNSeL0/scene_00000114.jpg", "body_bbox_list": [[542, 59, 182, 578]], "hand_bbox_list": [{"left_hand": [663.5703125, 299.1511535644531, 40.34576416015625, 41.986236572265625], "right_hand": [581.8811645507812, 241.40550231933594, 27.87127685546875, 35.25334167480469]}]}