{"image_path": "/daintlab/home/rilab/github/frankmocap_notebooks/images/bbz2boNSeL0/scene_00000028.jpg", "body_bbox_list": [[538, 66, 280, 544]], "hand_bbox_list": [{"left_hand": [802.2620849609375, 117.24514770507812, 63.018798828125, 49.658416748046875], "right_hand": [567.2820434570312, 341.6845397949219, 42.582763671875, 42.85626220703125]}]}