{"image_path": "/daintlab/home/rilab/github/frankmocap_notebooks/images/bbz2boNSeL0/scene_00000038.jpg", "body_bbox_list": [[546, 50, 209, 556]], "hand_bbox_list": [{"left_hand": [724.25048828125, 327.45428466796875, 33.47235107421875, 37.86968994140625], "right_hand": [545.6334228515625, 337.09857177734375, 31.65240478515625, 43.8282470703125]}]}