{"image_path": "/daintlab/home/rilab/github/frankmocap_notebooks/images/MVI_0003/scene_00000705.jpg", "body_bbox_list": [[386, 298, 204, 265]], "hand_bbox_list": [{"left_hand": [414.8231506347656, 381.5711975097656, 46.457122802734375, 38.42950439453125], "right_hand": [360.36285400390625, 368.0249328613281, 41.880462646484375, 37.65203857421875]}]}