{"image_path": "/daintlab/home/rilab/github/frankmocap_notebooks/images/MVI_0003/scene_00000246.jpg", "body_bbox_list": [[381, 293, 209, 270]], "hand_bbox_list": [{"left_hand": [416.5417785644531, 379.95965576171875, 44.8035888671875, 38.622039794921875], "right_hand": [358.0051574707031, 372.89129638671875, 39.495819091796875, 35.233001708984375]}]}