{"image_path": "/daintlab/home/rilab/github/frankmocap_notebooks/images/MVI_0003/scene_00000568.jpg", "body_bbox_list": [[386, 309, 204, 248]], "hand_bbox_list": [{"left_hand": [413.7354431152344, 396.1793212890625, 46.9337158203125, 40.77984619140625], "right_hand": [363.7464294433594, 385.6688537597656, 38.71075439453125, 35.49359130859375]}]}