{"image_path": "/daintlab/home/rilab/github/frankmocap_notebooks/images/MVI_0003/scene_00000408.jpg", "body_bbox_list": [[391, 230, 199, 336]], "hand_bbox_list": [{"left_hand": [418.4021301269531, 303.0305480957031, 48.4871826171875, 42.64129638671875], "right_hand": [366.7922058105469, 292.3909606933594, 43.60931396484375, 40.821258544921875]}]}