{"image_path": "/daintlab/home/rilab/github/frankmocap_notebooks/images/MVI_0003/scene_00000979.jpg", "body_bbox_list": [[459, 131, 138, 434]], "hand_bbox_list": [{"left_hand": [553.4940185546875, 367.017333984375, 33.23321533203125, 45.570709228515625], "right_hand": [455.03717041015625, 350.7861328125, 24.912200927734375, 48.3026123046875]}]}