{"image_path": "/daintlab/home/rilab/github/frankmocap_notebooks/images/MVI_0003/scene_00000294.jpg", "body_bbox_list": [[386, 230, 204, 336]], "hand_bbox_list": [{"left_hand": [416.016357421875, 302.6145324707031, 46.915557861328125, 41.99749755859375], "right_hand": [359.4162902832031, 293.3824157714844, 44.98980712890625, 40.2900390625]}]}