{"image_path": "/daintlab/home/rilab/github/frankmocap_notebooks/images/MVI_0003/scene_00000018.jpg", "body_bbox_list": [[470, 152, 126, 407]], "hand_bbox_list": [{"left_hand": [560.2084350585938, 366.764404296875, 35.5758056640625, 45.65850830078125], "right_hand": [473.1450500488281, 357.7825622558594, 23.412322998046875, 41.969329833984375]}]}