{"image_path": "/daintlab/home/rilab/github/frankmocap_notebooks/images/MVI_0003/scene_00000803.jpg", "body_bbox_list": [[402, 146, 187, 419]], "hand_bbox_list": [{"left_hand": [430.5322570800781, 234.39891052246094, 40.01092529296875, 36.25126647949219], "right_hand": [369.41436767578125, 222.66018676757812, 44.427642822265625, 38.429229736328125]}]}