{"image_path": "/daintlab/home/rilab/github/frankmocap_notebooks/images/MVI_0003/scene_00000240.jpg", "body_bbox_list": [[381, 272, 209, 292]], "hand_bbox_list": [{"left_hand": [417.1279296875, 355.3709411621094, 45.263580322265625, 39.768768310546875], "right_hand": [354.0536804199219, 349.4837646484375, 45.78082275390625, 38.399932861328125]}]}