{"image_path": "/daintlab/home/rilab/github/frankmocap_notebooks/images/MVI_0003/scene_00000792.jpg", "body_bbox_list": [[402, 136, 182, 429]], "hand_bbox_list": [{"left_hand": [423.6542053222656, 209.45687866210938, 41.65496826171875, 35.56828308105469], "right_hand": [370.58026123046875, 198.5195770263672, 43.70880126953125, 40.57975769042969]}]}