{"image_path": "/daintlab/home/rilab/github/frankmocap_notebooks/images/MVI_0003/scene_00000434.jpg", "body_bbox_list": [[391, 288, 204, 275]], "hand_bbox_list": [{"left_hand": [412.8420715332031, 370.04144287109375, 47.640289306640625, 39.960662841796875], "right_hand": [363.47906494140625, 350.3164978027344, 42.374603271484375, 40.983428955078125]}]}