{"image_path": "/daintlab/home/rilab/github/frankmocap_notebooks/images/MVI_0003/scene_00000059.jpg", "body_bbox_list": [[454, 131, 143, 429]], "hand_bbox_list": [{"left_hand": [551.59814453125, 367.89080810546875, 34.335205078125, 44.832305908203125], "right_hand": [449.5838928222656, 353.9060974121094, 23.935760498046875, 43.022491455078125]}]}