{"image_path": "/daintlab/home/rilab/github/frankmocap_notebooks/images/MVI_0003/scene_00000214.jpg", "body_bbox_list": [[397, 199, 192, 363]], "hand_bbox_list": [{"left_hand": [427.7081604003906, 273.90655517578125, 45.750213623046875, 40.73846435546875], "right_hand": [363.6038513183594, 273.0399475097656, 45.376953125, 38.06256103515625]}]}