{"image_path": "/daintlab/home/rilab/github/frankmocap_notebooks/images/MVI_0003/scene_00000995.jpg", "body_bbox_list": [[468, 130, 155, 441]], "hand_bbox_list": [{"left_hand": [587.1564331054688, 373.4073486328125, 34.98236083984375, 31.08746337890625], "right_hand": [461.62054443359375, 351.61932373046875, 26.894378662109375, 33.61114501953125]}]}