{"image_path": "/daintlab/home/rilab/github/frankmocap_notebooks/images/MVI_0003/scene_00000499.jpg", "body_bbox_list": [[392, 131, 192, 434]], "hand_bbox_list": [{"left_hand": [415.8730163574219, 198.1276397705078, 44.786407470703125, 41.8621826171875], "right_hand": [361.9184875488281, 190.7928009033203, 44.27978515625, 43.65150451660156]}]}