{"image_path": "/daintlab/home/rilab/github/frankmocap_notebooks/images/MVI_0003/scene_00000919.jpg", "body_bbox_list": [[381, 131, 204, 434]], "hand_bbox_list": [{"left_hand": [404.7386779785156, 228.81307983398438, 48.446929931640625, 41.22900390625], "right_hand": [353.6938781738281, 219.2577362060547, 46.192779541015625, 40.54743957519531]}]}