{"image_path": "/daintlab/home/rilab/github/frankmocap_notebooks/images/MVI_0003/scene_00000773.jpg", "body_bbox_list": [[392, 136, 192, 429]], "hand_bbox_list": [{"left_hand": [418.7020568847656, 213.1850128173828, 45.916107177734375, 39.53639221191406], "right_hand": [362.3502197265625, 204.9302520751953, 44.16046142578125, 40.50189208984375]}]}