{"image_path": "/daintlab/home/rilab/github/frankmocap_notebooks/images/MVI_0003/scene_00000157.jpg", "body_bbox_list": [[397, 131, 192, 434]], "hand_bbox_list": [{"left_hand": [434.0164489746094, 192.27284240722656, 45.681304931640625, 35.027374267578125], "right_hand": [359.0421142578125, 191.3522186279297, 46.938385009765625, 35.584716796875]}]}