{"image_path": "/daintlab/home/rilab/github/frankmocap_notebooks/images/MVI_0003/scene_00000096.jpg", "body_bbox_list": [[454, 131, 138, 434]], "hand_bbox_list": [{"left_hand": [551.283203125, 367.9636535644531, 33.3206787109375, 43.20916748046875], "right_hand": [448.5625305175781, 354.2867431640625, 23.553955078125, 41.3502197265625]}]}