{"image_path": "/daintlab/home/rilab/github/frankmocap_notebooks/images/MVI_0003/scene_00000384.jpg", "body_bbox_list": [[397, 162, 192, 402]], "hand_bbox_list": [{"left_hand": [420.7175598144531, 244.0233154296875, 47.624969482421875, 42.90338134765625], "right_hand": [366.6256408691406, 235.6069793701172, 44.26123046875, 41.54853820800781]}]}