{"image_path": "/daintlab/home/rilab/github/frankmocap_notebooks/images/MVI_0003/scene_00000598.jpg", "body_bbox_list": [[381, 251, 204, 314]], "hand_bbox_list": [{"left_hand": [408.3195495605469, 341.2007141113281, 47.041015625, 35.502960205078125], "right_hand": [357.2427978515625, 322.6048278808594, 44.3187255859375, 42.2392578125]}]}