{"image_path": "/daintlab/home/rilab/github/frankmocap_notebooks/images/MVI_0003/scene_00000521.jpg", "body_bbox_list": [[397, 141, 187, 424]], "hand_bbox_list": [{"left_hand": [419.0247802734375, 219.84242248535156, 47.260589599609375, 44.43495178222656], "right_hand": [365.0999450683594, 212.74380493164062, 44.465240478515625, 42.79583740234375]}]}