{"image_path": "/daintlab/home/rilab/github/frankmocap_notebooks/images/MVI_0003/scene_00000610.jpg", "body_bbox_list": [[386, 214, 199, 353]], "hand_bbox_list": [{"left_hand": [414.2257995605469, 308.7681884765625, 48.453887939453125, 37.991973876953125], "right_hand": [361.4310607910156, 294.5439147949219, 43.94696044921875, 40.664215087890625]}]}