{"image_path": "/daintlab/home/rilab/github/frankmocap_notebooks/images/MVI_0003/scene_00000357.jpg", "body_bbox_list": [[397, 125, 187, 441]], "hand_bbox_list": [{"left_hand": [418.8738708496094, 190.33868408203125, 47.579803466796875, 42.8372802734375], "right_hand": [364.22686767578125, 182.61993408203125, 43.972015380859375, 43.74946594238281]}]}