{"image_path": "/daintlab/home/rilab/github/frankmocap_notebooks/images/MVI_0003/scene_00000698.jpg", "body_bbox_list": [[381, 277, 209, 287]], "hand_bbox_list": [{"left_hand": [413.6153564453125, 365.2373962402344, 46.31463623046875, 35.993499755859375], "right_hand": [360.79534912109375, 347.432373046875, 42.5216064453125, 36.885986328125]}]}