{"image_path": "/daintlab/home/rilab/github/frankmocap_notebooks/images/MVI_0003/scene_00000555.jpg", "body_bbox_list": [[386, 267, 209, 297]], "hand_bbox_list": [{"left_hand": [415.5655212402344, 353.2038269042969, 45.647613525390625, 38.309539794921875], "right_hand": [362.90277099609375, 341.2066955566406, 43.481231689453125, 40.2344970703125]}]}