{"image_path": "/daintlab/home/rilab/github/frankmocap_notebooks/images/MVI_0003/scene_00000286.jpg", "body_bbox_list": [[381, 251, 209, 314]], "hand_bbox_list": [{"left_hand": [415.74462890625, 332.8648376464844, 46.0987548828125, 37.561614990234375], "right_hand": [358.88409423828125, 317.7055969238281, 44.079345703125, 39.45611572265625]}]}