{"image_path": "/daintlab/home/rilab/github/frankmocap_notebooks/images/MVI_0003/scene_00000868.jpg", "body_bbox_list": [[386, 298, 204, 265]], "hand_bbox_list": [{"left_hand": [402.8406982421875, 386.62786865234375, 48.829498291015625, 39.4901123046875], "right_hand": [354.7137756347656, 374.9947509765625, 45.22552490234375, 38.011260986328125]}]}