{"image_path": "/daintlab/home/rilab/github/frankmocap_notebooks/images/MVI_0003/scene_00000441.jpg", "body_bbox_list": [[381, 288, 209, 275]], "hand_bbox_list": [{"left_hand": [407.1002502441406, 371.486572265625, 46.976715087890625, 39.30584716796875], "right_hand": [359.55352783203125, 353.24517822265625, 43.3079833984375, 40.4722900390625]}]}