{"image_path": "/daintlab/home/rilab/github/frankmocap_notebooks/images/MVI_0003/scene_00000804.jpg", "body_bbox_list": [[402, 152, 187, 412]], "hand_bbox_list": [{"left_hand": [428.24688720703125, 236.19692993164062, 39.67425537109375, 35.403900146484375], "right_hand": [369.2351989746094, 224.1307830810547, 44.51080322265625, 38.77125549316406]}]}