{"image_path": "/daintlab/home/rilab/github/frankmocap_notebooks/images/MVI_0003/scene_00000264.jpg", "body_bbox_list": [[381, 293, 209, 270]], "hand_bbox_list": [{"left_hand": [414.17742919921875, 382.5373229980469, 47.279754638671875, 40.132659912109375], "right_hand": [359.1516418457031, 376.0079040527344, 39.434478759765625, 35.0863037109375]}]}