{"image_path": "/daintlab/home/rilab/github/frankmocap_notebooks/images/MVI_0003/scene_00000688.jpg", "body_bbox_list": [[391, 236, 199, 324]], "hand_bbox_list": [{"left_hand": [416.21295166015625, 324.421142578125, 45.29754638671875, 36.226470947265625], "right_hand": [363.60406494140625, 310.92333984375, 38.701019287109375, 34.662933349609375]}]}