{"image_path": "/daintlab/home/rilab/github/frankmocap_notebooks/images/MVI_0003/scene_00000639.jpg", "body_bbox_list": [[392, 125, 192, 441]], "hand_bbox_list": [{"left_hand": [417.97222900390625, 186.87196350097656, 47.988433837890625, 39.54249572753906], "right_hand": [358.564453125, 182.54391479492188, 47.03594970703125, 43.04801940917969]}]}