{"image_path": "/daintlab/home/rilab/github/frankmocap_notebooks/images/MVI_0003/scene_00000822.jpg", "body_bbox_list": [[402, 188, 187, 375]], "hand_bbox_list": [{"left_hand": [425.9759216308594, 273.7300109863281, 45.52252197265625, 40.169677734375], "right_hand": [370.20611572265625, 264.11505126953125, 43.161834716796875, 39.00494384765625]}]}