{"image_path": "/daintlab/home/rilab/github/frankmocap_notebooks/images/MVI_0003/scene_00000798.jpg", "body_bbox_list": [[402, 141, 187, 424]], "hand_bbox_list": [{"left_hand": [426.73272705078125, 222.33062744140625, 41.91534423828125, 35.400115966796875], "right_hand": [369.0561828613281, 210.36080932617188, 45.5726318359375, 40.04827880859375]}]}