{"image_path": "/daintlab/home/rilab/github/frankmocap_notebooks/images/MVI_0003/scene_00000396.jpg", "body_bbox_list": [[391, 194, 199, 368]], "hand_bbox_list": [{"left_hand": [419.1017761230469, 272.53607177734375, 47.179107666015625, 41.0771484375], "right_hand": [366.0500793457031, 262.38836669921875, 44.636260986328125, 41.175628662109375]}]}