{"image_path": "/daintlab/home/rilab/github/frankmocap_notebooks/images/MVI_0003/scene_00000632.jpg", "body_bbox_list": [[391, 136, 199, 429]], "hand_bbox_list": [{"left_hand": [416.3609313964844, 208.7772674560547, 45.8648681640625, 44.21427917480469], "right_hand": [364.0970153808594, 202.93280029296875, 44.37225341796875, 43.80281066894531]}]}