{"image_path": "/daintlab/home/rilab/github/frankmocap_notebooks/images/MVI_0003/scene_00000889.jpg", "body_bbox_list": [[381, 257, 204, 302]], "hand_bbox_list": [{"left_hand": [399.24188232421875, 352.0892639160156, 48.788055419921875, 36.4737548828125], "right_hand": [351.06475830078125, 337.92376708984375, 45.618194580078125, 38.310760498046875]}]}