{"image_path": "/daintlab/home/rilab/github/frankmocap_notebooks/images/MVI_0003/scene_00000211.jpg", "body_bbox_list": [[397, 188, 192, 375]], "hand_bbox_list": [{"left_hand": [429.24859619140625, 266.5617370605469, 45.852630615234375, 40.9697265625], "right_hand": [365.78558349609375, 265.88116455078125, 45.745513916015625, 37.339691162109375]}]}