{"image_path": "/daintlab/home/rilab/github/frankmocap_notebooks/images/MVI_0003/scene_00000911.jpg", "body_bbox_list": [[381, 173, 209, 390]], "hand_bbox_list": [{"left_hand": [405.84735107421875, 271.5072326660156, 48.0032958984375, 38.600250244140625], "right_hand": [353.5917663574219, 260.0018005371094, 45.64703369140625, 40.516143798828125]}]}