{"image_path": "/daintlab/home/rilab/github/frankmocap_notebooks/images/MVI_0003/scene_00000902.jpg", "body_bbox_list": [[381, 215, 204, 346]], "hand_bbox_list": [{"left_hand": [403.6458740234375, 304.36749267578125, 49.471923828125, 39.185699462890625], "right_hand": [353.3275146484375, 292.9378967285156, 46.463958740234375, 38.73858642578125]}]}