{"image_path": "/daintlab/home/rilab/github/frankmocap_notebooks/images/MVI_0003/scene_00000412.jpg", "body_bbox_list": [[391, 241, 204, 324]], "hand_bbox_list": [{"left_hand": [415.000732421875, 319.9015808105469, 47.69586181640625, 40.571502685546875], "right_hand": [364.60186767578125, 306.4793701171875, 43.6817626953125, 40.7998046875]}]}