{"image_path": "/daintlab/home/rilab/github/frankmocap_notebooks/images/MVI_0003/scene_00000094.jpg", "body_bbox_list": [[454, 131, 143, 434]], "hand_bbox_list": [{"left_hand": [562.4222412109375, 368.4183044433594, 33.56304931640625, 44.19439697265625], "right_hand": [444.5728454589844, 351.2705993652344, 24.41961669921875, 44.004425048828125]}]}