{"image_path": "/daintlab/home/rilab/github/frankmocap_notebooks/images/MVI_0003/scene_00000141.jpg", "body_bbox_list": [[397, 131, 192, 434]], "hand_bbox_list": [{"left_hand": [444.8887023925781, 262.2623291015625, 44.794952392578125, 40.804931640625], "right_hand": [367.36065673828125, 258.43511962890625, 36.444305419921875, 36.388580322265625]}]}