{"image_path": "/daintlab/home/rilab/github/frankmocap_notebooks/images/MVI_0003/scene_00000771.jpg", "body_bbox_list": [[386, 141, 199, 424]], "hand_bbox_list": [{"left_hand": [415.43292236328125, 220.90159606933594, 47.001617431640625, 40.47499084472656], "right_hand": [361.08648681640625, 211.79490661621094, 45.057159423828125, 39.82025146484375]}]}