{"image_path": "/daintlab/home/rilab/github/frankmocap_notebooks/images/MVI_0003/scene_00000309.jpg", "body_bbox_list": [[386, 209, 204, 358]], "hand_bbox_list": [{"left_hand": [415.92816162109375, 277.1949462890625, 47.03057861328125, 43.32177734375], "right_hand": [358.57220458984375, 268.6987609863281, 44.886474609375, 41.980682373046875]}]}