{"image_path": "/daintlab/home/rilab/github/frankmocap_notebooks/images/MVI_0003/scene_00000169.jpg", "body_bbox_list": [[397, 131, 192, 434]], "hand_bbox_list": [{"left_hand": [434.5063781738281, 193.16236877441406, 45.803253173828125, 37.01063537597656], "right_hand": [362.9317932128906, 194.7931365966797, 42.098541259765625, 32.972991943359375]}]}