{"image_path": "/daintlab/home/rilab/github/frankmocap_notebooks/images/MVI_0003/scene_00000865.jpg", "body_bbox_list": [[386, 298, 199, 265]], "hand_bbox_list": [{"left_hand": [403.97650146484375, 390.683349609375, 50.143035888671875, 37.553497314453125], "right_hand": [357.5133972167969, 378.2177734375, 44.667877197265625, 37.84185791015625]}]}