{"image_path": "/daintlab/home/rilab/github/frankmocap_notebooks/images/MVI_0003/scene_00000990.jpg", "body_bbox_list": [[454, 131, 143, 434]], "hand_bbox_list": [{"left_hand": [554.2777709960938, 366.8595886230469, 35.522705078125, 33.092041015625], "right_hand": [448.1155700683594, 352.1690368652344, 26.13909912109375, 32.874603271484375]}]}