{"image_path": "/daintlab/home/rilab/github/frankmocap_notebooks/images/MVI_0003/scene_00000455.jpg", "body_bbox_list": [[381, 246, 209, 319]], "hand_bbox_list": [{"left_hand": [406.349853515625, 334.1795654296875, 48.2340087890625, 37.37969970703125], "right_hand": [358.4358825683594, 313.9700622558594, 43.20172119140625, 41.583587646484375]}]}