{"image_path": "/daintlab/home/rilab/github/frankmocap_notebooks/images/MVI_0003/scene_00000524.jpg", "body_bbox_list": [[397, 152, 192, 412]], "hand_bbox_list": [{"left_hand": [419.9586181640625, 231.98146057128906, 47.185699462890625, 42.97126770019531], "right_hand": [366.5036315917969, 223.23886108398438, 44.625274658203125, 42.36248779296875]}]}