{"image_path": "/daintlab/home/rilab/github/frankmocap_notebooks/images/MVI_0003/scene_00000232.jpg", "body_bbox_list": [[381, 246, 209, 319]], "hand_bbox_list": [{"left_hand": [416.45660400390625, 332.8480224609375, 44.786834716796875, 37.50921630859375], "right_hand": [353.6050720214844, 323.7679443359375, 46.689117431640625, 39.58502197265625]}]}