{"image_path": "/daintlab/home/rilab/github/frankmocap_notebooks/images/MVI_0003/scene_00000403.jpg", "body_bbox_list": [[391, 215, 204, 346]], "hand_bbox_list": [{"left_hand": [418.4140625, 289.5976257324219, 47.66217041015625, 42.03717041015625], "right_hand": [366.9107360839844, 280.77813720703125, 44.469085693359375, 40.85260009765625]}]}