{"image_path": "/daintlab/home/rilab/github/frankmocap_notebooks/images/MVI_0003/scene_00000405.jpg", "body_bbox_list": [[397, 220, 192, 341]], "hand_bbox_list": [{"left_hand": [419.6230163574219, 296.2303771972656, 46.87933349609375, 39.923126220703125], "right_hand": [367.28948974609375, 285.8388366699219, 43.280487060546875, 41.0408935546875]}]}