{"image_path": "/daintlab/home/rilab/github/frankmocap_notebooks/images/MVI_0003/scene_00000860.jpg", "body_bbox_list": [[386, 298, 204, 265]], "hand_bbox_list": [{"left_hand": [404.64215087890625, 388.63153076171875, 49.445587158203125, 39.28369140625], "right_hand": [358.2852783203125, 377.0531311035156, 44.71112060546875, 37.99932861328125]}]}