{"image_path": "/daintlab/home/rilab/github/frankmocap_notebooks/images/MVI_0003/scene_00000364.jpg", "body_bbox_list": [[397, 131, 187, 434]], "hand_bbox_list": [{"left_hand": [419.9707946777344, 194.37899780273438, 47.64892578125, 42.516632080078125], "right_hand": [365.29150390625, 188.25685119628906, 44.498565673828125, 43.984039306640625]}]}