{"image_path": "/daintlab/home/rilab/github/frankmocap_notebooks/images/MVI_0003/scene_00000734.jpg", "body_bbox_list": [[381, 256, 204, 309]], "hand_bbox_list": [{"left_hand": [412.11944580078125, 344.580810546875, 42.241546630859375, 35.3487548828125], "right_hand": [356.422119140625, 326.7445983886719, 42.904083251953125, 37.952392578125]}]}