{"image_path": "/daintlab/home/rilab/github/frankmocap_notebooks/images/MVI_0003/scene_00000380.jpg", "body_bbox_list": [[397, 157, 192, 412]], "hand_bbox_list": [{"left_hand": [419.84521484375, 233.10377502441406, 48.193603515625, 43.63267517089844], "right_hand": [366.21917724609375, 225.71307373046875, 43.97161865234375, 41.5498046875]}]}