{"image_path": "/daintlab/home/rilab/github/frankmocap_notebooks/images/MVI_0003/scene_00000224.jpg", "body_bbox_list": [[391, 220, 199, 341]], "hand_bbox_list": [{"left_hand": [421.133056640625, 303.7758483886719, 46.045501708984375, 39.22821044921875], "right_hand": [358.3450012207031, 301.65264892578125, 45.467864990234375, 38.921295166015625]}]}