{"image_path": "/daintlab/home/rilab/github/frankmocap_notebooks/images/MVI_0003/scene_00000028.jpg", "body_bbox_list": [[459, 131, 138, 429]], "hand_bbox_list": [{"left_hand": [557.2301025390625, 367.3636169433594, 35.1590576171875, 44.967681884765625], "right_hand": [453.5349426269531, 353.9256591796875, 22.75439453125, 42.861572265625]}]}