{"image_path": "/daintlab/home/rilab/github/frankmocap_notebooks/images/MVI_0003/scene_00000866.jpg", "body_bbox_list": [[386, 298, 204, 265]], "hand_bbox_list": [{"left_hand": [403.8330383300781, 388.71734619140625, 49.230560302734375, 39.25604248046875], "right_hand": [355.9172668457031, 377.2517395019531, 44.75518798828125, 38.039581298828125]}]}