{"image_path": "/daintlab/home/rilab/github/frankmocap_notebooks/images/MVI_0003/scene_00000826.jpg", "body_bbox_list": [[397, 194, 192, 368]], "hand_bbox_list": [{"left_hand": [421.3734130859375, 286.90606689453125, 47.190277099609375, 39.63604736328125], "right_hand": [368.7619934082031, 276.4012145996094, 43.8240966796875, 38.85675048828125]}]}