{"image_path": "/daintlab/home/rilab/github/frankmocap_notebooks/images/MVI_0003/scene_00000133.jpg", "body_bbox_list": [[412, 131, 177, 434]], "hand_bbox_list": [{"left_hand": [480.3830261230469, 321.583251953125, 40.470916748046875, 46.133636474609375], "right_hand": [392.9030456542969, 314.30419921875, 33.977203369140625, 43.891937255859375]}]}