{"image_path": "/daintlab/home/rilab/github/frankmocap_notebooks/images/MVI_0003/scene_00000896.jpg", "body_bbox_list": [[381, 236, 204, 324]], "hand_bbox_list": [{"left_hand": [400.85809326171875, 325.2940673828125, 47.940643310546875, 36.4119873046875], "right_hand": [352.35382080078125, 311.7799072265625, 45.60626220703125, 38.333953857421875]}]}