{"image_path": "/daintlab/home/rilab/github/frankmocap_notebooks/images/MVI_0003/scene_00000146.jpg", "body_bbox_list": [[391, 131, 199, 434]], "hand_bbox_list": [{"left_hand": [440.5760498046875, 233.44070434570312, 47.577362060546875, 37.057861328125], "right_hand": [360.2299499511719, 233.3201904296875, 38.38555908203125, 33.767608642578125]}]}