{"image_path": "/daintlab/home/rilab/github/frankmocap_notebooks/images/MVI_0003/scene_00000915.jpg", "body_bbox_list": [[381, 152, 204, 412]], "hand_bbox_list": [{"left_hand": [403.8196105957031, 241.85667419433594, 49.018310546875, 43.07810974121094], "right_hand": [352.15228271484375, 234.53115844726562, 46.75848388671875, 40.69268798828125]}]}