{"image_path": "/daintlab/home/rilab/github/frankmocap_notebooks/images/MVI_0003/scene_00000026.jpg", "body_bbox_list": [[459, 141, 138, 419]], "hand_bbox_list": [{"left_hand": [556.0548706054688, 366.1282958984375, 35.41558837890625, 45.98358154296875], "right_hand": [454.12042236328125, 354.5354919433594, 22.538970947265625, 42.449127197265625]}]}