{"image_path": "/daintlab/home/rilab/github/frankmocap_notebooks/images/MVI_0003/scene_00000732.jpg", "body_bbox_list": [[381, 262, 204, 302]], "hand_bbox_list": [{"left_hand": [407.5799560546875, 350.0619201660156, 47.542266845703125, 36.25390625], "right_hand": [354.6454162597656, 334.11859130859375, 44.860992431640625, 37.362396240234375]}]}