{"image_path": "/daintlab/home/rilab/github/frankmocap_notebooks/images/MVI_0003/scene_00000351.jpg", "body_bbox_list": [[397, 125, 187, 441]], "hand_bbox_list": [{"left_hand": [419.0096130371094, 189.8312225341797, 47.274505615234375, 42.27372741699219], "right_hand": [363.6654357910156, 181.028076171875, 44.705657958984375, 44.895599365234375]}]}