{"image_path": "/daintlab/home/rilab/github/frankmocap_notebooks/images/MVI_0003/scene_00000459.jpg", "body_bbox_list": [[381, 230, 209, 336]], "hand_bbox_list": [{"left_hand": [407.4486083984375, 316.28619384765625, 46.83782958984375, 39.0347900390625], "right_hand": [357.6217041015625, 299.090576171875, 44.063751220703125, 42.5096435546875]}]}