{"image_path": "/daintlab/home/rilab/github/frankmocap_notebooks/images/MVI_0003/scene_00001017.jpg", "body_bbox_list": [[459, 131, 138, 434]], "hand_bbox_list": [{"left_hand": [561.3561401367188, 365.7339782714844, 35.0948486328125, 33.59722900390625], "right_hand": [452.7591857910156, 356.60009765625, 24.524993896484375, 31.62237548828125]}]}