{"image_path": "/daintlab/home/rilab/github/frankmocap_notebooks/images/MVI_0003/scene_00000411.jpg", "body_bbox_list": [[391, 235, 204, 331]], "hand_bbox_list": [{"left_hand": [415.5556945800781, 315.9046936035156, 46.600006103515625, 40.605377197265625], "right_hand": [365.4908142089844, 302.687255859375, 43.7098388671875, 41.06982421875]}]}