{"image_path": "/daintlab/home/rilab/github/frankmocap_notebooks/images/MVI_0003/scene_00000898.jpg", "body_bbox_list": [[381, 230, 204, 331]], "hand_bbox_list": [{"left_hand": [403.47344970703125, 316.6405944824219, 48.33709716796875, 38.715576171875], "right_hand": [352.98101806640625, 304.70166015625, 46.193023681640625, 39.46343994140625]}]}