{"image_path": "/daintlab/home/rilab/github/frankmocap_notebooks/images/MVI_0003/scene_00000541.jpg", "body_bbox_list": [[392, 209, 192, 353]], "hand_bbox_list": [{"left_hand": [418.0312194824219, 293.54644775390625, 47.26019287109375, 40.19378662109375], "right_hand": [364.5871276855469, 286.00750732421875, 44.02880859375, 41.468292236328125]}]}