{"image_path": "/daintlab/home/rilab/github/frankmocap_notebooks/images/MVI_0003/scene_00000261.jpg", "body_bbox_list": [[386, 298, 204, 265]], "hand_bbox_list": [{"left_hand": [414.8913879394531, 388.7828369140625, 47.662139892578125, 37.753021240234375], "right_hand": [358.952392578125, 381.75384521484375, 38.824462890625, 35.20941162109375]}]}