{"image_path": "/daintlab/home/rilab/github/frankmocap_notebooks/images/MVI_0003/scene_00000388.jpg", "body_bbox_list": [[397, 173, 192, 390]], "hand_bbox_list": [{"left_hand": [421.40069580078125, 259.1031188964844, 46.593505859375, 40.131256103515625], "right_hand": [366.9227600097656, 247.5535430908203, 43.9573974609375, 41.50657653808594]}]}