{"image_path": "/daintlab/home/rilab/github/frankmocap_notebooks/images/MVI_0003/scene_00000196.jpg", "body_bbox_list": [[402, 162, 187, 407]], "hand_bbox_list": [{"left_hand": [435.6250305175781, 236.37513732910156, 44.739410400390625, 38.55360412597656], "right_hand": [368.15460205078125, 235.74435424804688, 46.326507568359375, 37.755828857421875]}]}