{"image_path": "/daintlab/home/rilab/github/frankmocap_notebooks/images/MVI_0003/scene_00000557.jpg", "body_bbox_list": [[391, 272, 199, 287]], "hand_bbox_list": [{"left_hand": [414.887939453125, 361.45831298828125, 47.661163330078125, 39.48870849609375], "right_hand": [365.5084533691406, 347.8318176269531, 42.449798583984375, 40.00384521484375]}]}