{"image_path": "/daintlab/home/rilab/github/frankmocap_notebooks/images/MVI_0003/scene_00000580.jpg", "body_bbox_list": [[386, 309, 204, 248]], "hand_bbox_list": [{"left_hand": [413.358154296875, 394.0594482421875, 47.275421142578125, 37.856109619140625], "right_hand": [361.5531921386719, 379.2899475097656, 43.199005126953125, 39.289703369140625]}]}