{"image_path": "/daintlab/home/rilab/github/frankmocap_notebooks/images/MVI_0003/scene_00000667.jpg", "body_bbox_list": [[386, 157, 199, 407]], "hand_bbox_list": [{"left_hand": [418.0055847167969, 232.3463134765625, 47.029693603515625, 40.163116455078125], "right_hand": [359.28314208984375, 224.27999877929688, 46.300567626953125, 40.012298583984375]}]}