{"image_path": "/daintlab/home/rilab/github/frankmocap_notebooks/images/MVI_0003/scene_00000336.jpg", "body_bbox_list": [[381, 152, 204, 412]], "hand_bbox_list": [{"left_hand": [402.6987609863281, 219.06459045410156, 46.8206787109375, 42.39500427246094], "right_hand": [351.9234313964844, 210.7098846435547, 43.986083984375, 42.40983581542969]}]}