{"image_path": "/daintlab/home/rilab/github/frankmocap_notebooks/images/MVI_0003/scene_00000366.jpg", "body_bbox_list": [[397, 131, 187, 434]], "hand_bbox_list": [{"left_hand": [420.5201416015625, 198.4847412109375, 45.5811767578125, 42.036834716796875], "right_hand": [365.3912658691406, 191.3496856689453, 43.918548583984375, 42.867095947265625]}]}