{"image_path": "/daintlab/home/rilab/github/frankmocap_notebooks/images/MVI_0003/scene_00000016.jpg", "body_bbox_list": [[470, 152, 126, 407]], "hand_bbox_list": [{"left_hand": [559.4325561523438, 367.1194763183594, 35.63189697265625, 45.075469970703125], "right_hand": [475.6375427246094, 360.5354919433594, 22.25494384765625, 38.63433837890625]}]}