{"image_path": "/daintlab/home/rilab/github/frankmocap_notebooks/images/MVI_0003/scene_00000606.jpg", "body_bbox_list": [[386, 225, 199, 341]], "hand_bbox_list": [{"left_hand": [411.96551513671875, 317.89422607421875, 46.474273681640625, 38.4378662109375], "right_hand": [359.3235168457031, 302.24261474609375, 43.719696044921875, 41.58551025390625]}]}