{"image_path": "/daintlab/home/rilab/github/frankmocap_notebooks/images/MVI_0003/scene_00000716.jpg", "body_bbox_list": [[386, 304, 204, 258]], "hand_bbox_list": [{"left_hand": [409.7628173828125, 387.08660888671875, 42.559112548828125, 35.451080322265625], "right_hand": [357.739013671875, 371.7464904785156, 41.63897705078125, 38.54937744140625]}]}