{"image_path": "/daintlab/home/rilab/github/frankmocap_notebooks/images/MVI_0003/scene_00000648.jpg", "body_bbox_list": [[392, 125, 192, 441]], "hand_bbox_list": [{"left_hand": null, "right_hand": [358.6271057128906, 183.56097412109375, 46.350738525390625, 42.208221435546875]}]}