{"image_path": "/daintlab/home/rilab/github/frankmocap_notebooks/images/MVI_0003/scene_00000049.jpg", "body_bbox_list": [[454, 131, 138, 429]], "hand_bbox_list": [{"left_hand": [547.0252685546875, 368.93231201171875, 33.14251708984375, 43.80950927734375], "right_hand": [448.48291015625, 351.74859619140625, 24.053955078125, 43.08209228515625]}]}