{"image_path": "/daintlab/home/rilab/github/frankmocap_notebooks/images/MVI_0003/scene_00000561.jpg", "body_bbox_list": [[386, 288, 204, 270]], "hand_bbox_list": [{"left_hand": [415.0621643066406, 381.1219787597656, 46.11083984375, 36.901458740234375], "right_hand": [363.38507080078125, 364.0831298828125, 42.50811767578125, 40.250213623046875]}]}