{"image_path": "/daintlab/home/rilab/github/frankmocap_notebooks/images/MVI_0003/scene_00000172.jpg", "body_bbox_list": [[397, 131, 192, 434]], "hand_bbox_list": [{"left_hand": null, "right_hand": [362.9228515625, 197.72071838378906, 46.45361328125, 36.935333251953125]}]}