{"image_path": "/daintlab/home/rilab/github/frankmocap_notebooks/images/MVI_0003/scene_00000677.jpg", "body_bbox_list": [[392, 188, 192, 375]], "hand_bbox_list": [{"left_hand": [418.99224853515625, 267.2529602050781, 46.526458740234375, 39.802825927734375], "right_hand": [364.0072937011719, 261.2508544921875, 38.493804931640625, 34.4881591796875]}]}