{"image_path": "/daintlab/home/rilab/github/frankmocap_notebooks/images/MVI_0003/scene_00000158.jpg", "body_bbox_list": [[397, 131, 192, 434]], "hand_bbox_list": [{"left_hand": [433.875, 189.91644287109375, 46.092864990234375, 35.18585205078125], "right_hand": [359.5880432128906, 187.51402282714844, 47.57843017578125, 36.32975769042969]}]}