{"image_path": "/daintlab/home/rilab/github/frankmocap_notebooks/images/MVI_0003/scene_00000525.jpg", "body_bbox_list": [[397, 152, 187, 412]], "hand_bbox_list": [{"left_hand": [419.26019287109375, 236.1114044189453, 48.64483642578125, 43.40766906738281], "right_hand": [366.7214050292969, 227.15565490722656, 44.396270751953125, 42.21598815917969]}]}