{"image_path": "/daintlab/home/rilab/github/frankmocap_notebooks/images/MVI_0003/scene_00000101.jpg", "body_bbox_list": [[454, 131, 143, 434]], "hand_bbox_list": [{"left_hand": [557.1133422851562, 370.5974426269531, 33.1177978515625, 40.362548828125], "right_hand": [448.5302429199219, 354.48193359375, 24.43511962890625, 42.617919921875]}]}