{"image_path": "/daintlab/home/rilab/github/frankmocap_notebooks/images/MVI_0003/scene_00000851.jpg", "body_bbox_list": [[386, 298, 204, 265]], "hand_bbox_list": [{"left_hand": [404.82476806640625, 382.72418212890625, 49.02166748046875, 38.9888916015625], "right_hand": [357.999755859375, 369.3280334472656, 43.674224853515625, 39.16943359375]}]}