{"image_path": "/daintlab/home/rilab/github/frankmocap_notebooks/images/MVI_0003/scene_00000538.jpg", "body_bbox_list": [[392, 194, 192, 368]], "hand_bbox_list": [{"left_hand": [418.8471984863281, 282.75860595703125, 46.564483642578125, 41.250732421875], "right_hand": [361.62548828125, 274.2157897949219, 45.086395263671875, 41.58203125]}]}