{"image_path": "/daintlab/home/rilab/github/frankmocap_notebooks/images/MVI_0003/scene_00000062.jpg", "body_bbox_list": [[454, 131, 143, 434]], "hand_bbox_list": [{"left_hand": [551.8053588867188, 368.1470947265625, 34.12939453125, 45.016937255859375], "right_hand": [449.9586486816406, 354.3333435058594, 23.781036376953125, 42.48944091796875]}]}