{"image_path": "/daintlab/home/rilab/github/frankmocap_notebooks/images/MVI_0003/scene_00000406.jpg", "body_bbox_list": [[397, 220, 192, 346]], "hand_bbox_list": [{"left_hand": [418.7894287109375, 299.68353271484375, 47.038116455078125, 40.73822021484375], "right_hand": [367.0574951171875, 287.98260498046875, 43.795013427734375, 41.449127197265625]}]}