{"image_path": "/daintlab/home/rilab/github/frankmocap_notebooks/images/MVI_0003/scene_00000390.jpg", "body_bbox_list": [[397, 178, 192, 385]], "hand_bbox_list": [{"left_hand": [420.5345458984375, 261.6925048828125, 46.985321044921875, 40.62713623046875], "right_hand": [366.92303466796875, 251.8627166748047, 44.100006103515625, 40.77281188964844]}]}