{"image_path": "/daintlab/home/rilab/github/frankmocap_notebooks/images/MVI_0003/scene_00000616.jpg", "body_bbox_list": [[386, 199, 199, 368]], "hand_bbox_list": [{"left_hand": [414.9222106933594, 282.2106018066406, 46.95733642578125, 43.687347412109375], "right_hand": [361.9171142578125, 275.27947998046875, 44.571868896484375, 41.977508544921875]}]}