{"image_path": "/daintlab/home/rilab/github/frankmocap_notebooks/images/MVI_0003/scene_00000587.jpg", "body_bbox_list": [[381, 293, 209, 265]], "hand_bbox_list": [{"left_hand": [412.7361145019531, 380.24432373046875, 46.83489990234375, 36.864013671875], "right_hand": [362.8158874511719, 365.60687255859375, 38.61956787109375, 36.0679931640625]}]}