{"image_path": "/daintlab/home/rilab/github/frankmocap_notebooks/images/MVI_0003/scene_00000623.jpg", "body_bbox_list": [[386, 178, 199, 385]], "hand_bbox_list": [{"left_hand": [416.51068115234375, 264.50030517578125, 48.646820068359375, 42.211761474609375], "right_hand": [362.9860534667969, 254.67747497558594, 43.711761474609375, 41.43333435058594]}]}