{"image_path": "/daintlab/home/rilab/github/frankmocap_notebooks/images/MVI_0003/scene_00000881.jpg", "body_bbox_list": [[381, 272, 209, 292]], "hand_bbox_list": [{"left_hand": [399.2311706542969, 363.9972229003906, 49.657135009765625, 37.400634765625], "right_hand": [352.2430114746094, 351.48077392578125, 45.433349609375, 36.93988037109375]}]}