{"image_path": "/daintlab/home/rilab/github/frankmocap_notebooks/images/MVI_0003/scene_00000057.jpg", "body_bbox_list": [[454, 131, 143, 429]], "hand_bbox_list": [{"left_hand": [551.5547485351562, 367.9775695800781, 34.30908203125, 44.7342529296875], "right_hand": [448.45458984375, 353.33056640625, 24.444915771484375, 43.3114013671875]}]}