{"image_path": "/daintlab/home/rilab/github/frankmocap_notebooks/images/MVI_0003/scene_00000393.jpg", "body_bbox_list": [[397, 188, 192, 375]], "hand_bbox_list": [{"left_hand": [419.2965087890625, 266.76666259765625, 48.115081787109375, 40.530517578125], "right_hand": [366.0755615234375, 255.56134033203125, 44.37164306640625, 41.718536376953125]}]}