{"image_path": "/daintlab/home/rilab/github/frankmocap_notebooks/images/MVI_0003/scene_00000337.jpg", "body_bbox_list": [[386, 152, 199, 412]], "hand_bbox_list": [{"left_hand": [402.7767639160156, 216.73399353027344, 47.201080322265625, 42.67308044433594], "right_hand": [352.623046875, 207.50621032714844, 44.968109130859375, 42.970458984375]}]}