{"image_path": "/daintlab/home/rilab/github/frankmocap_notebooks/images/MVI_0003/scene_00000205.jpg", "body_bbox_list": [[407, 173, 182, 390]], "hand_bbox_list": [{"left_hand": [435.2357482910156, 254.3787841796875, 45.385101318359375, 39.493072509765625], "right_hand": [368.7392272949219, 251.34249877929688, 46.28765869140625, 37.339752197265625]}]}