{"image_path": "/daintlab/home/rilab/github/frankmocap_notebooks/images/MVI_0003/scene_00000796.jpg", "body_bbox_list": [[402, 141, 182, 424]], "hand_bbox_list": [{"left_hand": [423.54876708984375, 215.9606475830078, 45.108428955078125, 37.984222412109375], "right_hand": [369.67236328125, 206.62069702148438, 44.064697265625, 40.630401611328125]}]}