{"image_path": "/daintlab/home/rilab/github/frankmocap_notebooks/images/MVI_0003/scene_00000145.jpg", "body_bbox_list": [[391, 131, 199, 434]], "hand_bbox_list": [{"left_hand": [440.8272705078125, 237.30990600585938, 47.7005615234375, 37.197601318359375], "right_hand": [360.15765380859375, 236.7660675048828, 39.333343505859375, 34.25538635253906]}]}