{"image_path": "/daintlab/home/rilab/github/frankmocap_notebooks/images/MVI_0003/scene_00000111.jpg", "body_bbox_list": [[454, 131, 143, 434]], "hand_bbox_list": [{"left_hand": [553.5858764648438, 368.1483459472656, 35.492919921875, 44.54962158203125], "right_hand": [444.7533874511719, 354.2225646972656, 24.61358642578125, 42.299163818359375]}]}