{"image_path": "/daintlab/home/rilab/github/frankmocap_notebooks/images/MVI_0003/scene_00000529.jpg", "body_bbox_list": [[397, 167, 192, 397]], "hand_bbox_list": [{"left_hand": [418.9496765136719, 248.0479278564453, 48.4658203125, 44.24488830566406], "right_hand": [365.4248046875, 241.4800262451172, 44.15594482421875, 41.82017517089844]}]}