{"image_path": "/daintlab/home/rilab/github/frankmocap_notebooks/images/MVI_0003/scene_00000514.jpg", "body_bbox_list": [[397, 131, 187, 434]], "hand_bbox_list": [{"left_hand": [419.1547546386719, 198.44686889648438, 44.996826171875, 42.72282409667969], "right_hand": [366.09930419921875, 191.358642578125, 42.541839599609375, 43.59126281738281]}]}