{"image_path": "/daintlab/home/rilab/github/frankmocap_notebooks/images/MVI_0003/scene_00000195.jpg", "body_bbox_list": [[402, 157, 187, 412]], "hand_bbox_list": [{"left_hand": [435.7214660644531, 234.67481994628906, 45.315673828125, 39.00328063964844], "right_hand": [369.81622314453125, 236.959716796875, 42.03851318359375, 33.683074951171875]}]}