{"image_path": "/daintlab/home/rilab/github/frankmocap_notebooks/images/MVI_0003/scene_00000662.jpg", "body_bbox_list": [[391, 146, 199, 419]], "hand_bbox_list": [{"left_hand": [418.08001708984375, 221.59063720703125, 46.899871826171875, 39.328125], "right_hand": [360.35296630859375, 212.25694274902344, 45.87701416015625, 40.124267578125]}]}