{"image_path": "/daintlab/home/rilab/github/frankmocap_notebooks/images/MVI_0003/scene_00000369.jpg", "body_bbox_list": [[397, 136, 192, 429]], "hand_bbox_list": [{"left_hand": [419.65216064453125, 205.155517578125, 45.67120361328125, 42.0892333984375], "right_hand": [364.7884216308594, 197.1667022705078, 44.380706787109375, 42.51910400390625]}]}