{"image_path": "/daintlab/home/rilab/github/frankmocap_notebooks/images/MVI_0003/scene_00000780.jpg", "body_bbox_list": [[402, 131, 182, 434]], "hand_bbox_list": [{"left_hand": [423.046630859375, 201.3202362060547, 45.405120849609375, 38.460784912109375], "right_hand": [367.7124328613281, 195.9424591064453, 44.805084228515625, 40.372833251953125]}]}