{"image_path": "/daintlab/home/rilab/github/frankmocap_notebooks/images/MVI_0003/scene_00000168.jpg", "body_bbox_list": [[397, 131, 192, 434]], "hand_bbox_list": [{"left_hand": [435.5079650878906, 191.2930450439453, 45.023284912109375, 35.80503845214844], "right_hand": [363.0089111328125, 193.62838745117188, 42.035186767578125, 32.80564880371094]}]}