{"image_path": "/daintlab/home/rilab/github/frankmocap_notebooks/images/MVI_0003/scene_00000470.jpg", "body_bbox_list": [[381, 193, 209, 375]], "hand_bbox_list": [{"left_hand": [406.0758972167969, 276.6294860839844, 49.09552001953125, 43.293121337890625], "right_hand": [357.17626953125, 266.40203857421875, 44.73052978515625, 42.25494384765625]}]}