{"image_path": "/daintlab/home/rilab/github/frankmocap_notebooks/images/MVI_0003/scene_00000942.jpg", "body_bbox_list": [[402, 131, 182, 434]], "hand_bbox_list": [{"left_hand": [439.89154052734375, 264.1654968261719, 45.465057373046875, 42.48541259765625], "right_hand": [370.790283203125, 253.69161987304688, 43.082855224609375, 38.62115478515625]}]}