{"image_path": "/daintlab/home/rilab/github/frankmocap_notebooks/images/MVI_0003/scene_00000208.jpg", "body_bbox_list": [[402, 183, 187, 380]], "hand_bbox_list": [{"left_hand": [432.686767578125, 261.7695007324219, 47.118804931640625, 40.594573974609375], "right_hand": [367.836181640625, 258.50537109375, 46.04315185546875, 37.9862060546875]}]}