{"image_path": "/daintlab/home/rilab/github/frankmocap_notebooks/images/MVI_0003/scene_00000278.jpg", "body_bbox_list": [[381, 272, 214, 292]], "hand_bbox_list": [{"left_hand": [414.2205505371094, 355.099365234375, 47.127777099609375, 39.737548828125], "right_hand": [357.4142150878906, 342.1690673828125, 44.129913330078125, 40.32135009765625]}]}