{"image_path": "/daintlab/home/rilab/github/frankmocap_notebooks/images/MVI_0003/scene_00000460.jpg", "body_bbox_list": [[381, 230, 209, 336]], "hand_bbox_list": [{"left_hand": [407.8104553222656, 309.489013671875, 47.31817626953125, 40.084991455078125], "right_hand": [357.4809265136719, 294.40423583984375, 44.56268310546875, 42.215728759765625]}]}