{"image_path": "/daintlab/home/rilab/github/frankmocap_notebooks/images/MVI_0003/scene_00000374.jpg", "body_bbox_list": [[397, 146, 192, 424]], "hand_bbox_list": [{"left_hand": [420.4660339355469, 219.73333740234375, 47.4674072265625, 41.999053955078125], "right_hand": [365.6424255371094, 211.050048828125, 43.966705322265625, 41.64131164550781]}]}