{"image_path": "/daintlab/home/rilab/github/frankmocap_notebooks/images/MVI_0003/scene_00000342.jpg", "body_bbox_list": [[386, 136, 199, 429]], "hand_bbox_list": [{"left_hand": [409.0302429199219, 202.80535888671875, 45.86126708984375, 41.78111267089844], "right_hand": [356.9015808105469, 193.574951171875, 45.564605712890625, 43.706512451171875]}]}