{"image_path": "/daintlab/home/rilab/github/frankmocap_notebooks/images/MVI_0003/scene_00000870.jpg", "body_bbox_list": [[386, 298, 204, 265]], "hand_bbox_list": [{"left_hand": [401.12548828125, 384.7325744628906, 47.6240234375, 38.771392822265625], "right_hand": [353.5438537597656, 371.1148681640625, 45.5570068359375, 38.831787109375]}]}