{"image_path": "/daintlab/home/rilab/github/frankmocap_notebooks/images/MVI_0003/scene_00000842.jpg", "body_bbox_list": [[386, 262, 209, 302]], "hand_bbox_list": [{"left_hand": [412.16326904296875, 351.2432861328125, 46.97454833984375, 38.085845947265625], "right_hand": [360.4440002441406, 341.6370544433594, 43.4244384765625, 37.114990234375]}]}