{"image_path": "/daintlab/home/rilab/github/frankmocap_notebooks/images/MVI_0003/scene_00000818.jpg", "body_bbox_list": [[397, 173, 192, 390]], "hand_bbox_list": [{"left_hand": [425.76324462890625, 267.4838562011719, 42.231903076171875, 36.03094482421875], "right_hand": [368.6791687011719, 253.99386596679688, 43.7724609375, 40.25958251953125]}]}