{"image_path": "/daintlab/home/rilab/github/frankmocap_notebooks/images/MVI_0003/scene_00000534.jpg", "body_bbox_list": [[391, 183, 199, 380]], "hand_bbox_list": [{"left_hand": [419.33868408203125, 269.38897705078125, 47.937225341796875, 41.634918212890625], "right_hand": [364.3865966796875, 262.5390625, 43.784088134765625, 41.201507568359375]}]}