{"image_path": "/daintlab/home/rilab/github/frankmocap_notebooks/images/MVI_0003/scene_00000436.jpg", "body_bbox_list": [[391, 288, 199, 275]], "hand_bbox_list": [{"left_hand": [412.2141418457031, 371.4313659667969, 46.651458740234375, 39.962432861328125], "right_hand": [362.3013916015625, 353.3546447753906, 43.312408447265625, 40.0057373046875]}]}