{"image_path": "/daintlab/home/rilab/github/frankmocap_notebooks/images/MVI_0003/scene_00000379.jpg", "body_bbox_list": [[397, 157, 192, 412]], "hand_bbox_list": [{"left_hand": [419.7021789550781, 232.23516845703125, 48.85089111328125, 42.140350341796875], "right_hand": [365.9220886230469, 222.79244995117188, 44.21575927734375, 42.149383544921875]}]}