{"image_path": "/daintlab/home/rilab/github/frankmocap_notebooks/images/MVI_0003/scene_00000980.jpg", "body_bbox_list": [[459, 131, 138, 434]], "hand_bbox_list": [{"left_hand": [553.6693115234375, 367.22021484375, 33.078369140625, 44.811614990234375], "right_hand": [454.8265380859375, 350.4879150390625, 24.056121826171875, 48.333038330078125]}]}