{"image_path": "/daintlab/home/rilab/github/frankmocap_notebooks/images/MVI_0003/scene_00000874.jpg", "body_bbox_list": [[381, 288, 209, 275]], "hand_bbox_list": [{"left_hand": [399.61907958984375, 378.8851013183594, 49.367584228515625, 36.126708984375], "right_hand": [352.96881103515625, 363.74798583984375, 45.70257568359375, 38.0865478515625]}]}