{"image_path": "/daintlab/home/rilab/github/frankmocap_notebooks/images/MVI_0003/scene_00000052.jpg", "body_bbox_list": [[454, 131, 138, 429]], "hand_bbox_list": [{"left_hand": [547.6358642578125, 368.0643005371094, 34.60980224609375, 44.36968994140625], "right_hand": [449.8101501464844, 352.7073669433594, 23.550201416015625, 42.813446044921875]}]}