{"image_path": "/daintlab/home/rilab/github/frankmocap_notebooks/images/MVI_0003/scene_00000570.jpg", "body_bbox_list": [[386, 309, 204, 248]], "hand_bbox_list": [{"left_hand": [414.20159912109375, 395.63958740234375, 47.039581298828125, 39.721832275390625], "right_hand": [361.8190612792969, 380.6058654785156, 43.59906005859375, 40.102447509765625]}]}