{"image_path": "/daintlab/home/rilab/github/frankmocap_notebooks/images/MVI_0003/scene_00000532.jpg", "body_bbox_list": [[391, 173, 199, 390]], "hand_bbox_list": [{"left_hand": [419.67291259765625, 260.5655212402344, 47.653594970703125, 42.802825927734375], "right_hand": [364.6660461425781, 253.5239715576172, 43.486175537109375, 42.06703186035156]}]}