{"image_path": "/daintlab/home/rilab/github/frankmocap_notebooks/images/MVI_0003/scene_00000762.jpg", "body_bbox_list": [[381, 167, 204, 397]], "hand_bbox_list": [{"left_hand": [407.9645690917969, 258.4092102050781, 47.478515625, 38.331634521484375], "right_hand": [355.6390075683594, 247.1526336669922, 43.971038818359375, 39.65946960449219]}]}