{"image_path": "/daintlab/home/rilab/github/frankmocap_notebooks/images/MVI_0003/scene_00000458.jpg", "body_bbox_list": [[381, 235, 209, 331]], "hand_bbox_list": [{"left_hand": [406.7738342285156, 321.7937927246094, 48.624053955078125, 38.267913818359375], "right_hand": [356.3148193359375, 302.3910827636719, 44.418701171875, 42.550262451171875]}]}