{"image_path": "/daintlab/home/rilab/github/frankmocap_notebooks/images/MVI_0003/scene_00000517.jpg", "body_bbox_list": [[397, 136, 187, 429]], "hand_bbox_list": [{"left_hand": [418.8316650390625, 206.48167419433594, 46.913818359375, 44.228851318359375], "right_hand": [365.19354248046875, 198.67897033691406, 43.71270751953125, 43.96879577636719]}]}