{"image_path": "/daintlab/home/rilab/github/frankmocap_notebooks/images/MVI_0003/scene_00000361.jpg", "body_bbox_list": [[402, 125, 182, 441]], "hand_bbox_list": [{"left_hand": [419.4765930175781, 190.8842315673828, 46.54376220703125, 42.546142578125], "right_hand": [364.5498046875, 183.60519409179688, 44.24456787109375, 43.453582763671875]}]}