{"image_path": "/daintlab/home/rilab/github/frankmocap_notebooks/images/MVI_0003/scene_00000784.jpg", "body_bbox_list": [[402, 131, 182, 434]], "hand_bbox_list": [{"left_hand": [422.1259765625, 200.02142333984375, 46.1021728515625, 39.2696533203125], "right_hand": [367.30059814453125, 195.30535888671875, 44.8232421875, 40.917724609375]}]}