{"image_path": "/daintlab/home/rilab/github/frankmocap_notebooks/images/MVI_0003/scene_00000613.jpg", "body_bbox_list": [[392, 209, 192, 353]], "hand_bbox_list": [{"left_hand": [415.2293701171875, 294.1583557128906, 47.219207763671875, 41.234375], "right_hand": [361.760009765625, 285.77203369140625, 44.1845703125, 41.46063232421875]}]}