{"image_path": "/daintlab/home/rilab/github/frankmocap_notebooks/images/MVI_0003/scene_00000888.jpg", "body_bbox_list": [[376, 257, 209, 302]], "hand_bbox_list": [{"left_hand": [399.1583251953125, 353.500244140625, 48.22027587890625, 37.07806396484375], "right_hand": [350.9562072753906, 340.8404235839844, 45.46240234375, 37.418121337890625]}]}