{"image_path": "/daintlab/home/rilab/github/frankmocap_notebooks/images/MVI_0003/scene_00000974.jpg", "body_bbox_list": [[464, 131, 133, 434]], "hand_bbox_list": [{"left_hand": [558.0929565429688, 365.86700439453125, 27.36553955078125, 47.219085693359375], "right_hand": [455.2535705566406, 350.9751281738281, 24.6019287109375, 49.272674560546875]}]}