{"image_path": "/daintlab/home/rilab/github/frankmocap_notebooks/images/MVI_0003/scene_00000347.jpg", "body_bbox_list": [[392, 131, 192, 434]], "hand_bbox_list": [{"left_hand": [415.20263671875, 190.4648895263672, 46.253662109375, 42.406005859375], "right_hand": [360.33935546875, 183.29022216796875, 45.80633544921875, 43.241607666015625]}]}