{"image_path": "/daintlab/home/rilab/github/frankmocap_notebooks/images/MVI_0003/scene_00000750.jpg", "body_bbox_list": [[386, 204, 199, 358]], "hand_bbox_list": [{"left_hand": [412.73809814453125, 292.8148498535156, 45.299835205078125, 37.03594970703125], "right_hand": [358.28594970703125, 279.83038330078125, 43.5767822265625, 38.05718994140625]}]}