{"image_path": "/daintlab/home/rilab/github/frankmocap_notebooks/images/MVI_0003/scene_00000176.jpg", "body_bbox_list": [[402, 131, 187, 434]], "hand_bbox_list": [{"left_hand": [436.1728820800781, 205.82249450683594, 44.27783203125, 37.579132080078125], "right_hand": [364.7126159667969, 204.65196228027344, 45.934234619140625, 36.54875183105469]}]}