{"image_path": "/daintlab/home/rilab/github/frankmocap_notebooks/images/MVI_0003/scene_00000251.jpg", "body_bbox_list": [[381, 304, 209, 253]], "hand_bbox_list": [{"left_hand": [414.7628173828125, 392.9105529785156, 47.223358154296875, 38.767608642578125], "right_hand": [356.3739929199219, 382.8774108886719, 43.556732177734375, 39.778167724609375]}]}