{"image_path": "/daintlab/home/rilab/github/frankmocap_notebooks/images/MVI_0003/scene_00000318.jpg", "body_bbox_list": [[381, 193, 209, 375]], "hand_bbox_list": [{"left_hand": [409.0646057128906, 266.9171447753906, 47.104248046875, 41.3612060546875], "right_hand": [354.21588134765625, 255.28982543945312, 44.8927001953125, 43.085845947265625]}]}