{"image_path": "/daintlab/home/rilab/github/frankmocap_notebooks/images/MVI_0003/scene_00000476.jpg", "body_bbox_list": [[381, 183, 209, 385]], "hand_bbox_list": [{"left_hand": [404.1194763183594, 260.86090087890625, 49.31005859375, 45.570709228515625], "right_hand": [353.7148742675781, 252.3433380126953, 45.557098388671875, 41.48066711425781]}]}