{"image_path": "/daintlab/home/rilab/github/frankmocap_notebooks/images/MVI_0003/scene_00000021.jpg", "body_bbox_list": [[470, 152, 126, 402]], "hand_bbox_list": [{"left_hand": [553.8485107421875, 365.3673400878906, 35.42254638671875, 46.290802001953125], "right_hand": [468.84747314453125, 356.86102294921875, 22.8634033203125, 40.30072021484375]}]}