{"image_path": "/daintlab/home/rilab/github/frankmocap_notebooks/images/MVI_0003/scene_00000987.jpg", "body_bbox_list": [[459, 131, 138, 434]], "hand_bbox_list": [{"left_hand": [555.7067260742188, 368.00360107421875, 34.456787109375, 33.517303466796875], "right_hand": [450.39874267578125, 352.3517761230469, 24.128936767578125, 33.264862060546875]}]}