{"image_path": "/daintlab/home/rilab/github/frankmocap_notebooks/images/MVI_0003/scene_00000895.jpg", "body_bbox_list": [[381, 236, 204, 324]], "hand_bbox_list": [{"left_hand": [400.55743408203125, 328.60595703125, 47.938873291015625, 38.974609375], "right_hand": [351.6298522949219, 315.9356994628906, 45.55255126953125, 39.0130615234375]}]}