{"image_path": "/daintlab/home/rilab/github/frankmocap_notebooks/images/MVI_0003/scene_00000354.jpg", "body_bbox_list": [[402, 125, 182, 441]], "hand_bbox_list": [{"left_hand": [419.07806396484375, 190.39158630371094, 47.198272705078125, 42.614898681640625], "right_hand": [364.1524658203125, 182.93382263183594, 44.059173583984375, 43.433990478515625]}]}