{"image_path": "/daintlab/home/rilab/github/frankmocap_notebooks/images/MVI_0003/scene_00000017.jpg", "body_bbox_list": [[475, 152, 121, 407]], "hand_bbox_list": [{"left_hand": [560.2078247070312, 366.9465026855469, 35.65673828125, 45.347137451171875], "right_hand": [474.241943359375, 358.08984375, 23.396514892578125, 41.90814208984375]}]}