{"image_path": "/daintlab/home/rilab/github/frankmocap_notebooks/images/MVI_0003/scene_00000696.jpg", "body_bbox_list": [[381, 272, 209, 292]], "hand_bbox_list": [{"left_hand": [414.4737548828125, 357.3878479003906, 46.32037353515625, 37.439361572265625], "right_hand": [360.41363525390625, 341.5974426269531, 42.453765869140625, 37.3284912109375]}]}