{"image_path": "/daintlab/home/rilab/github/frankmocap_notebooks/images/MVI_0003/scene_00000596.jpg", "body_bbox_list": [[381, 251, 209, 314]], "hand_bbox_list": [{"left_hand": [410.178955078125, 348.5226135253906, 44.13592529296875, 34.319000244140625], "right_hand": [357.874755859375, 328.7380676269531, 43.732757568359375, 41.638153076171875]}]}