{"image_path": "/daintlab/home/rilab/github/frankmocap_notebooks/images/MVI_0003/scene_00000871.jpg", "body_bbox_list": [[381, 293, 209, 270]], "hand_bbox_list": [{"left_hand": [400.7699890136719, 382.36077880859375, 47.9461669921875, 39.3726806640625], "right_hand": [353.7889709472656, 370.16937255859375, 45.499481201171875, 38.548065185546875]}]}