{"image_path": "/daintlab/home/rilab/github/frankmocap_notebooks/images/MVI_0003/scene_00000909.jpg", "body_bbox_list": [[386, 188, 199, 375]], "hand_bbox_list": [{"left_hand": [405.7031555175781, 284.22894287109375, 48.1932373046875, 37.4503173828125], "right_hand": [354.4604187011719, 271.9876403808594, 45.368499755859375, 40.77630615234375]}]}