{"image_path": "/daintlab/home/rilab/github/frankmocap_notebooks/images/MVI_0003/scene_00000578.jpg", "body_bbox_list": [[386, 309, 204, 248]], "hand_bbox_list": [{"left_hand": [413.2795104980469, 395.0455322265625, 47.819854736328125, 39.163970947265625], "right_hand": [361.8808898925781, 381.07952880859375, 42.8487548828125, 39.896026611328125]}]}