{"image_path": "/daintlab/home/rilab/github/frankmocap_notebooks/images/MVI_0003/scene_00000943.jpg", "body_bbox_list": [[407, 131, 177, 434]], "hand_bbox_list": [{"left_hand": [451.1432800292969, 288.4238586425781, 43.582763671875, 43.340850830078125], "right_hand": [373.2464904785156, 273.43585205078125, 43.453826904296875, 40.515411376953125]}]}