{"image_path": "/daintlab/home/rilab/github/frankmocap_notebooks/images/MVI_0003/scene_00000444.jpg", "body_bbox_list": [[386, 283, 204, 280]], "hand_bbox_list": [{"left_hand": [406.37225341796875, 368.3495788574219, 48.330047607421875, 38.898040771484375], "right_hand": [359.4122314453125, 348.90570068359375, 43.1124267578125, 39.889617919921875]}]}