{"image_path": "/daintlab/home/rilab/github/frankmocap_notebooks/images/MVI_0003/scene_00000217.jpg", "body_bbox_list": [[391, 199, 199, 363]], "hand_bbox_list": [{"left_hand": [426.8650817871094, 279.3482666015625, 46.971893310546875, 40.53509521484375], "right_hand": [363.0418395996094, 280.9106750488281, 41.208282470703125, 34.140411376953125]}]}