{"image_path": "/daintlab/home/rilab/github/frankmocap_notebooks/images/MVI_0003/scene_00000136.jpg", "body_bbox_list": [[402, 131, 187, 434]], "hand_bbox_list": [{"left_hand": [463.0968322753906, 297.66943359375, 42.9808349609375, 44.746551513671875], "right_hand": [380.0378112792969, 294.9460144042969, 32.3876953125, 39.494659423828125]}]}