{"image_path": "/daintlab/home/rilab/github/frankmocap_notebooks/images/MVI_0003/scene_00000893.jpg", "body_bbox_list": [[381, 246, 204, 314]], "hand_bbox_list": [{"left_hand": [399.4792785644531, 337.8428955078125, 48.6961669921875, 37.218963623046875], "right_hand": [351.4335021972656, 324.44561767578125, 45.308258056640625, 38.470703125]}]}