{"image_path": "/daintlab/home/rilab/github/frankmocap_notebooks/images/MVI_0003/scene_00000063.jpg", "body_bbox_list": [[459, 131, 138, 429]], "hand_bbox_list": [{"left_hand": [553.4559326171875, 368.58038330078125, 33.490966796875, 44.821502685546875], "right_hand": [451.4218444824219, 354.57513427734375, 23.13079833984375, 42.38641357421875]}]}