{"image_path": "/daintlab/home/rilab/github/frankmocap_notebooks/images/MVI_0003/scene_00000959.jpg", "body_bbox_list": [[464, 131, 133, 434]], "hand_bbox_list": [{"left_hand": [558.1273803710938, 364.7555236816406, 27.0146484375, 47.075775146484375], "right_hand": [459.6153869628906, 354.0083312988281, 22.72222900390625, 47.685211181640625]}]}