{"image_path": "/daintlab/home/rilab/github/frankmocap_notebooks/images/MVI_0003/scene_00000951.jpg", "body_bbox_list": [[439, 131, 143, 434]], "hand_bbox_list": [{"left_hand": [526.3600463867188, 356.4853820800781, 34.57269287109375, 53.3514404296875], "right_hand": [419.47357177734375, 344.1069030761719, 28.796722412109375, 47.8828125]}]}