{"image_path": "/daintlab/home/rilab/github/frankmocap_notebooks/images/MVI_0003/scene_00000326.jpg", "body_bbox_list": [[381, 172, 209, 397]], "hand_bbox_list": [{"left_hand": [406.1893310546875, 247.09164428710938, 47.86676025390625, 43.225006103515625], "right_hand": [352.3895568847656, 239.37123107910156, 44.67181396484375, 41.88343811035156]}]}