{"image_path": "/daintlab/home/rilab/github/frankmocap_notebooks/images/MVI_0003/scene_00000289.jpg", "body_bbox_list": [[386, 246, 204, 319]], "hand_bbox_list": [{"left_hand": [416.14044189453125, 325.7039794921875, 45.551910400390625, 37.55316162109375], "right_hand": [358.85430908203125, 311.91632080078125, 44.079742431640625, 41.096893310546875]}]}