{"image_path": "/daintlab/home/rilab/github/frankmocap_notebooks/images/MVI_0003/scene_00000861.jpg", "body_bbox_list": [[386, 298, 204, 265]], "hand_bbox_list": [{"left_hand": [404.7765808105469, 388.9298095703125, 49.488525390625, 39.196807861328125], "right_hand": [358.0201416015625, 377.9020080566406, 44.883453369140625, 37.81689453125]}]}