{"image_path": "/daintlab/home/rilab/github/frankmocap_notebooks/images/MVI_0003/scene_00000119.jpg", "body_bbox_list": [[454, 131, 138, 434]], "hand_bbox_list": [{"left_hand": [551.9362182617188, 368.5853271484375, 34.36395263671875, 44.79498291015625], "right_hand": [451.5862121582031, 354.9974365234375, 23.601837158203125, 42.24041748046875]}]}