{"image_path": "/daintlab/home/rilab/github/frankmocap_notebooks/images/MVI_0003/scene_00000032.jpg", "body_bbox_list": [[459, 131, 138, 429]], "hand_bbox_list": [{"left_hand": [552.2529907226562, 367.68560791015625, 34.95068359375, 45.1151123046875], "right_hand": [455.678955078125, 355.4196472167969, 22.80364990234375, 41.95806884765625]}]}