{"image_path": "/daintlab/home/rilab/github/frankmocap_notebooks/images/MVI_0003/scene_00000422.jpg", "body_bbox_list": [[386, 272, 204, 292]], "hand_bbox_list": [{"left_hand": [411.3214111328125, 353.51812744140625, 48.978729248046875, 38.896514892578125], "right_hand": [360.6756286621094, 337.46978759765625, 42.975616455078125, 39.989288330078125]}]}