{"image_path": "/daintlab/home/rilab/github/frankmocap_notebooks/images/MVI_0003/scene_00001010.jpg", "body_bbox_list": [[455, 131, 126, 429]], "hand_bbox_list": [{"left_hand": [549.8501586914062, 363.700927734375, 32.66204833984375, 34.72393798828125], "right_hand": [448.3956298828125, 357.8563537597656, 23.819976806640625, 31.344970703125]}]}