{"image_path": "/daintlab/home/rilab/github/frankmocap_notebooks/images/MVI_0003/scene_00000760.jpg", "body_bbox_list": [[386, 178, 199, 385]], "hand_bbox_list": [{"left_hand": [412.91412353515625, 266.46124267578125, 41.40771484375, 35.51971435546875], "right_hand": [355.7466735839844, 251.84234619140625, 44.937957763671875, 38.4727783203125]}]}