{"image_path": "/daintlab/home/rilab/github/frankmocap_notebooks/images/MVI_0003/scene_00000745.jpg", "body_bbox_list": [[386, 215, 199, 346]], "hand_bbox_list": [{"left_hand": [413.037841796875, 305.7215270996094, 45.340576171875, 37.067535400390625], "right_hand": [358.84783935546875, 291.76983642578125, 42.814849853515625, 37.15234375]}]}