{"image_path": "/daintlab/home/rilab/github/frankmocap_notebooks/images/MVI_0003/scene_00000186.jpg", "body_bbox_list": [[402, 146, 187, 419]], "hand_bbox_list": [{"left_hand": [440.6166076660156, 223.26974487304688, 40.61016845703125, 35.693603515625], "right_hand": [368.0982971191406, 223.7135009765625, 41.6922607421875, 33.3887939453125]}]}