{"image_path": "/daintlab/home/rilab/github/frankmocap_notebooks/images/MVI_0003/scene_00000876.jpg", "body_bbox_list": [[376, 283, 214, 280]], "hand_bbox_list": [{"left_hand": [400.0806579589844, 373.2798156738281, 48.75482177734375, 38.3402099609375], "right_hand": [352.5474853515625, 360.5066833496094, 46.027130126953125, 38.1405029296875]}]}