{"image_path": "/daintlab/home/rilab/github/frankmocap_notebooks/images/MVI_0003/scene_00000714.jpg", "body_bbox_list": [[386, 304, 204, 258]], "hand_bbox_list": [{"left_hand": [412.0963439941406, 386.49859619140625, 42.18426513671875, 35.662078857421875], "right_hand": [360.13311767578125, 373.484130859375, 38.333740234375, 34.88922119140625]}]}