{"image_path": "/daintlab/home/rilab/github/frankmocap_notebooks/images/MVI_0003/scene_00000275.jpg", "body_bbox_list": [[386, 272, 204, 292]], "hand_bbox_list": [{"left_hand": [413.6723327636719, 362.25628662109375, 47.936767578125, 37.0809326171875], "right_hand": [357.3646545410156, 348.8075256347656, 44.092376708984375, 38.807861328125]}]}