{"image_path": "/daintlab/home/rilab/github/frankmocap_notebooks/images/MVI_0003/scene_00000821.jpg", "body_bbox_list": [[397, 188, 192, 375]], "hand_bbox_list": [{"left_hand": [425.6011962890625, 271.9735107421875, 46.39288330078125, 39.608428955078125], "right_hand": [369.8791809082031, 261.4474792480469, 43.30810546875, 39.808013916015625]}]}