{"image_path": "/daintlab/home/rilab/github/frankmocap_notebooks/images/MVI_0003/scene_00000501.jpg", "body_bbox_list": [[392, 131, 192, 434]], "hand_bbox_list": [{"left_hand": [416.6414794921875, 196.6270751953125, 44.725067138671875, 42.58705139160156], "right_hand": [362.52032470703125, 190.19215393066406, 44.788848876953125, 43.88975524902344]}]}