{"image_path": "/daintlab/home/rilab/github/frankmocap_notebooks/images/MVI_0003/scene_00000095.jpg", "body_bbox_list": [[454, 131, 143, 434]], "hand_bbox_list": [{"left_hand": [553.0791015625, 367.5118408203125, 35.36029052734375, 44.322998046875], "right_hand": [444.92559814453125, 351.1250305175781, 25.617218017578125, 44.04718017578125]}]}