{"image_path": "/daintlab/home/rilab/github/frankmocap_notebooks/images/MVI_0003/scene_00000862.jpg", "body_bbox_list": [[386, 298, 204, 265]], "hand_bbox_list": [{"left_hand": [404.7267150878906, 390.1430969238281, 49.697174072265625, 37.919891357421875], "right_hand": [360.401123046875, 379.935791015625, 42.459136962890625, 34.96868896484375]}]}