{"image_path": "/daintlab/home/rilab/github/frankmocap_notebooks/images/MVI_0003/scene_00000593.jpg", "body_bbox_list": [[381, 267, 209, 297]], "hand_bbox_list": [{"left_hand": [411.2763366699219, 354.7618713378906, 46.921966552734375, 38.607421875], "right_hand": [358.6420593261719, 340.7536926269531, 43.553802490234375, 40.566162109375]}]}