{"image_path": "/daintlab/home/rilab/github/frankmocap_notebooks/images/MVI_0003/scene_00000438.jpg", "body_bbox_list": [[386, 288, 204, 275]], "hand_bbox_list": [{"left_hand": [408.3818359375, 372.3980407714844, 47.318328857421875, 39.79534912109375], "right_hand": [360.9234619140625, 353.8592834472656, 42.6441650390625, 40.762908935546875]}]}