{"image_path": "/daintlab/home/rilab/github/frankmocap_notebooks/images/MVI_0003/scene_00000446.jpg", "body_bbox_list": [[381, 272, 209, 292]], "hand_bbox_list": [{"left_hand": [406.19561767578125, 365.7790222167969, 48.017425537109375, 37.706146240234375], "right_hand": [359.02008056640625, 346.18853759765625, 42.8602294921875, 38.8719482421875]}]}