{"image_path": "/daintlab/home/rilab/github/frankmocap_notebooks/images/MVI_0003/scene_00000356.jpg", "body_bbox_list": [[397, 125, 187, 441]], "hand_bbox_list": [{"left_hand": [419.00775146484375, 190.67958068847656, 46.965240478515625, 42.714752197265625], "right_hand": [364.1700744628906, 182.58590698242188, 44.15777587890625, 43.77339172363281]}]}