{"image_path": "/daintlab/home/rilab/github/frankmocap_notebooks/images/MVI_0003/scene_00000589.jpg", "body_bbox_list": [[386, 283, 204, 280]], "hand_bbox_list": [{"left_hand": [412.2832336425781, 370.4179992675781, 46.53009033203125, 39.2969970703125], "right_hand": [360.0105895996094, 355.4800109863281, 42.824371337890625, 40.636444091796875]}]}