{"image_path": "/daintlab/home/rilab/github/frankmocap_notebooks/images/MVI_0003/scene_00000774.jpg", "body_bbox_list": [[392, 131, 192, 434]], "hand_bbox_list": [{"left_hand": [418.3922424316406, 209.8374786376953, 47.672637939453125, 40.438232421875], "right_hand": [363.0371398925781, 201.69137573242188, 43.488128662109375, 39.76310729980469]}]}