{"image_path": "/daintlab/home/rilab/github/frankmocap_notebooks/images/MVI_0003/scene_00000815.jpg", "body_bbox_list": [[402, 167, 187, 397]], "hand_bbox_list": [{"left_hand": [423.642578125, 264.6316223144531, 44.557891845703125, 36.47515869140625], "right_hand": [368.5048522949219, 249.6147918701172, 44.161163330078125, 40.15458679199219]}]}