{"image_path": "/daintlab/home/rilab/github/frankmocap_notebooks/images/MVI_0003/scene_00000010.jpg", "body_bbox_list": [[470, 162, 126, 397]], "hand_bbox_list": [{"left_hand": [558.002197265625, 368.05963134765625, 37.7545166015625, 44.112579345703125], "right_hand": [475.28082275390625, 358.8854064941406, 22.63299560546875, 41.098541259765625]}]}