{"image_path": "/daintlab/home/rilab/github/frankmocap_notebooks/images/MVI_0003/scene_00001015.jpg", "body_bbox_list": [[459, 131, 138, 434]], "hand_bbox_list": [{"left_hand": [562.8692626953125, 366.3146667480469, 33.98614501953125, 32.989593505859375], "right_hand": [456.2980651855469, 356.70458984375, 24.75103759765625, 31.8355712890625]}]}