{"image_path": "/daintlab/home/rilab/github/frankmocap_notebooks/images/MVI_0003/scene_00000465.jpg", "body_bbox_list": [[386, 209, 204, 358]], "hand_bbox_list": [{"left_hand": [411.3764953613281, 293.7250061035156, 48.152984619140625, 40.045196533203125], "right_hand": [358.81524658203125, 279.2088928222656, 44.795928955078125, 41.1817626953125]}]}