{"image_path": "/daintlab/home/rilab/github/frankmocap_notebooks/images/MVI_0003/scene_00000531.jpg", "body_bbox_list": [[397, 167, 192, 397]], "hand_bbox_list": [{"left_hand": [418.9353942871094, 258.1138916015625, 47.889404296875, 41.7667236328125], "right_hand": [364.518798828125, 249.4292449951172, 44.343414306640625, 41.68812561035156]}]}