{"image_path": "/daintlab/home/rilab/github/frankmocap_notebooks/images/MVI_0003/scene_00000159.jpg", "body_bbox_list": [[397, 131, 192, 434]], "hand_bbox_list": [{"left_hand": [435.3299560546875, 186.79522705078125, 46.26214599609375, 37.15069580078125], "right_hand": [363.1336364746094, 188.63015747070312, 41.048614501953125, 32.86083984375]}]}