{"image_path": "/daintlab/home/rilab/github/frankmocap_notebooks/images/MVI_0003/scene_00000055.jpg", "body_bbox_list": [[454, 131, 143, 429]], "hand_bbox_list": [{"left_hand": [552.9948120117188, 368.2015075683594, 35.33197021484375, 45.18829345703125], "right_hand": [445.1952209472656, 353.3210144042969, 24.37786865234375, 40.589996337890625]}]}