{"image_path": "/daintlab/home/rilab/github/frankmocap_notebooks/images/MVI_0003/scene_00000381.jpg", "body_bbox_list": [[397, 157, 192, 412]], "hand_bbox_list": [{"left_hand": [420.52203369140625, 236.62562561035156, 48.311431884765625, 43.08049011230469], "right_hand": [366.1455993652344, 228.29922485351562, 44.261260986328125, 42.12493896484375]}]}