{"image_path": "/daintlab/home/rilab/github/frankmocap_notebooks/images/MVI_0003/scene_00000321.jpg", "body_bbox_list": [[386, 188, 204, 380]], "hand_bbox_list": [{"left_hand": [407.32977294921875, 260.392333984375, 47.499359130859375, 41.422027587890625], "right_hand": [353.29180908203125, 249.77247619628906, 45.403778076171875, 42.15855407714844]}]}