{"image_path": "/daintlab/home/rilab/github/frankmocap_notebooks/images/MVI_0003/scene_00000801.jpg", "body_bbox_list": [[402, 146, 187, 419]], "hand_bbox_list": [{"left_hand": [427.22760009765625, 228.8046875, 44.358062744140625, 38.127349853515625], "right_hand": [369.6671447753906, 219.338623046875, 43.677459716796875, 39.903961181640625]}]}