{"image_path": "/daintlab/home/rilab/github/frankmocap_notebooks/images/MVI_0003/scene_00000751.jpg", "body_bbox_list": [[386, 204, 199, 358]], "hand_bbox_list": [{"left_hand": [412.78387451171875, 288.87158203125, 45.328155517578125, 38.183746337890625], "right_hand": [356.86932373046875, 276.7044372558594, 43.178375244140625, 39.2283935546875]}]}