{"image_path": "/daintlab/home/rilab/github/frankmocap_notebooks/images/MVI_0003/scene_00000241.jpg", "body_bbox_list": [[381, 272, 209, 292]], "hand_bbox_list": [{"left_hand": [417.7372131347656, 360.77325439453125, 47.688262939453125, 37.93182373046875], "right_hand": [354.2926330566406, 352.03839111328125, 45.609893798828125, 39.128021240234375]}]}