{"image_path": "/daintlab/home/rilab/github/frankmocap_notebooks/images/MVI_0003/scene_00000041.jpg", "body_bbox_list": [[464, 131, 133, 429]], "hand_bbox_list": [{"left_hand": [556.4478759765625, 366.9770812988281, 34.52557373046875, 45.520965576171875], "right_hand": [457.84344482421875, 364.0270080566406, 22.83404541015625, 42.489532470703125]}]}