{"image_path": "/daintlab/home/rilab/github/frankmocap_notebooks/images/MVI_0003/scene_00000877.jpg", "body_bbox_list": [[381, 277, 209, 287]], "hand_bbox_list": [{"left_hand": [400.3918151855469, 370.4641418457031, 48.18798828125, 39.36041259765625], "right_hand": [352.3995056152344, 357.7981262207031, 46.3765869140625, 38.73876953125]}]}