{"image_path": "/daintlab/home/rilab/github/frankmocap_notebooks/images/MVI_0003/scene_00000972.jpg", "body_bbox_list": [[464, 131, 133, 434]], "hand_bbox_list": [{"left_hand": [558.1055297851562, 365.65313720703125, 26.89715576171875, 47.36328125], "right_hand": [455.5369873046875, 350.72430419921875, 24.52862548828125, 49.271453857421875]}]}