{"image_path": "/daintlab/home/rilab/github/frankmocap_notebooks/images/MVI_0003/scene_00000965.jpg", "body_bbox_list": [[464, 131, 133, 434]], "hand_bbox_list": [{"left_hand": [559.1343994140625, 365.0821228027344, 26.56463623046875, 46.924530029296875], "right_hand": [460.6089782714844, 353.464111328125, 23.859954833984375, 47.54248046875]}]}