{"image_path": "/daintlab/home/rilab/github/frankmocap_notebooks/images/MVI_0003/scene_00000020.jpg", "body_bbox_list": [[470, 152, 126, 402]], "hand_bbox_list": [{"left_hand": [555.9583129882812, 366.4917297363281, 35.43695068359375, 45.583526611328125], "right_hand": [469.8210754394531, 357.25775146484375, 22.812591552734375, 40.223907470703125]}]}