{"image_path": "/daintlab/home/rilab/github/frankmocap_notebooks/images/MVI_0003/scene_00000621.jpg", "body_bbox_list": [[391, 188, 199, 375]], "hand_bbox_list": [{"left_hand": [415.46893310546875, 271.40447998046875, 46.440399169921875, 42.8572998046875], "right_hand": [364.4128723144531, 262.5361633300781, 43.8287353515625, 41.843597412109375]}]}