{"image_path": "/daintlab/home/rilab/github/frankmocap_notebooks/images/MVI_0003/scene_00000383.jpg", "body_bbox_list": [[391, 162, 199, 407]], "hand_bbox_list": [{"left_hand": [421.2989807128906, 241.1762237548828, 46.921112060546875, 41.96485900878906], "right_hand": [366.4410705566406, 233.318359375, 44.139556884765625, 41.744842529296875]}]}