{"image_path": "/daintlab/home/rilab/github/frankmocap_notebooks/images/MVI_0003/scene_00000202.jpg", "body_bbox_list": [[402, 167, 187, 397]], "hand_bbox_list": [{"left_hand": [436.0391540527344, 247.80938720703125, 45.39654541015625, 39.02508544921875], "right_hand": [370.6809997558594, 245.54830932617188, 45.270477294921875, 38.66729736328125]}]}