{"image_path": "/daintlab/home/rilab/github/frankmocap_notebooks/images/MVI_0003/scene_00000222.jpg", "body_bbox_list": [[397, 215, 192, 346]], "hand_bbox_list": [{"left_hand": [423.2664794921875, 297.24700927734375, 44.59771728515625, 37.51629638671875], "right_hand": [359.3409118652344, 292.7062072753906, 45.455902099609375, 36.941192626953125]}]}