{"image_path": "/daintlab/home/rilab/github/frankmocap_notebooks/images/MVI_0003/scene_00000034.jpg", "body_bbox_list": [[459, 131, 138, 429]], "hand_bbox_list": [{"left_hand": [551.2550048828125, 368.2339782714844, 34.85113525390625, 45.0816650390625], "right_hand": [452.3919677734375, 354.6840515136719, 23.153900146484375, 42.64349365234375]}]}