{"image_path": "/daintlab/home/rilab/github/frankmocap_notebooks/images/MVI_0003/scene_00000537.jpg", "body_bbox_list": [[392, 194, 192, 368]], "hand_bbox_list": [{"left_hand": [418.4549255371094, 281.0225830078125, 47.07366943359375, 39.665252685546875], "right_hand": [361.72216796875, 271.9925231933594, 44.730560302734375, 41.54058837890625]}]}