{"image_path": "/daintlab/home/rilab/github/frankmocap_notebooks/images/MVI_0003/scene_00000452.jpg", "body_bbox_list": [[381, 256, 209, 309]], "hand_bbox_list": [{"left_hand": [405.7756042480469, 345.1725158691406, 48.2926025390625, 39.62493896484375], "right_hand": [358.70013427734375, 327.3632507324219, 43.40667724609375, 41.276824951171875]}]}