{"image_path": "/daintlab/home/rilab/github/frankmocap_notebooks/images/MVI_0003/scene_00000291.jpg", "body_bbox_list": [[391, 235, 199, 331]], "hand_bbox_list": [{"left_hand": [417.3764953613281, 314.53692626953125, 44.46533203125, 41.607818603515625], "right_hand": [359.0312194824219, 304.088623046875, 44.8543701171875, 40.288330078125]}]}