{"image_path": "/daintlab/home/rilab/github/frankmocap_notebooks/images/MVI_0003/scene_00000679.jpg", "body_bbox_list": [[392, 194, 192, 368]], "hand_bbox_list": [{"left_hand": [416.6029968261719, 278.8516845703125, 45.102203369140625, 37.773834228515625], "right_hand": [363.6946105957031, 269.0299072265625, 39.267578125, 34.479827880859375]}]}