{"image_path": "/daintlab/home/rilab/github/frankmocap_notebooks/images/MVI_0003/scene_00000967.jpg", "body_bbox_list": [[464, 131, 133, 434]], "hand_bbox_list": [{"left_hand": [559.142822265625, 365.066650390625, 26.31878662109375, 46.941253662109375], "right_hand": [459.5828857421875, 354.2413024902344, 24.409332275390625, 46.88580322265625]}]}