{"image_path": "/daintlab/home/rilab/github/frankmocap_notebooks/images/MVI_0003/scene_00000617.jpg", "body_bbox_list": [[386, 199, 204, 368]], "hand_bbox_list": [{"left_hand": [415.1278991699219, 281.5283508300781, 47.139556884765625, 42.49603271484375], "right_hand": [362.3553466796875, 273.65924072265625, 44.175567626953125, 41.797607421875]}]}