{"image_path": "/daintlab/home/rilab/github/frankmocap_notebooks/images/MVI_0003/scene_00000511.jpg", "body_bbox_list": [[397, 131, 187, 434]], "hand_bbox_list": [{"left_hand": [420.051025390625, 196.81155395507812, 45.1195068359375, 42.89738464355469], "right_hand": [365.93133544921875, 188.64605712890625, 42.686004638671875, 44.02931213378906]}]}