{"image_path": "/daintlab/home/rilab/github/frankmocap_notebooks/images/MVI_0003/scene_00001011.jpg", "body_bbox_list": [[454, 131, 138, 429]], "hand_bbox_list": [{"left_hand": [552.3168334960938, 365.1711730957031, 31.9083251953125, 33.77734375], "right_hand": [451.3381042480469, 356.880126953125, 24.43646240234375, 32.359832763671875]}]}