{"image_path": "/daintlab/home/rilab/github/frankmocap_notebooks/images/MVI_0003/scene_00000263.jpg", "body_bbox_list": [[386, 298, 204, 265]], "hand_bbox_list": [{"left_hand": [414.4281311035156, 384.289306640625, 46.9261474609375, 39.7193603515625], "right_hand": [357.4795837402344, 374.1936340332031, 43.7152099609375, 38.32769775390625]}]}