{"image_path": "/daintlab/home/rilab/github/frankmocap_notebooks/images/MVI_0003/scene_00000869.jpg", "body_bbox_list": [[386, 298, 204, 265]], "hand_bbox_list": [{"left_hand": [401.5143737792969, 386.3561706542969, 47.2718505859375, 38.22015380859375], "right_hand": [354.4620056152344, 373.1280212402344, 45.26275634765625, 38.70806884765625]}]}