{"image_path": "/daintlab/home/rilab/github/frankmocap_notebooks/images/MVI_0003/scene_00000939.jpg", "body_bbox_list": [[397, 131, 187, 434]], "hand_bbox_list": [{"left_hand": [423.7496032714844, 212.1731719970703, 45.250457763671875, 40.13873291015625], "right_hand": [366.1937561035156, 206.9080352783203, 45.4490966796875, 41.30389404296875]}]}