{"image_path": "/daintlab/home/rilab/github/frankmocap_notebooks/images/MVI_0003/scene_00000566.jpg", "body_bbox_list": [[386, 304, 204, 253]], "hand_bbox_list": [{"left_hand": [413.27056884765625, 394.3408203125, 47.096405029296875, 36.117340087890625], "right_hand": [361.0779724121094, 378.3707580566406, 43.73260498046875, 39.2955322265625]}]}