{"image_path": "/daintlab/home/rilab/github/frankmocap_notebooks/images/MVI_0003/scene_00000879.jpg", "body_bbox_list": [[381, 277, 209, 287]], "hand_bbox_list": [{"left_hand": [400.3453369140625, 366.89556884765625, 47.814605712890625, 36.72430419921875], "right_hand": [352.5357360839844, 355.10491943359375, 44.9256591796875, 36.6981201171875]}]}