{"image_path": "/daintlab/home/rilab/github/frankmocap_notebooks/images/MVI_0003/scene_00000069.jpg", "body_bbox_list": [[454, 131, 138, 429]], "hand_bbox_list": [{"left_hand": [553.0665283203125, 370.88165283203125, 33.84063720703125, 41.350677490234375], "right_hand": [449.6508483886719, 354.8314208984375, 23.94024658203125, 42.820892333984375]}]}