{"image_path": "/daintlab/home/rilab/github/frankmocap_notebooks/images/MVI_0003/scene_00000290.jpg", "body_bbox_list": [[386, 241, 204, 324]], "hand_bbox_list": [{"left_hand": [416.3549499511719, 321.4838562011719, 46.431243896484375, 38.81671142578125], "right_hand": [358.475830078125, 307.95416259765625, 44.916748046875, 40.396759033203125]}]}