{"image_path": "/daintlab/home/rilab/github/frankmocap_notebooks/images/MVI_0003/scene_00000482.jpg", "body_bbox_list": [[381, 167, 209, 402]], "hand_bbox_list": [{"left_hand": [403.7840576171875, 245.07568359375, 49.308837890625, 44.978118896484375], "right_hand": [353.0798034667969, 235.01820373535156, 45.366790771484375, 41.87770080566406]}]}