{"image_path": "/daintlab/home/rilab/github/frankmocap_notebooks/images/MVI_0003/scene_00000855.jpg", "body_bbox_list": [[386, 298, 199, 265]], "hand_bbox_list": [{"left_hand": [404.2743835449219, 388.2093200683594, 49.796630859375, 40.036865234375], "right_hand": [357.6853942871094, 377.471923828125, 44.45965576171875, 38.264739990234375]}]}