{"image_path": "/daintlab/home/rilab/github/frankmocap_notebooks/images/MVI_0003/scene_00000513.jpg", "body_bbox_list": [[397, 131, 187, 434]], "hand_bbox_list": [{"left_hand": [418.9132995605469, 196.56976318359375, 45.6356201171875, 42.87420654296875], "right_hand": [365.4642333984375, 190.1622772216797, 43.449462890625, 43.65411376953125]}]}