{"image_path": "/daintlab/home/rilab/github/frankmocap_notebooks/images/MVI_0003/scene_00000467.jpg", "body_bbox_list": [[386, 204, 204, 363]], "hand_bbox_list": [{"left_hand": [407.4541015625, 283.0765075683594, 46.944183349609375, 43.328460693359375], "right_hand": [358.0591735839844, 273.51043701171875, 43.866668701171875, 42.13275146484375]}]}