{"image_path": "/daintlab/home/rilab/github/frankmocap_notebooks/images/MVI_0003/scene_00000334.jpg", "body_bbox_list": [[386, 157, 199, 407]], "hand_bbox_list": [{"left_hand": [405.3052673339844, 226.34544372558594, 48.311004638671875, 43.39598083496094], "right_hand": [351.7271423339844, 217.5066375732422, 44.871978759765625, 42.63465881347656]}]}