{"image_path": "/daintlab/home/rilab/github/frankmocap_notebooks/images/MVI_0003/scene_00000151.jpg", "body_bbox_list": [[402, 131, 187, 434]], "hand_bbox_list": [{"left_hand": [437.0928649902344, 210.1837615966797, 45.44903564453125, 34.76405334472656], "right_hand": [360.5318298339844, 214.31521606445312, 39.283966064453125, 32.977386474609375]}]}