{"image_path": "/daintlab/home/rilab/github/frankmocap_notebooks/images/MVI_0003/scene_00000562.jpg", "body_bbox_list": [[391, 293, 199, 265]], "hand_bbox_list": [{"left_hand": [414.5932312011719, 382.7096862792969, 46.665191650390625, 39.33807373046875], "right_hand": [362.9533996582031, 368.1950988769531, 42.814056396484375, 40.0784912109375]}]}