{"image_path": "/daintlab/home/rilab/github/frankmocap_notebooks/images/MVI_0003/scene_00001018.jpg", "body_bbox_list": [[459, 131, 138, 434]], "hand_bbox_list": [{"left_hand": [560.4020385742188, 365.4888000488281, 34.4322509765625, 33.5794677734375], "right_hand": [451.74505615234375, 356.1192932128906, 24.554351806640625, 32.256927490234375]}]}