{"image_path": "/daintlab/home/rilab/github/frankmocap_notebooks/images/MVI_0003/scene_00001019.jpg", "body_bbox_list": [[454, 131, 143, 434]], "hand_bbox_list": [{"left_hand": [559.1852416992188, 365.68829345703125, 34.4486083984375, 34.16937255859375], "right_hand": [451.0420227050781, 356.51580810546875, 24.6641845703125, 32.20025634765625]}]}