{"image_path": "/daintlab/home/rilab/github/frankmocap_notebooks/images/MVI_0003/scene_00000653.jpg", "body_bbox_list": [[392, 131, 192, 434]], "hand_bbox_list": [{"left_hand": [417.6737060546875, 197.3739776611328, 44.32049560546875, 37.70545959472656], "right_hand": [359.6747131347656, 191.07272338867188, 46.2666015625, 41.72734069824219]}]}