{"image_path": "/daintlab/home/rilab/github/frankmocap_notebooks/images/MVI_0003/scene_00000890.jpg", "body_bbox_list": [[381, 257, 204, 302]], "hand_bbox_list": [{"left_hand": [398.81646728515625, 349.12640380859375, 50.345733642578125, 37.25079345703125], "right_hand": [351.1747741699219, 336.14697265625, 45.416748046875, 38.45330810546875]}]}