{"image_path": "/daintlab/home/rilab/github/frankmocap_notebooks/images/MVI_0003/scene_00000581.jpg", "body_bbox_list": [[386, 304, 204, 253]], "hand_bbox_list": [{"left_hand": [412.5186462402344, 394.1551208496094, 48.10943603515625, 36.487396240234375], "right_hand": [363.20086669921875, 380.78265380859375, 38.771240234375, 36.052520751953125]}]}