{"image_path": "/daintlab/home/rilab/github/frankmocap_notebooks/images/MVI_0003/scene_00000701.jpg", "body_bbox_list": [[386, 293, 204, 270]], "hand_bbox_list": [{"left_hand": [414.3437194824219, 372.5728454589844, 44.976318359375, 37.2215576171875], "right_hand": [362.9345703125, 359.5455322265625, 38.183074951171875, 35.549072265625]}]}