{"image_path": "/daintlab/home/rilab/github/frankmocap_notebooks/images/MVI_0003/scene_00000867.jpg", "body_bbox_list": [[386, 298, 204, 265]], "hand_bbox_list": [{"left_hand": [402.8393859863281, 388.4405822753906, 49.83795166015625, 38.559326171875], "right_hand": [355.24981689453125, 376.0380859375, 45.04119873046875, 38.150146484375]}]}