{"image_path": "/daintlab/home/rilab/github/frankmocap_notebooks/images/MVI_0003/scene_00000736.jpg", "body_bbox_list": [[381, 251, 204, 314]], "hand_bbox_list": [{"left_hand": [408.6574401855469, 335.4086608886719, 46.602813720703125, 35.85333251953125], "right_hand": [355.55682373046875, 318.7426452636719, 44.05364990234375, 37.63128662109375]}]}