{"image_path": "/daintlab/home/rilab/github/frankmocap_notebooks/images/MVI_0003/scene_00000601.jpg", "body_bbox_list": [[381, 241, 204, 324]], "hand_bbox_list": [{"left_hand": [409.53466796875, 335.93511962890625, 45.20123291015625, 34.407379150390625], "right_hand": [357.0511779785156, 315.828125, 43.368438720703125, 42.178924560546875]}]}