{"image_path": "/daintlab/home/rilab/github/frankmocap_notebooks/images/MVI_0003/scene_00000955.jpg", "body_bbox_list": [[449, 131, 138, 434]], "hand_bbox_list": [{"left_hand": [549.7318725585938, 364.826171875, 27.596435546875, 51.584747314453125], "right_hand": [438.6216735839844, 351.2597961425781, 25.9085693359375, 47.66265869140625]}]}