{"image_path": "/daintlab/home/rilab/github/frankmocap_notebooks/images/LXO-jKksQkM/scene_00000048.jpg", "body_bbox_list": [[651, 267, 99, 297]], "hand_bbox_list": [{"left_hand": [738.2953491210938, 418.2239990234375, 12.34600830078125, 29.013092041015625], "right_hand": [683.7061767578125, 376.0387268066406, 23.49700927734375, 27.38360595703125]}]}