{"image_path": "/daintlab/home/rilab/github/frankmocap_notebooks/images/LXO-jKksQkM/scene_00000012.jpg", "body_bbox_list": [[797, 277, 77, 287]], "hand_bbox_list": [{"left_hand": [866.708251953125, 408.6350402832031, 18.05047607421875, 25.181243896484375], "right_hand": [791.3729858398438, 415.4898986816406, 18.94647216796875, 21.8619384765625]}]}