{"image_path": "/daintlab/home/rilab/github/frankmocap_notebooks/images/LXO-jKksQkM/scene_00000122.jpg", "body_bbox_list": [[629, 267, 148, 297]], "hand_bbox_list": [{"left_hand": [764.6152954101562, 378.79052734375, 20.84271240234375, 17.8768310546875], "right_hand": [621.2061767578125, 402.96002197265625, 17.6156005859375, 25.790496826171875]}]}