{"image_path": "/daintlab/home/rilab/github/frankmocap_notebooks/images/LXO-jKksQkM/scene_00000080.jpg", "body_bbox_list": [[675, 272, 121, 287]], "hand_bbox_list": [{"left_hand": [792.3449096679688, 414.3304138183594, 21.4364013671875, 24.633758544921875], "right_hand": [723.32568359375, 395.8778076171875, 21.7437744140625, 25.98138427734375]}]}