{"image_path": "/daintlab/home/rilab/github/frankmocap_notebooks/images/LXO-jKksQkM/scene_00000109.jpg", "body_bbox_list": [[654, 267, 138, 297]], "hand_bbox_list": [{"left_hand": [769.1430053710938, 380.7064208984375, 20.47113037109375, 18.1263427734375], "right_hand": [648.1354370117188, 400.0417785644531, 18.67864990234375, 25.553955078125]}]}