{"image_path": "/daintlab/home/rilab/github/frankmocap_notebooks/images/LXO-jKksQkM/scene_00000112.jpg", "body_bbox_list": [[644, 267, 138, 297]], "hand_bbox_list": [{"left_hand": null, "right_hand": [641.640869140625, 400.7049865722656, 17.65087890625, 25.105194091796875]}]}