{"image_path": "/daintlab/home/rilab/github/frankmocap_notebooks/images/LXO-jKksQkM/scene_00000031.jpg", "body_bbox_list": [[650, 267, 121, 297]], "hand_bbox_list": [{"left_hand": [764.8228759765625, 386.2778015136719, 22.13079833984375, 19.702117919921875], "right_hand": [679.6634521484375, 367.83270263671875, 22.75982666015625, 17.081787109375]}]}