{"image_path": "/daintlab/home/rilab/github/frankmocap_notebooks/images/LXO-jKksQkM/scene_00000042.jpg", "body_bbox_list": [[670, 267, 126, 292]], "hand_bbox_list": [{"left_hand": [790.8409423828125, 400.2441711425781, 21.151123046875, 24.103607177734375], "right_hand": [731.1707763671875, 395.434814453125, 22.69390869140625, 28.920013427734375]}]}