{"image_path": "/daintlab/home/rilab/github/frankmocap_notebooks/images/LXO-jKksQkM/scene_00000006.jpg", "body_bbox_list": [[665, 272, 126, 292]], "hand_bbox_list": [{"left_hand": [791.53369140625, 384.0753479003906, 22.90765380859375, 19.201446533203125], "right_hand": [791.53369140625, 384.0753479003906, 22.90765380859375, 19.201446533203125]}]}