{"image_path": "/daintlab/home/rilab/github/frankmocap_notebooks/images/LXO-jKksQkM/scene_00000005.jpg", "body_bbox_list": [[665, 272, 116, 292]], "hand_bbox_list": [{"left_hand": [782.7503051757812, 377.0007019042969, 21.62811279296875, 24.111358642578125], "right_hand": [782.7503051757812, 377.0007019042969, 21.62811279296875, 24.111358642578125]}]}