{"image_path": "/daintlab/home/rilab/github/frankmocap_notebooks/images/LXO-jKksQkM/scene_00000124.jpg", "body_bbox_list": [[629, 267, 148, 297]], "hand_bbox_list": [{"left_hand": [760.9545288085938, 380.5079650878906, 23.65008544921875, 18.877349853515625], "right_hand": [616.93603515625, 405.9618225097656, 19.5191650390625, 24.59454345703125]}]}