{"image_path": "/daintlab/home/rilab/github/frankmocap_notebooks/images/LXO-jKksQkM/scene_00000088.jpg", "body_bbox_list": [[674, 272, 133, 287]], "hand_bbox_list": [{"left_hand": [792.59814453125, 414.7612609863281, 20.6259765625, 25.182861328125], "right_hand": [710.39453125, 396.1225280761719, 20.1629638671875, 25.746673583984375]}]}