{"image_path": "/daintlab/home/rilab/github/frankmocap_notebooks/images/LXO-jKksQkM/scene_00000020.jpg", "body_bbox_list": [[651, 267, 94, 297]], "hand_bbox_list": [{"left_hand": [675.9517822265625, 389.2591247558594, 21.981689453125, 29.434539794921875], "right_hand": [675.9517822265625, 389.2591247558594, 21.981689453125, 29.434539794921875]}]}