{"image_path": "/daintlab/home/rilab/github/frankmocap_notebooks/images/LXO-jKksQkM/scene_00000052.jpg", "body_bbox_list": [[646, 267, 94, 297]], "hand_bbox_list": [{"left_hand": [722.67822265625, 422.35797119140625, 13.53424072265625, 21.04046630859375], "right_hand": [672.4874877929688, 401.361083984375, 23.60968017578125, 25.793365478515625]}]}