{"image_path": "/daintlab/home/rilab/github/frankmocap_notebooks/images/LXO-jKksQkM/scene_00000131.jpg", "body_bbox_list": [[625, 267, 126, 292]], "hand_bbox_list": [{"left_hand": [736.8360595703125, 407.5675964355469, 19.4267578125, 21.528076171875], "right_hand": [615.877685546875, 420.4188232421875, 17.2772216796875, 26.79608154296875]}]}