{"image_path": "/daintlab/home/rilab/github/frankmocap_notebooks/images/LXO-jKksQkM/scene_00000037.jpg", "body_bbox_list": [[665, 272, 126, 292]], "hand_bbox_list": [{"left_hand": [746.3754272460938, 409.72760009765625, 15.291748046875, 21.0997314453125], "right_hand": [791.175048828125, 377.4211120605469, 22.51165771484375, 20.1756591796875]}]}