{"image_path": "/daintlab/home/rilab/github/frankmocap_notebooks/images/LXO-jKksQkM/scene_00000016.jpg", "body_bbox_list": [[656, 267, 89, 297]], "hand_bbox_list": [{"left_hand": null, "right_hand": [694.0383911132812, 362.4141845703125, 23.01934814453125, 24.328125]}]}