{"image_path": "/daintlab/home/rilab/github/frankmocap_notebooks/images/LXO-jKksQkM/scene_00000044.jpg", "body_bbox_list": [[675, 272, 121, 287]], "hand_bbox_list": [{"left_hand": [791.18017578125, 400.9259948730469, 24.12786865234375, 24.76922607421875], "right_hand": [731.239990234375, 393.4393310546875, 22.618408203125, 27.501678466796875]}]}