{"image_path": "/daintlab/home/rilab/github/frankmocap_notebooks/images/LXO-jKksQkM/scene_00000000.jpg", "body_bbox_list": [[650, 262, 111, 302]], "hand_bbox_list": [{"left_hand": [763.103271484375, 391.9495849609375, 18.58746337890625, 21.85101318359375], "right_hand": null}]}