{"image_path": "/daintlab/home/rilab/github/frankmocap_notebooks/images/LXO-jKksQkM/scene_00000038.jpg", "body_bbox_list": [[665, 272, 121, 292]], "hand_bbox_list": [{"left_hand": [749.4249267578125, 407.5049743652344, 18.9530029296875, 18.92767333984375], "right_hand": [749.4249267578125, 407.5049743652344, 18.9530029296875, 18.92767333984375]}]}