{"image_path": "/daintlab/home/rilab/github/frankmocap_notebooks/images/LXO-jKksQkM/scene_00000008.jpg", "body_bbox_list": [[665, 272, 126, 292]], "hand_bbox_list": [{"left_hand": [789.8976440429688, 373.62451171875, 19.885009765625, 21.560302734375], "right_hand": [789.8976440429688, 373.62451171875, 19.885009765625, 21.560302734375]}]}