{"image_path": "/daintlab/home/rilab/github/frankmocap_notebooks/images/LXO-jKksQkM/scene_00000073.jpg", "body_bbox_list": [[675, 272, 126, 287]], "hand_bbox_list": [{"left_hand": [791.9427490234375, 400.1837463378906, 23.707763671875, 25.450653076171875], "right_hand": [731.345947265625, 394.3860168457031, 22.24688720703125, 28.291351318359375]}]}