{"image_path": "/daintlab/home/rilab/github/frankmocap_notebooks/images/LXO-jKksQkM/scene_00000046.jpg", "body_bbox_list": [[675, 267, 121, 292]], "hand_bbox_list": [{"left_hand": [790.981201171875, 403.8605651855469, 23.38348388671875, 24.935516357421875], "right_hand": [730.7630004882812, 393.1905212402344, 19.17645263671875, 26.25787353515625]}]}