{"image_path": "/daintlab/home/rilab/github/frankmocap_notebooks/images/LXO-jKksQkM/scene_00000032.jpg", "body_bbox_list": [[667, 267, 82, 297]], "hand_bbox_list": [{"left_hand": [679.2996826171875, 411.6366882324219, 23.91619873046875, 30.916748046875], "right_hand": [679.2996826171875, 411.6366882324219, 23.91619873046875, 30.916748046875]}]}