{"image_path": "/daintlab/home/rilab/github/frankmocap_notebooks/images/LXO-jKksQkM/scene_00000148.jpg", "body_bbox_list": [[602, 267, 177, 292]], "hand_bbox_list": [{"left_hand": [770.9840087890625, 375.96630859375, 22.33392333984375, 30.115478515625], "right_hand": [592.6087646484375, 358.77178955078125, 22.1590576171875, 27.083465576171875]}]}