{"image_path": "/daintlab/home/rilab/github/frankmocap_notebooks/images/LXO-jKksQkM/scene_00000063.jpg", "body_bbox_list": [[672, 267, 77, 297]], "hand_bbox_list": [{"left_hand": [687.8572998046875, 411.1267395019531, 20.96124267578125, 28.93060302734375], "right_hand": [687.8572998046875, 411.1267395019531, 20.96124267578125, 28.93060302734375]}]}