{"image_path": "/daintlab/home/rilab/github/frankmocap_notebooks/images/LXO-jKksQkM/scene_00000023.jpg", "body_bbox_list": [[651, 267, 94, 297]], "hand_bbox_list": [{"left_hand": [722.8099975585938, 416.51666259765625, 12.638916015625, 21.606781005859375], "right_hand": [672.8057250976562, 403.7501525878906, 19.89471435546875, 25.236083984375]}]}