{"image_path": "/daintlab/home/rilab/github/frankmocap_notebooks/images/LXO-jKksQkM/scene_00000130.jpg", "body_bbox_list": [[625, 267, 126, 297]], "hand_bbox_list": [{"left_hand": [740.5703735351562, 402.72772216796875, 20.5908203125, 20.449798583984375], "right_hand": [614.43359375, 418.1055908203125, 18.16864013671875, 26.156829833984375]}]}