{"image_path": "/daintlab/home/rilab/github/frankmocap_notebooks/images/LXO-jKksQkM/scene_00000047.jpg", "body_bbox_list": [[675, 272, 121, 287]], "hand_bbox_list": [{"left_hand": [790.04150390625, 406.75, 23.313720703125, 24.0992431640625], "right_hand": [728.7600708007812, 392.4781799316406, 19.89178466796875, 27.95526123046875]}]}