{"image_path": "/daintlab/home/rilab/github/frankmocap_notebooks/images/LXO-jKksQkM/scene_00000034.jpg", "body_bbox_list": [[672, 267, 77, 297]], "hand_bbox_list": [{"left_hand": [696.9168090820312, 409.7884521484375, 22.14593505859375, 26.00927734375], "right_hand": [696.9168090820312, 409.7884521484375, 22.14593505859375, 26.00927734375]}]}