{"image_path": "/daintlab/home/rilab/github/frankmocap_notebooks/images/LXO-jKksQkM/scene_00000149.jpg", "body_bbox_list": [[597, 267, 182, 292]], "hand_bbox_list": [{"left_hand": [771.2359008789062, 374.3879699707031, 22.80743408203125, 29.981781005859375], "right_hand": [591.5357666015625, 358.08734130859375, 22.51220703125, 26.440277099609375]}]}