{"image_path": "/daintlab/home/rilab/github/frankmocap_notebooks/images/LXO-jKksQkM/scene_00000074.jpg", "body_bbox_list": [[675, 272, 121, 287]], "hand_bbox_list": [{"left_hand": [792.143798828125, 401.7831726074219, 23.3046875, 23.9815673828125], "right_hand": [730.9849853515625, 393.48968505859375, 20.95819091796875, 26.55548095703125]}]}