{"image_path": "/daintlab/home/rilab/github/frankmocap_notebooks/images/LXO-jKksQkM/scene_00000027.jpg", "body_bbox_list": [[666, 267, 89, 292]], "hand_bbox_list": [{"left_hand": [681.6185913085938, 408.15826416015625, 23.56561279296875, 29.22540283203125], "right_hand": [681.6185913085938, 408.15826416015625, 23.56561279296875, 29.22540283203125]}]}