{"image_path": "/daintlab/home/rilab/github/frankmocap_notebooks/images/LXO-jKksQkM/scene_00000135.jpg", "body_bbox_list": [[630, 262, 121, 297]], "hand_bbox_list": [{"left_hand": [734.7969360351562, 407.62554931640625, 20.37347412109375, 24.077301025390625], "right_hand": [620.4625854492188, 412.516845703125, 19.943603515625, 32.12701416015625]}]}