{"image_path": "/daintlab/home/rilab/github/frankmocap_notebooks/images/LXO-jKksQkM/scene_00000043.jpg", "body_bbox_list": [[667, 272, 82, 292]], "hand_bbox_list": [{"left_hand": [735.8189086914062, 396.61737060546875, 14.3599853515625, 22.168853759765625], "right_hand": [703.8956909179688, 338.1970520019531, 21.85052490234375, 23.669281005859375]}]}