{"image_path": "/daintlab/home/rilab/github/frankmocap_notebooks/images/LXO-jKksQkM/scene_00000093.jpg", "body_bbox_list": [[680, 272, 121, 292]], "hand_bbox_list": [{"left_hand": [790.5979614257812, 417.36981201171875, 16.506591796875, 22.02545166015625], "right_hand": [693.7022705078125, 399.56732177734375, 19.64959716796875, 26.722930908203125]}]}