{"image_path": "/daintlab/home/rilab/github/frankmocap_notebooks/images/LXO-jKksQkM/scene_00000054.jpg", "body_bbox_list": [[662, 272, 82, 292]], "hand_bbox_list": [{"left_hand": [723.9992065429688, 419.14678955078125, 11.96221923828125, 18.512542724609375], "right_hand": [676.2822265625, 405.1759948730469, 20.14019775390625, 26.57806396484375]}]}