{"image_path": "/daintlab/home/rilab/github/frankmocap_notebooks/images/LXO-jKksQkM/scene_00000060.jpg", "body_bbox_list": [[672, 272, 82, 287]], "hand_bbox_list": [{"left_hand": [681.2728881835938, 413.349365234375, 21.611328125, 26.832977294921875], "right_hand": [681.2728881835938, 413.349365234375, 21.611328125, 26.832977294921875]}]}