{"image_path": "/daintlab/home/rilab/github/frankmocap_notebooks/images/LXO-jKksQkM/scene_00000126.jpg", "body_bbox_list": [[624, 267, 148, 297]], "hand_bbox_list": [{"left_hand": [757.3651123046875, 384.3927001953125, 20.2325439453125, 21.079254150390625], "right_hand": [615.3898315429688, 410.300048828125, 17.93243408203125, 24.763916015625]}]}