{"image_path": "/daintlab/home/rilab/github/frankmocap_notebooks/images/LXO-jKksQkM/scene_00000003.jpg", "body_bbox_list": [[665, 272, 121, 292]], "hand_bbox_list": [{"left_hand": [780.0113525390625, 370.92584228515625, 24.40020751953125, 24.53167724609375], "right_hand": [706.0612182617188, 365.99371337890625, 20.32537841796875, 17.7694091796875]}]}