{"image_path": "/daintlab/home/rilab/github/frankmocap_notebooks/images/LXO-jKksQkM/scene_00000014.jpg", "body_bbox_list": [[767, 272, 82, 292]], "hand_bbox_list": [{"left_hand": [844.7658081054688, 418.64288330078125, 11.432861328125, 19.361297607421875], "right_hand": [767.5032348632812, 413.467041015625, 18.9442138671875, 20.324493408203125]}]}