{"image_path": "/daintlab/home/rilab/github/frankmocap_notebooks/images/LXO-jKksQkM/scene_00000000.jpg", "body_bbox_list": [[798, 272, 50, 292]], "hand_bbox_list": [{"left_hand": [818.7929077148438, 408.07879638671875, 18.48126220703125, 18.422393798828125], "right_hand": [818.7929077148438, 408.07879638671875, 18.48126220703125, 18.422393798828125]}]}