{"image_path": "/daintlab/home/rilab/github/frankmocap_notebooks/images/LXO-jKksQkM/scene_00000064.jpg", "body_bbox_list": [[672, 267, 77, 297]], "hand_bbox_list": [{"left_hand": [696.8645629882812, 410.0146484375, 22.18243408203125, 26.05938720703125], "right_hand": [696.8645629882812, 410.0146484375, 22.18243408203125, 26.05938720703125]}]}