{"image_path": "/daintlab/home/rilab/github/frankmocap_notebooks/images/LXO-jKksQkM/scene_00000132.jpg", "body_bbox_list": [[625, 267, 121, 292]], "hand_bbox_list": [{"left_hand": [735.2174072265625, 410.7149963378906, 19.7606201171875, 22.130340576171875], "right_hand": [617.2754516601562, 420.4424133300781, 19.63983154296875, 27.01409912109375]}]}