{"image_path": "/daintlab/home/rilab/github/frankmocap_notebooks/images/LXO-jKksQkM/scene_00000106.jpg", "body_bbox_list": [[660, 267, 126, 297]], "hand_bbox_list": [{"left_hand": [770.5028686523438, 382.0101318359375, 18.9910888671875, 18.79547119140625], "right_hand": [651.9868774414062, 399.7237854003906, 20.03253173828125, 25.85406494140625]}]}