{"image_path": "/daintlab/home/rilab/github/frankmocap_notebooks/images/LXO-jKksQkM/scene_00000137.jpg", "body_bbox_list": [[619, 262, 138, 297]], "hand_bbox_list": [{"left_hand": [748.688720703125, 396.1383056640625, 20.17156982421875, 22.984466552734375], "right_hand": [609.5645751953125, 397.8940734863281, 22.99725341796875, 28.62353515625]}]}