{"image_path": "/daintlab/home/rilab/github/frankmocap_notebooks/images/LXO-jKksQkM/scene_00000105.jpg", "body_bbox_list": [[659, 267, 133, 297]], "hand_bbox_list": [{"left_hand": [770.5087280273438, 384.3264465332031, 19.6435546875, 17.688751220703125], "right_hand": [653.3466796875, 398.9967956542969, 19.138671875, 25.959503173828125]}]}