{"image_path": "/daintlab/home/rilab/github/frankmocap_notebooks/images/LXO-jKksQkM/scene_00000031.jpg", "body_bbox_list": [[672, 272, 77, 287]], "hand_bbox_list": [{"left_hand": null, "right_hand": [681.0584106445312, 412.9206237792969, 20.630126953125, 28.097137451171875]}]}