{"image_path": "/daintlab/home/rilab/github/frankmocap_notebooks/images/LXO-jKksQkM/scene_00000009.jpg", "body_bbox_list": [[811, 283, 94, 280]], "hand_bbox_list": [{"left_hand": [835.959228515625, 412.0954895019531, 19.16729736328125, 20.351226806640625], "right_hand": [835.959228515625, 412.0954895019531, 19.16729736328125, 20.351226806640625]}]}