{"image_path": "/daintlab/home/rilab/github/frankmocap_notebooks/images/LXO-jKksQkM/scene_00000044.jpg", "body_bbox_list": [[667, 267, 77, 297]], "hand_bbox_list": [{"left_hand": null, "right_hand": [703.3170166015625, 331.6800231933594, 24.677734375, 26.160980224609375]}]}