{"image_path": "/daintlab/home/rilab/github/frankmocap_notebooks/images/LXO-jKksQkM/scene_00000025.jpg", "body_bbox_list": [[661, 262, 94, 302]], "hand_bbox_list": [{"left_hand": null, "right_hand": [646.7672729492188, 404.2002868652344, 27.4371337890625, 24.458404541015625]}]}