{"image_path": "/daintlab/home/rilab/github/frankmocap_notebooks/images/Ldu3Cc-iJP8/scene_00000081.jpg", "body_bbox_list": [[136, 316, 864, 94], [182, 311, 192, 214]], "hand_bbox_list": [{"left_hand": null, "right_hand": null}, {"left_hand": [224.2130889892578, 508.18377685546875, 114.27265930175781, 35.84881591796875], "right_hand": null}]}