{"image_path": "/daintlab/home/rilab/github/frankmocap_notebooks/images/Ldu3Cc-iJP8/scene_00000042.jpg", "body_bbox_list": [[159, 325, 368, 121], [181, 337, 199, 182]], "hand_bbox_list": [{"left_hand": null, "right_hand": null}, {"left_hand": [216.22528076171875, 517.2797241210938, 123.42050170898438, 37.93695068359375], "right_hand": null}]}