{"image_path": "/daintlab/home/rilab/github/frankmocap_notebooks/images/Ldu3Cc-iJP8/scene_00000107.jpg", "body_bbox_list": [[171, 222, 544, 297]], "hand_bbox_list": [{"left_hand": [221.30184936523438, 504.0332946777344, 118.59286499023438, 36.737396240234375], "right_hand": null}]}