{"image_path": "/daintlab/home/rilab/github/frankmocap_notebooks/images/Ldu3Cc-iJP8/scene_00000089.jpg", "body_bbox_list": [[136, 296, 874, 94], [181, 290, 199, 236], [542, 327, 407, 77]], "hand_bbox_list": [{"left_hand": null, "right_hand": null}, {"left_hand": [224.369873046875, 506.735595703125, 114.79595947265625, 37.06573486328125], "right_hand": null}, {"left_hand": null, "right_hand": null}]}