{"image_path": "/daintlab/home/rilab/github/frankmocap_notebooks/images/Ldu3Cc-iJP8/scene_00000056.jpg", "body_bbox_list": [[133, 376, 830, 94], [177, 373, 192, 160]], "hand_bbox_list": [{"left_hand": null, "right_hand": null}, {"left_hand": [222.62351989746094, 517.5203247070312, 117.35047912597656, 34.380859375], "right_hand": null}]}