{"image_path": "/daintlab/home/rilab/github/frankmocap_notebooks/images/Ldu3Cc-iJP8/scene_00000088.jpg", "body_bbox_list": [[136, 295, 869, 231]], "hand_bbox_list": [{"left_hand": [224.74327087402344, 507.1398620605469, 113.64112854003906, 36.686248779296875], "right_hand": null}]}