{"image_path": "/daintlab/home/rilab/github/frankmocap_notebooks/images/Ldu3Cc-iJP8/scene_00000043.jpg", "body_bbox_list": [[136, 335, 869, 116], [181, 347, 199, 177]], "hand_bbox_list": [{"left_hand": null, "right_hand": null}, {"left_hand": [222.5522918701172, 517.9331665039062, 118.02958679199219, 35.07476806640625], "right_hand": null}]}