{"image_path": "/daintlab/home/rilab/github/frankmocap_notebooks/images/Ldu3Cc-iJP8/scene_00000094.jpg", "body_bbox_list": [[141, 276, 864, 104], [187, 274, 187, 253]], "hand_bbox_list": [{"left_hand": null, "right_hand": null}, {"left_hand": [224.44627380371094, 505.98870849609375, 114.04029846191406, 37.10467529296875], "right_hand": null}]}