{"image_path": "/daintlab/home/rilab/github/frankmocap_notebooks/images/Ldu3Cc-iJP8/scene_00000022.jpg", "body_bbox_list": [[157, 273, 852, 265], [301, 274, 89, 248]], "hand_bbox_list": [{"left_hand": [224.2667694091797, 519.5745239257812, 115.06794738769531, 36.37744140625], "right_hand": null}, {"left_hand": null, "right_hand": [224.2667694091797, 519.5745239257812, 115.06794738769531, 36.37744140625]}]}