{"image_path": "/daintlab/home/rilab/github/frankmocap_notebooks/images/Ldu3Cc-iJP8/scene_00000013.jpg", "body_bbox_list": [[172, 253, 842, 265], [218, 253, 170, 280]], "hand_bbox_list": [{"left_hand": null, "right_hand": [224.56121826171875, 519.9640502929688, 116.45761108398438, 36.38189697265625]}, {"left_hand": [224.56121826171875, 519.9640502929688, 116.45761108398438, 36.38189697265625], "right_hand": null}]}