{"image_path": "/daintlab/home/rilab/github/frankmocap_notebooks/images/Ldu3Cc-iJP8/scene_00000036.jpg", "body_bbox_list": [[141, 326, 869, 94], [186, 321, 204, 209]], "hand_bbox_list": [{"left_hand": null, "right_hand": null}, {"left_hand": [216.69683837890625, 517.687255859375, 121.94528198242188, 38.0155029296875], "right_hand": null}]}