{"image_path": "/daintlab/home/rilab/github/frankmocap_notebooks/images/Ldu3Cc-iJP8/scene_00000008.jpg", "body_bbox_list": [[177, 247, 842, 287], [301, 243, 99, 275]], "hand_bbox_list": [{"left_hand": [222.06617736816406, 520.6824340820312, 121.05690002441406, 35.48724365234375], "right_hand": null}, {"left_hand": null, "right_hand": [222.06617736816406, 520.6824340820312, 121.05690002441406, 35.48724365234375]}]}