{"image_path": "/daintlab/home/rilab/github/frankmocap_notebooks/images/Ldu3Cc-iJP8/scene_00000026.jpg", "body_bbox_list": [[151, 295, 859, 231], [197, 294, 192, 243]], "hand_bbox_list": [{"left_hand": null, "right_hand": [223.8567352294922, 517.3094482421875, 117.03587341308594, 36.720703125]}, {"left_hand": [223.8567352294922, 517.3094482421875, 117.03587341308594, 36.720703125], "right_hand": null}]}