{"image_path": "/daintlab/home/rilab/github/frankmocap_notebooks/images/Ldu3Cc-iJP8/scene_00000063.jpg", "body_bbox_list": [[126, 366, 859, 94], [329, 373, 33, 155]], "hand_bbox_list": [{"left_hand": null, "right_hand": null}, {"left_hand": [222.64346313476562, 515.792724609375, 115.1143798828125, 34.2938232421875], "right_hand": null}]}