{"image_path": "/daintlab/home/rilab/github/frankmocap_notebooks/images/Ldu3Cc-iJP8/scene_00000023.jpg", "body_bbox_list": [[157, 268, 852, 270]], "hand_bbox_list": [{"left_hand": [224.1431121826172, 519.5221557617188, 115.71751403808594, 36.427490234375], "right_hand": [224.1431121826172, 519.5221557617188, 115.71751403808594, 36.427490234375]}]}