{"image_path": "/daintlab/home/rilab/github/frankmocap_notebooks/images/Ldu3Cc-iJP8/scene_00000072.jpg", "body_bbox_list": [[133, 315, 830, 221], [176, 337, 199, 182]], "hand_bbox_list": [{"left_hand": null, "right_hand": null}, {"left_hand": [223.79103088378906, 509.0491638183594, 115.21965026855469, 35.065216064453125], "right_hand": null}]}