{"image_path": "/daintlab/home/rilab/github/frankmocap_notebooks/images/Ldu3Cc-iJP8/scene_00000085.jpg", "body_bbox_list": [[136, 306, 869, 94], [176, 300, 199, 226]], "hand_bbox_list": [{"left_hand": null, "right_hand": null}, {"left_hand": [224.45616149902344, 507.87371826171875, 113.51222229003906, 36.09185791015625], "right_hand": null}]}