{"image_path": "/daintlab/home/rilab/github/frankmocap_notebooks/images/Ldu3Cc-iJP8/scene_00000014.jpg", "body_bbox_list": [[172, 259, 842, 148], [212, 258, 177, 280]], "hand_bbox_list": [{"left_hand": null, "right_hand": null}, {"left_hand": [223.73678588867188, 519.3096923828125, 116.95181274414062, 36.73687744140625], "right_hand": null}]}