{"image_path": "/daintlab/home/rilab/github/frankmocap_notebooks/images/Ldu3Cc-iJP8/scene_00000084.jpg", "body_bbox_list": [[136, 306, 869, 99], [182, 305, 192, 221]], "hand_bbox_list": [{"left_hand": null, "right_hand": null}, {"left_hand": [224.5000762939453, 508.0524597167969, 112.67094421386719, 35.866241455078125], "right_hand": null}]}