{"image_path": "/daintlab/home/rilab/github/frankmocap_notebooks/images/Ldu3Cc-iJP8/scene_00000055.jpg", "body_bbox_list": [[133, 376, 830, 94], [177, 373, 192, 160]], "hand_bbox_list": [{"left_hand": null, "right_hand": null}, {"left_hand": [222.83920288085938, 517.5298461914062, 117.10256958007812, 34.60626220703125], "right_hand": null}]}