{"image_path": "/daintlab/home/rilab/github/frankmocap_notebooks/images/Ldu3Cc-iJP8/scene_00000046.jpg", "body_bbox_list": [[131, 345, 874, 116], [447, 384, 507, 33], [329, 373, 38, 160]], "hand_bbox_list": [{"left_hand": null, "right_hand": null}, {"left_hand": null, "right_hand": null}, {"left_hand": [222.4940948486328, 518.2489624023438, 117.40931701660156, 34.76263427734375], "right_hand": null}]}