{"image_path": "/daintlab/home/rilab/github/frankmocap_notebooks/images/MVI_0005/scene_00000058.jpg", "body_bbox_list": [[419, 131, 148, 434]], "hand_bbox_list": [{"left_hand": [503.96124267578125, 360.1650085449219, 36.56158447265625, 49.871124267578125], "right_hand": [415.48760986328125, 347.4523620605469, 20.431488037109375, 45.95843505859375]}]}