{"image_path": "/daintlab/home/rilab/github/frankmocap_notebooks/images/MVI_0005/scene_00000385.jpg", "body_bbox_list": [[418, 293, 155, 265]], "hand_bbox_list": [{"left_hand": [500.30645751953125, 469.108154296875, 28.7816162109375, 43.79779052734375], "right_hand": [439.3233947753906, 450.2232971191406, 20.483367919921875, 41.05596923828125]}]}