{"image_path": "/daintlab/home/rilab/github/frankmocap_notebooks/images/MVI_0005/scene_00000060.jpg", "body_bbox_list": [[413, 131, 155, 434]], "hand_bbox_list": [{"left_hand": [499.21624755859375, 356.2494201660156, 37.35919189453125, 51.465240478515625], "right_hand": [413.510986328125, 345.04864501953125, 16.824310302734375, 46.781951904296875]}]}