{"image_path": "/daintlab/home/rilab/github/frankmocap_notebooks/images/MVI_0005/scene_00000533.jpg", "body_bbox_list": [[429, 131, 138, 434]], "hand_bbox_list": [{"left_hand": [532.3264770507812, 367.3305969238281, 38.00616455078125, 52.75323486328125], "right_hand": [427.96099853515625, 357.8613586425781, 19.223907470703125, 49.342681884765625]}]}