{"image_path": "/daintlab/home/rilab/github/frankmocap_notebooks/images/MVI_0005/scene_00000506.jpg", "body_bbox_list": [[418, 351, 160, 209]], "hand_bbox_list": [{"left_hand": [514.9387817382812, 517.0575561523438, 33.636474609375, 55.68603515625], "right_hand": [443.68792724609375, 499.0389709472656, 25.27288818359375, 49.642364501953125]}]}