{"image_path": "/daintlab/home/rilab/github/frankmocap_notebooks/images/MVI_0005/scene_00000198.jpg", "body_bbox_list": [[471, 62, 99, 507]], "hand_bbox_list": [{"left_hand": [564.6250610351562, 15.977625846862793, 22.04010009765625, 51.54024124145508], "right_hand": [479.1443786621094, 28.56043243408203, 26.20343017578125, 49.255828857421875]}]}