{"image_path": "/daintlab/home/rilab/github/frankmocap_notebooks/images/MVI_0005/scene_00000329.jpg", "body_bbox_list": [[439, 131, 138, 434]], "hand_bbox_list": [{"left_hand": [540.300048828125, 361.3858947753906, 23.988037109375, 48.466827392578125], "right_hand": [430.0906677246094, 349.21710205078125, 26.007598876953125, 46.8558349609375]}]}