{"image_path": "/daintlab/home/rilab/github/frankmocap_notebooks/images/MVI_0005/scene_00000153.jpg", "body_bbox_list": [[471, 62, 94, 507]], "hand_bbox_list": [{"left_hand": [559.5692138671875, 14.067622184753418, 21.22674560546875, 49.755001068115234], "right_hand": [481.10369873046875, 21.253210067749023, 31.2794189453125, 55.7447509765625]}]}