{"image_path": "/daintlab/home/rilab/github/frankmocap_notebooks/images/MVI_0005/scene_00000277.jpg", "body_bbox_list": [[413, 73, 155, 495]], "hand_bbox_list": [{"left_hand": [485.5250244140625, 35.5220947265625, 33.1973876953125, 57.61530303955078], "right_hand": [393.7104187011719, 47.37495803833008, 37.466705322265625, 51.7078742980957]}]}