{"image_path": "/daintlab/home/rilab/github/frankmocap_notebooks/images/MVI_0005/scene_00000136.jpg", "body_bbox_list": [[445, 62, 126, 507]], "hand_bbox_list": [{"left_hand": [496.5107727050781, 152.35939025878906, 31.815216064453125, 37.25080871582031], "right_hand": [442.0066223144531, 23.44862937927246, 28.222686767578125, 51.838470458984375]}]}