{"image_path": "/daintlab/home/rilab/github/frankmocap_notebooks/images/MVI_0005/scene_00000097.jpg", "body_bbox_list": [[377, 125, 192, 441]], "hand_bbox_list": [{"left_hand": [334.58209228515625, 197.22900390625, 47.21728515625, 37.48027038574219], "right_hand": [334.58209228515625, 197.22900390625, 47.21728515625, 37.48027038574219]}]}