{"image_path": "/daintlab/home/rilab/github/frankmocap_notebooks/images/MVI_0005/scene_00000570.jpg", "body_bbox_list": [[439, 131, 133, 429]], "hand_bbox_list": [{"left_hand": [534.4540405273438, 365.6381530761719, 34.0633544921875, 44.59246826171875], "right_hand": [434.3419494628906, 350.9666748046875, 21.551849365234375, 45.446136474609375]}]}