{"image_path": "/daintlab/home/rilab/github/frankmocap_notebooks/images/MVI_0005/scene_00000514.jpg", "body_bbox_list": [[418, 309, 155, 248]], "hand_bbox_list": [{"left_hand": [512.6304321289062, 484.3446960449219, 37.0770263671875, 50.470733642578125], "right_hand": [438.6303405761719, 464.4103698730469, 22.576019287109375, 48.723846435546875]}]}