{"image_path": "/daintlab/home/rilab/github/frankmocap_notebooks/images/MVI_0005/scene_00000117.jpg", "body_bbox_list": [[403, 104, 165, 463]], "hand_bbox_list": [{"left_hand": null, "right_hand": [376.17449951171875, 69.05728912353516, 40.696563720703125, 51.91044616699219]}]}