{"image_path": "/daintlab/home/rilab/github/frankmocap_notebooks/images/MVI_0005/scene_00000549.jpg", "body_bbox_list": [[444, 131, 133, 429]], "hand_bbox_list": [{"left_hand": [549.0411376953125, 366.63330078125, 28.206298828125, 48.2509765625], "right_hand": [443.7506103515625, 354.0985412597656, 17.94775390625, 47.734771728515625]}]}