{"image_path": "/daintlab/home/rilab/github/frankmocap_notebooks/images/MVI_0005/scene_00000027.jpg", "body_bbox_list": [[439, 131, 138, 434]], "hand_bbox_list": [{"left_hand": [535.3579711914062, 369.3262023925781, 34.2955322265625, 47.420623779296875], "right_hand": [437.9459533691406, 355.5888977050781, 18.560089111328125, 42.7730712890625]}]}