{"image_path": "/daintlab/home/rilab/github/frankmocap_notebooks/images/MVI_0005/scene_00000534.jpg", "body_bbox_list": [[429, 131, 138, 434]], "hand_bbox_list": [{"left_hand": [532.6771850585938, 365.6896667480469, 38.713623046875, 52.230865478515625], "right_hand": [428.3240661621094, 354.0775146484375, 19.31829833984375, 49.55596923828125]}]}