{"image_path": "/daintlab/home/rilab/github/frankmocap_notebooks/images/MVI_0005/scene_00000306.jpg", "body_bbox_list": [[377, 131, 192, 434]], "hand_bbox_list": [{"left_hand": [435.0520324707031, 220.3365020751953, 45.045989990234375, 31.241607666015625], "right_hand": [335.48016357421875, 215.76010131835938, 49.0604248046875, 35.89308166503906]}]}