{"image_path": "/daintlab/home/rilab/github/frankmocap_notebooks/images/MVI_0005/scene_00000051.jpg", "body_bbox_list": [[429, 131, 143, 434]], "hand_bbox_list": [{"left_hand": [525.593017578125, 366.9016418457031, 29.28033447265625, 48.223876953125], "right_hand": [429.3431396484375, 353.08770751953125, 18.6649169921875, 46.531829833984375]}]}