{"image_path": "/daintlab/home/rilab/github/frankmocap_notebooks/images/MVI_0005/scene_00000527.jpg", "body_bbox_list": [[429, 157, 138, 402]], "hand_bbox_list": [{"left_hand": [527.75146484375, 387.3205871582031, 38.4066162109375, 54.434722900390625], "right_hand": [428.2520751953125, 372.7982177734375, 21.014984130859375, 49.91168212890625]}]}