{"image_path": "/daintlab/home/rilab/github/frankmocap_notebooks/images/MVI_0005/scene_00000612.jpg", "body_bbox_list": [[445, 131, 126, 429]], "hand_bbox_list": [{"left_hand": [537.4603881835938, 365.3380432128906, 32.21533203125, 43.914398193359375], "right_hand": [437.6274108886719, 350.9620666503906, 20.66156005859375, 46.166778564453125]}]}