{"image_path": "/daintlab/home/rilab/github/frankmocap_notebooks/images/MVI_0005/scene_00000531.jpg", "body_bbox_list": [[429, 141, 138, 424]], "hand_bbox_list": [{"left_hand": [531.447998046875, 371.93487548828125, 37.577392578125, 53.8692626953125], "right_hand": [427.5115966796875, 360.4881896972656, 19.662994384765625, 49.482086181640625]}]}