{"image_path": "/daintlab/home/rilab/github/frankmocap_notebooks/images/MVI_0005/scene_00000416.jpg", "body_bbox_list": [[423, 351, 170, 214]], "hand_bbox_list": [{"left_hand": [516.5734252929688, 542.5791015625, 31.69598388671875, 47.48223876953125], "right_hand": [445.8814392089844, 521.878173828125, 20.670257568359375, 47.8359375]}]}