{"image_path": "/daintlab/home/rilab/github/frankmocap_notebooks/images/MVI_0005/scene_00000284.jpg", "body_bbox_list": [[398, 94, 170, 473]], "hand_bbox_list": [{"left_hand": [466.81829833984375, 59.864131927490234, 35.89111328125, 59.363651275634766], "right_hand": [370.920166015625, 72.7020492553711, 42.7476806640625, 52.98866271972656]}]}