{"image_path": "/daintlab/home/rilab/github/frankmocap_notebooks/images/MVI_0005/scene_00000478.jpg", "body_bbox_list": [[423, 356, 170, 209]], "hand_bbox_list": [{"left_hand": [446.8829650878906, 521.1314697265625, 21.858184814453125, 46.5062255859375], "right_hand": [446.8829650878906, 521.1314697265625, 21.858184814453125, 46.5062255859375]}]}