{"image_path": "/daintlab/home/rilab/github/frankmocap_notebooks/images/MVI_0005/scene_00000546.jpg", "body_bbox_list": [[444, 131, 133, 429]], "hand_bbox_list": [{"left_hand": [546.6537475585938, 363.4227294921875, 31.82220458984375, 54.170074462890625], "right_hand": [442.9194641113281, 352.3156433105469, 17.232421875, 48.274658203125]}]}