{"image_path": "/daintlab/home/rilab/github/frankmocap_notebooks/images/MVI_0005/scene_00000179.jpg", "body_bbox_list": [[471, 62, 99, 507]], "hand_bbox_list": [{"left_hand": [565.6709594726562, 15.708823204040527, 21.720947265625, 50.66522979736328], "right_hand": [485.01702880859375, 28.184667587280273, 26.489776611328125, 49.53076171875]}]}