{"image_path": "/daintlab/home/rilab/github/frankmocap_notebooks/images/MVI_0005/scene_00000189.jpg", "body_bbox_list": [[471, 62, 99, 507]], "hand_bbox_list": [{"left_hand": [564.3956909179688, 15.733004570007324, 21.89459228515625, 51.31260299682617], "right_hand": [479.2715759277344, 28.287220001220703, 26.54132080078125, 49.70509719848633]}]}