{"image_path": "/daintlab/home/rilab/github/frankmocap_notebooks/images/MVI_0005/scene_00000270.jpg", "body_bbox_list": [[429, 73, 138, 495]], "hand_bbox_list": [{"left_hand": [504.4970397949219, 22.52103042602539, 27.846649169921875, 54.73201370239258], "right_hand": [418.5273132324219, 30.590349197387695, 30.67193603515625, 54.5736083984375]}]}