{"image_path": "/daintlab/home/rilab/github/frankmocap_notebooks/images/MVI_0005/scene_00000242.jpg", "body_bbox_list": [[466, 62, 104, 507]], "hand_bbox_list": [{"left_hand": [562.3391723632812, 16.141328811645508, 21.970703125, 49.34428405761719], "right_hand": [475.685302734375, 27.394052505493164, 26.604766845703125, 50.81483459472656]}]}