{"image_path": "/daintlab/home/rilab/github/frankmocap_notebooks/images/MVI_0005/scene_00000127.jpg", "body_bbox_list": [[424, 78, 143, 490]], "hand_bbox_list": [{"left_hand": null, "right_hand": [414.7361145019531, 34.10470199584961, 32.926788330078125, 60.89027786254883]}]}