{"image_path": "/daintlab/home/rilab/github/frankmocap_notebooks/images/MVI_0005/scene_00000224.jpg", "body_bbox_list": [[471, 62, 99, 507]], "hand_bbox_list": [{"left_hand": null, "right_hand": [479.495361328125, 28.44639778137207, 26.475982666015625, 49.832916259765625]}]}