{"image_path": "/daintlab/home/rilab/github/frankmocap_notebooks/images/MVI_0005/scene_00000515.jpg", "body_bbox_list": [[418, 299, 155, 258]], "hand_bbox_list": [{"left_hand": [514.0660400390625, 478.21368408203125, 35.94134521484375, 50.61578369140625], "right_hand": [437.068115234375, 456.564453125, 23.17626953125, 48.69586181640625]}]}