{"image_path": "/daintlab/home/rilab/github/frankmocap_notebooks/images/MVI_0005/scene_00000537.jpg", "body_bbox_list": [[434, 131, 138, 434]], "hand_bbox_list": [{"left_hand": [538.085693359375, 362.11041259765625, 36.75396728515625, 52.79119873046875], "right_hand": [429.41693115234375, 352.4296569824219, 20.00189208984375, 49.231292724609375]}]}