{"image_path": "/daintlab/home/rilab/github/frankmocap_notebooks/images/MVI_0005/scene_00000363.jpg", "body_bbox_list": [[434, 152, 133, 412]], "hand_bbox_list": [{"left_hand": [505.4697265625, 375.30535888671875, 37.38092041015625, 50.417938232421875], "right_hand": [431.6007995605469, 364.548095703125, 20.700225830078125, 48.4862060546875]}]}