{"image_path": "/daintlab/home/rilab/github/frankmocap_notebooks/images/MVI_0005/scene_00000454.jpg", "body_bbox_list": [[423, 356, 170, 214]], "hand_bbox_list": [{"left_hand": [447.127685546875, 522.0811157226562, 21.148956298828125, 47.01104736328125], "right_hand": [447.127685546875, 522.0811157226562, 21.148956298828125, 47.01104736328125]}]}