{"image_path": "/daintlab/home/rilab/github/frankmocap_notebooks/images/MVI_0005/scene_00000017.jpg", "body_bbox_list": [[434, 131, 143, 434]], "hand_bbox_list": [{"left_hand": [536.40771484375, 369.34600830078125, 33.48797607421875, 47.089599609375], "right_hand": [437.6343994140625, 356.0184631347656, 19.61663818359375, 41.787109375]}]}