{"image_path": "/daintlab/home/rilab/github/frankmocap_notebooks/images/MVI_0005/scene_00000300.jpg", "body_bbox_list": [[377, 125, 192, 441]], "hand_bbox_list": [{"left_hand": [430.64501953125, 167.95042419433594, 44.995208740234375, 40.330230712890625], "right_hand": [337.1222839355469, 165.99365234375, 47.761199951171875, 39.7568359375]}]}