{"image_path": "/daintlab/home/rilab/github/frankmocap_notebooks/images/MVI_0005/scene_00000076.jpg", "body_bbox_list": [[392, 131, 177, 434]], "hand_bbox_list": [{"left_hand": [456.00421142578125, 315.4504699707031, 41.41339111328125, 47.67254638671875], "right_hand": [366.6077880859375, 304.2876892089844, 28.557220458984375, 46.463287353515625]}]}