{"image_path": "/daintlab/home/rilab/github/frankmocap_notebooks/images/MVI_0005/scene_00000251.jpg", "body_bbox_list": [[460, 62, 111, 507]], "hand_bbox_list": [{"left_hand": [549.1493530273438, 9.04399585723877, 22.13702392578125, 52.46570587158203], "right_hand": [461.1580810546875, 24.29907989501953, 26.495758056640625, 51.470184326171875]}]}