{"image_path": "/daintlab/home/rilab/github/frankmocap_notebooks/images/MVI_0005/scene_00000286.jpg", "body_bbox_list": [[392, 115, 177, 451]], "hand_bbox_list": [{"left_hand": null, "right_hand": [364.7676696777344, 83.30221557617188, 43.397918701171875, 50.348388671875]}]}