{"image_path": "/daintlab/home/rilab/github/frankmocap_notebooks/images/MVI_0005/scene_00000020.jpg", "body_bbox_list": [[434, 131, 143, 434]], "hand_bbox_list": [{"left_hand": [539.569580078125, 368.4683837890625, 28.87060546875, 46.3076171875], "right_hand": [437.2208251953125, 355.8315124511719, 18.365478515625, 41.838287353515625]}]}