{"image_path": "/daintlab/home/rilab/github/frankmocap_notebooks/images/MVI_0005/scene_00000529.jpg", "body_bbox_list": [[429, 147, 138, 412]], "hand_bbox_list": [{"left_hand": [529.9159545898438, 379.3744201660156, 37.85699462890625, 53.000518798828125], "right_hand": [427.22747802734375, 365.1083984375, 19.253570556640625, 49.168609619140625]}]}