{"image_path": "/daintlab/home/rilab/github/frankmocap_notebooks/images/MVI_0005/scene_00000361.jpg", "body_bbox_list": [[434, 146, 133, 419]], "hand_bbox_list": [{"left_hand": [512.3405151367188, 369.9001770019531, 35.63262939453125, 50.710479736328125], "right_hand": [432.32489013671875, 361.1891784667969, 22.86627197265625, 47.636871337890625]}]}