{"image_path": "/daintlab/home/rilab/github/frankmocap_notebooks/images/MVI_0005/scene_00000391.jpg", "body_bbox_list": [[418, 335, 155, 221]], "hand_bbox_list": [{"left_hand": [501.8005676269531, 495.6907958984375, 33.934295654296875, 45.83367919921875], "right_hand": [440.8478088378906, 480.7893981933594, 21.02685546875, 48.508514404296875]}]}