{"image_path": "/daintlab/home/rilab/github/frankmocap_notebooks/images/MVI_0005/scene_00000068.jpg", "body_bbox_list": [[403, 131, 165, 434]], "hand_bbox_list": [{"left_hand": [479.3287658691406, 342.6857604980469, 37.530853271484375, 49.25128173828125], "right_hand": [390.9332275390625, 328.9618225097656, 23.4124755859375, 47.369293212890625]}]}