{"image_path": "/daintlab/home/rilab/github/frankmocap_notebooks/images/MVI_0005/scene_00000126.jpg", "body_bbox_list": [[419, 62, 148, 507]], "hand_bbox_list": [{"left_hand": [494.1174011230469, 26.246013641357422, 31.976165771484375, 54.525386810302734], "right_hand": [410.79327392578125, 37.480552673339844, 31.5501708984375, 59.451080322265625]}]}