{"image_path": "/daintlab/home/rilab/github/frankmocap_notebooks/images/MVI_0005/scene_00000099.jpg", "body_bbox_list": [[377, 125, 192, 441]], "hand_bbox_list": [{"left_hand": null, "right_hand": [334.6897888183594, 183.52130126953125, 48.09124755859375, 38.367431640625]}]}