{"image_path": "/daintlab/home/rilab/github/frankmocap_notebooks/images/MVI_0005/scene_00000477.jpg", "body_bbox_list": [[423, 356, 170, 209]], "hand_bbox_list": [{"left_hand": [517.0921020507812, 542.7930297851562, 31.13262939453125, 47.791015625], "right_hand": [447.575927734375, 523.0700073242188, 21.1617431640625, 46.31561279296875]}]}