{"image_path": "/daintlab/home/rilab/github/frankmocap_notebooks/images/MVI_0005/scene_00000352.jpg", "body_bbox_list": [[445, 136, 126, 424]], "hand_bbox_list": [{"left_hand": [534.8591918945312, 365.7232971191406, 26.26007080078125, 49.305145263671875], "right_hand": [435.5618896484375, 352.8087158203125, 25.66290283203125, 46.973358154296875]}]}