{"image_path": "/daintlab/home/rilab/github/frankmocap_notebooks/images/MVI_0005/scene_00000302.jpg", "body_bbox_list": [[377, 125, 192, 441]], "hand_bbox_list": [{"left_hand": null, "right_hand": [336.0171813964844, 179.09107971191406, 48.812042236328125, 38.182891845703125]}]}