{"image_path": "/daintlab/home/rilab/github/frankmocap_notebooks/images/MVI_0005/scene_00000235.jpg", "body_bbox_list": [[471, 62, 99, 507]], "hand_bbox_list": [{"left_hand": [564.9405517578125, 15.647970199584961, 21.95111083984375, 51.006622314453125], "right_hand": [477.5123291015625, 29.06759262084961, 26.245391845703125, 49.38155746459961]}]}