{"image_path": "/daintlab/home/rilab/github/frankmocap_notebooks/images/MVI_0005/scene_00000260.jpg", "body_bbox_list": [[450, 62, 116, 507]], "hand_bbox_list": [{"left_hand": [494.83929443359375, 152.73402404785156, 33.2989501953125, 35.39762878417969], "right_hand": [445.8642578125, 21.800622940063477, 26.4287109375, 51.30126190185547]}]}