{"image_path": "/daintlab/home/rilab/github/frankmocap_notebooks/images/MVI_0005/scene_00000339.jpg", "body_bbox_list": [[444, 131, 133, 429]], "hand_bbox_list": [{"left_hand": [549.2305297851562, 364.8075866699219, 23.30340576171875, 50.52923583984375], "right_hand": [439.39630126953125, 350.32965087890625, 25.72076416015625, 46.7882080078125]}]}