{"image_path": "/daintlab/home/rilab/github/frankmocap_notebooks/images/MVI_0005/scene_00000333.jpg", "body_bbox_list": [[450, 131, 126, 429]], "hand_bbox_list": [{"left_hand": [548.6409912109375, 364.89056396484375, 23.0213623046875, 50.1051025390625], "right_hand": [439.91619873046875, 352.183349609375, 26.2891845703125, 46.4107666015625]}]}