{"image_path": "/daintlab/home/rilab/github/frankmocap_notebooks/images/MVI_0005/scene_00000518.jpg", "body_bbox_list": [[424, 257, 148, 302]], "hand_bbox_list": [{"left_hand": [515.5916137695312, 455.1047668457031, 35.690673828125, 52.228546142578125], "right_hand": [434.8160705566406, 436.3092956542969, 22.026214599609375, 48.592742919921875]}]}