{"image_path": "/daintlab/home/rilab/github/frankmocap_notebooks/images/MVI_0005/scene_00000376.jpg", "body_bbox_list": [[429, 220, 143, 341]], "hand_bbox_list": [{"left_hand": [493.9134521484375, 420.3627014160156, 36.72381591796875, 48.150482177734375], "right_hand": [438.64337158203125, 406.50689697265625, 19.2161865234375, 46.274444580078125]}]}