{"image_path": "/daintlab/home/rilab/github/frankmocap_notebooks/images/MVI_0005/scene_00000029.jpg", "body_bbox_list": [[439, 131, 138, 434]], "hand_bbox_list": [{"left_hand": [539.1231689453125, 371.2850341796875, 29.29180908203125, 46.705078125], "right_hand": [437.95599365234375, 355.478271484375, 18.904388427734375, 42.75439453125]}]}