{"image_path": "/daintlab/home/rilab/github/frankmocap_notebooks/images/MVI_0005/scene_00000283.jpg", "body_bbox_list": [[398, 104, 170, 463]], "hand_bbox_list": [{"left_hand": null, "right_hand": [373.4422912597656, 67.9228744506836, 40.5562744140625, 52.75575256347656]}]}