{"image_path": "/daintlab/home/rilab/github/frankmocap_notebooks/images/MVI_0005/scene_00000110.jpg", "body_bbox_list": [[382, 120, 187, 446]], "hand_bbox_list": [{"left_hand": [435.2515563964844, 99.6898422241211, 44.298065185546875, 47.11400604248047], "right_hand": [354.1098937988281, 108.35829162597656, 44.162506103515625, 45.337249755859375]}]}