{"image_path": "/daintlab/home/rilab/github/frankmocap_notebooks/images/MVI_0005/scene_00000425.jpg", "body_bbox_list": [[418, 351, 170, 209]], "hand_bbox_list": [{"left_hand": [445.9179992675781, 521.7110595703125, 21.565765380859375, 46.9444580078125], "right_hand": [445.9179992675781, 521.7110595703125, 21.565765380859375, 46.9444580078125]}]}