{"image_path": "/daintlab/home/rilab/github/frankmocap_notebooks/images/MVI_0005/scene_00000142.jpg", "body_bbox_list": [[455, 57, 111, 507]], "hand_bbox_list": [{"left_hand": [546.1041870117188, 8.304555892944336, 20.8243408203125, 54.16761779785156], "right_hand": [457.33154296875, 19.287294387817383, 27.317718505859375, 50.51392364501953]}]}