{"image_path": "/daintlab/home/rilab/github/frankmocap_notebooks/images/MVI_0005/scene_00000557.jpg", "body_bbox_list": [[444, 131, 133, 429]], "hand_bbox_list": [{"left_hand": [543.146240234375, 365.6275939941406, 35.16839599609375, 50.946807861328125], "right_hand": [443.0137023925781, 356.27374267578125, 18.585968017578125, 46.446136474609375]}]}