{"image_path": "/daintlab/home/rilab/github/frankmocap_notebooks/images/MVI_0005/scene_00000584.jpg", "body_bbox_list": [[439, 131, 133, 429]], "hand_bbox_list": [{"left_hand": [534.7307739257812, 368.2662048339844, 31.0745849609375, 40.105987548828125], "right_hand": [433.2197265625, 353.9889221191406, 22.0706787109375, 44.23419189453125]}]}