{"image_path": "/daintlab/home/rilab/github/frankmocap_notebooks/images/MVI_0005/scene_00000236.jpg", "body_bbox_list": [[471, 62, 99, 507]], "hand_bbox_list": [{"left_hand": [564.8448486328125, 15.640695571899414, 22.217529296875, 50.64093017578125], "right_hand": [477.122314453125, 28.808887481689453, 26.388275146484375, 49.52488327026367]}]}