{"image_path": "/daintlab/home/rilab/github/frankmocap_notebooks/images/MVI_0005/scene_00000445.jpg", "body_bbox_list": [[423, 356, 165, 209]], "hand_bbox_list": [{"left_hand": [516.5365600585938, 542.0678100585938, 31.7845458984375, 48.1240234375], "right_hand": [446.8884582519531, 522.374267578125, 21.733306884765625, 46.484375]}]}