{"image_path": "/daintlab/home/rilab/github/frankmocap_notebooks/images/MVI_0005/scene_00000196.jpg", "body_bbox_list": [[471, 62, 99, 507]], "hand_bbox_list": [{"left_hand": [564.749755859375, 15.858168601989746, 21.99664306640625, 51.531761169433594], "right_hand": [479.0761413574219, 28.72392463684082, 26.1773681640625, 49.144775390625]}]}