{"image_path": "/daintlab/home/rilab/github/frankmocap_notebooks/images/MVI_0005/scene_00000443.jpg", "body_bbox_list": [[423, 356, 165, 209]], "hand_bbox_list": [{"left_hand": [516.523193359375, 542.352783203125, 31.6322021484375, 47.9337158203125], "right_hand": [447.1951904296875, 522.475830078125, 21.276611328125, 46.439697265625]}]}