{"image_path": "/daintlab/home/rilab/github/frankmocap_notebooks/images/MVI_0005/scene_00000562.jpg", "body_bbox_list": [[444, 131, 133, 429]], "hand_bbox_list": [{"left_hand": [537.8248291015625, 366.4975280761719, 35.9180908203125, 47.41265869140625], "right_hand": [437.2594299316406, 353.00067138671875, 20.73931884765625, 45.925811767578125]}]}