{"image_path": "/daintlab/home/rilab/github/frankmocap_notebooks/images/MVI_0005/scene_00000328.jpg", "body_bbox_list": [[439, 131, 133, 429]], "hand_bbox_list": [{"left_hand": [536.4459228515625, 361.41082763671875, 24.91912841796875, 51.749755859375], "right_hand": [424.98590087890625, 349.40289306640625, 26.6683349609375, 45.765167236328125]}]}