{"image_path": "/daintlab/home/rilab/github/frankmocap_notebooks/images/MVI_0005/scene_00000174.jpg", "body_bbox_list": [[471, 62, 99, 507]], "hand_bbox_list": [{"left_hand": [565.9645385742188, 18.185222625732422, 22.12884521484375, 49.604801177978516], "right_hand": [486.88787841796875, 27.78938102722168, 27.20684814453125, 50.143104553222656]}]}