{"image_path": "/daintlab/home/rilab/github/frankmocap_notebooks/images/MVI_0005/scene_00000481.jpg", "body_bbox_list": [[417, 356, 177, 209]], "hand_bbox_list": [{"left_hand": [447.5301818847656, 522.9749755859375, 21.11077880859375, 46.54425048828125], "right_hand": [447.5301818847656, 522.9749755859375, 21.11077880859375, 46.54425048828125]}]}