{"image_path": "/daintlab/home/rilab/github/frankmocap_notebooks/images/MVI_0005/scene_00000610.jpg", "body_bbox_list": [[439, 131, 133, 429]], "hand_bbox_list": [{"left_hand": [537.5838623046875, 367.39190673828125, 30.4725341796875, 40.714111328125], "right_hand": [435.3198547363281, 352.7196960449219, 21.443572998046875, 44.452484130859375]}]}