{"image_path": "/daintlab/home/rilab/github/frankmocap_notebooks/images/MVI_0005/scene_00000145.jpg", "body_bbox_list": [[460, 62, 111, 507]], "hand_bbox_list": [{"left_hand": [555.3246459960938, 9.251852989196777, 20.6875, 54.81028747558594], "right_hand": [463.0452880859375, 22.328369140625, 27.1607666015625, 49.874488830566406]}]}