{"image_path": "/daintlab/home/rilab/github/frankmocap_notebooks/images/MVI_0005/scene_00000322.jpg", "body_bbox_list": [[413, 131, 155, 434]], "hand_bbox_list": [{"left_hand": [500.4114685058594, 339.912841796875, 38.369659423828125, 52.92633056640625], "right_hand": [393.13568115234375, 329.0165100097656, 35.685150146484375, 48.6844482421875]}]}