{"image_path": "/daintlab/home/rilab/github/frankmocap_notebooks/images/MVI_0005/scene_00000279.jpg", "body_bbox_list": [[413, 73, 155, 495]], "hand_bbox_list": [{"left_hand": [478.9022521972656, 42.18492126464844, 35.662322998046875, 61.104225158691406], "right_hand": [386.638671875, 53.538665771484375, 38.443206787109375, 53.235595703125]}]}