{"image_path": "/daintlab/home/rilab/github/frankmocap_notebooks/images/MVI_0005/scene_00000207.jpg", "body_bbox_list": [[471, 68, 99, 500]], "hand_bbox_list": [{"left_hand": [565.5492553710938, 16.143016815185547, 21.79351806640625, 50.16690444946289], "right_hand": [481.277587890625, 29.967937469482422, 26.619873046875, 49.752628326416016]}]}