{"image_path": "/daintlab/home/rilab/github/frankmocap_notebooks/images/MVI_0005/scene_00000238.jpg", "body_bbox_list": [[466, 62, 104, 507]], "hand_bbox_list": [{"left_hand": [564.41748046875, 15.576762199401855, 22.24072265625, 51.5289192199707], "right_hand": [476.9819641113281, 28.80680274963379, 26.356292724609375, 49.385841369628906]}]}