{"image_path": "/daintlab/home/rilab/github/frankmocap_notebooks/images/MVI_0005/scene_00000037.jpg", "body_bbox_list": [[439, 131, 138, 434]], "hand_bbox_list": [{"left_hand": [534.6920166015625, 368.886962890625, 34.06787109375, 48.415435791015625], "right_hand": [438.15545654296875, 355.90570068359375, 18.683990478515625, 42.608245849609375]}]}