{"image_path": "/daintlab/home/rilab/github/frankmocap_notebooks/images/MVI_0005/scene_00000486.jpg", "body_bbox_list": [[423, 356, 170, 204]], "hand_bbox_list": [{"left_hand": [446.681640625, 521.2520751953125, 22.071502685546875, 47.16015625], "right_hand": [446.681640625, 521.2520751953125, 22.071502685546875, 47.16015625]}]}