{"image_path": "/daintlab/home/rilab/github/frankmocap_notebooks/images/MVI_0005/scene_00000085.jpg", "body_bbox_list": [[377, 131, 192, 434]], "hand_bbox_list": [{"left_hand": [429.32830810546875, 270.6595764160156, 45.28125, 41.393402099609375], "right_hand": [343.2970886230469, 263.0667419433594, 39.983489990234375, 40.959075927734375]}]}