{"image_path": "/daintlab/home/rilab/github/frankmocap_notebooks/images/MVI_0005/scene_00000290.jpg", "body_bbox_list": [[382, 125, 187, 441]], "hand_bbox_list": [{"left_hand": [448.9068298339844, 101.31803131103516, 41.88763427734375, 49.659690856933594], "right_hand": [353.8651428222656, 105.92945861816406, 44.738494873046875, 45.67170715332031]}]}