{"image_path": "/daintlab/home/rilab/github/frankmocap_notebooks/images/MVI_0005/scene_00000152.jpg", "body_bbox_list": [[471, 62, 94, 507]], "hand_bbox_list": [{"left_hand": [558.8859252929688, 13.250019073486328, 21.30975341796875, 49.55006408691406], "right_hand": [480.8004150390625, 20.408023834228516, 31.47991943359375, 56.27713394165039]}]}