{"image_path": "/daintlab/home/rilab/github/frankmocap_notebooks/images/MVI_0005/scene_00000522.jpg", "body_bbox_list": [[434, 204, 138, 353]], "hand_bbox_list": [{"left_hand": [520.1890869140625, 417.3094787597656, 35.615478515625, 59.354522705078125], "right_hand": [433.1636657714844, 404.9510498046875, 21.48052978515625, 49.935150146484375]}]}