{"image_path": "/daintlab/home/rilab/github/frankmocap_notebooks/images/MVI_0005/scene_00000611.jpg", "body_bbox_list": [[439, 131, 133, 429]], "hand_bbox_list": [{"left_hand": [538.09912109375, 367.51226806640625, 30.27716064453125, 40.493682861328125], "right_hand": [435.9867858886719, 352.622314453125, 21.117767333984375, 44.578857421875]}]}