{"image_path": "/daintlab/home/rilab/github/frankmocap_notebooks/images/MVI_0005/scene_00000033.jpg", "body_bbox_list": [[439, 131, 138, 434]], "hand_bbox_list": [{"left_hand": [538.0087280273438, 370.0018615722656, 29.76458740234375, 46.064483642578125], "right_hand": [438.015380859375, 355.64910888671875, 19.084228515625, 42.89727783203125]}]}