{"image_path": "/daintlab/home/rilab/github/frankmocap_notebooks/images/MVI_0005/scene_00000190.jpg", "body_bbox_list": [[471, 62, 99, 507]], "hand_bbox_list": [{"left_hand": null, "right_hand": [479.2833557128906, 28.182310104370117, 26.593292236328125, 49.706390380859375]}]}