{"image_path": "/daintlab/home/rilab/github/frankmocap_notebooks/images/MVI_0005/scene_00000317.jpg", "body_bbox_list": [[398, 131, 170, 434]], "hand_bbox_list": [{"left_hand": [468.9390869140625, 311.5015563964844, 41.29608154296875, 45.431884765625], "right_hand": [368.9720153808594, 303.0836486816406, 41.185302734375, 47.51434326171875]}]}