{"image_path": "/daintlab/home/rilab/github/frankmocap_notebooks/images/MVI_0005/scene_00000383.jpg", "body_bbox_list": [[418, 272, 155, 287]], "hand_bbox_list": [{"left_hand": [495.3499755859375, 455.29052734375, 34.5565185546875, 46.991180419921875], "right_hand": [439.76519775390625, 439.4332580566406, 21.758087158203125, 46.142303466796875]}]}