{"image_path": "/daintlab/home/rilab/github/frankmocap_notebooks/images/MVI_0005/scene_00000287.jpg", "body_bbox_list": [[392, 115, 177, 451]], "hand_bbox_list": [{"left_hand": [457.2210388183594, 77.55400848388672, 40.677764892578125, 54.64604949951172], "right_hand": [362.0230712890625, 87.61756896972656, 42.327301025390625, 49.06658935546875]}]}