{"image_path": "/daintlab/home/rilab/github/frankmocap_notebooks/images/MVI_0005/scene_00000043.jpg", "body_bbox_list": [[439, 131, 133, 429]], "hand_bbox_list": [{"left_hand": [538.2479858398438, 370.2342529296875, 28.6239013671875, 47.9810791015625], "right_hand": [437.09527587890625, 356.0130615234375, 18.933868408203125, 42.80511474609375]}]}