{"image_path": "/daintlab/home/rilab/github/frankmocap_notebooks/images/MVI_0005/scene_00000444.jpg", "body_bbox_list": [[423, 356, 165, 209]], "hand_bbox_list": [{"left_hand": [516.57666015625, 542.5596313476562, 31.50347900390625, 47.8115234375], "right_hand": [446.93408203125, 522.4031982421875, 21.6322021484375, 46.71136474609375]}]}