{"image_path": "/daintlab/home/rilab/github/frankmocap_notebooks/images/MVI_0005/scene_00000069.jpg", "body_bbox_list": [[398, 131, 170, 434]], "hand_bbox_list": [{"left_hand": [475.69451904296875, 339.1920166015625, 38.585693359375, 48.85546875], "right_hand": [386.88714599609375, 325.21734619140625, 25.302490234375, 47.044342041015625]}]}