{"image_path": "/daintlab/home/rilab/github/frankmocap_notebooks/images/MVI_0005/scene_00000129.jpg", "body_bbox_list": [[434, 73, 133, 495]], "hand_bbox_list": [{"left_hand": [504.45465087890625, 19.47539710998535, 27.81976318359375, 50.606101989746094], "right_hand": [421.6437683105469, 30.632049560546875, 30.8336181640625, 58.42718505859375]}]}