{"image_path": "/daintlab/home/rilab/github/frankmocap_notebooks/images/MVI_0005/scene_00000390.jpg", "body_bbox_list": [[418, 325, 155, 231]], "hand_bbox_list": [{"left_hand": [501.1658935546875, 490.3782958984375, 33.450439453125, 45.4320068359375], "right_hand": [439.3446350097656, 476.8985900878906, 21.952911376953125, 48.767486572265625]}]}