{"image_path": "/daintlab/home/rilab/github/frankmocap_notebooks/images/MVI_0005/scene_00000188.jpg", "body_bbox_list": [[471, 62, 99, 507]], "hand_bbox_list": [{"left_hand": [564.2615966796875, 15.714030265808105, 22.01904296875, 51.17030715942383], "right_hand": [479.3235168457031, 28.48381233215332, 26.568023681640625, 49.597877502441406]}]}