{"image_path": "/daintlab/home/rilab/github/frankmocap_notebooks/images/MVI_0005/scene_00000158.jpg", "body_bbox_list": [[471, 62, 94, 507]], "hand_bbox_list": [{"left_hand": [559.541259765625, 15.299358367919922, 22.32879638671875, 50.09788131713867], "right_hand": [483.19024658203125, 25.902284622192383, 27.106231689453125, 50.15290832519531]}]}