{"image_path": "/daintlab/home/rilab/github/frankmocap_notebooks/images/MVI_0005/scene_00000282.jpg", "body_bbox_list": [[403, 73, 165, 495]], "hand_bbox_list": [{"left_hand": [470.8522033691406, 50.75175476074219, 37.43548583984375, 64.02005004882812], "right_hand": [377.5379333496094, 64.16883850097656, 38.8160400390625, 52.341453552246094]}]}