{"image_path": "/daintlab/home/rilab/github/frankmocap_notebooks/images/MVI_0005/scene_00000210.jpg", "body_bbox_list": [[471, 62, 99, 507]], "hand_bbox_list": [{"left_hand": [483.8330078125, 29.227216720581055, 26.61846923828125, 49.333274841308594], "right_hand": [483.8330078125, 29.227216720581055, 26.61846923828125, 49.333274841308594]}]}