{"image_path": "/daintlab/home/rilab/github/frankmocap_notebooks/images/MVI_0005/scene_00000404.jpg", "body_bbox_list": [[483, 367, 55, 182], [418, 351, 170, 214]], "hand_bbox_list": [{"left_hand": null, "right_hand": null}, {"left_hand": [516.5370483398438, 536.6848754882812, 31.87646484375, 39.00775146484375], "right_hand": [445.90057373046875, 516.1427612304688, 20.158843994140625, 43.24591064453125]}]}