{"image_path": "/daintlab/home/rilab/github/frankmocap_notebooks/images/MVI_0005/scene_00000084.jpg", "body_bbox_list": [[377, 131, 192, 434]], "hand_bbox_list": [{"left_hand": [431.2061462402344, 274.95794677734375, 43.7080078125, 41.717559814453125], "right_hand": [344.3524475097656, 268.15338134765625, 40.32415771484375, 41.465423583984375]}]}