{"image_path": "/daintlab/home/rilab/github/frankmocap_notebooks/images/MVI_0005/scene_00000491.jpg", "body_bbox_list": [[423, 356, 165, 204]], "hand_bbox_list": [{"left_hand": [447.42193603515625, 523.1807250976562, 21.49542236328125, 46.396484375], "right_hand": [447.42193603515625, 523.1807250976562, 21.49542236328125, 46.396484375]}]}