{"image_path": "/daintlab/home/rilab/github/frankmocap_notebooks/images/MVI_0005/scene_00000499.jpg", "body_bbox_list": [[418, 356, 170, 204]], "hand_bbox_list": [{"left_hand": [445.27447509765625, 516.3137817382812, 21.82952880859375, 44.08941650390625], "right_hand": [445.27447509765625, 516.3137817382812, 21.82952880859375, 44.08941650390625]}]}