{"image_path": "/daintlab/home/rilab/github/frankmocap_notebooks/images/MVI_0005/scene_00000346.jpg", "body_bbox_list": [[444, 131, 133, 429]], "hand_bbox_list": [{"left_hand": [542.3316650390625, 362.2548522949219, 28.11419677734375, 54.245086669921875], "right_hand": [435.1091003417969, 352.1671142578125, 26.58367919921875, 46.613311767578125]}]}