{"image_path": "/daintlab/home/rilab/github/frankmocap_notebooks/images/MVI_0005/scene_00000225.jpg", "body_bbox_list": [[469, 62, 133, 507]], "hand_bbox_list": [{"left_hand": null, "right_hand": [479.47259521484375, 28.443994522094727, 26.474273681640625, 49.676109313964844]}]}