{"image_path": "/daintlab/home/rilab/github/frankmocap_notebooks/images/MVI_0005/scene_00000572.jpg", "body_bbox_list": [[439, 131, 133, 429]], "hand_bbox_list": [{"left_hand": [537.6878662109375, 367.0523986816406, 30.64581298828125, 40.059295654296875], "right_hand": [434.0620422363281, 351.0461120605469, 21.52130126953125, 45.006103515625]}]}