{"image_path": "/daintlab/home/rilab/github/frankmocap_notebooks/images/MVI_0005/scene_00000409.jpg", "body_bbox_list": [[423, 361, 170, 204]], "hand_bbox_list": [{"left_hand": [516.8356323242188, 542.550537109375, 31.2449951171875, 47.680419921875], "right_hand": [445.8642578125, 521.099365234375, 20.16021728515625, 48.1051025390625]}]}