{"image_path": "/daintlab/home/rilab/github/frankmocap_notebooks/images/MVI_0005/scene_00000424.jpg", "body_bbox_list": [[418, 351, 170, 209]], "hand_bbox_list": [{"left_hand": [445.96820068359375, 521.7109375, 21.609405517578125, 47.23760986328125], "right_hand": [445.96820068359375, 521.7109375, 21.609405517578125, 47.23760986328125]}]}