{"image_path": "/daintlab/home/rilab/github/frankmocap_notebooks/images/MVI_0005/scene_00000372.jpg", "body_bbox_list": [[434, 194, 138, 368]], "hand_bbox_list": [{"left_hand": [498.88995361328125, 405.7819519042969, 31.70343017578125, 47.0384521484375], "right_hand": [435.7624816894531, 392.54437255859375, 19.18994140625, 47.326202392578125]}]}