{"image_path": "/daintlab/home/rilab/github/frankmocap_notebooks/images/MVI_0005/scene_00000247.jpg", "body_bbox_list": [[460, 62, 116, 507]], "hand_bbox_list": [{"left_hand": null, "right_hand": [466.28070068359375, 25.597890853881836, 26.299652099609375, 51.18965148925781]}]}