{"image_path": "/daintlab/home/rilab/github/frankmocap_notebooks/images/MVI_0005/scene_00000609.jpg", "body_bbox_list": [[439, 131, 133, 429]], "hand_bbox_list": [{"left_hand": [537.2518920898438, 369.59881591796875, 30.88043212890625, 40.18536376953125], "right_hand": [435.23712158203125, 353.89727783203125, 21.251556396484375, 43.97723388671875]}]}