{"image_path": "/daintlab/home/rilab/github/frankmocap_notebooks/images/MVI_0005/scene_00000598.jpg", "body_bbox_list": [[439, 131, 133, 434]], "hand_bbox_list": [{"left_hand": [535.530029296875, 368.0831298828125, 30.73382568359375, 40.242645263671875], "right_hand": [435.36480712890625, 353.8612365722656, 21.227081298828125, 44.06768798828125]}]}