{"image_path": "/daintlab/home/rilab/github/frankmocap_notebooks/images/MVI_0005/scene_00000603.jpg", "body_bbox_list": [[439, 131, 133, 434]], "hand_bbox_list": [{"left_hand": [537.75048828125, 367.7921142578125, 30.44256591796875, 40.0478515625], "right_hand": [435.68017578125, 352.5473327636719, 21.323974609375, 44.66357421875]}]}