{"image_path": "/daintlab/home/rilab/github/frankmocap_notebooks/images/MVI_0005/scene_00000601.jpg", "body_bbox_list": [[439, 131, 133, 434]], "hand_bbox_list": [{"left_hand": [537.3992309570312, 367.78753662109375, 30.6053466796875, 40.250091552734375], "right_hand": [435.5383605957031, 352.9228515625, 21.357452392578125, 44.5433349609375]}]}