{"image_path": "/daintlab/home/rilab/github/frankmocap_notebooks/images/MVI_0005/scene_00000216.jpg", "body_bbox_list": [[471, 62, 99, 507]], "hand_bbox_list": [{"left_hand": [565.666259765625, 15.44346809387207, 21.9737548828125, 50.753814697265625], "right_hand": [481.301025390625, 28.07257652282715, 26.43902587890625, 49.608360290527344]}]}