{"image_path": "/daintlab/home/rilab/github/frankmocap_notebooks/images/MVI_0005/scene_00000161.jpg", "body_bbox_list": [[476, 62, 89, 507]], "hand_bbox_list": [{"left_hand": [559.3955078125, 14.88592529296875, 21.64068603515625, 50.212440490722656], "right_hand": [484.3532409667969, 26.57755470275879, 26.946075439453125, 49.618682861328125]}]}