{"image_path": "/daintlab/home/rilab/github/frankmocap_notebooks/images/MVI_0005/scene_00000288.jpg", "body_bbox_list": [[387, 115, 182, 451]], "hand_bbox_list": [{"left_hand": [455.14013671875, 87.77012634277344, 39.08111572265625, 48.73960876464844], "right_hand": [360.0544738769531, 93.50199890136719, 42.6256103515625, 48.21430969238281]}]}