{"image_path": "/daintlab/home/rilab/github/frankmocap_notebooks/images/MVI_0005/scene_00000448.jpg", "body_bbox_list": [[423, 351, 170, 209]], "hand_bbox_list": [{"left_hand": [516.5717163085938, 542.5670776367188, 31.90753173828125, 47.5634765625], "right_hand": [447.046875, 522.1802368164062, 21.491912841796875, 47.06097412109375]}]}