{"image_path": "/daintlab/home/rilab/github/frankmocap_notebooks/images/MVI_0005/scene_00000253.jpg", "body_bbox_list": [[455, 62, 116, 507]], "hand_bbox_list": [{"left_hand": null, "right_hand": [457.8763427734375, 23.115921020507812, 25.91351318359375, 52.486351013183594]}]}