{"image_path": "/daintlab/home/rilab/github/frankmocap_notebooks/images/MVI_0005/scene_00000159.jpg", "body_bbox_list": [[471, 62, 94, 507]], "hand_bbox_list": [{"left_hand": [559.7006225585938, 14.862476348876953, 21.54071044921875, 49.31096267700195], "right_hand": [482.9615173339844, 26.33513641357422, 27.195831298828125, 49.90544128417969]}]}