{"image_path": "/daintlab/home/rilab/github/frankmocap_notebooks/images/MVI_0005/scene_00000178.jpg", "body_bbox_list": [[471, 62, 99, 507]], "hand_bbox_list": [{"left_hand": [485.2607727050781, 28.23265266418457, 26.55230712890625, 49.67845153808594], "right_hand": [485.2607727050781, 28.23265266418457, 26.55230712890625, 49.67845153808594]}]}