{"image_path": "/daintlab/home/rilab/github/frankmocap_notebooks/images/MVI_0005/scene_00000462.jpg", "body_bbox_list": [[423, 361, 165, 204]], "hand_bbox_list": [{"left_hand": [446.5602722167969, 521.0935668945312, 21.482635498046875, 45.17742919921875], "right_hand": [446.5602722167969, 521.0935668945312, 21.482635498046875, 45.17742919921875]}]}