{"image_path": "/daintlab/home/rilab/github/frankmocap_notebooks/images/MVI_0005/scene_00000426.jpg", "body_bbox_list": [[418, 351, 170, 209]], "hand_bbox_list": [{"left_hand": [445.91180419921875, 521.73486328125, 21.58233642578125, 47.1051025390625], "right_hand": [445.91180419921875, 521.73486328125, 21.58233642578125, 47.1051025390625]}]}