{"image_path": "/daintlab/home/rilab/github/frankmocap_notebooks/images/MVI_0005/scene_00000504.jpg", "body_bbox_list": [[423, 351, 160, 209]], "hand_bbox_list": [{"left_hand": [516.3651733398438, 524.7138061523438, 35.2578125, 50.883056640625], "right_hand": [444.7205810546875, 506.301513671875, 22.75909423828125, 44.93743896484375]}]}