{"image_path": "/daintlab/home/rilab/github/frankmocap_notebooks/images/MVI_0005/scene_00000170.jpg", "body_bbox_list": [[471, 62, 99, 507]], "hand_bbox_list": [{"left_hand": null, "right_hand": [485.14691162109375, 27.534664154052734, 27.05224609375, 48.84602737426758]}]}