{"image_path": "/daintlab/home/rilab/github/frankmocap_notebooks/images/MVI_0005/scene_00000009.jpg", "body_bbox_list": [[439, 131, 138, 429]], "hand_bbox_list": [{"left_hand": [537.0569458007812, 369.73065185546875, 32.92132568359375, 47.16632080078125], "right_hand": [438.0436706542969, 356.15216064453125, 19.540496826171875, 41.8203125]}]}