{"image_path": "/daintlab/home/rilab/github/frankmocap_notebooks/images/MVI_0005/scene_00000278.jpg", "body_bbox_list": [[413, 62, 155, 507]], "hand_bbox_list": [{"left_hand": [481.09649658203125, 38.99477005004883, 34.259033203125, 58.885433197021484], "right_hand": [389.7822265625, 50.689640045166016, 37.112548828125, 51.71286392211914]}]}