{"image_path": "/daintlab/home/rilab/github/frankmocap_notebooks/images/MVI_0005/scene_00000065.jpg", "body_bbox_list": [[408, 131, 160, 434]], "hand_bbox_list": [{"left_hand": [486.31689453125, 348.6106262207031, 37.8668212890625, 51.14691162109375], "right_hand": [398.7568359375, 336.2381286621094, 23.208221435546875, 46.34307861328125]}]}