{"image_path": "/daintlab/home/rilab/github/frankmocap_notebooks/images/MVI_0005/scene_00000234.jpg", "body_bbox_list": [[471, 62, 99, 507]], "hand_bbox_list": [{"left_hand": [564.9721069335938, 15.602404594421387, 22.0355224609375, 50.915592193603516], "right_hand": [478.27423095703125, 28.927730560302734, 25.9962158203125, 49.500667572021484]}]}