{"image_path": "/daintlab/home/rilab/github/frankmocap_notebooks/images/MVI_0005/scene_00000102.jpg", "body_bbox_list": [[371, 125, 199, 441]], "hand_bbox_list": [{"left_hand": [424.1760559082031, 158.4433135986328, 47.1512451171875, 40.20098876953125], "right_hand": [335.1460876464844, 165.43344116210938, 48.46466064453125, 39.498931884765625]}]}