{"image_path": "/daintlab/home/rilab/github/frankmocap_notebooks/images/MVI_0005/scene_00000275.jpg", "body_bbox_list": [[419, 73, 148, 495]], "hand_bbox_list": [{"left_hand": [489.6985168457031, 32.58263397216797, 29.443206787109375, 49.79088592529297], "right_hand": [399.48382568359375, 40.792179107666016, 36.38812255859375, 53.11881637573242]}]}