{"image_path": "/daintlab/home/rilab/github/frankmocap_notebooks/images/MVI_0005/scene_00000111.jpg", "body_bbox_list": [[387, 120, 182, 446]], "hand_bbox_list": [{"left_hand": [438.5350646972656, 93.18446350097656, 42.481719970703125, 47.8602294921875], "right_hand": [357.708740234375, 101.70726013183594, 43.451690673828125, 46.82102966308594]}]}