{"image_path": "/daintlab/home/rilab/github/frankmocap_notebooks/images/MVI_0005/scene_00000239.jpg", "body_bbox_list": [[466, 62, 104, 507]], "hand_bbox_list": [{"left_hand": [564.5733032226562, 15.77950668334961, 21.9136962890625, 50.44448471069336], "right_hand": [477.03662109375, 28.881446838378906, 26.29443359375, 49.18993377685547]}]}