{"image_path": "/daintlab/home/rilab/github/frankmocap_notebooks/images/MVI_0005/scene_00000544.jpg", "body_bbox_list": [[444, 131, 133, 434]], "hand_bbox_list": [{"left_hand": [546.15625, 362.1669006347656, 32.32086181640625, 55.335174560546875], "right_hand": [441.6890563964844, 351.09197998046875, 15.83245849609375, 49.880157470703125]}]}