{"image_path": "/daintlab/home/rilab/github/frankmocap_notebooks/images/MVI_0005/scene_00000089.jpg", "body_bbox_list": [[377, 131, 192, 434]], "hand_bbox_list": [{"left_hand": [423.4049072265625, 245.03326416015625, 45.63214111328125, 37.9935302734375], "right_hand": [338.8189392089844, 242.08238220214844, 42.728973388671875, 37.73558044433594]}]}