{"image_path": "/daintlab/home/rilab/github/frankmocap_notebooks/images/MVI_0005/scene_00000354.jpg", "body_bbox_list": [[445, 141, 126, 424]], "hand_bbox_list": [{"left_hand": [530.9998779296875, 365.62567138671875, 27.0284423828125, 48.528472900390625], "right_hand": [435.59954833984375, 353.3011474609375, 24.8074951171875, 48.16644287109375]}]}