{"image_path": "/daintlab/home/rilab/github/frankmocap_notebooks/images/MVI_0005/scene_00000600.jpg", "body_bbox_list": [[439, 131, 133, 434]], "hand_bbox_list": [{"left_hand": [537.2538452148438, 367.8650817871094, 30.68878173828125, 40.1470947265625], "right_hand": [435.18560791015625, 353.7228698730469, 21.388336181640625, 44.015167236328125]}]}