{"image_path": "/daintlab/home/rilab/github/frankmocap_notebooks/images/MVI_0005/scene_00000106.jpg", "body_bbox_list": [[377, 125, 192, 441]], "hand_bbox_list": [{"left_hand": [429.5009460449219, 128.26695251464844, 45.223419189453125, 43.81111145019531], "right_hand": [340.1634826660156, 138.40354919433594, 49.030059814453125, 43.273406982421875]}]}