{"image_path": "/daintlab/home/rilab/github/frankmocap_notebooks/images/MVI_0005/scene_00000555.jpg", "body_bbox_list": [[444, 131, 133, 429]], "hand_bbox_list": [{"left_hand": [547.2217407226562, 366.6223449707031, 28.74249267578125, 48.964141845703125], "right_hand": [442.8034362792969, 356.1029357910156, 18.394256591796875, 46.8194580078125]}]}