{"image_path": "/daintlab/home/rilab/github/frankmocap_notebooks/images/MVI_0005/scene_00000297.jpg", "body_bbox_list": [[377, 125, 192, 441]], "hand_bbox_list": [{"left_hand": [432.41119384765625, 147.33480834960938, 45.097137451171875, 43.85615539550781], "right_hand": [341.2882080078125, 148.53134155273438, 48.25286865234375, 41.12745666503906]}]}