{"image_path": "/daintlab/home/rilab/github/frankmocap_notebooks/images/MVI_0005/scene_00000580.jpg", "body_bbox_list": [[439, 131, 133, 434]], "hand_bbox_list": [{"left_hand": [534.639892578125, 367.39630126953125, 31.1885986328125, 39.9100341796875], "right_hand": [432.5282287597656, 353.244384765625, 21.674774169921875, 44.41217041015625]}]}