{"image_path": "/daintlab/home/rilab/github/frankmocap_notebooks/images/MVI_0005/scene_00000172.jpg", "body_bbox_list": [[476, 62, 94, 507]], "hand_bbox_list": [{"left_hand": [565.64111328125, 15.816360473632812, 21.8160400390625, 50.395477294921875], "right_hand": [486.12408447265625, 27.604278564453125, 27.27423095703125, 49.095916748046875]}]}