{"image_path": "/daintlab/home/rilab/github/frankmocap_notebooks/images/MVI_0005/scene_00000429.jpg", "body_bbox_list": [[418, 351, 170, 204]], "hand_bbox_list": [{"left_hand": [445.9161071777344, 521.3070068359375, 21.5595703125, 47.53167724609375], "right_hand": [445.9161071777344, 521.3070068359375, 21.5595703125, 47.53167724609375]}]}