{"image_path": "/daintlab/home/rilab/github/frankmocap_notebooks/images/MVI_0005/scene_00000308.jpg", "body_bbox_list": [[377, 131, 192, 434]], "hand_bbox_list": [{"left_hand": [436.1946105957031, 239.10311889648438, 42.740875244140625, 34.500885009765625], "right_hand": [337.30670166015625, 236.25819396972656, 48.12371826171875, 37.80030822753906]}]}