{"image_path": "/daintlab/home/rilab/github/frankmocap_notebooks/images/MVI_0005/scene_00000146.jpg", "body_bbox_list": [[460, 62, 111, 507]], "hand_bbox_list": [{"left_hand": [557.1918334960938, 11.179605484008789, 20.5146484375, 55.04243469238281], "right_hand": [464.0384826660156, 22.55848503112793, 27.139984130859375, 49.891197204589844]}]}