{"image_path": "/daintlab/home/rilab/github/frankmocap_notebooks/images/MVI_0005/scene_00000119.jpg", "body_bbox_list": [[408, 73, 160, 495]], "hand_bbox_list": [{"left_hand": [470.6238098144531, 46.88535690307617, 37.38812255859375, 60.66946792602539], "right_hand": [382.8649597167969, 62.04248809814453, 39.288421630859375, 50.28327941894531]}]}