{"image_path": "/daintlab/home/rilab/github/frankmocap_notebooks/images/MVI_0005/scene_00000388.jpg", "body_bbox_list": [[413, 314, 160, 243]], "hand_bbox_list": [{"left_hand": [503.1004638671875, 484.3560791015625, 28.47015380859375, 44.32623291015625], "right_hand": [438.5621337890625, 466.10638427734375, 22.22686767578125, 48.279052734375]}]}