{"image_path": "/daintlab/home/rilab/github/frankmocap_notebooks/images/MVI_0005/scene_00000355.jpg", "body_bbox_list": [[445, 146, 126, 419]], "hand_bbox_list": [{"left_hand": [527.930908203125, 365.93841552734375, 27.6654052734375, 50.2015380859375], "right_hand": [435.31768798828125, 353.5299377441406, 24.590606689453125, 48.08489990234375]}]}