{"image_path": "/daintlab/home/rilab/github/frankmocap_notebooks/images/MVI_0005/scene_00000055.jpg", "body_bbox_list": [[424, 131, 143, 434]], "hand_bbox_list": [{"left_hand": [515.2944946289062, 364.4567565917969, 29.76678466796875, 47.88153076171875], "right_hand": [424.5980224609375, 348.49822998046875, 17.87042236328125, 46.860504150390625]}]}