{"image_path": "/daintlab/home/rilab/github/frankmocap_notebooks/images/MVI_0005/scene_00000396.jpg", "body_bbox_list": [[423, 346, 155, 209]], "hand_bbox_list": [{"left_hand": [508.0120544433594, 517.828369140625, 31.422149658203125, 42.16552734375], "right_hand": [444.0636291503906, 498.2408447265625, 21.316986083984375, 46.3232421875]}]}