{"image_path": "/daintlab/home/rilab/github/frankmocap_notebooks/images/DoZzdthrzCs/scene_00000155.jpg", "body_bbox_list": [[462, 251, 192, 324]], "hand_bbox_list": [{"left_hand": [556.7601928710938, 308.5294494628906, 30.600341796875, 27.216064453125], "right_hand": [531.855712890625, 306.0508728027344, 39.52783203125, 20.39373779296875]}]}