{"image_path": "/daintlab/home/rilab/github/frankmocap_notebooks/images/DoZzdthrzCs/scene_00000344.jpg", "body_bbox_list": [[467, 219, 187, 353]], "hand_bbox_list": [{"left_hand": [558.9054565429688, 274.8062744140625, 31.66070556640625, 33.2227783203125], "right_hand": [528.1334838867188, 274.5043029785156, 37.4112548828125, 36.73583984375]}]}