{"image_path": "/daintlab/home/rilab/github/frankmocap_notebooks/images/DoZzdthrzCs/scene_00000026.jpg", "body_bbox_list": [[477, 119, 177, 463]], "hand_bbox_list": [{"left_hand": [609.8125, 352.0212707519531, 34.05804443359375, 41.297943115234375], "right_hand": [471.412353515625, 352.02197265625, 34.74066162109375, 47.703277587890625]}]}