{"image_path": "/daintlab/home/rilab/github/frankmocap_notebooks/images/DoZzdthrzCs/scene_00000267.jpg", "body_bbox_list": [[456, 298, 204, 270]], "hand_bbox_list": [{"left_hand": null, "right_hand": [531.8095092773438, 343.9061584472656, 55.89605712890625, 35.87353515625]}]}