{"image_path": "/daintlab/home/rilab/github/frankmocap_notebooks/images/DoZzdthrzCs/scene_00000396.jpg", "body_bbox_list": [[468, 151, 170, 429]], "hand_bbox_list": [{"left_hand": [555.1296997070312, 207.43789672851562, 32.42608642578125, 34.12083435058594], "right_hand": [523.5712890625, 210.39102172851562, 38.70416259765625, 33.53692626953125]}]}