{"image_path": "/daintlab/home/rilab/github/frankmocap_notebooks/images/DoZzdthrzCs/scene_00000139.jpg", "body_bbox_list": [[462, 235, 192, 341]], "hand_bbox_list": [{"left_hand": [553.6464233398438, 295.613037109375, 31.77825927734375, 25.562164306640625], "right_hand": [525.681396484375, 293.0822448730469, 54.36029052734375, 35.18548583984375]}]}