{"image_path": "/daintlab/home/rilab/github/frankmocap_notebooks/images/DoZzdthrzCs/scene_00000255.jpg", "body_bbox_list": [[451, 309, 214, 258]], "hand_bbox_list": [{"left_hand": [563.552490234375, 352.94805908203125, 27.75750732421875, 26.876983642578125], "right_hand": [529.5980834960938, 356.9661560058594, 38.5521240234375, 31.879791259765625]}]}