{"image_path": "/daintlab/home/rilab/github/frankmocap_notebooks/images/DoZzdthrzCs/scene_00000337.jpg", "body_bbox_list": [[467, 230, 192, 341]], "hand_bbox_list": [{"left_hand": [559.4903564453125, 282.7185363769531, 31.33648681640625, 31.56854248046875], "right_hand": [527.5989379882812, 285.3207702636719, 35.856201171875, 32.76446533203125]}]}