{"image_path": "/daintlab/home/rilab/github/frankmocap_notebooks/images/DoZzdthrzCs/scene_00000296.jpg", "body_bbox_list": [[456, 272, 199, 297]], "hand_bbox_list": [{"left_hand": [556.69677734375, 321.5603332519531, 34.27716064453125, 30.297332763671875], "right_hand": [531.0534057617188, 323.5448913574219, 36.53582763671875, 33.94708251953125]}]}