{"image_path": "/daintlab/home/rilab/github/frankmocap_notebooks/images/DoZzdthrzCs/scene_00000216.jpg", "body_bbox_list": [[456, 293, 204, 275]], "hand_bbox_list": [{"left_hand": [555.7657470703125, 342.1306457519531, 30.16973876953125, 30.038360595703125], "right_hand": [524.275146484375, 341.687744140625, 51.53326416015625, 36.928863525390625]}]}