{"image_path": "/daintlab/home/rilab/github/frankmocap_notebooks/images/DoZzdthrzCs/scene_00000093.jpg", "body_bbox_list": [[467, 193, 177, 385]], "hand_bbox_list": [{"left_hand": [540.397216796875, 253.12660217285156, 38.64862060546875, 31.066146850585938], "right_hand": [518.43408203125, 249.75167846679688, 58.36175537109375, 37.66302490234375]}]}