{"image_path": "/daintlab/home/rilab/github/frankmocap_notebooks/images/DoZzdthrzCs/scene_00000229.jpg", "body_bbox_list": [[456, 303, 204, 265]], "hand_bbox_list": [{"left_hand": null, "right_hand": [527.0260009765625, 348.7541809082031, 40.33538818359375, 33.260162353515625]}]}