{"image_path": "/daintlab/home/rilab/github/frankmocap_notebooks/images/DoZzdthrzCs/scene_00000373.jpg", "body_bbox_list": [[472, 188, 177, 385]], "hand_bbox_list": [{"left_hand": [560.4390869140625, 231.89393615722656, 32.76409912109375, 34.07160949707031], "right_hand": [529.7120971679688, 231.3243865966797, 43.5035400390625, 37.65644836425781]}]}