{"image_path": "/daintlab/home/rilab/github/frankmocap_notebooks/images/DoZzdthrzCs/scene_00000276.jpg", "body_bbox_list": [[456, 293, 204, 275]], "hand_bbox_list": [{"left_hand": [558.24267578125, 337.7561950683594, 33.00762939453125, 30.362030029296875], "right_hand": [529.3099975585938, 342.93707275390625, 31.4044189453125, 30.639312744140625]}]}