{"image_path": "/daintlab/home/rilab/github/frankmocap_notebooks/images/DoZzdthrzCs/scene_00000070.jpg", "body_bbox_list": [[457, 167, 182, 412]], "hand_bbox_list": [{"left_hand": [540.7140502929688, 225.07620239257812, 37.18450927734375, 29.882598876953125], "right_hand": [520.1715087890625, 227.1925811767578, 41.55426025390625, 30.139785766601562]}]}