{"image_path": "/daintlab/home/rilab/github/frankmocap_notebooks/images/DoZzdthrzCs/scene_00000385.jpg", "body_bbox_list": [[462, 172, 182, 402]], "hand_bbox_list": [{"left_hand": [559.4723510742188, 219.66497802734375, 31.834228515625, 34.65208435058594], "right_hand": [527.6283569335938, 220.1975860595703, 35.76751708984375, 36.19010925292969]}]}