{"image_path": "/daintlab/home/rilab/github/frankmocap_notebooks/images/DoZzdthrzCs/scene_00000448.jpg", "body_bbox_list": [[497, 125, 182, 456]], "hand_bbox_list": [{"left_hand": [599.1515502929688, 288.2101745605469, 39.8388671875, 37.688018798828125], "right_hand": [557.4661865234375, 305.0442199707031, 44.85394287109375, 38.635101318359375]}]}