{"image_path": "/daintlab/home/rilab/github/frankmocap_notebooks/images/DoZzdthrzCs/scene_00000331.jpg", "body_bbox_list": [[461, 235, 199, 336]], "hand_bbox_list": [{"left_hand": [561.716796875, 288.0615234375, 30.7799072265625, 33.17510986328125], "right_hand": [527.5538330078125, 292.1405944824219, 35.89752197265625, 32.236968994140625]}]}