{"image_path": "/daintlab/home/rilab/github/frankmocap_notebooks/images/DoZzdthrzCs/scene_00000015.jpg", "body_bbox_list": [[456, 120, 209, 456]], "hand_bbox_list": [{"left_hand": [649.4716186523438, 345.8625183105469, 25.729248046875, 47.94097900390625], "right_hand": [450.3857421875, 348.7349548339844, 28.4534912109375, 48.2568359375]}]}