{"image_path": "/daintlab/home/rilab/github/frankmocap_notebooks/images/DoZzdthrzCs/scene_00000277.jpg", "body_bbox_list": [[456, 288, 204, 280]], "hand_bbox_list": [{"left_hand": [562.2936401367188, 337.2387390136719, 29.80572509765625, 29.638336181640625], "right_hand": [531.579833984375, 342.05218505859375, 34.07159423828125, 30.939453125]}]}