{"image_path": "/daintlab/home/rilab/github/frankmocap_notebooks/images/DoZzdthrzCs/scene_00000182.jpg", "body_bbox_list": [[456, 272, 204, 297]], "hand_bbox_list": [{"left_hand": [555.951171875, 325.7488098144531, 30.15997314453125, 26.430877685546875], "right_hand": [528.6436767578125, 324.0328063964844, 54.53021240234375, 35.614349365234375]}]}