{"image_path": "/daintlab/home/rilab/github/frankmocap_notebooks/images/DoZzdthrzCs/scene_00000398.jpg", "body_bbox_list": [[473, 156, 170, 424]], "hand_bbox_list": [{"left_hand": [555.9739990234375, 206.88601684570312, 31.45281982421875, 34.12480163574219], "right_hand": [489.2623596191406, 222.59815979003906, 30.806854248046875, 38.11665344238281]}]}