{"image_path": "/daintlab/home/rilab/github/frankmocap_notebooks/images/DoZzdthrzCs/scene_00000298.jpg", "body_bbox_list": [[456, 272, 204, 302]], "hand_bbox_list": [{"left_hand": [556.9340209960938, 320.9174499511719, 34.2891845703125, 31.4376220703125], "right_hand": [528.7557373046875, 323.2497253417969, 37.02862548828125, 32.838958740234375]}]}