{"image_path": "/daintlab/home/rilab/github/frankmocap_notebooks/images/DoZzdthrzCs/scene_00000205.jpg", "body_bbox_list": [[456, 288, 199, 280]], "hand_bbox_list": [{"left_hand": [553.9326171875, 336.6369934082031, 31.95880126953125, 28.69879150390625], "right_hand": [525.8284912109375, 333.42510986328125, 54.469482421875, 33.776031494140625]}]}