{"image_path": "/daintlab/home/rilab/github/frankmocap_notebooks/images/DoZzdthrzCs/scene_00000068.jpg", "body_bbox_list": [[457, 161, 182, 419]], "hand_bbox_list": [{"left_hand": [529.697265625, 219.64552307128906, 48.29022216796875, 37.11369323730469], "right_hand": [520.99267578125, 221.10763549804688, 39.2552490234375, 32.80192565917969]}]}