{"image_path": "/daintlab/home/rilab/github/frankmocap_notebooks/images/DoZzdthrzCs/scene_00000033.jpg", "body_bbox_list": [[445, 120, 231, 456]], "hand_bbox_list": [{"left_hand": [658.9818115234375, 345.8664245605469, 26.43121337890625, 46.508056640625], "right_hand": [429.6868591308594, 345.06591796875, 28.743255615234375, 46.48114013671875]}]}