{"image_path": "/daintlab/home/rilab/github/frankmocap_notebooks/images/DoZzdthrzCs/scene_00000406.jpg", "body_bbox_list": [[483, 151, 160, 424]], "hand_bbox_list": [{"left_hand": [559.530029296875, 201.6063232421875, 30.225830078125, 29.744827270507812], "right_hand": [529.853271484375, 216.97828674316406, 29.66412353515625, 20.304794311523438]}]}