{"image_path": "/daintlab/home/rilab/github/frankmocap_notebooks/images/DoZzdthrzCs/scene_00000172.jpg", "body_bbox_list": [[456, 267, 199, 302]], "hand_bbox_list": [{"left_hand": [554.0260620117188, 321.47137451171875, 31.29913330078125, 25.582977294921875], "right_hand": [522.097412109375, 322.4588317871094, 34.9901123046875, 33.54266357421875]}]}