{"image_path": "/daintlab/home/rilab/github/frankmocap_notebooks/images/DoZzdthrzCs/scene_00000469.jpg", "body_bbox_list": [[545, 126, 126, 424]], "hand_bbox_list": [{"left_hand": [644.8568115234375, 342.86627197265625, 21.6529541015625, 42.657928466796875], "right_hand": [537.491943359375, 333.3581848144531, 26.32098388671875, 39.764892578125]}]}