{"image_path": "/daintlab/home/rilab/github/frankmocap_notebooks/images/DoZzdthrzCs/scene_00000287.jpg", "body_bbox_list": [[456, 277, 204, 297]], "hand_bbox_list": [{"left_hand": [557.4483032226562, 328.854736328125, 34.50994873046875, 33.658203125], "right_hand": [528.982177734375, 334.554443359375, 36.6802978515625, 31.43182373046875]}]}