{"image_path": "/daintlab/home/rilab/github/frankmocap_notebooks/images/DoZzdthrzCs/scene_00000465.jpg", "body_bbox_list": [[524, 131, 133, 419]], "hand_bbox_list": [{"left_hand": [629.8579711914062, 329.1243591308594, 25.10955810546875, 40.982757568359375], "right_hand": [523.3648071289062, 332.4573669433594, 23.306640625, 40.175140380859375]}]}