{"image_path": "/daintlab/home/rilab/github/frankmocap_notebooks/images/DoZzdthrzCs/scene_00000115.jpg", "body_bbox_list": [[462, 214, 192, 363]], "hand_bbox_list": [{"left_hand": [549.262451171875, 275.8665771484375, 34.41949462890625, 29.1800537109375], "right_hand": [521.7059326171875, 274.4259033203125, 59.00823974609375, 37.080780029296875]}]}