{"image_path": "/daintlab/home/rilab/github/frankmocap_notebooks/images/DoZzdthrzCs/scene_00000291.jpg", "body_bbox_list": [[456, 272, 204, 302]], "hand_bbox_list": [{"left_hand": [557.8685302734375, 325.3935852050781, 32.567138671875, 33.612762451171875], "right_hand": [527.541015625, 328.48431396484375, 39.00592041015625, 32.69775390625]}]}