{"image_path": "/daintlab/home/rilab/github/frankmocap_notebooks/images/DoZzdthrzCs/scene_00000378.jpg", "body_bbox_list": [[472, 177, 177, 397]], "hand_bbox_list": [{"left_hand": [559.3684692382812, 226.07003784179688, 30.80352783203125, 30.97760009765625], "right_hand": [526.65380859375, 225.73854064941406, 41.0333251953125, 37.34767150878906]}]}