{"image_path": "/daintlab/home/rilab/github/frankmocap_notebooks/images/DoZzdthrzCs/scene_00000018.jpg", "body_bbox_list": [[451, 120, 209, 456]], "hand_bbox_list": [{"left_hand": [648.6832275390625, 346.2068176269531, 23.77978515625, 46.679931640625], "right_hand": [440.1737060546875, 355.3611145019531, 26.767364501953125, 47.09405517578125]}]}