{"image_path": "/daintlab/home/rilab/github/frankmocap_notebooks/images/DoZzdthrzCs/scene_00000032.jpg", "body_bbox_list": [[450, 119, 221, 463]], "hand_bbox_list": [{"left_hand": [652.6475830078125, 344.98944091796875, 25.6376953125, 48.15765380859375], "right_hand": [436.3924865722656, 345.98187255859375, 28.5455322265625, 47.310211181640625]}]}