{"image_path": "/daintlab/home/rilab/github/frankmocap_notebooks/images/DoZzdthrzCs/scene_00000071.jpg", "body_bbox_list": [[457, 167, 182, 412]], "hand_bbox_list": [{"left_hand": [539.2896728515625, 225.99412536621094, 38.73077392578125, 30.087081909179688], "right_hand": [519.9042358398438, 225.77745056152344, 39.6658935546875, 33.95155334472656]}]}