{"image_path": "/daintlab/home/rilab/github/frankmocap_notebooks/images/DoZzdthrzCs/scene_00000159.jpg", "body_bbox_list": [[462, 256, 192, 319]], "hand_bbox_list": [{"left_hand": [555.2322998046875, 310.61639404296875, 31.279541015625, 26.791412353515625], "right_hand": [523.0565795898438, 311.1894226074219, 37.938720703125, 33.8121337890625]}]}