{"image_path": "/daintlab/home/rilab/github/frankmocap_notebooks/images/DoZzdthrzCs/scene_00000402.jpg", "body_bbox_list": [[473, 151, 170, 429]], "hand_bbox_list": [{"left_hand": [557.013427734375, 205.399658203125, 31.20648193359375, 33.657012939453125], "right_hand": [525.0206298828125, 207.06394958496094, 40.758544921875, 34.05415344238281]}]}