{"image_path": "/daintlab/home/rilab/github/frankmocap_notebooks/images/DoZzdthrzCs/scene_00000453.jpg", "body_bbox_list": [[529, 131, 133, 434]], "hand_bbox_list": [{"left_hand": [597.5498657226562, 321.5182800292969, 37.30047607421875, 40.634796142578125], "right_hand": [545.8712158203125, 316.93487548828125, 34.36492919921875, 36.921875]}]}