{"image_path": "/daintlab/home/rilab/github/frankmocap_notebooks/images/DoZzdthrzCs/scene_00000034.jpg", "body_bbox_list": [[439, 120, 243, 456]], "hand_bbox_list": [{"left_hand": [662.3358764648438, 343.5229797363281, 27.48272705078125, 47.50421142578125], "right_hand": [422.7289123535156, 345.05517578125, 30.933685302734375, 47.253692626953125]}]}