{"image_path": "/daintlab/home/rilab/github/frankmocap_notebooks/images/DoZzdthrzCs/scene_00000439.jpg", "body_bbox_list": [[473, 119, 170, 463]], "hand_bbox_list": [{"left_hand": [582.822265625, 194.36248779296875, 34.46661376953125, 43.87693786621094], "right_hand": [523.1669311523438, 177.8229217529297, 41.4752197265625, 42.41107177734375]}]}