{"image_path": "/daintlab/home/rilab/github/frankmocap_notebooks/images/DoZzdthrzCs/scene_00000100.jpg", "body_bbox_list": [[462, 198, 187, 375]], "hand_bbox_list": [{"left_hand": [542.1618041992188, 259.525146484375, 40.2332763671875, 27.71331787109375], "right_hand": [522.4507446289062, 258.6746826171875, 54.4417724609375, 41.012298583984375]}]}