{"image_path": "/daintlab/home/rilab/github/frankmocap_notebooks/images/DoZzdthrzCs/scene_00000388.jpg", "body_bbox_list": [[467, 167, 177, 407]], "hand_bbox_list": [{"left_hand": [558.1821899414062, 216.84963989257812, 29.8096923828125, 34.27052307128906], "right_hand": [525.8814697265625, 220.65951538085938, 37.66357421875, 32.56364440917969]}]}