{"image_path": "/daintlab/home/rilab/github/frankmocap_notebooks/images/DoZzdthrzCs/scene_00000285.jpg", "body_bbox_list": [[456, 277, 204, 292]], "hand_bbox_list": [{"left_hand": [556.81640625, 331.2362976074219, 34.36578369140625, 33.94781494140625], "right_hand": [528.0819702148438, 334.4009704589844, 35.440185546875, 31.34130859375]}]}