{"image_path": "/daintlab/home/rilab/github/frankmocap_notebooks/images/DoZzdthrzCs/scene_00000248.jpg", "body_bbox_list": [[451, 308, 209, 265]], "hand_bbox_list": [{"left_hand": null, "right_hand": [524.9271240234375, 355.9315490722656, 37.0174560546875, 31.495513916015625]}]}