{"image_path": "/daintlab/home/rilab/github/frankmocap_notebooks/images/DoZzdthrzCs/scene_00000078.jpg", "body_bbox_list": [[457, 167, 182, 412]], "hand_bbox_list": [{"left_hand": [543.9639892578125, 231.08401489257812, 33.24456787109375, 25.867828369140625], "right_hand": [521.1656494140625, 228.35281372070312, 50.39056396484375, 39.14923095703125]}]}