{"image_path": "/daintlab/home/rilab/github/frankmocap_notebooks/images/DoZzdthrzCs/scene_00000105.jpg", "body_bbox_list": [[462, 209, 187, 363]], "hand_bbox_list": [{"left_hand": [545.952392578125, 266.78826904296875, 36.13226318359375, 25.181304931640625], "right_hand": [522.432373046875, 263.9301452636719, 59.4384765625, 37.18896484375]}]}