{"image_path": "/daintlab/home/rilab/github/frankmocap_notebooks/images/DoZzdthrzCs/scene_00000057.jpg", "body_bbox_list": [[457, 146, 177, 434]], "hand_bbox_list": [{"left_hand": [540.096923828125, 208.27725219726562, 38.07421875, 29.95843505859375], "right_hand": [518.3391723632812, 210.02857971191406, 34.0079345703125, 29.986892700195312]}]}