{"image_path": "/daintlab/home/rilab/github/frankmocap_notebooks/images/DoZzdthrzCs/scene_00000135.jpg", "body_bbox_list": [[462, 235, 192, 341]], "hand_bbox_list": [{"left_hand": [554.5960693359375, 293.6457824707031, 30.38909912109375, 25.04718017578125], "right_hand": null}]}