{"image_path": "/daintlab/home/rilab/github/frankmocap_notebooks/images/DoZzdthrzCs/scene_00000238.jpg", "body_bbox_list": [[456, 308, 204, 265]], "hand_bbox_list": [{"left_hand": null, "right_hand": [526.8034057617188, 353.1598205566406, 35.9107666015625, 33.2802734375]}]}