{"image_path": "/daintlab/home/rilab/github/frankmocap_notebooks/images/DoZzdthrzCs/scene_00000336.jpg", "body_bbox_list": [[461, 230, 199, 341]], "hand_bbox_list": [{"left_hand": [558.9939575195312, 283.34881591796875, 31.71173095703125, 32.48052978515625], "right_hand": [528.0548095703125, 284.5964050292969, 36.62261962890625, 33.632049560546875]}]}