{"image_path": "/daintlab/home/rilab/github/frankmocap_notebooks/images/DoZzdthrzCs/scene_00000004.jpg", "body_bbox_list": [[484, 125, 148, 451]], "hand_bbox_list": [{"left_hand": [612.82080078125, 352.8943176269531, 25.8482666015625, 45.74053955078125], "right_hand": [494.6084899902344, 253.58258056640625, 30.430755615234375, 42.376007080078125]}]}