{"image_path": "/daintlab/home/rilab/github/frankmocap_notebooks/images/DoZzdthrzCs/scene_00000206.jpg", "body_bbox_list": [[456, 288, 199, 280]], "hand_bbox_list": [{"left_hand": [555.284423828125, 337.0570983886719, 30.87335205078125, 28.3731689453125], "right_hand": [527.756591796875, 334.16619873046875, 53.5845947265625, 33.923248291015625]}]}