{"image_path": "/daintlab/home/rilab/github/frankmocap_notebooks/images/DoZzdthrzCs/scene_00000261.jpg", "body_bbox_list": [[451, 309, 209, 258]], "hand_bbox_list": [{"left_hand": null, "right_hand": [529.3563232421875, 355.14495849609375, 37.84490966796875, 31.07147216796875]}]}