{"image_path": "/daintlab/home/rilab/github/frankmocap_notebooks/images/DoZzdthrzCs/scene_00000020.jpg", "body_bbox_list": [[456, 119, 209, 463]], "hand_bbox_list": [{"left_hand": [640.2360229492188, 346.8832702636719, 30.25823974609375, 41.301544189453125], "right_hand": [451.1029357910156, 346.66680908203125, 25.915313720703125, 48.940826416015625]}]}