{"image_path": "/daintlab/home/rilab/github/frankmocap_notebooks/images/DoZzdthrzCs/scene_00000141.jpg", "body_bbox_list": [[462, 235, 192, 341]], "hand_bbox_list": [{"left_hand": [554.9609375, 296.9643249511719, 30.6358642578125, 25.842132568359375], "right_hand": [523.646484375, 296.1888122558594, 35.66558837890625, 35.792449951171875]}]}