{"image_path": "/daintlab/home/rilab/github/frankmocap_notebooks/images/DoZzdthrzCs/scene_00000197.jpg", "body_bbox_list": [[456, 277, 199, 292]], "hand_bbox_list": [{"left_hand": [557.0436401367188, 333.494140625, 29.0299072265625, 28.241363525390625], "right_hand": [528.6519165039062, 331.6911315917969, 51.75177001953125, 33.923797607421875]}]}