{"image_path": "/daintlab/home/rilab/github/frankmocap_notebooks/images/DoZzdthrzCs/scene_00000211.jpg", "body_bbox_list": [[456, 293, 199, 275]], "hand_bbox_list": [{"left_hand": [554.0233764648438, 338.8041076660156, 31.99517822265625, 28.22406005859375], "right_hand": [529.5108032226562, 337.2781982421875, 54.1600341796875, 35.58319091796875]}]}