{"image_path": "/daintlab/home/rilab/github/frankmocap_notebooks/images/DoZzdthrzCs/scene_00000257.jpg", "body_bbox_list": [[451, 309, 209, 258]], "hand_bbox_list": [{"left_hand": [562.2014770507812, 354.94891357421875, 30.8211669921875, 30.026519775390625], "right_hand": [532.261962890625, 357.0135498046875, 38.79541015625, 32.775360107421875]}]}