{"image_path": "/daintlab/home/rilab/github/frankmocap_notebooks/images/DoZzdthrzCs/scene_00000446.jpg", "body_bbox_list": [[493, 130, 160, 451]], "hand_bbox_list": [{"left_hand": [567.2311401367188, 266.7554626464844, 40.0308837890625, 41.53594970703125], "right_hand": [542.927490234375, 302.249267578125, 37.44781494140625, 33.41162109375]}]}