{"image_path": "/daintlab/home/rilab/github/frankmocap_notebooks/images/DoZzdthrzCs/scene_00000454.jpg", "body_bbox_list": [[530, 131, 121, 434]], "hand_bbox_list": [{"left_hand": [590.3387451171875, 326.6609191894531, 33.990234375, 36.754119873046875], "right_hand": [534.3303833007812, 322.4415588378906, 31.941650390625, 38.333984375]}]}