{"image_path": "/daintlab/home/rilab/github/frankmocap_notebooks/images/DoZzdthrzCs/scene_00000009.jpg", "body_bbox_list": [[468, 125, 170, 456]], "hand_bbox_list": [{"left_hand": [623.557861328125, 351.2967529296875, 23.352783203125, 46.50103759765625], "right_hand": [462.8406982421875, 354.86322021484375, 30.16015625, 40.670928955078125]}]}