{"image_path": "/daintlab/home/rilab/github/frankmocap_notebooks/images/DoZzdthrzCs/scene_00000310.jpg", "body_bbox_list": [[456, 251, 204, 324]], "hand_bbox_list": [{"left_hand": [557.4620361328125, 307.8905944824219, 32.944580078125, 32.013214111328125], "right_hand": [529.4141845703125, 307.3206787109375, 55.277587890625, 36.32672119140625]}]}