{"image_path": "/daintlab/home/rilab/github/frankmocap_notebooks/images/DoZzdthrzCs/scene_00000414.jpg", "body_bbox_list": [[483, 141, 155, 434]], "hand_bbox_list": [{"left_hand": [562.3147583007812, 192.42449951171875, 32.13287353515625, 33.779693603515625], "right_hand": [490.92694091796875, 210.88844299316406, 36.28009033203125, 38.1885986328125]}]}