{"image_path": "/daintlab/home/rilab/github/frankmocap_notebooks/images/DoZzdthrzCs/scene_00000464.jpg", "body_bbox_list": [[525, 131, 126, 419]], "hand_bbox_list": [{"left_hand": [621.8445434570312, 328.0455627441406, 28.24212646484375, 39.218017578125], "right_hand": [523.11328125, 328.82183837890625, 23.09552001953125, 41.235321044921875]}]}