{"image_path": "/daintlab/home/rilab/github/frankmocap_notebooks/images/DoZzdthrzCs/scene_00000082.jpg", "body_bbox_list": [[462, 172, 177, 407]], "hand_bbox_list": [{"left_hand": [542.2658081054688, 238.0910186767578, 33.745361328125, 27.894851684570312], "right_hand": [520.3070678710938, 234.27560424804688, 50.95831298828125, 40.08660888671875]}]}