{"image_path": "/daintlab/home/rilab/github/frankmocap_notebooks/images/DoZzdthrzCs/scene_00000056.jpg", "body_bbox_list": [[463, 146, 170, 434]], "hand_bbox_list": [{"left_hand": [541.27783203125, 209.3795166015625, 34.58062744140625, 33.391815185546875], "right_hand": [518.7014770507812, 208.3390655517578, 31.4871826171875, 29.340988159179688]}]}