{"image_path": "/daintlab/home/rilab/github/frankmocap_notebooks/images/DoZzdthrzCs/scene_00000306.jpg", "body_bbox_list": [[456, 261, 204, 309]], "hand_bbox_list": [{"left_hand": [559.3115844726562, 312.9474792480469, 32.1031494140625, 34.641082763671875], "right_hand": [527.9463500976562, 314.7689514160156, 35.22003173828125, 34.260406494140625]}]}