{"image_path": "/daintlab/home/rilab/github/frankmocap_notebooks/images/DoZzdthrzCs/scene_00000162.jpg", "body_bbox_list": [[456, 256, 204, 319]], "hand_bbox_list": [{"left_hand": [556.5635375976562, 311.9104919433594, 29.67724609375, 27.680572509765625], "right_hand": [524.30322265625, 309.20733642578125, 47.87054443359375, 38.64166259765625]}]}