{"image_path": "/daintlab/home/rilab/github/frankmocap_notebooks/images/DoZzdthrzCs/scene_00000164.jpg", "body_bbox_list": [[456, 261, 204, 314]], "hand_bbox_list": [{"left_hand": [556.6787109375, 312.6734313964844, 29.77447509765625, 27.878570556640625], "right_hand": [524.288330078125, 309.49578857421875, 47.39825439453125, 38.84295654296875]}]}