{"image_path": "/daintlab/home/rilab/github/frankmocap_notebooks/images/DoZzdthrzCs/scene_00000043.jpg", "body_bbox_list": [[415, 114, 231, 468]], "hand_bbox_list": [{"left_hand": [621.3040771484375, 262.71942138671875, 35.88134765625, 35.263916015625], "right_hand": [386.70440673828125, 261.1271667480469, 56.556365966796875, 23.1279296875]}]}