{"image_path": "/daintlab/home/rilab/github/frankmocap_notebooks/images/DoZzdthrzCs/scene_00000160.jpg", "body_bbox_list": [[462, 256, 192, 319]], "hand_bbox_list": [{"left_hand": [556.4163818359375, 312.02984619140625, 29.7177734375, 27.184234619140625], "right_hand": [524.3214721679688, 309.35101318359375, 48.16204833984375, 38.14398193359375]}]}