{"image_path": "/daintlab/home/rilab/github/frankmocap_notebooks/images/DoZzdthrzCs/scene_00000091.jpg", "body_bbox_list": [[473, 188, 165, 385]], "hand_bbox_list": [{"left_hand": [539.8854370117188, 250.7007598876953, 38.88482666015625, 27.698226928710938], "right_hand": [520.4351196289062, 247.05062866210938, 53.50238037109375, 41.24688720703125]}]}