{"image_path": "/daintlab/home/rilab/github/frankmocap_notebooks/images/DoZzdthrzCs/scene_00000457.jpg", "body_bbox_list": [[525, 132, 116, 407]], "hand_bbox_list": [{"left_hand": [591.732666015625, 323.05731201171875, 32.01910400390625, 35.5960693359375], "right_hand": [516.6008911132812, 331.0028381347656, 20.85052490234375, 35.107757568359375]}]}