{"image_path": "/daintlab/home/rilab/github/frankmocap_notebooks/images/DoZzdthrzCs/scene_00000286.jpg", "body_bbox_list": [[456, 277, 204, 297]], "hand_bbox_list": [{"left_hand": [558.3428344726562, 329.7019958496094, 32.42779541015625, 34.13702392578125], "right_hand": [529.132080078125, 334.8700256347656, 36.56683349609375, 31.354949951171875]}]}