{"image_path": "/daintlab/home/rilab/github/frankmocap_notebooks/images/DoZzdthrzCs/scene_00000096.jpg", "body_bbox_list": [[462, 193, 182, 385]], "hand_bbox_list": [{"left_hand": [543.9022827148438, 256.9141845703125, 35.53204345703125, 27.93890380859375], "right_hand": [521.703369140625, 254.43589782714844, 51.8299560546875, 39.49739074707031]}]}