{"image_path": "/daintlab/home/rilab/github/frankmocap_notebooks/images/DoZzdthrzCs/scene_00000086.jpg", "body_bbox_list": [[457, 183, 182, 390]], "hand_bbox_list": [{"left_hand": [536.81787109375, 242.50787353515625, 38.7015380859375, 28.7200927734375], "right_hand": [520.3900756835938, 240.12167358398438, 52.228759765625, 40.389678955078125]}]}