{"image_path": "/daintlab/home/rilab/github/frankmocap_notebooks/images/DoZzdthrzCs/scene_00000423.jpg", "body_bbox_list": [[489, 130, 148, 451]], "hand_bbox_list": [{"left_hand": [561.63134765625, 184.53280639648438, 33.20684814453125, 32.90592956542969], "right_hand": [531.2772216796875, 187.60308837890625, 36.71478271484375, 32.99732971191406]}]}