{"image_path": "/daintlab/home/rilab/github/frankmocap_notebooks/images/DoZzdthrzCs/scene_00000445.jpg", "body_bbox_list": [[493, 125, 155, 456]], "hand_bbox_list": [{"left_hand": [566.318115234375, 267.68597412109375, 41.00201416015625, 41.260711669921875], "right_hand": [531.6492919921875, 294.52471923828125, 39.5103759765625, 35.64385986328125]}]}