{"image_path": "/daintlab/home/rilab/github/frankmocap_notebooks/images/DoZzdthrzCs/scene_00000017.jpg", "body_bbox_list": [[451, 120, 214, 456]], "hand_bbox_list": [{"left_hand": [652.9022216796875, 345.5440368652344, 23.91845703125, 46.858856201171875], "right_hand": [439.3623962402344, 353.60986328125, 26.06243896484375, 48.634429931640625]}]}