{"image_path": "/daintlab/home/rilab/github/frankmocap_notebooks/images/DoZzdthrzCs/scene_00000165.jpg", "body_bbox_list": [[456, 256, 204, 319]], "hand_bbox_list": [{"left_hand": [556.6304931640625, 312.9477844238281, 30.05853271484375, 28.090057373046875], "right_hand": [524.3468017578125, 309.7418212890625, 46.39984130859375, 38.808441162109375]}]}