{"image_path": "/daintlab/home/rilab/github/frankmocap_notebooks/images/DoZzdthrzCs/scene_00000095.jpg", "body_bbox_list": [[462, 193, 182, 385]], "hand_bbox_list": [{"left_hand": [539.9990844726562, 256.33502197265625, 38.78900146484375, 28.540069580078125], "right_hand": [521.2582397460938, 253.2084503173828, 52.9163818359375, 39.44984436035156]}]}