{"image_path": "/daintlab/home/rilab/github/frankmocap_notebooks/images/DoZzdthrzCs/scene_00000447.jpg", "body_bbox_list": [[492, 130, 177, 451]], "hand_bbox_list": [{"left_hand": [580.253173828125, 272.8531799316406, 40.9510498046875, 41.4566650390625], "right_hand": [552.32373046875, 305.0323791503906, 40.2261962890625, 32.06427001953125]}]}