{"image_path": "/daintlab/home/rilab/github/frankmocap_notebooks/images/DoZzdthrzCs/scene_00000209.jpg", "body_bbox_list": [[456, 288, 199, 280]], "hand_bbox_list": [{"left_hand": [556.2195434570312, 337.42694091796875, 30.70562744140625, 27.9058837890625], "right_hand": [530.0518798828125, 335.99859619140625, 55.32037353515625, 35.28271484375]}]}