{"image_path": "/daintlab/home/rilab/github/frankmocap_notebooks/images/DoZzdthrzCs/scene_00000427.jpg", "body_bbox_list": [[489, 130, 143, 456]], "hand_bbox_list": [{"left_hand": [564.1128540039062, 180.745849609375, 32.34783935546875, 33.987274169921875], "right_hand": [531.9906616210938, 184.6088104248047, 37.23175048828125, 32.20796203613281]}]}