{"image_path": "/daintlab/home/rilab/github/frankmocap_notebooks/images/DoZzdthrzCs/scene_00000345.jpg", "body_bbox_list": [[462, 219, 192, 353]], "hand_bbox_list": [{"left_hand": [558.9442749023438, 273.7961120605469, 31.6187744140625, 32.632537841796875], "right_hand": [527.3319091796875, 273.1851501464844, 45.63134765625, 37.258636474609375]}]}