{"image_path": "/daintlab/home/rilab/github/frankmocap_notebooks/images/DoZzdthrzCs/scene_00000132.jpg", "body_bbox_list": [[462, 230, 192, 346]], "hand_bbox_list": [{"left_hand": [555.55712890625, 290.1379699707031, 31.0203857421875, 27.6243896484375], "right_hand": [523.2821655273438, 286.50848388671875, 49.7796630859375, 39.051910400390625]}]}