{"image_path": "/daintlab/home/rilab/github/frankmocap_notebooks/images/DoZzdthrzCs/scene_00000114.jpg", "body_bbox_list": [[456, 214, 199, 363]], "hand_bbox_list": [{"left_hand": [544.7875366210938, 274.4512939453125, 37.721435546875, 30.9251708984375], "right_hand": [520.5106811523438, 273.8307189941406, 61.8590087890625, 37.554534912109375]}]}