{"image_path": "/daintlab/home/rilab/github/frankmocap_notebooks/images/DoZzdthrzCs/scene_00000376.jpg", "body_bbox_list": [[472, 183, 177, 390]], "hand_bbox_list": [{"left_hand": [559.8736572265625, 228.15196228027344, 31.11181640625, 31.003219604492188], "right_hand": [529.1904907226562, 241.59703063964844, 31.56988525390625, 22.939071655273438]}]}