{"image_path": "/daintlab/home/rilab/github/frankmocap_notebooks/images/DoZzdthrzCs/scene_00000417.jpg", "body_bbox_list": [[489, 135, 148, 446]], "hand_bbox_list": [{"left_hand": [563.9772338867188, 190.19737243652344, 30.77532958984375, 32.98716735839844], "right_hand": [532.4476318359375, 192.95889282226562, 37.5933837890625, 33.016632080078125]}]}