{"image_path": "/daintlab/home/rilab/github/frankmocap_notebooks/images/DoZzdthrzCs/scene_00000147.jpg", "body_bbox_list": [[462, 245, 192, 331]], "hand_bbox_list": [{"left_hand": [556.5610961914062, 303.305908203125, 30.56890869140625, 26.85369873046875], "right_hand": [522.4019775390625, 304.9624938964844, 35.692138671875, 32.276641845703125]}]}