{"image_path": "/daintlab/home/rilab/github/frankmocap_notebooks/images/DoZzdthrzCs/scene_00000243.jpg", "body_bbox_list": [[451, 309, 209, 258]], "hand_bbox_list": [{"left_hand": null, "right_hand": [524.397216796875, 355.9642333984375, 40.26361083984375, 31.512603759765625]}]}