{"image_path": "/daintlab/home/rilab/github/frankmocap_notebooks/images/DoZzdthrzCs/scene_00000353.jpg", "body_bbox_list": [[467, 214, 187, 358]], "hand_bbox_list": [{"left_hand": [558.6428833007812, 263.34478759765625, 31.4923095703125, 33.10205078125], "right_hand": [526.1862182617188, 266.4656982421875, 38.17779541015625, 33.022552490234375]}]}