{"image_path": "/daintlab/home/rilab/github/frankmocap_notebooks/images/DoZzdthrzCs/scene_00000324.jpg", "body_bbox_list": [[461, 240, 199, 331]], "hand_bbox_list": [{"left_hand": [560.2413330078125, 296.1712951660156, 30.36273193359375, 30.861907958984375], "right_hand": [532.0594482421875, 295.50103759765625, 54.44073486328125, 36.902252197265625]}]}