{"image_path": "/daintlab/home/rilab/github/frankmocap_notebooks/images/DoZzdthrzCs/scene_00000003.jpg", "body_bbox_list": [[489, 119, 143, 463]], "hand_bbox_list": [{"left_hand": [609.6473388671875, 353.0906677246094, 26.0655517578125, 45.166656494140625], "right_hand": [506.0227355957031, 238.65516662597656, 22.644073486328125, 39.63899230957031]}]}