{"image_path": "/daintlab/home/rilab/github/frankmocap_notebooks/images/DoZzdthrzCs/scene_00000210.jpg", "body_bbox_list": [[456, 293, 199, 275]], "hand_bbox_list": [{"left_hand": [557.3854370117188, 338.1179504394531, 29.5638427734375, 26.730255126953125], "right_hand": [529.3112182617188, 336.22613525390625, 56.89984130859375, 36.047637939453125]}]}