{"image_path": "/daintlab/home/rilab/github/frankmocap_notebooks/images/DoZzdthrzCs/scene_00000254.jpg", "body_bbox_list": [[451, 309, 214, 258]], "hand_bbox_list": [{"left_hand": [557.4996948242188, 351.39044189453125, 32.636474609375, 28.42474365234375], "right_hand": [530.6159057617188, 356.7240295410156, 31.06988525390625, 31.464141845703125]}]}