{"image_path": "/daintlab/home/rilab/github/frankmocap_notebooks/images/DoZzdthrzCs/scene_00000059.jpg", "body_bbox_list": [[468, 151, 165, 429]], "hand_bbox_list": [{"left_hand": [541.7200317382812, 211.37196350097656, 35.90472412109375, 31.116714477539062], "right_hand": [519.5693359375, 210.72860717773438, 36.10919189453125, 31.774154663085938]}]}