{"image_path": "/daintlab/home/rilab/github/frankmocap_notebooks/images/DoZzdthrzCs/scene_00000432.jpg", "body_bbox_list": [[494, 119, 138, 463]], "hand_bbox_list": [{"left_hand": [565.5387573242188, 175.9519500732422, 30.42596435546875, 31.160888671875], "right_hand": [533.8113403320312, 176.90701293945312, 37.19281005859375, 32.729034423828125]}]}