{"image_path": "/daintlab/home/rilab/github/frankmocap_notebooks/images/DoZzdthrzCs/scene_00000371.jpg", "body_bbox_list": [[467, 188, 187, 385]], "hand_bbox_list": [{"left_hand": [559.62939453125, 234.21925354003906, 33.9754638671875, 34.71946716308594], "right_hand": [528.2466430664062, 233.8511199951172, 41.51959228515625, 36.79496765136719]}]}