{"image_path": "/daintlab/home/rilab/github/frankmocap_notebooks/images/DoZzdthrzCs/scene_00000154.jpg", "body_bbox_list": [[462, 251, 192, 324]], "hand_bbox_list": [{"left_hand": [556.8380737304688, 308.08892822265625, 30.18890380859375, 25.7127685546875], "right_hand": [528.00146484375, 305.82208251953125, 54.62615966796875, 34.8846435546875]}]}