{"image_path": "/daintlab/home/rilab/github/frankmocap_notebooks/images/DoZzdthrzCs/scene_00000171.jpg", "body_bbox_list": [[456, 267, 199, 302]], "hand_bbox_list": [{"left_hand": [554.9678344726562, 320.3334045410156, 31.07159423828125, 26.661712646484375], "right_hand": [522.7984619140625, 317.7131042480469, 53.4825439453125, 35.35052490234375]}]}