{"image_path": "/daintlab/home/rilab/github/frankmocap_notebooks/images/DoZzdthrzCs/scene_00000124.jpg", "body_bbox_list": [[462, 219, 192, 358]], "hand_bbox_list": [{"left_hand": [552.98291015625, 281.623779296875, 34.47552490234375, 28.519012451171875], "right_hand": [525.2466430664062, 282.3743896484375, 34.844970703125, 33.3533935546875]}]}