{"image_path": "/daintlab/home/rilab/github/frankmocap_notebooks/images/DoZzdthrzCs/scene_00000142.jpg", "body_bbox_list": [[462, 240, 192, 336]], "hand_bbox_list": [{"left_hand": [555.1951904296875, 298.0894470214844, 30.36517333984375, 26.8250732421875], "right_hand": [522.9072265625, 300.7296447753906, 34.0855712890625, 31.541656494140625]}]}