{"image_path": "/daintlab/home/rilab/github/frankmocap_notebooks/images/DoZzdthrzCs/scene_00000120.jpg", "body_bbox_list": [[462, 214, 192, 363]], "hand_bbox_list": [{"left_hand": [556.6889038085938, 279.5650634765625, 30.5408935546875, 28.42218017578125], "right_hand": [523.7816772460938, 274.8484802246094, 44.8319091796875, 38.974822998046875]}]}