{"image_path": "/daintlab/home/rilab/github/frankmocap_notebooks/images/DoZzdthrzCs/scene_00000218.jpg", "body_bbox_list": [[456, 293, 204, 275]], "hand_bbox_list": [{"left_hand": [556.3749389648438, 342.626708984375, 29.200927734375, 32.126129150390625], "right_hand": [523.9481201171875, 342.7185363769531, 55.0533447265625, 36.423431396484375]}]}