{"image_path": "/daintlab/home/rilab/github/frankmocap_notebooks/images/DoZzdthrzCs/scene_00000288.jpg", "body_bbox_list": [[456, 277, 204, 292]], "hand_bbox_list": [{"left_hand": [556.4620971679688, 328.567138671875, 35.0689697265625, 33.92999267578125], "right_hand": [529.5601196289062, 332.3831481933594, 34.2315673828125, 33.14031982421875]}]}