{"image_path": "/home/hyem/workspace/frankmocap_notebooks/images/IODxDxX7oi/scene_00006131.jpg", "body_bbox_list": [[241, 314, 378, 143], [783, 293, 346, 129], [839, 304, 88, 123]], "hand_bbox_list": [{"left_hand": [373.1095886230469, 459.0933837890625, 77.4102783203125, 34.3519287109375], "right_hand": null}, {"left_hand": [916.3919677734375, 412.8498229980469, 28.19122314453125, 29.396240234375], "right_hand": null}, {"left_hand": null, "right_hand": [916.3919677734375, 412.8498229980469, 28.19122314453125, 29.396240234375]}]}