{"image_path": "/home/hyem/workspace/frankmocap_notebooks/images/IODxDxX7oi/scene_00004033.jpg", "body_bbox_list": [[142, 411, 712, 235]], "hand_bbox_list": [{"left_hand": [312.566162109375, 635.4683837890625, 125.30987548828125, 46.62152099609375], "right_hand": null}]}