{"image_path": "/home/hyem/workspace/frankmocap_notebooks/images/IODxDxX7oi/scene_00001377.jpg", "body_bbox_list": [[114, 482, 723, 167]], "hand_bbox_list": [{"left_hand": [279.4371032714844, 637.2938842773438, 141.8922119140625, 46.24139404296875], "right_hand": null}]}