{"image_path": "/home/hyem/workspace/frankmocap_notebooks/images/IODxDxX7oi/scene_00005175.jpg", "body_bbox_list": [[247, 0, 519, 609], [763, 167, 291, 297]], "hand_bbox_list": [{"left_hand": [586.458984375, 594.496337890625, 165.24267578125, 66.8526611328125], "right_hand": null}, {"left_hand": null, "right_hand": null}]}