{"image_path": "/home/hyem/workspace/frankmocap_notebooks/images/IODxDxX7oi/scene_00002119.jpg", "body_bbox_list": [[117, 476, 508, 173]], "hand_bbox_list": [{"left_hand": [296.6985168457031, 643.7266235351562, 131.75845336914062, 38.3671875], "right_hand": null}]}