{"image_path": "/home/hyem/workspace/frankmocap_notebooks/images/IODxDxX7oi/scene_00006126.jpg", "body_bbox_list": [[783, 293, 341, 129], [239, 367, 310, 104], [834, 304, 99, 118]], "hand_bbox_list": [{"left_hand": [918.2622680664062, 413.6199951171875, 27.4876708984375, 28.695770263671875], "right_hand": null}, {"left_hand": [343.5713195800781, 458.70977783203125, 88.02774047851562, 38.002777099609375], "right_hand": null}, {"left_hand": null, "right_hand": [918.2622680664062, 413.6199951171875, 27.4876708984375, 28.695770263671875]}]}