{"image_path": "/home/hyem/workspace/frankmocap_notebooks/images/IODxDxX7oi/scene_00005191.jpg", "body_bbox_list": [[194, 361, 557, 235], [173, 388, 166, 113]], "hand_bbox_list": [{"left_hand": [584.3379516601562, 593.8474731445312, 168.5679931640625, 68.9647216796875], "right_hand": null}, {"left_hand": null, "right_hand": null}]}