{"image_path": "/home/hyem/workspace/frankmocap_notebooks/images/IODxDxX7oi/scene_00003967.jpg", "body_bbox_list": [[191, 258, 991, 283], [285, 252, 156, 408]], "hand_bbox_list": [{"left_hand": null, "right_hand": null}, {"left_hand": [311.36468505859375, 632.5940551757812, 125.61026000976562, 48.50567626953125], "right_hand": null}]}