{"image_path": "/home/hyem/workspace/frankmocap_notebooks/images/IODxDxX7oi/scene_00001930.jpg", "body_bbox_list": [[964, 522, 199, 143], [372, 500, 88, 142], [905, 595, 7, 25]], "hand_bbox_list": [{"left_hand": null, "right_hand": null}, {"left_hand": null, "right_hand": [335.7862854003906, 634.9445190429688, 121.3060302734375, 39.05999755859375]}, {"left_hand": null, "right_hand": null}]}