{"image_path": "/home/hyem/workspace/frankmocap_notebooks/images/IODxDxX7oi/scene_00002452.jpg", "body_bbox_list": [[179, 388, 390, 248]], "hand_bbox_list": [{"left_hand": [452.69195556640625, 627.46875, 128.28192138671875, 52.08502197265625], "right_hand": null}]}