{"image_path": "/home/hyem/workspace/frankmocap_notebooks/images/IODxDxX7oi/scene_00001436.jpg", "body_bbox_list": [[93, 205, 810, 457]], "hand_bbox_list": [{"left_hand": [163.6041259765625, 636.6646118164062, 154.41021728515625, 51.52349853515625], "right_hand": null}]}