{"image_path": "/home/hyem/workspace/frankmocap_notebooks/images/IODxDxX7oi/scene_00003448.jpg", "body_bbox_list": [[437, 234, 397, 421]], "hand_bbox_list": [{"left_hand": [777.9287719726562, 625.7362670898438, 114.15838623046875, 41.67181396484375], "right_hand": [396.60064697265625, 633.8723754882812, 127.266845703125, 39.66070556640625]}]}