{"image_path": "/home/hyem/workspace/frankmocap_notebooks/images/IODxDxX7oi/scene_00003358.jpg", "body_bbox_list": [[351, 488, 558, 161]], "hand_bbox_list": [{"left_hand": [797.9890747070312, 630.9053344726562, 101.25836181640625, 39.327880859375], "right_hand": [376.8305969238281, 639.1008911132812, 103.96194458007812, 39.3653564453125]}]}