{"image_path": "/home/hyem/workspace/frankmocap_notebooks/images/IODxDxX7oi/scene_00002973.jpg", "body_bbox_list": [[464, 252, 327, 402]], "hand_bbox_list": [{"left_hand": [740.9495239257812, 625.1099243164062, 112.170166015625, 42.4632568359375], "right_hand": [413.9720153808594, 631.67236328125, 131.62081909179688, 40.92822265625]}]}