{"image_path": "/home/hyem/workspace/frankmocap_notebooks/images/IODxDxX7oi/scene_00003259.jpg", "body_bbox_list": [[384, 500, 211, 148]], "hand_bbox_list": [{"left_hand": null, "right_hand": [377.3365478515625, 639.982421875, 104.80126953125, 38.51458740234375]}]}