{"image_path": "/home/hyem/workspace/frankmocap_notebooks/images/IODxDxX7oi/scene_00000809.jpg", "body_bbox_list": [[569, 402, 370, 180]], "hand_bbox_list": [{"left_hand": null, "right_hand": [573.2572631835938, 567.5629272460938, 106.5516357421875, 58.09344482421875]}]}