{"image_path": "/home/hyem/workspace/frankmocap_notebooks/images/IODxDxX7oi/scene_00006167.jpg", "body_bbox_list": [[907, 335, 216, 185], [863, 278, 74, 80], [852, 290, 85, 56], [1010, 279, 44, 44]], "hand_bbox_list": [{"left_hand": null, "right_hand": null}, {"left_hand": null, "right_hand": [850.5170288085938, 268.2987976074219, 30.49456787109375, 23.156402587890625]}, {"left_hand": [850.5170288085938, 268.2987976074219, 30.49456787109375, 23.156402587890625], "right_hand": null}, {"left_hand": null, "right_hand": [1011.4659423828125, 257.98211669921875, 32.7098388671875, 32.739898681640625]}]}