{"image_path": "/home/hyem/workspace/frankmocap_notebooks/images/IODxDxX7oi/scene_00005297.jpg", "body_bbox_list": [[226, 191, 842, 254], [285, 315, 26, 259]], "hand_bbox_list": [{"left_hand": null, "right_hand": null}, {"left_hand": null, "right_hand": [173.9178009033203, 567.4780883789062, 162.19371032714844, 56.913330078125]}]}