{"image_path": "/home/hyem/workspace/frankmocap_notebooks/images/IODxDxX7oi/scene_00006112.jpg", "body_bbox_list": [[162, 349, 408, 129], [778, 280, 346, 143], [839, 298, 99, 124]], "hand_bbox_list": [{"left_hand": [267.9398193359375, 469.6662902832031, 102.51687622070312, 39.57391357421875], "right_hand": null}, {"left_hand": [916.4169921875, 416.93731689453125, 29.100341796875, 26.681427001953125], "right_hand": null}, {"left_hand": null, "right_hand": [916.4169921875, 416.93731689453125, 29.100341796875, 26.681427001953125]}]}