{"image_path": "/home/hyem/workspace/frankmocap_notebooks/images/IODxDxX7oi/scene_00006365.jpg", "body_bbox_list": [[671, 152, 576, 484], [94, 208, 172, 259], [200, 433, 61, 6]], "hand_bbox_list": [{"left_hand": null, "right_hand": null}, {"left_hand": null, "right_hand": [117.0232925415039, 196.84022521972656, 168.87982177734375, 143.8606414794922]}, {"left_hand": null, "right_hand": null}]}