{"image_path": "/home/hyem/workspace/frankmocap_notebooks/images/IODxDxX7oi/scene_00005703.jpg", "body_bbox_list": [[131, 263, 717, 397]], "hand_bbox_list": [{"left_hand": [281.16046142578125, 640.4971923828125, 128.65011596679688, 43.84930419921875], "right_hand": [281.16046142578125, 640.4971923828125, 128.65011596679688, 43.84930419921875]}]}