{"image_path": "/home/hyem/workspace/frankmocap_notebooks/images/IODxDxX7oi/scene_00000411.jpg", "body_bbox_list": [[500, 174, 620, 490], [587, 410, 204, 243]], "hand_bbox_list": [{"left_hand": [816.904296875, 647.2998046875, 128.87567138671875, 46.08270263671875], "right_hand": [508.19854736328125, 632.2114868164062, 123.455322265625, 45.9232177734375]}, {"left_hand": null, "right_hand": null}]}