{"image_path": "/home/hyem/workspace/frankmocap_notebooks/images/IODxDxX7oi/scene_00006381.jpg", "body_bbox_list": [[790, 190, 310, 397], [94, 208, 172, 259], [358, 310, 61, 129]], "hand_bbox_list": [{"left_hand": [753.0247192382812, 361.24114990234375, 55.9442138671875, 39.20697021484375], "right_hand": null}, {"left_hand": null, "right_hand": [113.9086685180664, 190.09568786621094, 164.27981567382812, 147.44261169433594]}, {"left_hand": null, "right_hand": null}]}