{"image_path": "/home/hyem/workspace/frankmocap_notebooks/images/IODxDxX7oi/scene_00005784.jpg", "body_bbox_list": [[135, 263, 495, 397], [365, 423, 142, 223]], "hand_bbox_list": [{"left_hand": [281.82794189453125, 640.6316528320312, 129.53424072265625, 43.4527587890625], "right_hand": [281.82794189453125, 640.6316528320312, 129.53424072265625, 43.4527587890625]}, {"left_hand": null, "right_hand": null}]}