{"image_path": "/home/hyem/workspace/frankmocap_notebooks/images/IODxDxX7oi/scene_00000432.jpg", "body_bbox_list": [[413, 46, 457, 606]], "hand_bbox_list": [{"left_hand": [775.3740844726562, 602.4847412109375, 155.4403076171875, 90.33013916015625], "right_hand": [366.1827697753906, 624.99072265625, 166.74990844726562, 91.2637939453125]}]}