{"image_path": "/home/hyem/workspace/frankmocap_notebooks/images/IODxDxX7oi/scene_00000288.jpg", "body_bbox_list": [[338, 452, 736, 210], [633, 481, 191, 180], [495, 540, 6, 112]], "hand_bbox_list": [{"left_hand": [399.0109558105469, 644.2220458984375, 122.15151977539062, 41.196533203125], "right_hand": null}, {"left_hand": [691.2343139648438, 654.1014404296875, 132.85150146484375, 49.1571044921875], "right_hand": null}, {"left_hand": null, "right_hand": [399.0109558105469, 644.2220458984375, 122.15151977539062, 41.196533203125]}]}