{"image_path": "/home/hyem/workspace/frankmocap_notebooks/images/IODxDxX7oi/scene_00002896.jpg", "body_bbox_list": [[414, 329, 432, 321]], "hand_bbox_list": [{"left_hand": [773.3877563476562, 626.86474609375, 117.4166259765625, 39.66326904296875], "right_hand": [390.4202880859375, 634.899658203125, 121.051025390625, 39.116943359375]}]}