{"image_path": "/home/hyem/workspace/frankmocap_notebooks/images/IODxDxX7oi/scene_00004660.jpg", "body_bbox_list": [[176, 334, 717, 316], [624, 393, 495, 148], [217, 334, 185, 316]], "hand_bbox_list": [{"left_hand": null, "right_hand": [282.5998840332031, 641.3441162109375, 127.19879150390625, 42.99334716796875]}, {"left_hand": null, "right_hand": null}, {"left_hand": [282.5998840332031, 641.3441162109375, 127.19879150390625, 42.99334716796875], "right_hand": null}]}