{"image_path": "/home/hyem/workspace/frankmocap_notebooks/images/IODxDxX7oi/scene_00001862.jpg", "body_bbox_list": [[414, 482, 432, 161], [635, 613, 18, 6]], "hand_bbox_list": [{"left_hand": [775.2110595703125, 627.4708251953125, 113.78424072265625, 39.62298583984375], "right_hand": [392.0144348144531, 635.50390625, 125.76284790039062, 38.40972900390625]}, {"left_hand": null, "right_hand": null}]}