{"image_path": "/home/hyem/workspace/frankmocap_notebooks/images/IODxDxX7oi/scene_00003164.jpg", "body_bbox_list": [[350, 494, 577, 148]], "hand_bbox_list": [{"left_hand": [800.1983642578125, 630.8959350585938, 99.17822265625, 38.865234375], "right_hand": [377.4571838378906, 639.3778686523438, 106.35919189453125, 38.91595458984375]}]}