{"image_path": "/home/hyem/workspace/frankmocap_notebooks/images/IODxDxX7oi/scene_00005464.jpg", "body_bbox_list": [[155, 89, 910, 514]], "hand_bbox_list": [{"left_hand": null, "right_hand": [164.37271118164062, 585.78564453125, 167.8822021484375, 60.6715087890625]}]}