{"image_path": "/home/hyem/workspace/frankmocap_notebooks/images/IODxDxX7oi/scene_00001074.jpg", "body_bbox_list": [[101, 300, 991, 346]], "hand_bbox_list": [{"left_hand": null, "right_hand": [280.7713928222656, 638.2958374023438, 131.39718627929688, 45.708984375]}]}