{"image_path": "/home/hyem/workspace/frankmocap_notebooks/images/IODxDxX7oi/scene_00002207.jpg", "body_bbox_list": [[182, 235, 699, 414], [631, 334, 476, 210]], "hand_bbox_list": [{"left_hand": null, "right_hand": [297.0411071777344, 639.5985107421875, 129.53353881835938, 42.57012939453125]}, {"left_hand": null, "right_hand": null}]}