{"image_path": "/home/hyem/workspace/frankmocap_notebooks/images/IODxDxX7oi/scene_00002400.jpg", "body_bbox_list": [[197, 359, 371, 278], [165, 362, 457, 80]], "hand_bbox_list": [{"left_hand": [451.4627990722656, 628.2504272460938, 128.71591186523438, 51.533203125], "right_hand": null}, {"left_hand": null, "right_hand": null}]}