{"image_path": "/home/hyem/workspace/frankmocap_notebooks/images/IODxDxX7oi/scene_00001896.jpg", "body_bbox_list": [[432, 216, 402, 440]], "hand_bbox_list": [{"left_hand": [776.6546630859375, 624.2214965820312, 107.68707275390625, 41.69140625], "right_hand": [392.74639892578125, 633.870849609375, 121.59088134765625, 40.1689453125]}]}