{"image_path": "/home/hyem/workspace/frankmocap_notebooks/images/IODxDxX7oi/scene_00001972.jpg", "body_bbox_list": [[93, 216, 422, 440], [896, 199, 199, 457]], "hand_bbox_list": [{"left_hand": [443.57464599609375, 625.9423217773438, 118.13555908203125, 40.3057861328125], "right_hand": [63.5172233581543, 633.5499267578125, 120.89793395996094, 40.26495361328125]}, {"left_hand": [997.3004760742188, 631.7420654296875, 97.41888427734375, 42.308349609375], "right_hand": [906.9017333984375, 635.1172485351562, 95.48516845703125, 40.5499267578125]}]}