{"image_path": "/home/hyem/workspace/frankmocap_notebooks/images/IODxDxX7oi/scene_00001036.jpg", "body_bbox_list": [[142, 257, 712, 403]], "hand_bbox_list": [{"left_hand": [280.9212341308594, 638.9796142578125, 130.55184936523438, 44.93035888671875], "right_hand": null}]}