{"image_path": "/home/hyem/workspace/frankmocap_notebooks/images/IODxDxX7oi/scene_00000740.jpg", "body_bbox_list": [[300, 328, 693, 210]], "hand_bbox_list": [{"left_hand": null, "right_hand": [581.3013916015625, 499.0548400878906, 124.7828369140625, 57.594390869140625]}]}