{"image_path": "/home/hyem/workspace/frankmocap_notebooks/images/IODxDxX7oi/scene_00001420.jpg", "body_bbox_list": [[102, 205, 601, 457]], "hand_bbox_list": [{"left_hand": [163.03790283203125, 636.4251098632812, 155.40219116210938, 51.65106201171875], "right_hand": null}]}