{"image_path": "/home/hyem/workspace/frankmocap_notebooks/images/IODxDxX7oi/scene_00001837.jpg", "body_bbox_list": [[414, 488, 432, 161]], "hand_bbox_list": [{"left_hand": [774.1347045898438, 626.9857788085938, 115.35235595703125, 39.93084716796875], "right_hand": [392.2118225097656, 635.5514526367188, 126.20565795898438, 38.38043212890625]}]}