{"image_path": "/home/hyem/workspace/frankmocap_notebooks/images/IODxDxX7oi/scene_00002163.jpg", "body_bbox_list": [[182, 234, 699, 421], [637, 339, 470, 205], [228, 234, 191, 432]], "hand_bbox_list": [{"left_hand": null, "right_hand": [295.543701171875, 639.7064208984375, 133.06436157226562, 43.5537109375]}, {"left_hand": null, "right_hand": null}, {"left_hand": [295.543701171875, 639.7064208984375, 133.06436157226562, 43.5537109375], "right_hand": null}]}