{"image_path": "/home/hyem/workspace/frankmocap_notebooks/images/IODxDxX7oi/scene_00000640.jpg", "body_bbox_list": [[425, 275, 180, 243], [967, 393, 148, 137]], "hand_bbox_list": [{"left_hand": null, "right_hand": [430.3079833984375, 492.8211364746094, 208.738525390625, 105.95132446289062]}, {"left_hand": null, "right_hand": null}]}