{"image_path": "/home/hyem/workspace/frankmocap_notebooks/images/IODxDxX7oi/scene_00002785.jpg", "body_bbox_list": [[413, 381, 440, 267]], "hand_bbox_list": [{"left_hand": [773.5513916015625, 626.8800659179688, 115.7872314453125, 40.26885986328125], "right_hand": [392.46539306640625, 635.5690307617188, 126.93548583984375, 38.3284912109375]}]}