{"image_path": "/home/hyem/workspace/frankmocap_notebooks/images/IODxDxX7oi/scene_00000544.jpg", "body_bbox_list": [[677, 168, 440, 390]], "hand_bbox_list": [{"left_hand": [707.2686157226562, 560.0599365234375, 167.0838623046875, 86.23089599609375], "right_hand": null}]}