{"image_path": "/home/hyem/workspace/frankmocap_notebooks/images/IODxDxX7oi/scene_00000515.jpg", "body_bbox_list": [[740, 84, 61, 495]], "hand_bbox_list": [{"left_hand": [711.9447631835938, 571.5260620117188, 159.9171142578125, 86.26824951171875], "right_hand": null}]}