{"image_path": "/home/hyem/workspace/frankmocap_notebooks/images/IODxDxX7oi/scene_00005692.jpg", "body_bbox_list": [[125, 265, 718, 370]], "hand_bbox_list": [{"left_hand": [281.2020568847656, 640.6629638671875, 128.21011352539062, 43.67608642578125], "right_hand": null}]}