{"image_path": "/home/hyem/workspace/frankmocap_notebooks/images/IODxDxX7oi/scene_00003563.jpg", "body_bbox_list": [[389, 452, 471, 199]], "hand_bbox_list": [{"left_hand": [774.4620971679688, 628.2017211914062, 111.60455322265625, 37.681640625], "right_hand": [390.1350402832031, 635.1758422851562, 122.38394165039062, 38.7313232421875]}]}