{"image_path": "/home/hyem/workspace/frankmocap_notebooks/images/IODxDxX7oi/scene_00002614.jpg", "body_bbox_list": [[142, 352, 723, 303]], "hand_bbox_list": [{"left_hand": [161.37547302246094, 631.0108032226562, 120.75624084472656, 43.38055419921875], "right_hand": [161.37547302246094, 631.0108032226562, 120.75624084472656, 43.38055419921875]}]}