{"image_path": "/home/hyem/workspace/frankmocap_notebooks/images/IODxDxX7oi/scene_00005932.jpg", "body_bbox_list": [[177, 493, 799, 173]], "hand_bbox_list": [{"left_hand": [550.6907958984375, 663.1433715820312, 126.98260498046875, 43.1075439453125], "right_hand": null}]}