{"image_path": "/home/hyem/workspace/frankmocap_notebooks/images/IODxDxX7oi/scene_00005658.jpg", "body_bbox_list": [[85, 476, 612, 173]], "hand_bbox_list": [{"left_hand": [285.2917175292969, 642.1698608398438, 127.34445190429688, 40.75567626953125], "right_hand": null}]}