{"image_path": "/home/hyem/workspace/frankmocap_notebooks/images/IODxDxX7oi/scene_00002472.jpg", "body_bbox_list": [[164, 306, 712, 327], [642, 334, 471, 204]], "hand_bbox_list": [{"left_hand": [451.7783508300781, 625.7025756835938, 125.11605834960938, 54.26226806640625], "right_hand": null}, {"left_hand": null, "right_hand": null}]}