{"image_path": "/home/hyem/workspace/frankmocap_notebooks/images/IODxDxX7oi/scene_00001831.jpg", "body_bbox_list": [[413, 405, 446, 248]], "hand_bbox_list": [{"left_hand": [778.9049682617188, 627.7976684570312, 104.07586669921875, 38.8419189453125], "right_hand": [392.760986328125, 635.5931396484375, 126.27459716796875, 38.1881103515625]}]}