{"image_path": "/home/hyem/workspace/frankmocap_notebooks/images/IODxDxX7oi/scene_00005492.jpg", "body_bbox_list": [[159, 281, 712, 378]], "hand_bbox_list": [{"left_hand": [281.1815185546875, 639.0130004882812, 130.13250732421875, 44.706787109375], "right_hand": [281.1815185546875, 639.0130004882812, 130.13250732421875, 44.706787109375]}]}