{"image_path": "/home/hyem/workspace/frankmocap_notebooks/images/IODxDxX7oi/scene_00002684.jpg", "body_bbox_list": [[139, 463, 279, 205]], "hand_bbox_list": [{"left_hand": [164.01385498046875, 631.81298828125, 121.8447265625, 43.37835693359375], "right_hand": [164.01385498046875, 631.81298828125, 121.8447265625, 43.37835693359375]}]}