{"image_path": "/home/hyem/workspace/frankmocap_notebooks/images/IODxDxX7oi/scene_00006140.jpg", "body_bbox_list": [[247, 219, 389, 254], [847, 270, 286, 248], [946, 279, 99, 50]], "hand_bbox_list": [{"left_hand": [405.39093017578125, 459.98162841796875, 78.35855102539062, 32.80767822265625], "right_hand": [277.7146301269531, 411.1436767578125, 62.21282958984375, 39.333221435546875]}, {"left_hand": [852.870849609375, 259.6617736816406, 29.74652099609375, 24.134002685546875], "right_hand": [852.870849609375, 259.6617736816406, 29.74652099609375, 24.134002685546875]}, {"left_hand": null, "right_hand": [1023.51953125, 258.5727233886719, 21.5469970703125, 21.384735107421875]}]}