{"image_path": "/home/hyem/workspace/frankmocap_notebooks/images/IODxDxX7oi/scene_00003337.jpg", "body_bbox_list": [[377, 500, 253, 148]], "hand_bbox_list": [{"left_hand": null, "right_hand": [377.474609375, 639.431640625, 103.24630737304688, 38.97821044921875]}]}