{"image_path": "/home/hyem/workspace/frankmocap_notebooks/images/IODxDxX7oi/scene_00001190.jpg", "body_bbox_list": [[80, 458, 723, 192]], "hand_bbox_list": [{"left_hand": [285.3296813964844, 641.2916259765625, 127.42111206054688, 41.74700927734375], "right_hand": null}]}