{"image_path": "/home/hyem/workspace/frankmocap_notebooks/images/IODxDxX7oi/scene_00005793.jpg", "body_bbox_list": [[133, 162, 774, 525], [543, 392, 286, 172]], "hand_bbox_list": [{"left_hand": [419.2383117675781, 661.9144287109375, 135.72006225585938, 50.22125244140625], "right_hand": [155.0275421142578, 650.911376953125, 128.7909698486328, 44.8355712890625]}, {"left_hand": null, "right_hand": null}]}