{"image_path": "/home/hyem/workspace/frankmocap_notebooks/images/IODxDxX7oi/scene_00001988.jpg", "body_bbox_list": [[75, 405, 452, 248], [829, 347, 322, 302]], "hand_bbox_list": [{"left_hand": [444.506103515625, 627.2122192382812, 117.1817626953125, 38.92852783203125], "right_hand": [61.5208740234375, 634.6521606445312, 123.0364990234375, 38.95147705078125]}, {"left_hand": [998.7393188476562, 629.9476318359375, 97.70989990234375, 44.29638671875], "right_hand": [905.6351318359375, 634.6090087890625, 96.22930908203125, 40.94964599609375]}]}