{"image_path": "/home/hyem/workspace/frankmocap_notebooks/images/IODxDxX7oi/scene_00002793.jpg", "body_bbox_list": [[432, 252, 402, 402]], "hand_bbox_list": [{"left_hand": [774.423828125, 627.9785766601562, 109.982177734375, 38.71966552734375], "right_hand": [392.5301208496094, 636.196533203125, 122.52194213867188, 37.886474609375]}]}