{"image_path": "/home/hyem/workspace/frankmocap_notebooks/images/IODxDxX7oi/scene_00003694.jpg", "body_bbox_list": [[419, 222, 422, 433]], "hand_bbox_list": [{"left_hand": [772.5076293945312, 626.0722045898438, 118.1217041015625, 40.80389404296875], "right_hand": [391.15106201171875, 634.5897216796875, 119.483154296875, 40.06787109375]}]}