{"image_path": "/home/hyem/workspace/frankmocap_notebooks/images/IODxDxX7oi/scene_00005418.jpg", "body_bbox_list": [[199, 240, 576, 409], [174, 242, 136, 354]], "hand_bbox_list": [{"left_hand": [598.2017211914062, 622.0382690429688, 170.4390869140625, 70.7720947265625], "right_hand": null}, {"left_hand": null, "right_hand": [166.83441162109375, 579.376708984375, 167.26028442382812, 59.06597900390625]}]}