{"image_path": "/home/hyem/workspace/frankmocap_notebooks/images/IODxDxX7oi/scene_00002945.jpg", "body_bbox_list": [[463, 269, 334, 379], [607, 308, 136, 31]], "hand_bbox_list": [{"left_hand": [741.6019897460938, 625.2239990234375, 111.055419921875, 42.2874755859375], "right_hand": [413.7586669921875, 631.4259643554688, 132.67095947265625, 41.10321044921875]}, {"left_hand": null, "right_hand": null}]}