{"image_path": "/home/hyem/workspace/frankmocap_notebooks/images/IODxDxX7oi/scene_00004844.jpg", "body_bbox_list": [[86, 464, 712, 186]], "hand_bbox_list": [{"left_hand": [284.6087646484375, 640.9141235351562, 127.31484985351562, 42.22607421875], "right_hand": null}]}