{"image_path": "/home/hyem/workspace/frankmocap_notebooks/images/IODxDxX7oi/scene_00002607.jpg", "body_bbox_list": [[157, 405, 254, 253], [265, 410, 112, 243]], "hand_bbox_list": [{"left_hand": [162.419189453125, 631.1522827148438, 117.71044921875, 43.380615234375], "right_hand": null}, {"left_hand": null, "right_hand": [162.419189453125, 631.1522827148438, 117.71044921875, 43.380615234375]}]}