{"image_path": "/home/hyem/workspace/frankmocap_notebooks/images/IODxDxX7oi/scene_00004896.jpg", "body_bbox_list": [[84, 358, 1008, 286]], "hand_bbox_list": [{"left_hand": [283.7320251464844, 640.5478515625, 129.09649658203125, 42.07537841796875], "right_hand": null}]}