{"image_path": "/home/hyem/workspace/frankmocap_notebooks/images/IODxDxX7oi/scene_00001865.jpg", "body_bbox_list": [[422, 482, 112, 161], [559, 459, 80, 55]], "hand_bbox_list": [{"left_hand": null, "right_hand": [391.93988037109375, 635.3659057617188, 126.80816650390625, 38.49066162109375]}, {"left_hand": null, "right_hand": null}]}