{"image_path": "/home/hyem/workspace/frankmocap_notebooks/images/IODxDxX7oi/scene_00006086.jpg", "body_bbox_list": [[224, 255, 278, 210], [854, 227, 137, 216]], "hand_bbox_list": [{"left_hand": [448.541259765625, 430.24359130859375, 48.489593505859375, 33.205963134765625], "right_hand": [178.99440002441406, 453.493408203125, 72.85694885253906, 32.240509033203125]}, {"left_hand": null, "right_hand": [894.1552124023438, 227.7511444091797, 30.471923828125, 81.16905212402344]}]}