{"image_path": "/home/hyem/workspace/frankmocap_notebooks/images/IODxDxX7oi/scene_00002453.jpg", "body_bbox_list": [[147, 370, 742, 267]], "hand_bbox_list": [{"left_hand": [452.037353515625, 632.1615600585938, 122.81005859375, 47.2769775390625], "right_hand": null}]}