{"image_path": "/home/hyem/workspace/frankmocap_notebooks/images/IODxDxX7oi/scene_00003691.jpg", "body_bbox_list": [[419, 252, 422, 402]], "hand_bbox_list": [{"left_hand": [772.6205444335938, 626.659912109375, 118.07427978515625, 39.84832763671875], "right_hand": [390.51025390625, 633.7858276367188, 122.415771484375, 40.3924560546875]}]}