{"image_path": "/home/hyem/workspace/frankmocap_notebooks/images/IODxDxX7oi/scene_00002860.jpg", "body_bbox_list": [[395, 381, 465, 273]], "hand_bbox_list": [{"left_hand": [773.7587280273438, 626.9825439453125, 115.560546875, 39.7725830078125], "right_hand": [389.8946838378906, 635.2960815429688, 123.14382934570312, 38.54998779296875]}]}