{"image_path": "/home/hyem/workspace/frankmocap_notebooks/images/IODxDxX7oi/scene_00003870.jpg", "body_bbox_list": [[112, 364, 755, 167], [191, 358, 248, 297], [619, 411, 489, 129]], "hand_bbox_list": [{"left_hand": null, "right_hand": null}, {"left_hand": [306.2859191894531, 629.3355102539062, 132.51602172851562, 53.4525146484375], "right_hand": null}, {"left_hand": null, "right_hand": null}]}