{"image_path": "/home/hyem/workspace/frankmocap_notebooks/images/IODxDxX7oi/scene_00002410.jpg", "body_bbox_list": [[161, 465, 674, 167]], "hand_bbox_list": [{"left_hand": [451.0612487792969, 629.1528930664062, 129.35897827148438, 50.91094970703125], "right_hand": null}]}