{"image_path": "/home/hyem/workspace/frankmocap_notebooks/images/IODxDxX7oi/scene_00004514.jpg", "body_bbox_list": [[177, 215, 929, 470], [690, 224, 397, 496]], "hand_bbox_list": [{"left_hand": null, "right_hand": null}, {"left_hand": [863.9729614257812, 642.5083618164062, 86.0987548828125, 74.316162109375], "right_hand": null}]}