{"image_path": "/home/hyem/workspace/frankmocap_notebooks/images/IODxDxX7oi/scene_00005328.jpg", "body_bbox_list": [[122, 78, 921, 508], [489, 106, 259, 514], [757, 214, 303, 253]], "hand_bbox_list": [{"left_hand": null, "right_hand": [169.64442443847656, 570.437744140625, 165.7574005126953, 58.43084716796875]}, {"left_hand": [588.7945556640625, 608.6228637695312, 174.76580810546875, 73.40472412109375], "right_hand": null}, {"left_hand": null, "right_hand": null}]}