{"image_path": "/home/hyem/workspace/frankmocap_notebooks/images/IODxDxX7oi/scene_00003650.jpg", "body_bbox_list": [[431, 493, 173, 156], [434, 494, 99, 143]], "hand_bbox_list": [{"left_hand": null, "right_hand": [390.2959899902344, 634.2808227539062, 121.10183715820312, 39.77203369140625]}, {"left_hand": [390.2959899902344, 634.2808227539062, 121.10183715820312, 39.77203369140625], "right_hand": null}]}