{"image_path": "/home/hyem/workspace/frankmocap_notebooks/images/IODxDxX7oi/scene_00002964.jpg", "body_bbox_list": [[465, 210, 297, 446]], "hand_bbox_list": [{"left_hand": null, "right_hand": [413.217529296875, 631.5234985351562, 131.91375732421875, 40.96173095703125]}]}