{"image_path": "/home/hyem/workspace/frankmocap_notebooks/images/IODxDxX7oi/scene_00001237.jpg", "body_bbox_list": [[96, 405, 359, 242]], "hand_bbox_list": [{"left_hand": [283.8735046386719, 640.3088989257812, 129.7327880859375, 42.48162841796875], "right_hand": null}]}