{"image_path": "/home/hyem/workspace/frankmocap_notebooks/images/IODxDxX7oi/scene_00001145.jpg", "body_bbox_list": [[107, 265, 984, 365], [586, 334, 476, 210], [293, 352, 123, 303]], "hand_bbox_list": [{"left_hand": [281.6855163574219, 641.421142578125, 128.2301025390625, 42.86578369140625], "right_hand": null}, {"left_hand": null, "right_hand": null}, {"left_hand": null, "right_hand": [281.6855163574219, 641.421142578125, 128.2301025390625, 42.86578369140625]}]}