{"image_path": "/home/hyem/workspace/frankmocap_notebooks/images/IODxDxX7oi/scene_00005067.jpg", "body_bbox_list": [[192, 318, 736, 180], [705, 357, 441, 186], [240, 322, 173, 335]], "hand_bbox_list": [{"left_hand": null, "right_hand": null}, {"left_hand": null, "right_hand": null}, {"left_hand": [294.6031799316406, 636.7754516601562, 133.41055297851562, 46.0311279296875], "right_hand": null}]}