{"image_path": "/home/hyem/workspace/frankmocap_notebooks/images/IODxDxX7oi/scene_00001159.jpg", "body_bbox_list": [[113, 269, 983, 390], [586, 328, 476, 216]], "hand_bbox_list": [{"left_hand": [281.5056457519531, 641.5383911132812, 128.12576293945312, 42.8929443359375], "right_hand": [281.5056457519531, 641.5383911132812, 128.12576293945312, 42.8929443359375]}, {"left_hand": null, "right_hand": null}]}