{"image_path": "/home/hyem/workspace/frankmocap_notebooks/images/IODxDxX7oi/scene_00002357.jpg", "body_bbox_list": [[156, 501, 414, 129]], "hand_bbox_list": [{"left_hand": [454.7613525390625, 626.8649291992188, 121.819580078125, 52.66650390625], "right_hand": null}]}