{"image_path": "/home/hyem/workspace/frankmocap_notebooks/images/IODxDxX7oi/scene_00000864.jpg", "body_bbox_list": [[555, 165, 297, 441]], "hand_bbox_list": [{"left_hand": [811.9987182617188, 563.2284545898438, 108.87744140625, 57.13818359375], "right_hand": [550.9295043945312, 595.0358276367188, 103.9810791015625, 63.831787109375]}]}