{"image_path": "/home/hyem/workspace/frankmocap_notebooks/images/IODxDxX7oi/scene_00006187.jpg", "body_bbox_list": [[823, 164, 346, 359], [127, 255, 292, 210], [125, 300, 93, 80], [415, 319, 25, 26]], "hand_bbox_list": [{"left_hand": [770.4769287109375, 341.0200500488281, 74.1468505859375, 78.0889892578125], "right_hand": null}, {"left_hand": [340.0175476074219, 430.76947021484375, 128.88943481445312, 48.91693115234375], "right_hand": [318.75244140625, 437.3275451660156, 92.84146118164062, 44.106719970703125]}, {"left_hand": null, "right_hand": null}, {"left_hand": null, "right_hand": null}]}