{"image_path": "/home/hyem/workspace/frankmocap_notebooks/images/IODxDxX7oi/scene_00002639.jpg", "body_bbox_list": [[164, 246, 712, 403], [602, 334, 495, 204]], "hand_bbox_list": [{"left_hand": [158.83212280273438, 632.5647583007812, 120.97280883789062, 42.04241943359375], "right_hand": null}, {"left_hand": null, "right_hand": null}]}