{"image_path": "/home/hyem/workspace/frankmocap_notebooks/images/IODxDxX7oi/scene_00006040.jpg", "body_bbox_list": [[260, 246, 335, 267], [933, 290, 137, 286]], "hand_bbox_list": [{"left_hand": [389.2239685058594, 459.521728515625, 64.50369262695312, 28.67633056640625], "right_hand": [389.2239685058594, 459.521728515625, 64.50369262695312, 28.67633056640625]}, {"left_hand": null, "right_hand": null}]}