{"image_path": "/home/hyem/workspace/frankmocap_notebooks/images/IODxDxX7oi/scene_00001025.jpg", "body_bbox_list": [[110, 399, 303, 254]], "hand_bbox_list": [{"left_hand": [283.6029052734375, 639.7720947265625, 129.56869506835938, 43.1094970703125], "right_hand": null}]}