{"image_path": "/home/hyem/workspace/frankmocap_notebooks/images/IODxDxX7oi/scene_00000817.jpg", "body_bbox_list": [[432, 383, 508, 224], [583, 439, 156, 129]], "hand_bbox_list": [{"left_hand": null, "right_hand": null}, {"left_hand": null, "right_hand": [574.5606689453125, 563.01318359375, 105.35870361328125, 56.99871826171875]}]}