{"image_path": "/home/hyem/workspace/frankmocap_notebooks/images/IODxDxX7oi/scene_00005218.jpg", "body_bbox_list": [[180, 327, 129, 235]], "hand_bbox_list": [{"left_hand": null, "right_hand": [175.43069458007812, 558.5870971679688, 161.3182373046875, 56.1651611328125]}]}