{"image_path": "/home/hyem/workspace/frankmocap_notebooks/images/IODxDxX7oi/scene_00004815.jpg", "body_bbox_list": [[193, 246, 706, 414], [648, 334, 476, 216]], "hand_bbox_list": [{"left_hand": [282.2856140136719, 639.6852416992188, 128.844482421875, 44.2025146484375], "right_hand": null}, {"left_hand": null, "right_hand": null}]}