{"image_path": "/home/hyem/workspace/frankmocap_notebooks/images/IODxDxX7oi/scene_00006064.jpg", "body_bbox_list": [[836, 242, 173, 253], [173, 372, 278, 88]], "hand_bbox_list": [{"left_hand": [901.181396484375, 261.474365234375, 38.251708984375, 40.46929931640625], "right_hand": [830.0756225585938, 461.2113037109375, 33.20526123046875, 35.72528076171875]}, {"left_hand": null, "right_hand": [116.50534057617188, 463.26422119140625, 80.92967224121094, 31.2913818359375]}]}