{"image_path": "/home/hyem/workspace/frankmocap_notebooks/images/IODxDxX7oi/scene_00004190.jpg", "body_bbox_list": [[212, 458, 397, 186]], "hand_bbox_list": [{"left_hand": [307.18280029296875, 633.1891479492188, 135.12911987304688, 48.5269775390625], "right_hand": null}]}