{"image_path": "/home/hyem/workspace/frankmocap_notebooks/images/IODxDxX7oi/scene_00003381.jpg", "body_bbox_list": [[383, 235, 500, 414]], "hand_bbox_list": [{"left_hand": [796.7047119140625, 625.3014526367188, 103.4259033203125, 43.9571533203125], "right_hand": [379.7799987792969, 638.4320068359375, 103.04986572265625, 40.3431396484375]}]}