{"image_path": "/home/hyem/workspace/frankmocap_notebooks/images/IODxDxX7oi/scene_00003336.jpg", "body_bbox_list": [[377, 500, 248, 148]], "hand_bbox_list": [{"left_hand": null, "right_hand": [377.4220886230469, 639.3173217773438, 103.16555786132812, 39.10546875]}]}