{"image_path": "/home/hyem/workspace/frankmocap_notebooks/images/IODxDxX7oi/scene_00002479.jpg", "body_bbox_list": [[164, 306, 712, 327], [642, 334, 471, 204]], "hand_bbox_list": [{"left_hand": [451.8138122558594, 625.62060546875, 125.05111694335938, 54.3260498046875], "right_hand": null}, {"left_hand": null, "right_hand": null}]}