{"image_path": "/home/hyem/workspace/frankmocap_notebooks/images/IODxDxX7oi/scene_00000444.jpg", "body_bbox_list": [[459, 0, 427, 626]], "hand_bbox_list": [{"left_hand": [805.8085327148438, 616.6199951171875, 172.76416015625, 101.54046630859375], "right_hand": null}]}