{"image_path": "/home/hyem/workspace/frankmocap_notebooks/images/IODxDxX7oi/scene_00004186.jpg", "body_bbox_list": [[213, 458, 384, 186]], "hand_bbox_list": [{"left_hand": [311.4971618652344, 635.735595703125, 126.07403564453125, 44.75018310546875], "right_hand": null}]}