{"image_path": "/home/hyem/workspace/frankmocap_notebooks/images/IODxDxX7oi/scene_00001493.jpg", "body_bbox_list": [[73, 205, 1108, 457]], "hand_bbox_list": [{"left_hand": [163.5157470703125, 636.5722045898438, 155.18267822265625, 51.69775390625], "right_hand": null}]}