{"image_path": "/home/hyem/workspace/frankmocap_notebooks/images/IODxDxX7oi/scene_00000600.jpg", "body_bbox_list": [[45, 136, 253, 229], [676, 35, 99, 476]], "hand_bbox_list": [{"left_hand": null, "right_hand": null}, {"left_hand": [655.3820190429688, 479.0635681152344, 159.07550048828125, 68.71047973632812], "right_hand": null}]}