{"image_path": "/home/hyem/workspace/frankmocap_notebooks/images/IODxDxX7oi/scene_00001285.jpg", "body_bbox_list": [[141, 488, 354, 161]], "hand_bbox_list": [{"left_hand": [284.6708984375, 641.412841796875, 127.81771850585938, 41.5865478515625], "right_hand": null}]}