{"image_path": "/home/hyem/workspace/frankmocap_notebooks/images/IODxDxX7oi/scene_00000548.jpg", "body_bbox_list": [[229, 327, 785, 370]], "hand_bbox_list": [{"left_hand": null, "right_hand": [289.446044921875, 689.7283935546875, 194.335205078125, 27.37945556640625]}]}