{"image_path": "/home/hyem/workspace/frankmocap_notebooks/images/IODxDxX7oi/scene_00005408.jpg", "body_bbox_list": [[179, 23, 767, 601]], "hand_bbox_list": [{"left_hand": [598.3670043945312, 621.217041015625, 170.016845703125, 71.1436767578125], "right_hand": null}]}