{"image_path": "/home/hyem/workspace/frankmocap_notebooks/images/IODxDxX7oi/scene_00002943.jpg", "body_bbox_list": [[457, 305, 346, 346]], "hand_bbox_list": [{"left_hand": [741.2117919921875, 625.4476318359375, 111.28057861328125, 42.04766845703125], "right_hand": [413.8377380371094, 631.036376953125, 132.78536987304688, 41.5166015625]}]}