{"image_path": "/home/hyem/workspace/frankmocap_notebooks/images/IODxDxX7oi/scene_00001051.jpg", "body_bbox_list": [[159, 248, 712, 224], [625, 334, 465, 204], [317, 329, 80, 321]], "hand_bbox_list": [{"left_hand": null, "right_hand": null}, {"left_hand": null, "right_hand": null}, {"left_hand": null, "right_hand": [284.45013427734375, 640.9872436523438, 127.5531005859375, 41.51837158203125]}]}