{"image_path": "/home/hyem/workspace/frankmocap_notebooks/images/IODxDxX7oi/scene_00001277.jpg", "body_bbox_list": [[135, 428, 1002, 123], [637, 437, 481, 161], [175, 423, 235, 223]], "hand_bbox_list": [{"left_hand": null, "right_hand": null}, {"left_hand": null, "right_hand": null}, {"left_hand": [279.1729431152344, 639.4029541015625, 136.04266357421875, 46.6436767578125], "right_hand": null}]}