{"image_path": "/home/hyem/workspace/frankmocap_notebooks/images/IODxDxX7oi/scene_00002572.jpg", "body_bbox_list": [[136, 363, 712, 297]], "hand_bbox_list": [{"left_hand": [157.3206787109375, 633.9607543945312, 122.52426147460938, 41.11053466796875], "right_hand": [157.3206787109375, 633.9607543945312, 122.52426147460938, 41.11053466796875]}]}