{"image_path": "/home/hyem/workspace/frankmocap_notebooks/images/IODxDxX7oi/scene_00000801.jpg", "body_bbox_list": [[414, 337, 544, 248]], "hand_bbox_list": [{"left_hand": [763.8870849609375, 521.311767578125, 92.02093505859375, 44.296142578125], "right_hand": [570.20458984375, 568.886474609375, 107.77923583984375, 58.86279296875]}]}