{"image_path": "/home/hyem/workspace/frankmocap_notebooks/images/IODxDxX7oi/scene_00002289.jpg", "body_bbox_list": [[141, 287, 972, 371]], "hand_bbox_list": [{"left_hand": [297.5400695800781, 640.9878540039062, 130.8193359375, 41.9150390625], "right_hand": null}]}