{"image_path": "/home/hyem/workspace/frankmocap_notebooks/images/IODxDxX7oi/scene_00002151.jpg", "body_bbox_list": [[181, 243, 707, 229], [637, 339, 470, 205], [358, 246, 50, 403]], "hand_bbox_list": [{"left_hand": null, "right_hand": null}, {"left_hand": null, "right_hand": null}, {"left_hand": null, "right_hand": [295.576904296875, 639.6445922851562, 132.95263671875, 43.593505859375]}]}