{"image_path": "/home/hyem/workspace/frankmocap_notebooks/images/IODxDxX7oi/scene_00004959.jpg", "body_bbox_list": [[172, 500, 292, 142], [612, 498, 508, 56]], "hand_bbox_list": [{"left_hand": [295.2180480957031, 645.9225463867188, 133.32086181640625, 37.25518798828125], "right_hand": null}, {"left_hand": null, "right_hand": null}]}