{"image_path": "/home/hyem/workspace/frankmocap_notebooks/images/IODxDxX7oi/scene_00005407.jpg", "body_bbox_list": [[269, 11, 767, 619]], "hand_bbox_list": [{"left_hand": [598.433837890625, 620.7021484375, 169.75262451171875, 71.47723388671875], "right_hand": [166.54148864746094, 578.6902465820312, 169.43190002441406, 60.44122314453125]}]}