{"image_path": "/home/hyem/workspace/frankmocap_notebooks/images/IODxDxX7oi/scene_00003235.jpg", "body_bbox_list": [[376, 299, 519, 359]], "hand_bbox_list": [{"left_hand": [799.8143920898438, 631.1797485351562, 98.3790283203125, 39.44781494140625], "right_hand": [377.6680908203125, 638.8465576171875, 109.21759033203125, 40.0135498046875]}]}