{"image_path": "/home/hyem/workspace/frankmocap_notebooks/images/IODxDxX7oi/scene_00003373.jpg", "body_bbox_list": [[376, 304, 519, 354]], "hand_bbox_list": [{"left_hand": [797.2385864257812, 625.9829711914062, 104.26165771484375, 42.5013427734375], "right_hand": [376.6087951660156, 639.0640869140625, 106.00070190429688, 39.725830078125]}]}