{"image_path": "/home/hyem/workspace/frankmocap_notebooks/images/IODxDxX7oi/scene_00005037.jpg", "body_bbox_list": [[174, 500, 248, 137], [613, 515, 501, 61], [595, 515, 520, 50], [163, 530, 259, 99]], "hand_bbox_list": [{"left_hand": [297.9287109375, 643.0858764648438, 130.45562744140625, 39.20416259765625], "right_hand": null}, {"left_hand": null, "right_hand": null}, {"left_hand": null, "right_hand": null}, {"left_hand": null, "right_hand": null}]}