{"image_path": "/home/hyem/workspace/frankmocap_notebooks/images/IODxDxX7oi/scene_00005196.jpg", "body_bbox_list": [[567, 343, 148, 259]], "hand_bbox_list": [{"left_hand": null, "right_hand": [586.7650146484375, 596.9231567382812, 165.057861328125, 66.5478515625]}]}