{"image_path": "/home/hyem/workspace/frankmocap_notebooks/images/IODxDxX7oi/scene_00005611.jpg", "body_bbox_list": [[84, 358, 1002, 291]], "hand_bbox_list": [{"left_hand": [283.3229675292969, 639.7205200195312, 129.39288330078125, 42.957275390625], "right_hand": null}]}