{"image_path": "/home/hyem/workspace/frankmocap_notebooks/images/IODxDxX7oi/scene_00004451.jpg", "body_bbox_list": [[177, 290, 934, 421]], "hand_bbox_list": [{"left_hand": null, "right_hand": [319.05810546875, 580.4763793945312, 110.00039672851562, 133.90570068359375]}]}