{"image_path": "/home/hyem/workspace/frankmocap_notebooks/images/IODxDxX7oi/scene_00003256.jpg", "body_bbox_list": [[377, 500, 242, 148], [573, 498, 142, 50]], "hand_bbox_list": [{"left_hand": null, "right_hand": [377.1427307128906, 639.8734130859375, 104.90744018554688, 38.59759521484375]}, {"left_hand": null, "right_hand": null}]}