{"image_path": "/home/hyem/workspace/frankmocap_notebooks/images/IODxDxX7oi/scene_00004078.jpg", "body_bbox_list": [[636, 429, 489, 104], [227, 429, 210, 216]], "hand_bbox_list": [{"left_hand": null, "right_hand": null}, {"left_hand": [307.0721130371094, 631.8826904296875, 133.99240112304688, 50.4368896484375], "right_hand": null}]}