{"image_path": "/home/hyem/workspace/frankmocap_notebooks/images/IODxDxX7oi/scene_00006071.jpg", "body_bbox_list": [[855, 292, 124, 148], [233, 382, 74, 12]], "hand_bbox_list": [{"left_hand": [959.47900390625, 437.9540100097656, 21.71240234375, 20.35162353515625], "right_hand": null}, {"left_hand": null, "right_hand": null}]}