{"image_path": "/home/hyem/workspace/frankmocap_notebooks/images/IODxDxX7oi/scene_00003282.jpg", "body_bbox_list": [[351, 458, 569, 192]], "hand_bbox_list": [{"left_hand": [799.2904052734375, 630.9561157226562, 100.8233642578125, 39.22021484375], "right_hand": [376.5720520019531, 640.004150390625, 106.00372314453125, 38.276611328125]}]}