{"image_path": "/home/hyem/workspace/frankmocap_notebooks/images/IODxDxX7oi/scene_00005144.jpg", "body_bbox_list": [[188, 322, 457, 335], [677, 405, 457, 129]], "hand_bbox_list": [{"left_hand": [296.2966613769531, 638.8521118164062, 132.060791015625, 43.0186767578125], "right_hand": null}, {"left_hand": null, "right_hand": null}]}