{"image_path": "/home/hyem/workspace/frankmocap_notebooks/images/IODxDxX7oi/scene_00004737.jpg", "body_bbox_list": [[170, 264, 965, 389]], "hand_bbox_list": [{"left_hand": [282.79376220703125, 641.3650512695312, 127.62515258789062, 42.805908203125], "right_hand": null}]}