{"image_path": "/home/hyem/workspace/frankmocap_notebooks/images/IODxDxX7oi/scene_00003221.jpg", "body_bbox_list": [[388, 217, 495, 433]], "hand_bbox_list": [{"left_hand": [801.897705078125, 624.8602905273438, 97.14764404296875, 43.964111328125], "right_hand": [378.9135437011719, 639.363525390625, 109.74212646484375, 39.00628662109375]}]}