{"image_path": "/home/hyem/workspace/frankmocap_notebooks/images/IODxDxX7oi/scene_00005156.jpg", "body_bbox_list": [[175, 300, 983, 346]], "hand_bbox_list": [{"left_hand": [296.8711242675781, 637.2713623046875, 133.542724609375, 46.00091552734375], "right_hand": null}]}