{"image_path": "/home/hyem/workspace/frankmocap_notebooks/images/IODxDxX7oi/scene_00005930.jpg", "body_bbox_list": [[177, 481, 805, 191], [786, 544, 155, 31]], "hand_bbox_list": [{"left_hand": [548.4811401367188, 662.5716552734375, 128.0966796875, 43.553466796875], "right_hand": [265.5412292480469, 647.7622680664062, 129.90151977539062, 42.79034423828125]}, {"left_hand": null, "right_hand": null}]}