{"image_path": "/home/hyem/workspace/frankmocap_notebooks/images/IODxDxX7oi/scene_00005044.jpg", "body_bbox_list": [[164, 476, 353, 173], [577, 505, 533, 31]], "hand_bbox_list": [{"left_hand": [296.7373962402344, 643.7685546875, 133.88345336914062, 38.65771484375], "right_hand": null}, {"left_hand": null, "right_hand": null}]}