{"image_path": "/home/hyem/workspace/frankmocap_notebooks/images/IODxDxX7oi/scene_00000289.jpg", "body_bbox_list": [[343, 452, 726, 210]], "hand_bbox_list": [{"left_hand": [694.2168579101562, 655.99609375, 126.1024169921875, 45.50604248046875], "right_hand": [399.9113464355469, 644.76806640625, 122.14749145507812, 40.83502197265625]}]}