{"image_path": "/home/hyem/workspace/frankmocap_notebooks/images/IODxDxX7oi/scene_00002596.jpg", "body_bbox_list": [[152, 452, 259, 204]], "hand_bbox_list": [{"left_hand": null, "right_hand": [160.68946838378906, 631.5177001953125, 118.70878601074219, 43.65277099609375]}]}