{"image_path": "/home/hyem/workspace/frankmocap_notebooks/images/IODxDxX7oi/scene_00004026.jpg", "body_bbox_list": [[119, 493, 718, 156]], "hand_bbox_list": [{"left_hand": [309.55645751953125, 639.138916015625, 127.11325073242188, 41.651123046875], "right_hand": null}]}