{"image_path": "/home/hyem/workspace/frankmocap_notebooks/images/IODxDxX7oi/scene_00006178.jpg", "body_bbox_list": [[864, 272, 297, 311], [108, 202, 335, 260], [867, 358, 105, 44]], "hand_bbox_list": [{"left_hand": null, "right_hand": [967.5224609375, 335.0763244628906, 38.37786865234375, 42.95941162109375]}, {"left_hand": [369.1200256347656, 430.2116394042969, 112.1153564453125, 42.721649169921875], "right_hand": [322.9933776855469, 436.12249755859375, 147.20501708984375, 43.569091796875]}, {"left_hand": null, "right_hand": null}]}