{"image_path": "/home/hyem/workspace/frankmocap_notebooks/images/IODxDxX7oi/scene_00005147.jpg", "body_bbox_list": [[169, 305, 972, 341]], "hand_bbox_list": [{"left_hand": [295.9638671875, 638.7937622070312, 132.86392211914062, 43.109619140625], "right_hand": null}]}