{"image_path": "/home/hyem/workspace/frankmocap_notebooks/images/IODxDxX7oi/scene_00004135.jpg", "body_bbox_list": [[216, 441, 327, 210]], "hand_bbox_list": [{"left_hand": [307.4855651855469, 633.0316772460938, 134.63619995117188, 48.58795166015625], "right_hand": null}]}