{"image_path": "/home/hyem/workspace/frankmocap_notebooks/images/IODxDxX7oi/scene_00000405.jpg", "body_bbox_list": [[482, 239, 639, 422]], "hand_bbox_list": [{"left_hand": [807.0385131835938, 650.6354370117188, 134.86553955078125, 45.596923828125], "right_hand": [501.7488098144531, 634.6056518554688, 125.01980590820312, 44.34783935546875]}]}