{"image_path": "/home/hyem/workspace/frankmocap_notebooks/images/IODxDxX7oi/scene_00003002.jpg", "body_bbox_list": [[457, 488, 335, 172]], "hand_bbox_list": [{"left_hand": null, "right_hand": [412.8182067871094, 632.5523071289062, 128.45339965820312, 40.02435302734375]}]}