{"image_path": "/home/hyem/workspace/frankmocap_notebooks/images/IODxDxX7oi/scene_00002990.jpg", "body_bbox_list": [[439, 476, 365, 162]], "hand_bbox_list": [{"left_hand": [742.1961669921875, 625.1463623046875, 110.7103271484375, 42.56195068359375], "right_hand": [412.9666748046875, 632.2371826171875, 129.86273193359375, 40.5810546875]}]}