{"image_path": "/home/hyem/workspace/frankmocap_notebooks/images/IODxDxX7oi/scene_00003408.jpg", "body_bbox_list": [[446, 239, 441, 422]], "hand_bbox_list": [{"left_hand": [796.2523193359375, 625.343505859375, 104.33880615234375, 43.7862548828125], "right_hand": [404.89666748046875, 635.91552734375, 122.90509033203125, 37.8016357421875]}]}