{"image_path": "/home/hyem/workspace/frankmocap_notebooks/images/IODxDxX7oi/scene_00001479.jpg", "body_bbox_list": [[86, 205, 823, 451]], "hand_bbox_list": [{"left_hand": [163.62794494628906, 636.76904296875, 154.8635711669922, 51.56402587890625], "right_hand": null}]}