{"image_path": "/home/hyem/workspace/frankmocap_notebooks/images/IODxDxX7oi/scene_00003791.jpg", "body_bbox_list": [[159, 369, 723, 286]], "hand_bbox_list": [{"left_hand": [305.5476379394531, 632.1550903320312, 130.48281860351562, 50.84478759765625], "right_hand": null}]}