{"image_path": "/home/hyem/workspace/frankmocap_notebooks/images/IODxDxX7oi/scene_00003353.jpg", "body_bbox_list": [[553, 489, 340, 142]], "hand_bbox_list": [{"left_hand": [798.4323120117188, 631.16064453125, 100.36334228515625, 39.1407470703125], "right_hand": null}]}