{"image_path": "/home/hyem/workspace/frankmocap_notebooks/images/IODxDxX7oi/scene_00004807.jpg", "body_bbox_list": [[181, 246, 983, 408], [654, 327, 470, 224]], "hand_bbox_list": [{"left_hand": [282.3178405761719, 639.669677734375, 128.76220703125, 44.21246337890625], "right_hand": null}, {"left_hand": null, "right_hand": null}]}