{"image_path": "/home/hyem/workspace/frankmocap_notebooks/images/IODxDxX7oi/scene_00002682.jpg", "body_bbox_list": [[133, 457, 286, 211]], "hand_bbox_list": [{"left_hand": null, "right_hand": [163.73977661132812, 631.5731201171875, 120.26641845703125, 43.33197021484375]}]}