{"image_path": "/home/hyem/workspace/frankmocap_notebooks/images/IODxDxX7oi/scene_00003470.jpg", "body_bbox_list": [[432, 240, 402, 414]], "hand_bbox_list": [{"left_hand": [777.04443359375, 626.5790405273438, 112.35699462890625, 40.35174560546875], "right_hand": [393.6333923339844, 635.9551391601562, 120.23190307617188, 37.9774169921875]}]}