{"image_path": "/home/hyem/workspace/frankmocap_notebooks/images/IODxDxX7oi/scene_00004449.jpg", "body_bbox_list": [[159, 295, 959, 425], [438, 312, 384, 74]], "hand_bbox_list": [{"left_hand": [848.6665649414062, 591.112060546875, 104.179931640625, 119.51519775390625], "right_hand": [313.12225341796875, 595.71142578125, 114.40582275390625, 117.40081787109375]}, {"left_hand": null, "right_hand": null}]}