{"image_path": "/home/hyem/workspace/frankmocap_notebooks/images/IODxDxX7oi/scene_00004757.jpg", "body_bbox_list": [[181, 252, 712, 402], [642, 346, 471, 191]], "hand_bbox_list": [{"left_hand": [282.75311279296875, 640.999755859375, 128.6993408203125, 43.144287109375], "right_hand": [282.75311279296875, 640.999755859375, 128.6993408203125, 43.144287109375]}, {"left_hand": null, "right_hand": null}]}