{"image_path": "/home/hyem/workspace/frankmocap_notebooks/images/IODxDxX7oi/scene_00005229.jpg", "body_bbox_list": [[203, 87, 842, 422], [602, 195, 124, 409]], "hand_bbox_list": [{"left_hand": null, "right_hand": null}, {"left_hand": [585.7799072265625, 596.4976196289062, 169.177490234375, 72.793212890625], "right_hand": null}]}