{"image_path": "/home/hyem/workspace/frankmocap_notebooks/images/IODxDxX7oi/scene_00002711.jpg", "body_bbox_list": [[146, 369, 242, 291]], "hand_bbox_list": [{"left_hand": [163.0666961669922, 631.3619384765625, 116.63255310058594, 42.81634521484375], "right_hand": [163.0666961669922, 631.3619384765625, 116.63255310058594, 42.81634521484375]}]}