{"image_path": "/home/hyem/workspace/frankmocap_notebooks/images/IODxDxX7oi/scene_00004130.jpg", "body_bbox_list": [[192, 441, 465, 210]], "hand_bbox_list": [{"left_hand": [310.7237548828125, 637.4848022460938, 128.03903198242188, 42.598388671875], "right_hand": null}]}