{"image_path": "/home/hyem/workspace/frankmocap_notebooks/images/IODxDxX7oi/scene_00005805.jpg", "body_bbox_list": [[89, 292, 761, 389], [624, 399, 254, 142]], "hand_bbox_list": [{"left_hand": [428.5581359863281, 664.5316772460938, 137.39425659179688, 48.2293701171875], "right_hand": [166.4779510498047, 650.7531127929688, 123.99031066894531, 44.47479248046875]}, {"left_hand": null, "right_hand": null}]}