{"image_path": "/home/hyem/workspace/frankmocap_notebooks/images/IODxDxX7oi/scene_00002288.jpg", "body_bbox_list": [[156, 304, 273, 354]], "hand_bbox_list": [{"left_hand": [297.27337646484375, 641.7800903320312, 130.23419189453125, 41.2178955078125], "right_hand": null}]}