{"image_path": "/home/hyem/workspace/frankmocap_notebooks/images/IODxDxX7oi/scene_00001863.jpg", "body_bbox_list": [[421, 494, 148, 148]], "hand_bbox_list": [{"left_hand": null, "right_hand": [391.863037109375, 635.36669921875, 125.99365234375, 38.52386474609375]}]}