{"image_path": "/home/hyem/workspace/frankmocap_notebooks/images/IODxDxX7oi/scene_00003406.jpg", "body_bbox_list": [[446, 234, 441, 421]], "hand_bbox_list": [{"left_hand": [796.0797729492188, 625.4169311523438, 104.74383544921875, 43.96527099609375], "right_hand": [405.1713562011719, 636.0709228515625, 122.76327514648438, 37.59869384765625]}]}