{"image_path": "/home/hyem/workspace/frankmocap_notebooks/images/IODxDxX7oi/scene_00004025.jpg", "body_bbox_list": [[127, 493, 533, 156]], "hand_bbox_list": [{"left_hand": [309.6393737792969, 639.3806762695312, 126.85198974609375, 41.3460693359375], "right_hand": null}]}