{"image_path": "/home/hyem/workspace/frankmocap_notebooks/images/IODxDxX7oi/scene_00001154.jpg", "body_bbox_list": [[106, 263, 991, 397], [586, 328, 476, 216]], "hand_bbox_list": [{"left_hand": [281.58465576171875, 641.3945922851562, 128.16519165039062, 43.01495361328125], "right_hand": [281.58465576171875, 641.3945922851562, 128.16519165039062, 43.01495361328125]}, {"left_hand": null, "right_hand": null}]}