{"image_path": "/home/hyem/workspace/frankmocap_notebooks/images/IODxDxX7oi/scene_00004881.jpg", "body_bbox_list": [[92, 500, 316, 142]], "hand_bbox_list": [{"left_hand": [277.8413391113281, 646.462646484375, 134.05694580078125, 38.0797119140625], "right_hand": null}]}