{"image_path": "/home/hyem/workspace/frankmocap_notebooks/images/IODxDxX7oi/scene_00002673.jpg", "body_bbox_list": [[139, 416, 267, 242]], "hand_bbox_list": [{"left_hand": [161.42355346679688, 635.0430297851562, 112.61849975585938, 39.29962158203125], "right_hand": null}]}