{"image_path": "/home/hyem/workspace/frankmocap_notebooks/images/IODxDxX7oi/scene_00003217.jpg", "body_bbox_list": [[388, 235, 495, 414]], "hand_bbox_list": [{"left_hand": [801.9541625976562, 625.2278442382812, 97.36309814453125, 43.58258056640625], "right_hand": [378.9199523925781, 639.3641357421875, 109.63482666015625, 38.80474853515625]}]}