{"image_path": "/home/hyem/workspace/frankmocap_notebooks/images/IODxDxX7oi/scene_00001084.jpg", "body_bbox_list": [[73, 435, 726, 216]], "hand_bbox_list": [{"left_hand": [284.6373291015625, 639.90673828125, 127.97433471679688, 43.12066650390625], "right_hand": null}]}