{"image_path": "/home/hyem/workspace/frankmocap_notebooks/images/IODxDxX7oi/scene_00000446.jpg", "body_bbox_list": [[430, 0, 457, 674]], "hand_bbox_list": [{"left_hand": [810.8876953125, 620.33203125, 170.5391845703125, 96.05596923828125], "right_hand": null}]}