{"image_path": "/home/hyem/workspace/frankmocap_notebooks/images/IODxDxX7oi/scene_00006505.jpg", "body_bbox_list": [[144, 190, 44, 148]], "hand_bbox_list": [{"left_hand": null, "right_hand": [105.79987335205078, 191.90916442871094, 165.70724487304688, 143.9497833251953]}]}