{"image_path": "/home/hyem/workspace/frankmocap_notebooks/images/IODxDxX7oi/scene_00002551.jpg", "body_bbox_list": [[164, 246, 707, 414], [602, 339, 495, 205]], "hand_bbox_list": [{"left_hand": [158.1565704345703, 634.2692260742188, 122.45353698730469, 40.0703125], "right_hand": null}, {"left_hand": null, "right_hand": null}]}