{"image_path": "/home/hyem/workspace/frankmocap_notebooks/images/IODxDxX7oi/scene_00002818.jpg", "body_bbox_list": [[400, 363, 465, 292]], "hand_bbox_list": [{"left_hand": [774.8426513671875, 627.0953369140625, 116.07208251953125, 38.73583984375], "right_hand": [390.526123046875, 634.839111328125, 122.92633056640625, 39.04901123046875]}]}