{"image_path": "/home/hyem/workspace/frankmocap_notebooks/images/IODxDxX7oi/scene_00001839.jpg", "body_bbox_list": [[419, 488, 422, 155]], "hand_bbox_list": [{"left_hand": [774.1148071289062, 627.2667846679688, 115.0994873046875, 39.682373046875], "right_hand": [392.1319885253906, 635.5711059570312, 125.71939086914062, 38.328125]}]}