{"image_path": "/home/hyem/workspace/frankmocap_notebooks/images/IODxDxX7oi/scene_00002462.jpg", "body_bbox_list": [[164, 306, 712, 327], [642, 334, 476, 210]], "hand_bbox_list": [{"left_hand": [451.67132568359375, 625.881103515625, 124.99273681640625, 54.093505859375], "right_hand": null}, {"left_hand": null, "right_hand": null}]}