{"image_path": "/home/hyem/workspace/frankmocap_notebooks/images/IODxDxX7oi/scene_00004110.jpg", "body_bbox_list": [[210, 388, 959, 254]], "hand_bbox_list": [{"left_hand": [309.1046447753906, 634.528564453125, 131.63656616210938, 48.29547119140625], "right_hand": null}]}