{"image_path": "/home/hyem/workspace/frankmocap_notebooks/images/IODxDxX7oi/scene_00004441.jpg", "body_bbox_list": [[122, 325, 1021, 395]], "hand_bbox_list": [{"left_hand": null, "right_hand": [301.0057373046875, 665.8596801757812, 76.0830078125, 50.1112060546875]}]}