{"image_path": "/home/hyem/workspace/frankmocap_notebooks/images/IODxDxX7oi/scene_00000807.jpg", "body_bbox_list": [[568, 399, 378, 148], [571, 438, 191, 142]], "hand_bbox_list": [{"left_hand": null, "right_hand": null}, {"left_hand": null, "right_hand": [572.4401245117188, 567.9303588867188, 105.11944580078125, 58.39990234375]}]}