{"image_path": "/home/hyem/workspace/frankmocap_notebooks/images/IODxDxX7oi/scene_00003783.jpg", "body_bbox_list": [[226, 260, 712, 223], [286, 252, 142, 402]], "hand_bbox_list": [{"left_hand": null, "right_hand": null}, {"left_hand": [308.2549133300781, 636.3700561523438, 130.21023559570312, 46.48760986328125], "right_hand": null}]}