{"image_path": "/home/hyem/workspace/frankmocap_notebooks/images/IODxDxX7oi/scene_00006171.jpg", "body_bbox_list": [[109, 180, 322, 259], [940, 272, 224, 311], [817, 288, 99, 105], [881, 411, 55, 129]], "hand_bbox_list": [{"left_hand": [385.3685302734375, 435.6983947753906, 97.98898315429688, 36.03533935546875], "right_hand": [325.9056091308594, 438.69024658203125, 152.97134399414062, 42.0810546875]}, {"left_hand": [972.8561401367188, 339.6964111328125, 38.10736083984375, 39.472503662109375], "right_hand": null}, {"left_hand": null, "right_hand": [806.3583374023438, 257.9166259765625, 36.517822265625, 29.506866455078125]}, {"left_hand": null, "right_hand": null}]}