{"image_path": "/home/hyem/workspace/frankmocap_notebooks/images/IODxDxX7oi/scene_00005888.jpg", "body_bbox_list": [[207, 144, 750, 544]], "hand_bbox_list": [{"left_hand": [512.0883178710938, 662.1847534179688, 126.1766357421875, 47.5704345703125], "right_hand": [234.27166748046875, 647.7529296875, 133.16421508789062, 46.3951416015625]}]}