{"image_path": "/home/hyem/workspace/frankmocap_notebooks/images/IODxDxX7oi/scene_00001287.jpg", "body_bbox_list": [[154, 494, 327, 148]], "hand_bbox_list": [{"left_hand": [280.27960205078125, 639.0228271484375, 141.83560180664062, 44.96954345703125], "right_hand": null}]}