{"image_path": "/home/hyem/workspace/frankmocap_notebooks/images/IODxDxX7oi/scene_00000966.jpg", "body_bbox_list": [[125, 340, 712, 310]], "hand_bbox_list": [{"left_hand": [281.30419921875, 637.9942016601562, 129.58673095703125, 46.28192138671875], "right_hand": null}]}