{"image_path": "/home/hyem/workspace/frankmocap_notebooks/images/IODxDxX7oi/scene_00006393.jpg", "body_bbox_list": [[135, 144, 124, 303], [141, 255, 123, 199], [207, 398, 25, 31]], "hand_bbox_list": [{"left_hand": [197.34149169921875, 316.6540222167969, 82.7078857421875, 26.526580810546875], "right_hand": [197.34149169921875, 316.6540222167969, 82.7078857421875, 26.526580810546875]}, {"left_hand": null, "right_hand": null}, {"left_hand": null, "right_hand": null}]}