{"image_path": "/home/hyem/workspace/frankmocap_notebooks/images/IODxDxX7oi/scene_00000583.jpg", "body_bbox_list": [[171, 266, 828, 205], [639, 399, 50, 136]], "hand_bbox_list": [{"left_hand": null, "right_hand": null}, {"left_hand": [617.1751098632812, 534.8104858398438, 164.32098388671875, 78.01953125], "right_hand": null}]}