{"image_path": "/home/hyem/workspace/frankmocap_notebooks/images/IODxDxX7oi/scene_00000762.jpg", "body_bbox_list": [[353, 246, 644, 278], [784, 291, 75, 172]], "hand_bbox_list": [{"left_hand": null, "right_hand": [627.0592651367188, 507.9490966796875, 112.88775634765625, 52.18731689453125]}, {"left_hand": [770.9422607421875, 457.51141357421875, 96.152587890625, 40.102203369140625], "right_hand": null}]}