{"image_path": "/home/hyem/workspace/frankmocap_notebooks/images/IODxDxX7oi/scene_00003874.jpg", "body_bbox_list": [[118, 417, 731, 235]], "hand_bbox_list": [{"left_hand": [308.56005859375, 631.9240112304688, 126.97317504882812, 50.5343017578125], "right_hand": null}]}