{"image_path": "/home/hyem/workspace/frankmocap_notebooks/images/IODxDxX7oi/scene_00006104.jpg", "body_bbox_list": [[168, 264, 384, 243], [778, 267, 334, 85], [852, 304, 80, 118]], "hand_bbox_list": [{"left_hand": [239.40890502929688, 487.2414245605469, 82.115478515625, 24.06549072265625], "right_hand": [254.12002563476562, 442.3167724609375, 56.222442626953125, 24.098602294921875]}, {"left_hand": null, "right_hand": null}, {"left_hand": null, "right_hand": null}]}