{"image_path": "/home/hyem/workspace/frankmocap_notebooks/images/IODxDxX7oi/scene_00003220.jpg", "body_bbox_list": [[388, 222, 495, 428]], "hand_bbox_list": [{"left_hand": [801.8309936523438, 624.9351806640625, 97.21502685546875, 43.8399658203125], "right_hand": [378.9373474121094, 639.4376220703125, 109.72601318359375, 38.76763916015625]}]}