{"image_path": "/home/hyem/workspace/frankmocap_notebooks/images/IODxDxX7oi/scene_00002167.jpg", "body_bbox_list": [[182, 234, 699, 421], [637, 339, 470, 205], [229, 236, 172, 389]], "hand_bbox_list": [{"left_hand": null, "right_hand": [296.2428283691406, 639.9015502929688, 130.94583129882812, 42.4984130859375]}, {"left_hand": null, "right_hand": null}, {"left_hand": [296.2428283691406, 639.9015502929688, 130.94583129882812, 42.4984130859375], "right_hand": null}]}