{"image_path": "/home/hyem/workspace/frankmocap_notebooks/images/IODxDxX7oi/scene_00000524.jpg", "body_bbox_list": [[225, 128, 112, 278], [729, 120, 50, 452]], "hand_bbox_list": [{"left_hand": null, "right_hand": null}, {"left_hand": [704.4857788085938, 571.912841796875, 156.58123779296875, 83.81903076171875], "right_hand": null}]}