{"image_path": "/home/hyem/workspace/frankmocap_notebooks/images/IODxDxX7oi/scene_00001024.jpg", "body_bbox_list": [[100, 410, 397, 243]], "hand_bbox_list": [{"left_hand": [283.56488037109375, 639.9794921875, 129.76541137695312, 42.80181884765625], "right_hand": null}]}