{"image_path": "/home/hyem/workspace/frankmocap_notebooks/images/IODxDxX7oi/scene_00005028.jpg", "body_bbox_list": [[167, 547, 302, 99], [608, 515, 500, 44], [177, 496, 192, 99]], "hand_bbox_list": [{"left_hand": null, "right_hand": null}, {"left_hand": null, "right_hand": null}, {"left_hand": [228.85081481933594, 470.2701721191406, 209.9217987060547, 172.60763549804688], "right_hand": null}]}