{"image_path": "/home/hyem/workspace/frankmocap_notebooks/images/IODxDxX7oi/scene_00006047.jpg", "body_bbox_list": [[150, 226, 414, 229], [904, 298, 167, 259]], "hand_bbox_list": [{"left_hand": null, "right_hand": [84.47957611083984, 433.1178283691406, 89.39058685302734, 41.082611083984375]}, {"left_hand": [924.7684936523438, 258.8409118652344, 39.03729248046875, 40.86273193359375], "right_hand": null}]}