{"image_path": "/home/hyem/workspace/frankmocap_notebooks/images/IODxDxX7oi/scene_00002821.jpg", "body_bbox_list": [[395, 417, 470, 235]], "hand_bbox_list": [{"left_hand": [774.9738159179688, 628.6643676757812, 110.3914794921875, 37.65899658203125], "right_hand": [390.28729248046875, 635.0599365234375, 123.12725830078125, 38.7545166015625]}]}