{"image_path": "/home/hyem/workspace/frankmocap_notebooks/images/IODxDxX7oi/scene_00000242.jpg", "body_bbox_list": [[297, 363, 520, 303], [812, 476, 210, 61], [830, 534, 191, 12]], "hand_bbox_list": [{"left_hand": [636.2630615234375, 656.457763671875, 135.34417724609375, 48.51129150390625], "right_hand": [348.7392578125, 645.4974365234375, 124.96347045898438, 41.61785888671875]}, {"left_hand": null, "right_hand": null}, {"left_hand": null, "right_hand": null}]}