{"image_path": "/home/hyem/workspace/frankmocap_notebooks/images/IODxDxX7oi/scene_00006174.jpg", "body_bbox_list": [[109, 197, 327, 259], [859, 280, 161, 273], [988, 361, 156, 105]], "hand_bbox_list": [{"left_hand": [369.904052734375, 433.5897521972656, 110.265869140625, 42.249908447265625], "right_hand": [321.125732421875, 438.387939453125, 135.97933959960938, 41.62652587890625]}, {"left_hand": [965.68505859375, 331.16436767578125, 38.55023193359375, 46.55584716796875], "right_hand": null}, {"left_hand": null, "right_hand": null}]}