{"image_path": "/home/hyem/workspace/frankmocap_notebooks/images/IODxDxX7oi/scene_00005670.jpg", "body_bbox_list": [[122, 322, 302, 335]], "hand_bbox_list": [{"left_hand": [282.47882080078125, 637.6162719726562, 130.11105346679688, 46.15301513671875], "right_hand": null}]}