{"image_path": "/home/hyem/workspace/frankmocap_notebooks/images/IODxDxX7oi/scene_00005137.jpg", "body_bbox_list": [[152, 403, 742, 173], [192, 405, 229, 242]], "hand_bbox_list": [{"left_hand": null, "right_hand": null}, {"left_hand": [301.5271911621094, 638.5277709960938, 128.77468872070312, 44.39404296875], "right_hand": null}]}