{"image_path": "/home/hyem/workspace/frankmocap_notebooks/images/IODxDxX7oi/scene_00005027.jpg", "body_bbox_list": [[167, 500, 302, 148], [608, 515, 500, 44]], "hand_bbox_list": [{"left_hand": [230.61782836914062, 469.4181823730469, 206.68603515625, 170.35525512695312], "right_hand": null}, {"left_hand": null, "right_hand": null}]}