{"image_path": "/home/hyem/workspace/frankmocap_notebooks/images/IODxDxX7oi/scene_00000298.jpg", "body_bbox_list": [[368, 315, 682, 354]], "hand_bbox_list": [{"left_hand": [700.242431640625, 652.6331787109375, 133.31005859375, 47.3079833984375], "right_hand": [408.55218505859375, 641.837158203125, 123.22357177734375, 42.744384765625]}]}