{"image_path": "/home/hyem/workspace/frankmocap_notebooks/images/IODxDxX7oi/scene_00003384.jpg", "body_bbox_list": [[383, 240, 500, 409]], "hand_bbox_list": [{"left_hand": [796.580810546875, 625.2886962890625, 103.7261962890625, 43.95855712890625], "right_hand": [379.7971496582031, 638.1802978515625, 102.8631591796875, 40.9404296875]}]}