{"image_path": "/home/hyem/workspace/frankmocap_notebooks/images/IODxDxX7oi/scene_00002258.jpg", "body_bbox_list": [[115, 493, 321, 161]], "hand_bbox_list": [{"left_hand": [298.21832275390625, 643.1179809570312, 129.24935913085938, 38.8057861328125], "right_hand": null}]}