{"image_path": "/home/hyem/workspace/frankmocap_notebooks/images/IODxDxX7oi/scene_00003591.jpg", "body_bbox_list": [[396, 488, 451, 161], [630, 568, 12, 6]], "hand_bbox_list": [{"left_hand": [773.8072509765625, 627.1229248046875, 117.15069580078125, 39.02166748046875], "right_hand": [389.9647216796875, 634.9329223632812, 122.06866455078125, 39.0565185546875]}, {"left_hand": null, "right_hand": null}]}