{"image_path": "/home/hyem/workspace/frankmocap_notebooks/images/IODxDxX7oi/scene_00004109.jpg", "body_bbox_list": [[210, 381, 964, 267]], "hand_bbox_list": [{"left_hand": [309.4110412597656, 634.5646362304688, 131.08660888671875, 48.2930908203125], "right_hand": null}]}