{"image_path": "/home/hyem/workspace/frankmocap_notebooks/images/IODxDxX7oi/scene_00003248.jpg", "body_bbox_list": [[351, 476, 563, 173]], "hand_bbox_list": [{"left_hand": [799.592041015625, 631.3235473632812, 99.5511474609375, 38.86407470703125], "right_hand": [376.2569274902344, 639.369873046875, 106.72003173828125, 39.2442626953125]}]}