{"image_path": "/home/hyem/workspace/frankmocap_notebooks/images/IODxDxX7oi/scene_00002412.jpg", "body_bbox_list": [[160, 489, 457, 142]], "hand_bbox_list": [{"left_hand": [451.7879333496094, 632.6790161132812, 124.20315551757812, 46.302978515625], "right_hand": null}]}