{"image_path": "/home/hyem/workspace/frankmocap_notebooks/images/IODxDxX7oi/scene_00001305.jpg", "body_bbox_list": [[150, 500, 297, 142]], "hand_bbox_list": [{"left_hand": [281.95330810546875, 642.4317626953125, 126.8538818359375, 41.279541015625], "right_hand": null}]}