{"image_path": "/home/hyem/workspace/frankmocap_notebooks/images/IODxDxX7oi/scene_00005863.jpg", "body_bbox_list": [[131, 393, 829, 278], [664, 440, 248, 105]], "hand_bbox_list": [{"left_hand": [484.27703857421875, 661.5587768554688, 138.69384765625, 49.58941650390625], "right_hand": [215.55569458007812, 649.954833984375, 126.77114868164062, 44.1151123046875]}, {"left_hand": null, "right_hand": null}]}