{"image_path": "/home/hyem/workspace/frankmocap_notebooks/images/IODxDxX7oi/scene_00005075.jpg", "body_bbox_list": [[705, 352, 441, 191], [233, 316, 181, 335], [205, 321, 440, 123]], "hand_bbox_list": [{"left_hand": null, "right_hand": null}, {"left_hand": [294.6905517578125, 636.72509765625, 133.53366088867188, 46.1275634765625], "right_hand": null}, {"left_hand": null, "right_hand": null}]}