{"image_path": "/home/hyem/workspace/frankmocap_notebooks/images/IODxDxX7oi/scene_00001136.jpg", "body_bbox_list": [[84, 329, 997, 327]], "hand_bbox_list": [{"left_hand": [284.9470520019531, 640.884033203125, 128.12493896484375, 41.843505859375], "right_hand": null}]}