{"image_path": "/home/hyem/workspace/frankmocap_notebooks/images/IODxDxX7oi/scene_00003197.jpg", "body_bbox_list": [[345, 476, 576, 173]], "hand_bbox_list": [{"left_hand": [802.0608520507812, 630.0706176757812, 96.5355224609375, 38.380859375], "right_hand": [376.8191223144531, 639.4556274414062, 107.5604248046875, 39.0224609375]}]}