{"image_path": "/home/hyem/workspace/frankmocap_notebooks/images/IODxDxX7oi/scene_00003841.jpg", "body_bbox_list": [[116, 476, 668, 173]], "hand_bbox_list": [{"left_hand": [305.9573669433594, 636.4135131835938, 133.58981323242188, 45.50604248046875], "right_hand": null}]}