{"image_path": "/home/hyem/workspace/frankmocap_notebooks/images/IODxDxX7oi/scene_00001329.jpg", "body_bbox_list": [[162, 358, 750, 173], [204, 352, 199, 303]], "hand_bbox_list": [{"left_hand": null, "right_hand": null}, {"left_hand": [282.3599853515625, 638.7237548828125, 131.587890625, 45.0126953125], "right_hand": null}]}