{"image_path": "/home/hyem/workspace/frankmocap_notebooks/images/IODxDxX7oi/scene_00005121.jpg", "body_bbox_list": [[602, 503, 501, 69], [174, 500, 248, 137]], "hand_bbox_list": [{"left_hand": null, "right_hand": null}, {"left_hand": [297.73724365234375, 646.7256469726562, 128.88796997070312, 35.12109375], "right_hand": null}]}