{"image_path": "/home/hyem/workspace/frankmocap_notebooks/images/IODxDxX7oi/scene_00001312.jpg", "body_bbox_list": [[136, 493, 712, 156]], "hand_bbox_list": [{"left_hand": [280.9508056640625, 637.1489868164062, 144.19091796875, 46.79791259765625], "right_hand": null}]}