{"image_path": "/home/hyem/workspace/frankmocap_notebooks/images/IODxDxX7oi/scene_00000858.jpg", "body_bbox_list": [[536, 166, 335, 433]], "hand_bbox_list": [{"left_hand": [816.7638549804688, 552.97119140625, 111.374755859375, 57.7899169921875], "right_hand": [563.1848754882812, 586.5328369140625, 103.89361572265625, 69.37664794921875]}]}