{"image_path": "/home/hyem/workspace/frankmocap_notebooks/images/IODxDxX7oi/scene_00004473.jpg", "body_bbox_list": [[219, 244, 861, 311]], "hand_bbox_list": [{"left_hand": [833.3091430664062, 509.6080627441406, 108.2015380859375, 158.66262817382812], "right_hand": null}]}