{"image_path": "/home/hyem/workspace/frankmocap_notebooks/images/IODxDxX7oi/scene_00000813.jpg", "body_bbox_list": [[428, 396, 500, 199], [581, 445, 205, 129]], "hand_bbox_list": [{"left_hand": null, "right_hand": null}, {"left_hand": null, "right_hand": [574.2208862304688, 565.0660400390625, 106.8946533203125, 57.21435546875]}]}