{"image_path": "/home/hyem/workspace/frankmocap_notebooks/images/IODxDxX7oi/scene_00001872.jpg", "body_bbox_list": [[407, 411, 452, 235]], "hand_bbox_list": [{"left_hand": [773.77685546875, 627.2986450195312, 115.1177978515625, 39.73736572265625], "right_hand": [392.2942199707031, 635.4481201171875, 128.05136108398438, 38.36907958984375]}]}