{"image_path": "/home/hyem/workspace/frankmocap_notebooks/images/IODxDxX7oi/scene_00006202.jpg", "body_bbox_list": [[145, 267, 267, 192], [954, 155, 44, 433], [421, 326, 13, 18]], "hand_bbox_list": [{"left_hand": null, "right_hand": [322.286865234375, 423.845947265625, 162.2080078125, 53.0255126953125]}, {"left_hand": null, "right_hand": null}, {"left_hand": null, "right_hand": null}]}