{"image_path": "/home/hyem/workspace/frankmocap_notebooks/images/IODxDxX7oi/scene_00003116.jpg", "body_bbox_list": [[357, 381, 569, 273]], "hand_bbox_list": [{"left_hand": [801.2832641601562, 631.842041015625, 96.03826904296875, 37.90545654296875], "right_hand": [378.4955749511719, 639.7766723632812, 110.56170654296875, 38.3873291015625]}]}