{"image_path": "/home/hyem/workspace/frankmocap_notebooks/images/IODxDxX7oi/scene_00000339.jpg", "body_bbox_list": [[407, 286, 688, 378]], "hand_bbox_list": [{"left_hand": [742.1961059570312, 654.355712890625, 136.2923583984375, 43.12371826171875], "right_hand": [446.259033203125, 639.1065063476562, 121.8341064453125, 42.9637451171875]}]}