{"image_path": "/home/hyem/workspace/frankmocap_notebooks/images/IODxDxX7oi/scene_00005142.jpg", "body_bbox_list": [[170, 346, 723, 310], [654, 411, 481, 123]], "hand_bbox_list": [{"left_hand": [296.21710205078125, 639.1442260742188, 132.070556640625, 42.79547119140625], "right_hand": null}, {"left_hand": null, "right_hand": null}]}