{"image_path": "/home/hyem/workspace/frankmocap_notebooks/images/IODxDxX7oi/scene_00002326.jpg", "body_bbox_list": [[142, 435, 712, 205]], "hand_bbox_list": [{"left_hand": [452.1820983886719, 631.610595703125, 124.95651245117188, 47.77606201171875], "right_hand": null}]}