{"image_path": "/home/hyem/workspace/frankmocap_notebooks/images/IODxDxX7oi/scene_00001188.jpg", "body_bbox_list": [[80, 435, 712, 216]], "hand_bbox_list": [{"left_hand": [285.1204528808594, 640.4611206054688, 127.6396484375, 42.6533203125], "right_hand": null}]}