{"image_path": "/home/hyem/workspace/frankmocap_notebooks/images/IODxDxX7oi/scene_00002857.jpg", "body_bbox_list": [[389, 435, 476, 216]], "hand_bbox_list": [{"left_hand": [773.3173217773438, 626.6627807617188, 112.802490234375, 40.72076416015625], "right_hand": [389.84918212890625, 635.0739135742188, 122.21710205078125, 38.76611328125]}]}