{"image_path": "/home/hyem/workspace/frankmocap_notebooks/images/IODxDxX7oi/scene_00001229.jpg", "body_bbox_list": [[98, 494, 310, 148]], "hand_bbox_list": [{"left_hand": [280.4825134277344, 643.78076171875, 133.303466796875, 38.7803955078125], "right_hand": null}]}