{"image_path": "/home/hyem/workspace/frankmocap_notebooks/images/IODxDxX7oi/scene_00005091.jpg", "body_bbox_list": [[163, 400, 731, 129], [198, 411, 223, 235]], "hand_bbox_list": [{"left_hand": null, "right_hand": null}, {"left_hand": [295.5800476074219, 638.9192504882812, 133.4034423828125, 43.0106201171875], "right_hand": null}]}