{"image_path": "/home/hyem/workspace/frankmocap_notebooks/images/IODxDxX7oi/scene_00006098.jpg", "body_bbox_list": [[196, 230, 384, 254], [787, 257, 148, 161], [875, 251, 50, 167], [390, 311, 75, 93]], "hand_bbox_list": [{"left_hand": [223.38876342773438, 454.2311706542969, 56.515380859375, 18.790130615234375], "right_hand": [223.38876342773438, 454.2311706542969, 56.515380859375, 18.790130615234375]}, {"left_hand": null, "right_hand": [771.6650390625, 285.37738037109375, 162.30194091796875, 140.523193359375]}, {"left_hand": null, "right_hand": null}, {"left_hand": null, "right_hand": null}]}