{"image_path": "/home/hyem/workspace/frankmocap_notebooks/images/IODxDxX7oi/scene_00005592.jpg", "body_bbox_list": [[159, 240, 706, 414]], "hand_bbox_list": [{"left_hand": [279.84320068359375, 640.8203735351562, 130.0615234375, 43.39990234375], "right_hand": [279.84320068359375, 640.8203735351562, 130.0615234375, 43.39990234375]}]}