{"image_path": "/home/hyem/workspace/frankmocap_notebooks/images/IODxDxX7oi/scene_00004936.jpg", "body_bbox_list": [[601, 469, 525, 80], [192, 482, 229, 167], [172, 473, 303, 123]], "hand_bbox_list": [{"left_hand": null, "right_hand": null}, {"left_hand": [295.1767578125, 641.218017578125, 132.88818359375, 40.6378173828125], "right_hand": null}, {"left_hand": null, "right_hand": null}]}