{"image_path": "/home/hyem/workspace/frankmocap_notebooks/images/IODxDxX7oi/scene_00002636.jpg", "body_bbox_list": [[164, 246, 712, 403], [602, 334, 495, 204]], "hand_bbox_list": [{"left_hand": [158.8607635498047, 632.9766845703125, 121.71144104003906, 41.34222412109375], "right_hand": null}, {"left_hand": null, "right_hand": null}]}