{"image_path": "/home/hyem/workspace/frankmocap_notebooks/images/IODxDxX7oi/scene_00001982.jpg", "body_bbox_list": [[87, 299, 428, 353], [859, 246, 267, 408], [896, 261, 205, 69]], "hand_bbox_list": [{"left_hand": [444.5243225097656, 626.8041381835938, 117.33847045898438, 39.51849365234375], "right_hand": [62.12385177612305, 634.4163208007812, 122.331298828125, 39.395263671875]}, {"left_hand": [999.7888793945312, 631.6026000976562, 94.63714599609375, 42.67742919921875], "right_hand": [905.8660888671875, 635.6279296875, 96.7342529296875, 39.9671630859375]}, {"left_hand": null, "right_hand": null}]}