{"image_path": "/home/hyem/workspace/frankmocap_notebooks/images/IODxDxX7oi/scene_00000251.jpg", "body_bbox_list": [[286, 474, 750, 199], [794, 527, 223, 37]], "hand_bbox_list": [{"left_hand": [646.3898315429688, 656.4261474609375, 132.68768310546875, 48.70660400390625], "right_hand": [357.1515197753906, 645.65087890625, 125.54019165039062, 40.957763671875]}, {"left_hand": null, "right_hand": null}]}