{"image_path": "/home/hyem/workspace/frankmocap_notebooks/images/IODxDxX7oi/scene_00005148.jpg", "body_bbox_list": [[181, 293, 723, 354]], "hand_bbox_list": [{"left_hand": [295.806396484375, 638.7742919921875, 133.661865234375, 43.1708984375], "right_hand": null}]}