{"image_path": "/home/hyem/workspace/frankmocap_notebooks/images/IODxDxX7oi/scene_00002806.jpg", "body_bbox_list": [[437, 216, 397, 440]], "hand_bbox_list": [{"left_hand": [776.5076293945312, 624.8169555664062, 108.90447998046875, 41.24029541015625], "right_hand": [392.4519348144531, 635.1121826171875, 122.34109497070312, 38.92449951171875]}]}