{"image_path": "/home/hyem/workspace/frankmocap_notebooks/images/IODxDxX7oi/scene_00004341.jpg", "body_bbox_list": [[187, 112, 953, 608]], "hand_bbox_list": [{"left_hand": [331.9731140136719, 589.3443603515625, 84.38619995117188, 121.58673095703125], "right_hand": null}]}