{"image_path": "/home/hyem/workspace/frankmocap_notebooks/images/IODxDxX7oi/scene_00001846.jpg", "body_bbox_list": [[420, 489, 409, 148]], "hand_bbox_list": [{"left_hand": null, "right_hand": [392.57977294921875, 635.4193725585938, 124.65557861328125, 38.52349853515625]}]}