{"image_path": "/home/hyem/workspace/frankmocap_notebooks/images/IODxDxX7oi/scene_00005264.jpg", "body_bbox_list": [[148, 347, 346, 172], [269, 462, 36, 94]], "hand_bbox_list": [{"left_hand": null, "right_hand": null}, {"left_hand": null, "right_hand": [172.96409606933594, 564.470458984375, 161.57240295410156, 55.929931640625]}]}