{"image_path": "/home/hyem/workspace/frankmocap_notebooks/images/IODxDxX7oi/scene_00003489.jpg", "body_bbox_list": [[414, 488, 427, 155], [641, 573, 18, 13]], "hand_bbox_list": [{"left_hand": [773.8484497070312, 627.0869140625, 115.1719970703125, 39.79046630859375], "right_hand": [392.5820007324219, 635.7623901367188, 125.57034301757812, 38.12542724609375]}, {"left_hand": null, "right_hand": null}]}