{"image_path": "/home/hyem/workspace/frankmocap_notebooks/images/IODxDxX7oi/scene_00000233.jpg", "body_bbox_list": [[297, 233, 756, 446], [806, 375, 210, 167]], "hand_bbox_list": [{"left_hand": [628.0889892578125, 655.2062377929688, 134.2786865234375, 50.156005859375], "right_hand": [342.1697082519531, 644.6173095703125, 123.05636596679688, 42.84771728515625]}, {"left_hand": null, "right_hand": null}]}