{"image_path": "/home/hyem/workspace/frankmocap_notebooks/images/IODxDxX7oi/scene_00000204.jpg", "body_bbox_list": [[287, 191, 731, 484]], "hand_bbox_list": [{"left_hand": [601.0469970703125, 654.9306640625, 134.0086669921875, 50.974609375], "right_hand": [314.36614990234375, 644.861572265625, 127.225830078125, 42.53125]}]}