{"image_path": "/home/hyem/workspace/frankmocap_notebooks/images/IODxDxX7oi/scene_00001461.jpg", "body_bbox_list": [[92, 205, 817, 446]], "hand_bbox_list": [{"left_hand": [163.499267578125, 636.4563598632812, 154.53445434570312, 51.75201416015625], "right_hand": null}]}