{"image_path": "/home/hyem/workspace/frankmocap_notebooks/images/IODxDxX7oi/scene_00003004.jpg", "body_bbox_list": [[451, 499, 346, 167]], "hand_bbox_list": [{"left_hand": [743.9389038085938, 626.3239135742188, 104.2303466796875, 41.23065185546875], "right_hand": [412.9976501464844, 632.5648803710938, 128.16378784179688, 39.98046875]}]}