{"image_path": "/home/hyem/workspace/frankmocap_notebooks/images/IODxDxX7oi/scene_00002997.jpg", "body_bbox_list": [[450, 488, 354, 161]], "hand_bbox_list": [{"left_hand": [741.5376586914062, 625.1314697265625, 111.28656005859375, 42.43499755859375], "right_hand": [412.7445068359375, 632.9202880859375, 128.4002685546875, 39.6766357421875]}]}