{"image_path": "/home/hyem/workspace/frankmocap_notebooks/images/IODxDxX7oi/scene_00006148.jpg", "body_bbox_list": [[148, 207, 446, 267], [799, 296, 365, 297]], "hand_bbox_list": [{"left_hand": [436.01971435546875, 459.67205810546875, 71.01217651367188, 31.774688720703125], "right_hand": [74.70489501953125, 465.46319580078125, 106.63371276855469, 34.614227294921875]}, {"left_hand": [798.80224609375, 286.9239807128906, 42.79620361328125, 27.49822998046875], "right_hand": [798.80224609375, 286.9239807128906, 42.79620361328125, 27.49822998046875]}]}