{"image_path": "/home/hyem/workspace/frankmocap_notebooks/images/IODxDxX7oi/scene_00003517.jpg", "body_bbox_list": [[401, 482, 452, 161]], "hand_bbox_list": [{"left_hand": [774.5758666992188, 627.2360229492188, 115.04827880859375, 39.79522705078125], "right_hand": [392.3182373046875, 635.2202758789062, 126.55389404296875, 38.654541015625]}]}