{"image_path": "/home/hyem/workspace/frankmocap_notebooks/images/IODxDxX7oi/scene_00003485.jpg", "body_bbox_list": [[413, 446, 446, 205]], "hand_bbox_list": [{"left_hand": [774.244384765625, 627.013916015625, 115.31072998046875, 39.9468994140625], "right_hand": [392.5091247558594, 636.0443115234375, 126.01040649414062, 37.7772216796875]}]}