{"image_path": "/home/hyem/workspace/frankmocap_notebooks/images/IODxDxX7oi/scene_00004137.jpg", "body_bbox_list": [[250, 429, 180, 216]], "hand_bbox_list": [{"left_hand": [307.6174621582031, 632.450439453125, 134.46676635742188, 49.50079345703125], "right_hand": null}]}