{"image_path": "/home/hyem/workspace/frankmocap_notebooks/images/IODxDxX7oi/scene_00003634.jpg", "body_bbox_list": [[419, 305, 427, 346]], "hand_bbox_list": [{"left_hand": [773.4223022460938, 627.0368041992188, 116.6927490234375, 39.53118896484375], "right_hand": [389.4042663574219, 634.1085815429688, 124.51998901367188, 40.08447265625]}]}