{"image_path": "/home/hyem/workspace/frankmocap_notebooks/images/IODxDxX7oi/scene_00003537.jpg", "body_bbox_list": [[437, 216, 397, 440]], "hand_bbox_list": [{"left_hand": [775.7721557617188, 625.4555053710938, 108.43402099609375, 40.62750244140625], "right_hand": [392.7073059082031, 634.5765380859375, 121.89041137695312, 39.4263916015625]}]}