{"image_path": "/home/hyem/workspace/frankmocap_notebooks/images/IODxDxX7oi/scene_00000308.jpg", "body_bbox_list": [[396, 162, 687, 508]], "hand_bbox_list": [{"left_hand": [715.9346313476562, 653.4638671875, 128.877197265625, 45.761962890625], "right_hand": [417.6863708496094, 638.6908569335938, 123.13851928710938, 44.5693359375]}]}