{"image_path": "/home/hyem/workspace/frankmocap_notebooks/images/IODxDxX7oi/scene_00004123.jpg", "body_bbox_list": [[189, 464, 291, 186]], "hand_bbox_list": [{"left_hand": [308.57647705078125, 633.8411865234375, 133.23306274414062, 47.37933349609375], "right_hand": null}]}