{"image_path": "/home/hyem/workspace/frankmocap_notebooks/images/IODxDxX7oi/scene_00002564.jpg", "body_bbox_list": [[148, 310, 723, 353]], "hand_bbox_list": [{"left_hand": [157.85508728027344, 633.5657958984375, 125.76484680175781, 41.12841796875], "right_hand": null}]}