{"image_path": "/home/hyem/workspace/frankmocap_notebooks/images/IODxDxX7oi/scene_00005880.jpg", "body_bbox_list": [[178, 197, 774, 484]], "hand_bbox_list": [{"left_hand": [505.3797302246094, 663.3723754882812, 129.67239379882812, 45.61236572265625], "right_hand": [230.29832458496094, 647.6239013671875, 127.22459411621094, 45.2208251953125]}]}