{"image_path": "/home/hyem/workspace/frankmocap_notebooks/images/IODxDxX7oi/scene_00003006.jpg", "body_bbox_list": [[545, 488, 243, 161], [477, 512, 36, 112]], "hand_bbox_list": [{"left_hand": null, "right_hand": null}, {"left_hand": [412.71893310546875, 632.4480590820312, 128.4625244140625, 40.11065673828125], "right_hand": null}]}