{"image_path": "/home/hyem/workspace/frankmocap_notebooks/images/IODxDxX7oi/scene_00002693.jpg", "body_bbox_list": [[126, 463, 451, 205]], "hand_bbox_list": [{"left_hand": [163.6488800048828, 631.705078125, 119.71617126464844, 43.6314697265625], "right_hand": [163.6488800048828, 631.705078125, 119.71617126464844, 43.6314697265625]}]}