{"image_path": "/home/hyem/workspace/frankmocap_notebooks/images/IODxDxX7oi/scene_00002250.jpg", "body_bbox_list": [[120, 487, 340, 180], [131, 541, 104, 94]], "hand_bbox_list": [{"left_hand": [298.2538757324219, 643.4755249023438, 128.88397216796875, 38.49951171875], "right_hand": [298.2538757324219, 643.4755249023438, 128.88397216796875, 38.49951171875]}, {"left_hand": null, "right_hand": null}]}