{"image_path": "/home/hyem/workspace/frankmocap_notebooks/images/IODxDxX7oi/scene_00000513.jpg", "body_bbox_list": [[585, 0, 371, 597]], "hand_bbox_list": [{"left_hand": [718.6421508789062, 571.632568359375, 160.6544189453125, 87.4215087890625], "right_hand": null}]}