{"image_path": "/home/hyem/workspace/frankmocap_notebooks/images/IODxDxX7oi/scene_00004176.jpg", "body_bbox_list": [[215, 446, 346, 199]], "hand_bbox_list": [{"left_hand": [311.3765869140625, 635.0166015625, 125.9378662109375, 45.633544921875], "right_hand": null}]}