{"image_path": "/home/hyem/workspace/frankmocap_notebooks/images/IODxDxX7oi/scene_00002967.jpg", "body_bbox_list": [[464, 217, 327, 433]], "hand_bbox_list": [{"left_hand": [741.0042724609375, 625.324951171875, 112.3577880859375, 42.11383056640625], "right_hand": [413.59857177734375, 632.1134643554688, 131.36590576171875, 40.3447265625]}]}