{"image_path": "/home/hyem/workspace/frankmocap_notebooks/images/IODxDxX7oi/scene_00002451.jpg", "body_bbox_list": [[173, 394, 397, 242]], "hand_bbox_list": [{"left_hand": [452.1438293457031, 631.6884155273438, 123.59072875976562, 47.803955078125], "right_hand": null}]}