{"image_path": "/home/hyem/workspace/frankmocap_notebooks/images/IODxDxX7oi/scene_00006062.jpg", "body_bbox_list": [[165, 361, 340, 105], [889, 242, 129, 259]], "hand_bbox_list": [{"left_hand": [338.0476989746094, 344.0868835449219, 211.77023315429688, 104.66357421875], "right_hand": [109.08447265625, 460.33404541015625, 85.2198486328125, 35.6263427734375]}, {"left_hand": [902.0645141601562, 260.6949157714844, 38.57391357421875, 41.270294189453125], "right_hand": null}]}