{"image_path": "/home/hyem/workspace/frankmocap_notebooks/images/IODxDxX7oi/scene_00005980.jpg", "body_bbox_list": [[260, 274, 706, 397], [760, 381, 229, 161]], "hand_bbox_list": [{"left_hand": [592.7381591796875, 661.4739990234375, 133.08038330078125, 42.929443359375], "right_hand": [308.5183410644531, 646.1491088867188, 124.18466186523438, 41.57861328125]}, {"left_hand": null, "right_hand": null}]}