{"image_path": "/home/hyem/workspace/frankmocap_notebooks/images/IODxDxX7oi/scene_00004698.jpg", "body_bbox_list": [[181, 287, 718, 365], [637, 369, 481, 173]], "hand_bbox_list": [{"left_hand": [283.4342041015625, 641.289794921875, 127.18460083007812, 42.84619140625], "right_hand": null}, {"left_hand": null, "right_hand": null}]}