{"image_path": "/home/hyem/workspace/frankmocap_notebooks/images/IODxDxX7oi/scene_00005896.jpg", "body_bbox_list": [[213, 144, 750, 544]], "hand_bbox_list": [{"left_hand": [517.4827880859375, 661.913330078125, 129.2767333984375, 46.81488037109375], "right_hand": [239.12942504882812, 646.0537719726562, 130.190185546875, 47.010498046875]}]}