{"image_path": "/home/hyem/workspace/frankmocap_notebooks/images/IODxDxX7oi/scene_00002297.jpg", "body_bbox_list": [[165, 240, 959, 409]], "hand_bbox_list": [{"left_hand": [297.0247802734375, 640.7564086914062, 130.49331665039062, 42.21734619140625], "right_hand": [297.0247802734375, 640.7564086914062, 130.49331665039062, 42.21734619140625]}]}