{"image_path": "/home/hyem/workspace/frankmocap_notebooks/images/IODxDxX7oi/scene_00002704.jpg", "body_bbox_list": [[139, 410, 267, 248]], "hand_bbox_list": [{"left_hand": [157.98883056640625, 632.6566772460938, 118.62225341796875, 40.564453125], "right_hand": [157.98883056640625, 632.6566772460938, 118.62225341796875, 40.564453125]}]}