{"image_path": "/home/hyem/workspace/frankmocap_notebooks/images/IODxDxX7oi/scene_00004687.jpg", "body_bbox_list": [[176, 299, 717, 359], [619, 375, 500, 167]], "hand_bbox_list": [{"left_hand": [283.0470275878906, 641.4334716796875, 127.08810424804688, 42.8270263671875], "right_hand": [283.0470275878906, 641.4334716796875, 127.08810424804688, 42.8270263671875]}, {"left_hand": null, "right_hand": null}]}