{"image_path": "/home/hyem/workspace/frankmocap_notebooks/images/IODxDxX7oi/scene_00006213.jpg", "body_bbox_list": [[946, 164, 235, 353], [103, 220, 346, 235]], "hand_bbox_list": [{"left_hand": null, "right_hand": null}, {"left_hand": [319.22430419921875, 429.55548095703125, 164.52462768554688, 47.101531982421875], "right_hand": [319.22430419921875, 429.55548095703125, 164.52462768554688, 47.101531982421875]}]}