{"image_path": "/home/hyem/workspace/frankmocap_notebooks/images/IODxDxX7oi/scene_00004882.jpg", "body_bbox_list": [[98, 500, 310, 142]], "hand_bbox_list": [{"left_hand": [278.2635498046875, 645.6630249023438, 133.87371826171875, 38.75787353515625], "right_hand": null}]}