{"image_path": "/home/hyem/workspace/frankmocap_notebooks/images/IODxDxX7oi/scene_00003180.jpg", "body_bbox_list": [[369, 488, 539, 161], [565, 496, 180, 105]], "hand_bbox_list": [{"left_hand": [800.672119140625, 631.2726440429688, 98.85504150390625, 38.4375], "right_hand": [378.3311462402344, 639.4324951171875, 106.15377807617188, 38.94488525390625]}, {"left_hand": null, "right_hand": null}]}