{"image_path": "/home/hyem/workspace/frankmocap_notebooks/images/IODxDxX7oi/scene_00001942.jpg", "body_bbox_list": [[63, 471, 465, 172], [816, 500, 365, 142]], "hand_bbox_list": [{"left_hand": [444.57794189453125, 627.0032958984375, 116.84381103515625, 38.99951171875], "right_hand": [62.304203033447266, 635.6980590820312, 122.14849853515625, 37.89703369140625]}, {"left_hand": [1003.8876342773438, 631.8147583007812, 91.82415771484375, 42.2139892578125], "right_hand": [903.1741333007812, 634.210693359375, 93.894287109375, 42.11016845703125]}]}