{"image_path": "/home/hyem/workspace/frankmocap_notebooks/images/IODxDxX7oi/scene_00002341.jpg", "body_bbox_list": [[149, 512, 433, 124]], "hand_bbox_list": [{"left_hand": [452.26336669921875, 629.9281616210938, 125.73638916015625, 49.84735107421875], "right_hand": null}]}