{"image_path": "/home/hyem/workspace/frankmocap_notebooks/images/IODxDxX7oi/scene_00001148.jpg", "body_bbox_list": [[107, 264, 984, 389], [592, 328, 470, 216]], "hand_bbox_list": [{"left_hand": [281.8765869140625, 641.3869018554688, 127.91342163085938, 42.9407958984375], "right_hand": [281.8765869140625, 641.3869018554688, 127.91342163085938, 42.9407958984375]}, {"left_hand": null, "right_hand": null}]}