{"image_path": "/home/hyem/workspace/frankmocap_notebooks/images/IODxDxX7oi/scene_00004929.jpg", "body_bbox_list": [[216, 417, 210, 235], [196, 411, 378, 118]], "hand_bbox_list": [{"left_hand": [295.1004638671875, 638.1732788085938, 132.13668823242188, 44.16998291015625], "right_hand": null}, {"left_hand": null, "right_hand": null}]}