{"image_path": "/home/hyem/workspace/frankmocap_notebooks/images/IODxDxX7oi/scene_00000947.jpg", "body_bbox_list": [[187, 246, 712, 408], [654, 334, 470, 216]], "hand_bbox_list": [{"left_hand": [281.54766845703125, 640.5159912109375, 130.21270751953125, 43.4381103515625], "right_hand": null}, {"left_hand": null, "right_hand": null}]}