{"image_path": "/home/hyem/workspace/frankmocap_notebooks/images/IODxDxX7oi/scene_00005893.jpg", "body_bbox_list": [[213, 144, 750, 544]], "hand_bbox_list": [{"left_hand": [514.4085083007812, 662.9561157226562, 128.26239013671875, 46.10601806640625], "right_hand": [237.8674774169922, 647.5146484375, 131.1945037841797, 46.77459716796875]}]}