{"image_path": "/home/hyem/workspace/frankmocap_notebooks/images/IODxDxX7oi/scene_00003424.jpg", "body_bbox_list": [[452, 228, 311, 427]], "hand_bbox_list": [{"left_hand": null, "right_hand": [404.97113037109375, 635.1322631835938, 122.29205322265625, 38.6513671875]}]}