{"image_path": "/home/hyem/workspace/frankmocap_notebooks/images/IODxDxX7oi/scene_00003436.jpg", "body_bbox_list": [[509, 235, 321, 408]], "hand_bbox_list": [{"left_hand": [775.3947143554688, 626.6881103515625, 116.4366455078125, 40.3853759765625], "right_hand": null}]}