{"image_path": "/home/hyem/workspace/frankmocap_notebooks/images/IODxDxX7oi/scene_00005071.jpg", "body_bbox_list": [[202, 304, 508, 354], [705, 357, 441, 186], [240, 316, 173, 335]], "hand_bbox_list": [{"left_hand": null, "right_hand": [294.67755126953125, 636.7283935546875, 133.3076171875, 46.05908203125]}, {"left_hand": null, "right_hand": null}, {"left_hand": [294.67755126953125, 636.7283935546875, 133.3076171875, 46.05908203125], "right_hand": null}]}