{"image_path": "/home/hyem/workspace/frankmocap_notebooks/images/IODxDxX7oi/scene_00000667.jpg", "body_bbox_list": [[451, 252, 595, 272]], "hand_bbox_list": [{"left_hand": null, "right_hand": [481.64990234375, 496.6485290527344, 174.13983154296875, 90.19815063476562]}]}