{"image_path": "/home/hyem/workspace/frankmocap_notebooks/images/IODxDxX7oi/scene_00004177.jpg", "body_bbox_list": [[217, 453, 286, 191]], "hand_bbox_list": [{"left_hand": [311.482421875, 635.301513671875, 125.17840576171875, 45.33135986328125], "right_hand": null}]}