{"image_path": "/home/hyem/workspace/frankmocap_notebooks/images/IODxDxX7oi/scene_00002320.jpg", "body_bbox_list": [[165, 364, 446, 273], [642, 381, 471, 155]], "hand_bbox_list": [{"left_hand": [453.3076171875, 634.3869018554688, 119.835205078125, 45.1376953125], "right_hand": null}, {"left_hand": null, "right_hand": null}]}