{"image_path": "/home/hyem/workspace/frankmocap_notebooks/images/IODxDxX7oi/scene_00005589.jpg", "body_bbox_list": [[159, 240, 712, 414], [211, 240, 191, 403]], "hand_bbox_list": [{"left_hand": null, "right_hand": [279.8546447753906, 640.44287109375, 130.1842041015625, 43.7757568359375]}, {"left_hand": [279.8546447753906, 640.44287109375, 130.1842041015625, 43.7757568359375], "right_hand": null}]}