{"image_path": "/home/hyem/workspace/frankmocap_notebooks/images/IODxDxX7oi/scene_00003986.jpg", "body_bbox_list": [[133, 476, 533, 173]], "hand_bbox_list": [{"left_hand": [311.43853759765625, 630.9144287109375, 124.91964721679688, 51.984130859375], "right_hand": null}]}