{"image_path": "/home/hyem/workspace/frankmocap_notebooks/images/IODxDxX7oi/scene_00003561.jpg", "body_bbox_list": [[389, 441, 476, 210]], "hand_bbox_list": [{"left_hand": [774.4293212890625, 627.8034057617188, 111.919921875, 37.9808349609375], "right_hand": [390.0606689453125, 635.4581909179688, 123.8125, 38.3438720703125]}]}