{"image_path": "/home/hyem/workspace/frankmocap_notebooks/images/IODxDxX7oi/scene_00005419.jpg", "body_bbox_list": [[139, 261, 408, 322], [785, 449, 286, 25]], "hand_bbox_list": [{"left_hand": null, "right_hand": [166.6181182861328, 581.5303344726562, 167.0832977294922, 58.80364990234375]}, {"left_hand": null, "right_hand": null}]}