{"image_path": "/home/hyem/workspace/frankmocap_notebooks/images/IODxDxX7oi/scene_00003065.jpg", "body_bbox_list": [[376, 299, 514, 359]], "hand_bbox_list": [{"left_hand": [803.5902709960938, 627.0794067382812, 95.5960693359375, 41.0528564453125], "right_hand": [377.344970703125, 640.2420654296875, 115.591552734375, 37.42462158203125]}]}