{"image_path": "/home/hyem/workspace/frankmocap_notebooks/images/IODxDxX7oi/scene_00004512.jpg", "body_bbox_list": [[171, 218, 940, 502]], "hand_bbox_list": [{"left_hand": [857.3507690429688, 624.8242797851562, 90.25341796875, 91.124755859375], "right_hand": [318.064453125, 626.4638061523438, 88.377197265625, 89.97491455078125]}]}