{"image_path": "/home/hyem/workspace/frankmocap_notebooks/images/IODxDxX7oi/scene_00002155.jpg", "body_bbox_list": [[181, 243, 707, 229], [637, 339, 470, 205], [228, 234, 191, 427], [352, 252, 56, 397]], "hand_bbox_list": [{"left_hand": null, "right_hand": null}, {"left_hand": null, "right_hand": null}, {"left_hand": [295.5770263671875, 639.6781005859375, 132.99606323242188, 43.56610107421875], "right_hand": null}, {"left_hand": null, "right_hand": [295.5770263671875, 639.6781005859375, 132.99606323242188, 43.56610107421875]}]}