{"image_path": "/home/hyem/workspace/frankmocap_notebooks/images/IODxDxX7oi/scene_00002811.jpg", "body_bbox_list": [[419, 229, 422, 414]], "hand_bbox_list": [{"left_hand": [776.5726928710938, 625.3267211914062, 109.82171630859375, 40.86431884765625], "right_hand": [391.7256164550781, 627.517578125, 123.31808471679688, 46.8436279296875]}]}