{"image_path": "/home/hyem/workspace/frankmocap_notebooks/images/IODxDxX7oi/scene_00001278.jpg", "body_bbox_list": [[148, 439, 706, 118], [637, 440, 476, 105], [175, 435, 229, 210]], "hand_bbox_list": [{"left_hand": null, "right_hand": null}, {"left_hand": null, "right_hand": null}, {"left_hand": [284.9080810546875, 640.4301147460938, 128.450439453125, 42.74285888671875], "right_hand": null}]}