{"image_path": "/home/hyem/workspace/frankmocap_notebooks/images/IODxDxX7oi/scene_00000606.jpg", "body_bbox_list": [[682, 0, 93, 473]], "hand_bbox_list": [{"left_hand": [662.422607421875, 453.6602478027344, 160.4591064453125, 66.88198852539062], "right_hand": null}]}