{"image_path": "/home/hyem/workspace/frankmocap_notebooks/images/IODxDxX7oi/scene_00003307.jpg", "body_bbox_list": [[388, 217, 495, 433]], "hand_bbox_list": [{"left_hand": [797.85546875, 625.1841430664062, 102.26605224609375, 44.282470703125], "right_hand": [380.2289733886719, 639.1778564453125, 105.67254638671875, 39.47052001953125]}]}