{"image_path": "/home/hyem/workspace/frankmocap_notebooks/images/IODxDxX7oi/scene_00001089.jpg", "body_bbox_list": [[74, 493, 707, 156]], "hand_bbox_list": [{"left_hand": [284.9856872558594, 640.8493041992188, 126.25344848632812, 42.0999755859375], "right_hand": null}]}