{"image_path": "/home/hyem/workspace/frankmocap_notebooks/images/IODxDxX7oi/scene_00001336.jpg", "body_bbox_list": [[169, 311, 742, 346], [676, 386, 465, 156], [223, 341, 173, 303]], "hand_bbox_list": [{"left_hand": null, "right_hand": [281.2323913574219, 641.2589111328125, 127.6033935546875, 42.65472412109375]}, {"left_hand": null, "right_hand": null}, {"left_hand": [281.2323913574219, 641.2589111328125, 127.6033935546875, 42.65472412109375], "right_hand": null}]}