{"image_path": "/home/hyem/workspace/frankmocap_notebooks/images/IODxDxX7oi/scene_00001423.jpg", "body_bbox_list": [[92, 205, 817, 457], [285, 317, 32, 322]], "hand_bbox_list": [{"left_hand": [163.25048828125, 636.6128540039062, 155.10903930664062, 51.45330810546875], "right_hand": null}, {"left_hand": null, "right_hand": [163.25048828125, 636.6128540039062, 155.10903930664062, 51.45330810546875]}]}