{"image_path": "/home/hyem/workspace/frankmocap_notebooks/images/IODxDxX7oi/scene_00004469.jpg", "body_bbox_list": [[214, 239, 866, 316]], "hand_bbox_list": [{"left_hand": [836.17138671875, 506.95111083984375, 101.59619140625, 158.81170654296875], "right_hand": null}]}