{"image_path": "/home/hyem/workspace/frankmocap_notebooks/images/IODxDxX7oi/scene_00003660.jpg", "body_bbox_list": [[434, 500, 99, 148]], "hand_bbox_list": [{"left_hand": null, "right_hand": [390.2547302246094, 634.3495483398438, 120.90103149414062, 39.74053955078125]}]}