{"image_path": "/home/hyem/workspace/frankmocap_notebooks/images/IODxDxX7oi/scene_00004759.jpg", "body_bbox_list": [[176, 252, 964, 402]], "hand_bbox_list": [{"left_hand": [282.8209533691406, 640.623779296875, 128.62057495117188, 43.4044189453125], "right_hand": [282.8209533691406, 640.623779296875, 128.62057495117188, 43.4044189453125]}]}