{"image_path": "/home/hyem/workspace/frankmocap_notebooks/images/IODxDxX7oi/scene_00003048.jpg", "body_bbox_list": [[464, 228, 327, 422], [531, 245, 204, 61]], "hand_bbox_list": [{"left_hand": [740.8469848632812, 625.095947265625, 112.1629638671875, 42.3802490234375], "right_hand": [413.6410217285156, 631.6937866210938, 131.15896606445312, 40.84735107421875]}, {"left_hand": null, "right_hand": null}]}