{"image_path": "/home/hyem/workspace/frankmocap_notebooks/images/IODxDxX7oi/scene_00000631.jpg", "body_bbox_list": [[393, 175, 761, 359]], "hand_bbox_list": [{"left_hand": null, "right_hand": [428.89404296875, 501.42156982421875, 213.9268798828125, 111.35791015625]}]}