{"image_path": "/home/hyem/workspace/frankmocap_notebooks/images/IODxDxX7oi/scene_00003223.jpg", "body_bbox_list": [[388, 222, 495, 428]], "hand_bbox_list": [{"left_hand": [801.7559814453125, 624.9163208007812, 97.33880615234375, 43.919189453125], "right_hand": [378.9512023925781, 639.4169921875, 109.75204467773438, 38.85198974609375]}]}