{"image_path": "/home/hyem/workspace/frankmocap_notebooks/images/IODxDxX7oi/scene_00001903.jpg", "body_bbox_list": [[419, 311, 427, 340]], "hand_bbox_list": [{"left_hand": [776.6316528320312, 626.8145141601562, 113.50372314453125, 39.6397705078125], "right_hand": [390.3444519042969, 634.372802734375, 125.72219848632812, 39.6060791015625]}]}