{"image_path": "/home/hyem/workspace/frankmocap_notebooks/images/IODxDxX7oi/scene_00002443.jpg", "body_bbox_list": [[167, 495, 397, 129]], "hand_bbox_list": [{"left_hand": [451.39617919921875, 632.5493774414062, 122.97930908203125, 46.35211181640625], "right_hand": null}]}