{"image_path": "/home/hyem/workspace/frankmocap_notebooks/images/IODxDxX7oi/scene_00002083.jpg", "body_bbox_list": [[122, 464, 639, 186]], "hand_bbox_list": [{"left_hand": [300.3176574707031, 637.51806640625, 130.25411987304688, 45.7879638671875], "right_hand": null}]}