{"image_path": "/home/hyem/workspace/frankmocap_notebooks/images/IODxDxX7oi/scene_00003128.jpg", "body_bbox_list": [[382, 258, 508, 390]], "hand_bbox_list": [{"left_hand": [803.4119873046875, 625.4124755859375, 95.413330078125, 43.03118896484375], "right_hand": [379.6363220214844, 639.4608764648438, 109.8819580078125, 38.5723876953125]}]}