{"image_path": "/home/hyem/workspace/frankmocap_notebooks/images/IODxDxX7oi/scene_00004849.jpg", "body_bbox_list": [[98, 500, 310, 142], [95, 520, 137, 85]], "hand_bbox_list": [{"left_hand": [277.287841796875, 646.1964111328125, 135.28829956054688, 38.60369873046875], "right_hand": null}, {"left_hand": null, "right_hand": null}]}