{"image_path": "/home/hyem/workspace/frankmocap_notebooks/images/IODxDxX7oi/scene_00004692.jpg", "body_bbox_list": [[181, 306, 712, 204], [630, 381, 489, 161], [222, 316, 180, 335]], "hand_bbox_list": [{"left_hand": null, "right_hand": null}, {"left_hand": null, "right_hand": null}, {"left_hand": [283.42474365234375, 641.5112915039062, 126.88925170898438, 42.59454345703125], "right_hand": null}]}