{"image_path": "/home/hyem/workspace/frankmocap_notebooks/images/IODxDxX7oi/scene_00003556.jpg", "body_bbox_list": [[407, 340, 452, 316]], "hand_bbox_list": [{"left_hand": [776.4501342773438, 627.1678466796875, 110.18414306640625, 38.60076904296875], "right_hand": [390.363037109375, 634.4556274414062, 123.40850830078125, 39.45343017578125]}]}