{"image_path": "/home/hyem/workspace/frankmocap_notebooks/images/IODxDxX7oi/scene_00004098.jpg", "body_bbox_list": [[233, 323, 935, 327]], "hand_bbox_list": [{"left_hand": null, "right_hand": [307.4613952636719, 636.2066650390625, 131.94552612304688, 45.404541015625]}]}