{"image_path": "/home/hyem/workspace/frankmocap_notebooks/images/IODxDxX7oi/scene_00003012.jpg", "body_bbox_list": [[457, 499, 340, 167]], "hand_bbox_list": [{"left_hand": [743.8558959960938, 626.2639770507812, 104.5582275390625, 41.29510498046875], "right_hand": [412.7916259765625, 632.4220581054688, 128.51409912109375, 40.1044921875]}]}