{"image_path": "/home/hyem/workspace/frankmocap_notebooks/images/IODxDxX7oi/scene_00002329.jpg", "body_bbox_list": [[143, 471, 687, 155]], "hand_bbox_list": [{"left_hand": [451.2471923828125, 631.2075805664062, 127.34326171875, 47.65057373046875], "right_hand": null}]}