{"image_path": "/home/hyem/workspace/frankmocap_notebooks/images/IODxDxX7oi/scene_00003924.jpg", "body_bbox_list": [[125, 358, 465, 297]], "hand_bbox_list": [{"left_hand": [306.4991455078125, 636.37158203125, 129.34890747070312, 45.2259521484375], "right_hand": null}]}