{"image_path": "/home/hyem/workspace/frankmocap_notebooks/images/IODxDxX7oi/scene_00006146.jpg", "body_bbox_list": [[143, 201, 457, 273], [935, 243, 223, 346], [808, 292, 161, 248]], "hand_bbox_list": [{"left_hand": [427.26953125, 460.04669189453125, 75.46853637695312, 31.79339599609375], "right_hand": [67.21968078613281, 449.0815124511719, 103.25692749023438, 51.0777587890625]}, {"left_hand": [1017.5187377929688, 263.7322082519531, 36.03924560546875, 35.35833740234375], "right_hand": [1017.5187377929688, 263.7322082519531, 36.03924560546875, 35.35833740234375]}, {"left_hand": [798.56982421875, 278.8700256347656, 40.86376953125, 30.72509765625], "right_hand": [798.56982421875, 278.8700256347656, 40.86376953125, 30.72509765625]}]}