{"image_path": "/home/hyem/workspace/frankmocap_notebooks/images/IODxDxX7oi/scene_00003324.jpg", "body_bbox_list": [[351, 399, 563, 248]], "hand_bbox_list": [{"left_hand": [797.73046875, 630.4130249023438, 101.33026123046875, 39.6328125], "right_hand": [376.2953796386719, 639.3869018554688, 107.26409912109375, 39.31768798828125]}]}