{"image_path": "/home/hyem/workspace/frankmocap_notebooks/images/IODxDxX7oi/scene_00002960.jpg", "body_bbox_list": [[465, 210, 297, 441]], "hand_bbox_list": [{"left_hand": null, "right_hand": [413.4530334472656, 631.5352783203125, 131.67745971679688, 40.9539794921875]}]}