{"image_path": "/home/hyem/workspace/frankmocap_notebooks/images/IODxDxX7oi/scene_00001392.jpg", "body_bbox_list": [[79, 205, 1108, 457]], "hand_bbox_list": [{"left_hand": [163.1427001953125, 636.7872924804688, 155.59707641601562, 51.3524169921875], "right_hand": [163.1427001953125, 636.7872924804688, 155.59707641601562, 51.3524169921875]}]}