{"image_path": "/home/hyem/workspace/frankmocap_notebooks/images/IODxDxX7oi/scene_00004019.jpg", "body_bbox_list": [[140, 441, 620, 204]], "hand_bbox_list": [{"left_hand": [308.76348876953125, 633.4664916992188, 126.62872314453125, 47.8603515625], "right_hand": null}]}