{"image_path": "/home/hyem/workspace/frankmocap_notebooks/images/IODxDxX7oi/scene_00003231.jpg", "body_bbox_list": [[376, 252, 514, 402]], "hand_bbox_list": [{"left_hand": [801.8463745117188, 625.618408203125, 97.79144287109375, 43.18408203125], "right_hand": [379.2290344238281, 639.0282592773438, 107.96600341796875, 39.7508544921875]}]}