{"image_path": "/home/hyem/workspace/frankmocap_notebooks/images/IODxDxX7oi/scene_00000396.jpg", "body_bbox_list": [[459, 369, 674, 291]], "hand_bbox_list": [{"left_hand": [800.5997314453125, 650.5684814453125, 133.588623046875, 46.253662109375], "right_hand": [498.2229309082031, 636.4463500976562, 121.92965698242188, 44.30438232421875]}]}