{"image_path": "/home/hyem/workspace/frankmocap_notebooks/images/IODxDxX7oi/scene_00003947.jpg", "body_bbox_list": [[153, 369, 706, 286], [630, 405, 489, 129]], "hand_bbox_list": [{"left_hand": [307.741455078125, 631.8374633789062, 133.07772827148438, 50.49212646484375], "right_hand": null}, {"left_hand": null, "right_hand": null}]}