{"image_path": "/home/hyem/workspace/frankmocap_notebooks/images/IODxDxX7oi/scene_00002928.jpg", "body_bbox_list": [[445, 488, 359, 155]], "hand_bbox_list": [{"left_hand": [742.82373046875, 625.31982421875, 108.99993896484375, 41.9476318359375], "right_hand": [413.49371337890625, 633.2588500976562, 130.10711669921875, 39.35968017578125]}]}