{"image_path": "/home/hyem/workspace/frankmocap_notebooks/images/IODxDxX7oi/scene_00003923.jpg", "body_bbox_list": [[113, 352, 736, 303]], "hand_bbox_list": [{"left_hand": [306.42266845703125, 636.283203125, 129.689208984375, 45.1937255859375], "right_hand": null}]}