{"image_path": "/home/hyem/workspace/frankmocap_notebooks/images/IODxDxX7oi/scene_00002869.jpg", "body_bbox_list": [[419, 246, 422, 408]], "hand_bbox_list": [{"left_hand": [772.9923095703125, 627.272705078125, 117.6829833984375, 39.05810546875], "right_hand": [390.4833068847656, 633.7673950195312, 122.05142211914062, 40.3214111328125]}]}