{"image_path": "/home/hyem/workspace/frankmocap_notebooks/images/IODxDxX7oi/scene_00000690.jpg", "body_bbox_list": [[126, 2, 817, 581]], "hand_bbox_list": [{"left_hand": [694.0082397460938, 461.2125549316406, 122.47479248046875, 46.26544189453125], "right_hand": [526.5712890625, 543.0243530273438, 155.15447998046875, 78.42132568359375]}]}