{"image_path": "/home/hyem/workspace/frankmocap_notebooks/images/IODxDxX7oi/scene_00002876.jpg", "body_bbox_list": [[419, 205, 422, 451]], "hand_bbox_list": [{"left_hand": [772.349609375, 626.2232666015625, 118.78411865234375, 40.21124267578125], "right_hand": [391.0355529785156, 635.1810913085938, 119.34487915039062, 39.30047607421875]}]}