{"image_path": "/home/hyem/workspace/frankmocap_notebooks/images/IODxDxX7oi/scene_00003366.jpg", "body_bbox_list": [[351, 417, 558, 235]], "hand_bbox_list": [{"left_hand": [797.6016235351562, 630.5987548828125, 101.554443359375, 39.515869140625], "right_hand": [376.3904113769531, 639.6830444335938, 105.18963623046875, 38.63543701171875]}]}