{"image_path": "/home/hyem/workspace/frankmocap_notebooks/images/IODxDxX7oi/scene_00003687.jpg", "body_bbox_list": [[419, 305, 422, 346]], "hand_bbox_list": [{"left_hand": [773.2064819335938, 626.8634033203125, 117.68975830078125, 39.73028564453125], "right_hand": [390.4316101074219, 634.6786499023438, 121.43267822265625, 39.54583740234375]}]}