{"image_path": "/home/hyem/workspace/frankmocap_notebooks/images/IODxDxX7oi/scene_00005769.jpg", "body_bbox_list": [[81, 423, 687, 229]], "hand_bbox_list": [{"left_hand": [283.7688903808594, 640.6121826171875, 130.15924072265625, 42.46441650390625], "right_hand": null}]}