{"image_path": "/home/hyem/workspace/frankmocap_notebooks/images/IODxDxX7oi/scene_00003847.jpg", "body_bbox_list": [[102, 363, 742, 286]], "hand_bbox_list": [{"left_hand": [303.7472229003906, 632.5535888671875, 136.80606079101562, 50.26715087890625], "right_hand": null}]}