{"image_path": "/home/hyem/workspace/frankmocap_notebooks/images/IODxDxX7oi/scene_00002406.jpg", "body_bbox_list": [[153, 429, 712, 211]], "hand_bbox_list": [{"left_hand": [454.9638977050781, 635.2251586914062, 121.23098754882812, 44.7745361328125], "right_hand": null}]}