{"image_path": "/home/hyem/workspace/frankmocap_notebooks/images/IODxDxX7oi/scene_00001360.jpg", "body_bbox_list": [[157, 329, 755, 327], [659, 387, 476, 148], [204, 340, 199, 321]], "hand_bbox_list": [{"left_hand": null, "right_hand": [279.8522033691406, 640.47998046875, 131.73367309570312, 43.394775390625]}, {"left_hand": null, "right_hand": null}, {"left_hand": [279.8522033691406, 640.47998046875, 131.73367309570312, 43.394775390625], "right_hand": null}]}