{"image_path": "/home/hyem/workspace/frankmocap_notebooks/images/IODxDxX7oi/scene_00000402.jpg", "body_bbox_list": [[470, 287, 669, 371]], "hand_bbox_list": [{"left_hand": [803.1827392578125, 647.8345947265625, 137.15386962890625, 45.6353759765625], "right_hand": [500.9308166503906, 634.7235717773438, 121.46017456054688, 44.29052734375]}]}