{"image_path": "/home/hyem/workspace/frankmocap_notebooks/images/IODxDxX7oi/scene_00004118.jpg", "body_bbox_list": [[239, 441, 321, 204]], "hand_bbox_list": [{"left_hand": [313.551025390625, 636.9282836914062, 127.01107788085938, 44.238037109375], "right_hand": null}]}