{"image_path": "/home/hyem/workspace/frankmocap_notebooks/images/IODxDxX7oi/scene_00002640.jpg", "body_bbox_list": [[153, 246, 965, 408]], "hand_bbox_list": [{"left_hand": [158.7276611328125, 632.9344482421875, 121.19830322265625, 41.66827392578125], "right_hand": null}]}