{"image_path": "/home/hyem/workspace/frankmocap_notebooks/images/IODxDxX7oi/scene_00000375.jpg", "body_bbox_list": [[422, 488, 625, 161]], "hand_bbox_list": [{"left_hand": [781.5526733398438, 654.439208984375, 131.33380126953125, 42.54876708984375], "right_hand": null}]}