{"image_path": "/home/hyem/workspace/frankmocap_notebooks/images/IODxDxX7oi/scene_00005094.jpg", "body_bbox_list": [[151, 451, 750, 99], [192, 446, 229, 199], [258, 434, 148, 223]], "hand_bbox_list": [{"left_hand": null, "right_hand": null}, {"left_hand": [296.72381591796875, 641.7260131835938, 132.75665283203125, 40.6435546875], "right_hand": null}, {"left_hand": null, "right_hand": [296.72381591796875, 641.7260131835938, 132.75665283203125, 40.6435546875]}]}