{"image_path": "/home/hyem/workspace/frankmocap_notebooks/images/IODxDxX7oi/scene_00003302.jpg", "body_bbox_list": [[388, 217, 495, 433]], "hand_bbox_list": [{"left_hand": [798.0368041992188, 625.1555786132812, 101.6324462890625, 44.30029296875], "right_hand": [380.4299011230469, 639.0234985351562, 105.33786010742188, 39.591064453125]}]}