{"image_path": "/home/hyem/workspace/frankmocap_notebooks/images/IODxDxX7oi/scene_00001325.jpg", "body_bbox_list": [[134, 376, 1026, 267]], "hand_bbox_list": [{"left_hand": [282.5469055175781, 637.61328125, 130.27337646484375, 46.1754150390625], "right_hand": null}]}