{"image_path": "/home/hyem/workspace/frankmocap_notebooks/images/IODxDxX7oi/scene_00003133.jpg", "body_bbox_list": [[388, 240, 495, 409]], "hand_bbox_list": [{"left_hand": [803.2288208007812, 624.9173583984375, 95.05029296875, 43.6773681640625], "right_hand": [380.44677734375, 639.1936645507812, 109.13412475585938, 38.8416748046875]}]}