{"image_path": "/home/hyem/workspace/frankmocap_notebooks/images/IODxDxX7oi/scene_00003595.jpg", "body_bbox_list": [[389, 446, 476, 205]], "hand_bbox_list": [{"left_hand": [773.553466796875, 626.5847778320312, 117.7928466796875, 39.67877197265625], "right_hand": [390.10577392578125, 635.5501708984375, 122.4388427734375, 38.33648681640625]}]}