{"image_path": "/home/hyem/workspace/frankmocap_notebooks/images/IODxDxX7oi/scene_00000412.jpg", "body_bbox_list": [[518, 169, 365, 495], [930, 344, 216, 235]], "hand_bbox_list": [{"left_hand": null, "right_hand": [509.7104187011719, 631.4581298828125, 124.27499389648438, 45.9644775390625]}, {"left_hand": null, "right_hand": null}]}