{"image_path": "/home/hyem/workspace/frankmocap_notebooks/images/IODxDxX7oi/scene_00004748.jpg", "body_bbox_list": [[187, 258, 706, 378], [637, 352, 476, 185]], "hand_bbox_list": [{"left_hand": [282.7396545410156, 641.3574829101562, 128.56890869140625, 42.797607421875], "right_hand": null}, {"left_hand": null, "right_hand": null}]}