{"image_path": "/home/hyem/workspace/frankmocap_notebooks/images/IODxDxX7oi/scene_00001496.jpg", "body_bbox_list": [[74, 205, 1095, 451]], "hand_bbox_list": [{"left_hand": [163.3745574951172, 636.663818359375, 155.2480010986328, 51.6405029296875], "right_hand": null}]}