{"image_path": "/home/hyem/workspace/frankmocap_notebooks/images/IODxDxX7oi/scene_00005795.jpg", "body_bbox_list": [[128, 168, 779, 519]], "hand_bbox_list": [{"left_hand": [420.076904296875, 663.3421630859375, 136.5062255859375, 48.74017333984375], "right_hand": [158.998291015625, 650.1378173828125, 124.55905151367188, 45.87457275390625]}]}