{"image_path": "/home/hyem/workspace/frankmocap_notebooks/images/IODxDxX7oi/scene_00004821.jpg", "body_bbox_list": [[181, 252, 712, 408], [637, 345, 481, 199]], "hand_bbox_list": [{"left_hand": [281.8042297363281, 640.3886108398438, 129.21218872070312, 43.6729736328125], "right_hand": null}, {"left_hand": null, "right_hand": null}]}