{"image_path": "/home/hyem/workspace/frankmocap_notebooks/images/IODxDxX7oi/scene_00002079.jpg", "body_bbox_list": [[154, 410, 316, 243]], "hand_bbox_list": [{"left_hand": [300.96990966796875, 635.9757080078125, 128.1102294921875, 47.683837890625], "right_hand": null}]}