{"image_path": "/home/hyem/workspace/frankmocap_notebooks/images/IODxDxX7oi/scene_00003015.jpg", "body_bbox_list": [[457, 504, 340, 162]], "hand_bbox_list": [{"left_hand": [741.7144775390625, 624.82177734375, 111.41290283203125, 42.70709228515625], "right_hand": [412.8649597167969, 632.2158813476562, 128.71664428710938, 40.283935546875]}]}