{"image_path": "/home/hyem/workspace/frankmocap_notebooks/images/IODxDxX7oi/scene_00004106.jpg", "body_bbox_list": [[215, 358, 959, 297]], "hand_bbox_list": [{"left_hand": [309.14642333984375, 634.6878662109375, 131.969482421875, 48.3387451171875], "right_hand": [309.14642333984375, 634.6878662109375, 131.969482421875, 48.3387451171875]}]}