{"image_path": "/home/hyem/workspace/frankmocap_notebooks/images/IODxDxX7oi/scene_00005059.jpg", "body_bbox_list": [[168, 328, 991, 210], [222, 334, 192, 316]], "hand_bbox_list": [{"left_hand": null, "right_hand": null}, {"left_hand": [296.3451843261719, 637.2610473632812, 133.41119384765625, 45.86834716796875], "right_hand": null}]}