{"image_path": "/home/hyem/workspace/frankmocap_notebooks/images/IODxDxX7oi/scene_00006016.jpg", "body_bbox_list": [[790, 278, 192, 316], [220, 384, 359, 93]], "hand_bbox_list": [{"left_hand": [895.9555053710938, 285.8206787109375, 31.10040283203125, 35.741851806640625], "right_hand": null}, {"left_hand": [331.6165466308594, 466.87451171875, 71.81838989257812, 34.65838623046875], "right_hand": null}]}