{"image_path": "/home/hyem/workspace/frankmocap_notebooks/images/IODxDxX7oi/scene_00000974.jpg", "body_bbox_list": [[98, 458, 451, 192]], "hand_bbox_list": [{"left_hand": [284.576904296875, 640.0768432617188, 127.957275390625, 43.0362548828125], "right_hand": null}]}