{"image_path": "/home/hyem/workspace/frankmocap_notebooks/images/IODxDxX7oi/scene_00004965.jpg", "body_bbox_list": [[164, 482, 471, 167]], "hand_bbox_list": [{"left_hand": [295.12591552734375, 642.7745971679688, 134.42727661132812, 39.09515380859375], "right_hand": null}]}