{"image_path": "/home/hyem/workspace/frankmocap_notebooks/images/IODxDxX7oi/scene_00001397.jpg", "body_bbox_list": [[106, 205, 519, 451], [652, 270, 513, 259]], "hand_bbox_list": [{"left_hand": [163.0548858642578, 636.742431640625, 155.56260681152344, 51.4449462890625], "right_hand": null}, {"left_hand": null, "right_hand": null}]}