{"image_path": "/home/hyem/workspace/frankmocap_notebooks/images/IODxDxX7oi/scene_00004050.jpg", "body_bbox_list": [[257, 329, 656, 316]], "hand_bbox_list": [{"left_hand": null, "right_hand": [306.50347900390625, 633.8370361328125, 132.78497314453125, 47.41949462890625]}]}