{"image_path": "/home/hyem/workspace/frankmocap_notebooks/images/IODxDxX7oi/scene_00005319.jpg", "body_bbox_list": [[312, 0, 687, 372], [756, 134, 327, 379], [722, 164, 311, 359], [537, 71, 186, 539]], "hand_bbox_list": [{"left_hand": null, "right_hand": null}, {"left_hand": null, "right_hand": null}, {"left_hand": null, "right_hand": null}, {"left_hand": [588.263671875, 607.4511108398438, 170.93084716796875, 72.97198486328125], "right_hand": null}]}