{"image_path": "/home/hyem/workspace/frankmocap_notebooks/images/IODxDxX7oi/scene_00000828.jpg", "body_bbox_list": [[606, 390, 267, 205], [557, 427, 129, 142]], "hand_bbox_list": [{"left_hand": null, "right_hand": null}, {"left_hand": null, "right_hand": [549.822509765625, 561.583251953125, 108.0604248046875, 58.1063232421875]}]}