{"image_path": "/home/hyem/workspace/frankmocap_notebooks/images/IODxDxX7oi/scene_00002263.jpg", "body_bbox_list": [[119, 500, 353, 142]], "hand_bbox_list": [{"left_hand": [211.1671905517578, 473.4086608886719, 216.6918487548828, 195.85885620117188], "right_hand": null}]}