{"image_path": "/home/hyem/workspace/frankmocap_notebooks/images/IODxDxX7oi/scene_00002214.jpg", "body_bbox_list": [[176, 241, 706, 384], [327, 329, 88, 316]], "hand_bbox_list": [{"left_hand": [296.63043212890625, 639.4181518554688, 130.50057983398438, 43.48876953125], "right_hand": null}, {"left_hand": null, "right_hand": [296.63043212890625, 639.4181518554688, 130.50057983398438, 43.48876953125]}]}