{"image_path": "/home/hyem/workspace/frankmocap_notebooks/images/IODxDxX7oi/scene_00000346.jpg", "body_bbox_list": [[401, 381, 717, 278]], "hand_bbox_list": [{"left_hand": [754.818359375, 652.24365234375, 127.7542724609375, 45.120361328125], "right_hand": [453.0963439941406, 639.124755859375, 126.39218139648438, 43.18670654296875]}]}