{"image_path": "/home/hyem/workspace/frankmocap_notebooks/images/IODxDxX7oi/scene_00003611.jpg", "body_bbox_list": [[419, 222, 422, 428]], "hand_bbox_list": [{"left_hand": [772.8790283203125, 626.3048706054688, 119.2685546875, 40.16485595703125], "right_hand": [390.9455261230469, 635.3219604492188, 119.75759887695312, 39.13922119140625]}]}