{"image_path": "/home/hyem/workspace/frankmocap_notebooks/images/IODxDxX7oi/scene_00002128.jpg", "body_bbox_list": [[149, 381, 310, 273]], "hand_bbox_list": [{"left_hand": [300.2776184082031, 637.0558471679688, 128.96621704101562, 45.8641357421875], "right_hand": null}]}