{"image_path": "/home/hyem/workspace/frankmocap_notebooks/images/IODxDxX7oi/scene_00002891.jpg", "body_bbox_list": [[419, 252, 422, 402]], "hand_bbox_list": [{"left_hand": [773.1620483398438, 626.3713989257812, 118.00274658203125, 40.16363525390625], "right_hand": [390.5840148925781, 633.7765502929688, 121.23196411132812, 40.2764892578125]}]}