{"image_path": "/home/hyem/workspace/frankmocap_notebooks/images/IODxDxX7oi/scene_00000591.jpg", "body_bbox_list": [[327, 0, 730, 536], [327, 138, 229, 551]], "hand_bbox_list": [{"left_hand": [636.3964233398438, 515.1432495117188, 160.7430419921875, 71.9998779296875], "right_hand": null}, {"left_hand": null, "right_hand": null}]}