{"image_path": "/home/hyem/workspace/frankmocap_notebooks/images/IODxDxX7oi/scene_00000845.jpg", "body_bbox_list": [[551, 308, 389, 273], [837, 357, 36, 180]], "hand_bbox_list": [{"left_hand": null, "right_hand": [571.4683227539062, 567.07470703125, 106.01885986328125, 64.78125]}, {"left_hand": [811.5256958007812, 528.5263671875, 105.687744140625, 55.5474853515625], "right_hand": null}]}