{"image_path": "/home/hyem/workspace/frankmocap_notebooks/images/IODxDxX7oi/scene_00003192.jpg", "body_bbox_list": [[523, 489, 383, 142], [368, 500, 192, 142]], "hand_bbox_list": [{"left_hand": [804.7761840820312, 628.1937866210938, 95.01068115234375, 39.92633056640625], "right_hand": null}, {"left_hand": null, "right_hand": [376.8245544433594, 639.4900512695312, 108.03280639648438, 39.01806640625]}]}