{"image_path": "/home/hyem/workspace/frankmocap_notebooks/images/IODxDxX7oi/scene_00001849.jpg", "body_bbox_list": [[549, 483, 286, 148], [434, 500, 105, 142]], "hand_bbox_list": [{"left_hand": null, "right_hand": null}, {"left_hand": null, "right_hand": [392.69818115234375, 635.5303955078125, 124.26019287109375, 38.358154296875]}]}