{"image_path": "/home/hyem/workspace/frankmocap_notebooks/images/IODxDxX7oi/scene_00001999.jpg", "body_bbox_list": [[816, 511, 359, 137]], "hand_bbox_list": [{"left_hand": [1006.4530029296875, 631.8482055664062, 91.6483154296875, 42.03759765625], "right_hand": [903.4677124023438, 633.2794189453125, 94.72821044921875, 42.5504150390625]}]}