{"image_path": "/home/hyem/workspace/frankmocap_notebooks/images/IODxDxX7oi/scene_00003572.jpg", "body_bbox_list": [[426, 500, 155, 142]], "hand_bbox_list": [{"left_hand": null, "right_hand": [390.8123474121094, 635.1401977539062, 120.1585693359375, 38.839111328125]}]}