{"image_path": "/home/hyem/workspace/frankmocap_notebooks/images/IODxDxX7oi/scene_00002672.jpg", "body_bbox_list": [[139, 410, 267, 248]], "hand_bbox_list": [{"left_hand": [161.6291046142578, 634.4882202148438, 114.05976867675781, 39.8817138671875], "right_hand": null}]}