{"image_path": "/home/hyem/workspace/frankmocap_notebooks/images/IODxDxX7oi/scene_00000205.jpg", "body_bbox_list": [[294, 186, 723, 495], [771, 334, 235, 210]], "hand_bbox_list": [{"left_hand": [604.7216796875, 659.5184326171875, 128.71038818359375, 44.93701171875], "right_hand": [314.6971435546875, 644.295166015625, 126.83627319335938, 43.32177734375]}, {"left_hand": null, "right_hand": null}]}