{"image_path": "/home/hyem/workspace/frankmocap_notebooks/images/IODxDxX7oi/scene_00002601.jpg", "body_bbox_list": [[150, 428, 409, 235]], "hand_bbox_list": [{"left_hand": null, "right_hand": [161.26211547851562, 631.8104248046875, 115.9891357421875, 42.7320556640625]}]}