{"image_path": "/home/hyem/workspace/frankmocap_notebooks/images/IODxDxX7oi/scene_00000860.jpg", "body_bbox_list": [[536, 160, 346, 446]], "hand_bbox_list": [{"left_hand": [817.0672607421875, 556.80078125, 105.90936279296875, 57.43280029296875], "right_hand": [558.248291015625, 589.0322265625, 104.228271484375, 68.12005615234375]}]}