{"image_path": "/home/hyem/workspace/frankmocap_notebooks/images/IODxDxX7oi/scene_00001991.jpg", "body_bbox_list": [[70, 452, 457, 199], [828, 394, 341, 253]], "hand_bbox_list": [{"left_hand": [444.595458984375, 627.6527099609375, 116.90533447265625, 38.27264404296875], "right_hand": [61.773807525634766, 635.1055908203125, 122.744140625, 38.405517578125]}, {"left_hand": [999.0493774414062, 629.7896118164062, 97.62896728515625, 43.53515625], "right_hand": [905.5732421875, 634.4144897460938, 96.86358642578125, 41.28131103515625]}]}