{"image_path": "/home/hyem/workspace/frankmocap_notebooks/images/IODxDxX7oi/scene_00003839.jpg", "body_bbox_list": [[310, 493, 123, 156], [131, 533, 452, 31]], "hand_bbox_list": [{"left_hand": [305.2961120605469, 644.857666015625, 133.7396240234375, 36.67449951171875], "right_hand": null}, {"left_hand": null, "right_hand": null}]}