{"image_path": "/home/hyem/workspace/frankmocap_notebooks/images/IODxDxX7oi/scene_00005717.jpg", "body_bbox_list": [[104, 381, 316, 267]], "hand_bbox_list": [{"left_hand": [281.39337158203125, 638.0703125, 130.39523315429688, 45.94140625], "right_hand": null}]}