{"image_path": "/home/hyem/workspace/frankmocap_notebooks/images/IODxDxX7oi/scene_00004944.jpg", "body_bbox_list": [[177, 500, 310, 142]], "hand_bbox_list": [{"left_hand": [297.818603515625, 644.5012817382812, 127.92507934570312, 37.75677490234375], "right_hand": null}]}