{"image_path": "/home/hyem/workspace/frankmocap_notebooks/images/IODxDxX7oi/scene_00005801.jpg", "body_bbox_list": [[104, 238, 810, 441], [618, 345, 266, 210]], "hand_bbox_list": [{"left_hand": [425.5182189941406, 663.8345947265625, 136.52102661132812, 49.2039794921875], "right_hand": [162.34762573242188, 648.958984375, 126.19644165039062, 46.6201171875]}, {"left_hand": null, "right_hand": null}]}