{"image_path": "/home/hyem/workspace/frankmocap_notebooks/images/IODxDxX7oi/scene_00002220.jpg", "body_bbox_list": [[153, 264, 965, 389]], "hand_bbox_list": [{"left_hand": [297.3034973144531, 639.9920043945312, 130.62570190429688, 42.9776611328125], "right_hand": null}]}