{"image_path": "/home/hyem/workspace/frankmocap_notebooks/images/IODxDxX7oi/scene_00003391.jpg", "body_bbox_list": [[383, 246, 500, 403], [530, 261, 223, 69]], "hand_bbox_list": [{"left_hand": [796.3772583007812, 625.3261108398438, 103.63055419921875, 43.9224853515625], "right_hand": [379.324951171875, 638.3898315429688, 103.60687255859375, 40.67742919921875]}, {"left_hand": null, "right_hand": null}]}