{"image_path": "/home/hyem/workspace/frankmocap_notebooks/images/IODxDxX7oi/scene_00001428.jpg", "body_bbox_list": [[93, 205, 810, 457], [280, 312, 37, 327]], "hand_bbox_list": [{"left_hand": [163.25387573242188, 636.5430297851562, 155.14483642578125, 51.560302734375], "right_hand": null}, {"left_hand": null, "right_hand": [163.25387573242188, 636.5430297851562, 155.14483642578125, 51.560302734375]}]}