{"image_path": "/home/hyem/workspace/frankmocap_notebooks/images/IODxDxX7oi/scene_00001234.jpg", "body_bbox_list": [[81, 435, 699, 216]], "hand_bbox_list": [{"left_hand": [284.877197265625, 640.62158203125, 127.77182006835938, 42.39984130859375], "right_hand": null}]}