{"image_path": "/home/hyem/workspace/frankmocap_notebooks/images/IODxDxX7oi/scene_00006145.jpg", "body_bbox_list": [[148, 196, 452, 278], [947, 237, 210, 353], [815, 292, 148, 254]], "hand_bbox_list": [{"left_hand": [423.89874267578125, 460.27880859375, 75.20553588867188, 31.475799560546875], "right_hand": [75.84358978271484, 441.9143981933594, 102.94878387451172, 53.80657958984375]}, {"left_hand": [1018.8836059570312, 262.0420837402344, 34.55511474609375, 33.94921875], "right_hand": [1018.8836059570312, 262.0420837402344, 34.55511474609375, 33.94921875]}, {"left_hand": [798.4188232421875, 275.84002685546875, 41.3472900390625, 28.70660400390625], "right_hand": [798.4188232421875, 275.84002685546875, 41.3472900390625, 28.70660400390625]}]}