{"image_path": "/home/hyem/workspace/frankmocap_notebooks/images/IODxDxX7oi/scene_00005881.jpg", "body_bbox_list": [[184, 186, 774, 495]], "hand_bbox_list": [{"left_hand": [506.1021423339844, 663.521728515625, 129.92453002929688, 45.55133056640625], "right_hand": [230.89773559570312, 647.4376831054688, 127.54437255859375, 45.57183837890625]}]}