{"image_path": "/home/hyem/workspace/frankmocap_notebooks/images/IODxDxX7oi/scene_00002359.jpg", "body_bbox_list": [[156, 501, 414, 129]], "hand_bbox_list": [{"left_hand": [454.04052734375, 628.2689819335938, 123.35382080078125, 51.0205078125], "right_hand": null}]}