{"image_path": "/home/hyem/workspace/frankmocap_notebooks/images/IODxDxX7oi/scene_00001576.jpg", "body_bbox_list": [[86, 211, 818, 427]], "hand_bbox_list": [{"left_hand": null, "right_hand": [163.9205780029297, 637.0167846679688, 154.6149444580078, 51.3280029296875]}]}