{"image_path": "/home/hyem/workspace/frankmocap_notebooks/images/IODxDxX7oi/scene_00000433.jpg", "body_bbox_list": [[442, 23, 427, 606]], "hand_bbox_list": [{"left_hand": [777.7431030273438, 603.5787353515625, 157.729736328125, 91.966064453125], "right_hand": null}]}