{"image_path": "/home/hyem/workspace/frankmocap_notebooks/images/IODxDxX7oi/scene_00001852.jpg", "body_bbox_list": [[434, 505, 99, 137]], "hand_bbox_list": [{"left_hand": null, "right_hand": [392.6595153808594, 635.3643798828125, 124.19253540039062, 38.53125]}]}