{"image_path": "/home/hyem/workspace/frankmocap_notebooks/images/IODxDxX7oi/scene_00006304.jpg", "body_bbox_list": [[690, 136, 409, 341], [99, 208, 173, 254], [363, 310, 56, 129]], "hand_bbox_list": [{"left_hand": null, "right_hand": null}, {"left_hand": null, "right_hand": [112.22859191894531, 194.56297302246094, 171.3445281982422, 146.0412139892578]}, {"left_hand": null, "right_hand": null}]}