{"image_path": "/home/hyem/workspace/frankmocap_notebooks/images/IODxDxX7oi/scene_00003428.jpg", "body_bbox_list": [[449, 234, 384, 427]], "hand_bbox_list": [{"left_hand": [775.7831420898438, 626.1463623046875, 116.0396728515625, 40.73272705078125], "right_hand": [404.9734802246094, 635.2213134765625, 122.50082397460938, 38.5107421875]}]}