{"image_path": "/home/hyem/workspace/frankmocap_notebooks/images/IODxDxX7oi/scene_00006444.jpg", "body_bbox_list": [[139, 226, 37, 105], [161, 285, 44, 26]], "hand_bbox_list": [{"left_hand": null, "right_hand": [71.86898803710938, 192.2451171875, 201.01617431640625, 168.03567504882812]}, {"left_hand": null, "right_hand": null}]}