{"image_path": "/home/hyem/workspace/frankmocap_notebooks/images/IODxDxX7oi/scene_00002575.jpg", "body_bbox_list": [[124, 380, 972, 286]], "hand_bbox_list": [{"left_hand": [159.57763671875, 632.5128784179688, 117.431884765625, 42.15057373046875], "right_hand": [159.57763671875, 632.5128784179688, 117.431884765625, 42.15057373046875]}]}