{"image_path": "/home/hyem/workspace/frankmocap_notebooks/images/IODxDxX7oi/scene_00001514.jpg", "body_bbox_list": [[73, 211, 1103, 422]], "hand_bbox_list": [{"left_hand": null, "right_hand": [163.68017578125, 636.501708984375, 154.9305419921875, 51.80816650390625]}]}