{"image_path": "/home/hyem/workspace/frankmocap_notebooks/images/IODxDxX7oi/scene_00005371.jpg", "body_bbox_list": [[708, 341, 18, 297]], "hand_bbox_list": [{"left_hand": null, "right_hand": [591.713623046875, 614.998779296875, 172.80133056640625, 72.05133056640625]}]}