{"image_path": "/home/hyem/workspace/frankmocap_notebooks/images/IODxDxX7oi/scene_00005715.jpg", "body_bbox_list": [[139, 352, 273, 297], [103, 361, 452, 94]], "hand_bbox_list": [{"left_hand": [281.6122131347656, 637.4461059570312, 130.95379638671875, 46.4759521484375], "right_hand": null}, {"left_hand": null, "right_hand": null}]}