{"image_path": "/home/hyem/workspace/frankmocap_notebooks/images/IODxDxX7oi/scene_00002734.jpg", "body_bbox_list": [[426, 264, 414, 389]], "hand_bbox_list": [{"left_hand": [777.41064453125, 626.7159423828125, 111.9959716796875, 40.07305908203125], "right_hand": [392.76361083984375, 635.6456909179688, 121.17608642578125, 38.606201171875]}]}