{"image_path": "/home/hyem/workspace/frankmocap_notebooks/images/IODxDxX7oi/scene_00003534.jpg", "body_bbox_list": [[437, 234, 397, 421]], "hand_bbox_list": [{"left_hand": [774.5357666015625, 626.4254150390625, 110.25775146484375, 39.83306884765625], "right_hand": [392.9790344238281, 634.7120361328125, 126.81399536132812, 39.13983154296875]}]}