{"image_path": "/home/hyem/workspace/frankmocap_notebooks/images/IODxDxX7oi/scene_00001818.jpg", "body_bbox_list": [[432, 234, 402, 421]], "hand_bbox_list": [{"left_hand": [777.398681640625, 626.8241577148438, 111.73199462890625, 40.271484375], "right_hand": [392.7421569824219, 635.3872680664062, 120.58126831054688, 38.8773193359375]}]}