{"image_path": "/home/hyem/workspace/frankmocap_notebooks/images/IODxDxX7oi/scene_00005158.jpg", "body_bbox_list": [[175, 300, 972, 346]], "hand_bbox_list": [{"left_hand": [296.8977355957031, 637.4095458984375, 133.71426391601562, 45.8968505859375], "right_hand": null}]}