{"image_path": "/home/hyem/workspace/frankmocap_notebooks/images/IODxDxX7oi/scene_00006127.jpg", "body_bbox_list": [[778, 293, 346, 129], [379, 355, 210, 112]], "hand_bbox_list": [{"left_hand": [918.211669921875, 413.1427307128906, 27.39215087890625, 29.256988525390625], "right_hand": [918.211669921875, 413.1427307128906, 27.39215087890625, 29.256988525390625]}, {"left_hand": [349.938720703125, 459.0688171386719, 85.24105834960938, 37.180206298828125], "right_hand": null}]}