{"image_path": "/home/hyem/workspace/frankmocap_notebooks/images/IODxDxX7oi/scene_00003852.jpg", "body_bbox_list": [[113, 462, 736, 94], [191, 458, 259, 192]], "hand_bbox_list": [{"left_hand": null, "right_hand": null}, {"left_hand": [306.87109375, 635.5364379882812, 129.52734375, 46.7222900390625], "right_hand": null}]}