{"image_path": "/home/hyem/workspace/frankmocap_notebooks/images/IODxDxX7oi/scene_00003034.jpg", "body_bbox_list": [[439, 410, 371, 243]], "hand_bbox_list": [{"left_hand": [740.4141235351562, 625.4898681640625, 112.7501220703125, 41.9638671875], "right_hand": [413.5962219238281, 632.0096435546875, 131.86044311523438, 40.5904541015625]}]}