{"image_path": "/home/hyem/workspace/frankmocap_notebooks/images/IODxDxX7oi/scene_00004066.jpg", "body_bbox_list": [[203, 435, 365, 210]], "hand_bbox_list": [{"left_hand": [307.7436828613281, 635.1549682617188, 133.20394897460938, 46.22869873046875], "right_hand": null}]}