{"image_path": "/home/hyem/workspace/frankmocap_notebooks/images/IODxDxX7oi/scene_00000721.jpg", "body_bbox_list": [[541, 369, 465, 173], [263, 376, 267, 18]], "hand_bbox_list": [{"left_hand": null, "right_hand": [541.215087890625, 527.961669921875, 137.16778564453125, 62.51788330078125]}, {"left_hand": null, "right_hand": null}]}