{"image_path": "/home/hyem/workspace/frankmocap_notebooks/images/IODxDxX7oi/scene_00002010.jpg", "body_bbox_list": [[236, 492, 259, 85], [101, 494, 124, 148]], "hand_bbox_list": [{"left_hand": null, "right_hand": null}, {"left_hand": null, "right_hand": [62.139888763427734, 634.3441162109375, 120.25288391113281, 39.4609375]}]}