{"image_path": "/home/hyem/workspace/frankmocap_notebooks/images/IODxDxX7oi/scene_00005695.jpg", "body_bbox_list": [[129, 265, 631, 370]], "hand_bbox_list": [{"left_hand": [281.1213073730469, 640.6627807617188, 128.36141967773438, 43.67730712890625], "right_hand": null}]}