{"image_path": "/home/hyem/workspace/frankmocap_notebooks/images/IODxDxX7oi/scene_00002113.jpg", "body_bbox_list": [[127, 500, 297, 148]], "hand_bbox_list": [{"left_hand": [298.5483703613281, 645.8526000976562, 127.71829223632812, 35.95416259765625], "right_hand": null}]}