{"image_path": "/home/hyem/workspace/frankmocap_notebooks/images/IODxDxX7oi/scene_00002881.jpg", "body_bbox_list": [[419, 210, 422, 446]], "hand_bbox_list": [{"left_hand": [772.5775756835938, 626.1677856445312, 118.66143798828125, 40.2979736328125], "right_hand": [390.98822021484375, 635.2739868164062, 119.393310546875, 39.222900390625]}]}