{"image_path": "/home/hyem/workspace/frankmocap_notebooks/images/IODxDxX7oi/scene_00003626.jpg", "body_bbox_list": [[419, 222, 422, 433]], "hand_bbox_list": [{"left_hand": [772.5398559570312, 626.1505737304688, 119.47265625, 40.33966064453125], "right_hand": [390.53179931640625, 633.1386108398438, 121.37240600585938, 40.86566162109375]}]}