{"image_path": "/home/hyem/workspace/frankmocap_notebooks/images/IODxDxX7oi/scene_00005859.jpg", "body_bbox_list": [[97, 433, 836, 242], [652, 534, 254, 18]], "hand_bbox_list": [{"left_hand": [484.4712829589844, 663.02734375, 131.56918334960938, 44.528076171875], "right_hand": null}, {"left_hand": null, "right_hand": null}]}