{"image_path": "/home/hyem/workspace/frankmocap_notebooks/images/IODxDxX7oi/scene_00002524.jpg", "body_bbox_list": [[164, 306, 718, 327], [642, 334, 471, 199]], "hand_bbox_list": [{"left_hand": [451.85491943359375, 625.7923583984375, 124.900390625, 54.1702880859375], "right_hand": null}, {"left_hand": null, "right_hand": null}]}