{"image_path": "/home/hyem/workspace/frankmocap_notebooks/images/IODxDxX7oi/scene_00003084.jpg", "body_bbox_list": [[540, 489, 365, 148], [383, 500, 129, 148]], "hand_bbox_list": [{"left_hand": [805.0391235351562, 628.0877685546875, 94.10516357421875, 40.07452392578125], "right_hand": null}, {"left_hand": null, "right_hand": [378.5658264160156, 639.81884765625, 107.02310180664062, 38.54071044921875]}]}