{"image_path": "/home/hyem/workspace/frankmocap_notebooks/images/IODxDxX7oi/scene_00002339.jpg", "body_bbox_list": [[173, 512, 402, 124], [163, 537, 124, 85]], "hand_bbox_list": [{"left_hand": [453.7655029296875, 636.5242309570312, 120.40087890625, 42.98309326171875], "right_hand": null}, {"left_hand": null, "right_hand": null}]}