{"image_path": "/home/hyem/workspace/frankmocap_notebooks/images/IODxDxX7oi/scene_00003536.jpg", "body_bbox_list": [[437, 216, 397, 440]], "hand_bbox_list": [{"left_hand": [775.2532348632812, 624.6788330078125, 109.3101806640625, 41.39215087890625], "right_hand": [392.8117980957031, 635.0582885742188, 122.04421997070312, 38.9239501953125]}]}