{"image_path": "/home/hyem/workspace/frankmocap_notebooks/images/IODxDxX7oi/scene_00000505.jpg", "body_bbox_list": [[238, 173, 723, 514], [782, 281, 248, 113]], "hand_bbox_list": [{"left_hand": [741.5592041015625, 571.440673828125, 166.83856201171875, 95.43890380859375], "right_hand": [294.8708190917969, 668.784423828125, 201.67727661132812, 47.41943359375]}, {"left_hand": null, "right_hand": null}]}