{"image_path": "/home/hyem/workspace/frankmocap_notebooks/images/IODxDxX7oi/scene_00003920.jpg", "body_bbox_list": [[133, 394, 397, 259]], "hand_bbox_list": [{"left_hand": [308.340087890625, 632.48681640625, 132.746337890625, 50.665771484375], "right_hand": null}]}