{"image_path": "/home/hyem/workspace/frankmocap_notebooks/images/IODxDxX7oi/scene_00000292.jpg", "body_bbox_list": [[349, 410, 742, 248]], "hand_bbox_list": [{"left_hand": [693.3189086914062, 654.5648803710938, 132.944091796875, 45.92144775390625], "right_hand": [402.8367004394531, 644.6574096679688, 121.37435913085938, 40.48663330078125]}]}