{"image_path": "/home/hyem/workspace/frankmocap_notebooks/images/IODxDxX7oi/scene_00004133.jpg", "body_bbox_list": [[196, 446, 278, 205]], "hand_bbox_list": [{"left_hand": [307.95233154296875, 633.5416870117188, 134.3472900390625, 47.844970703125], "right_hand": null}]}