{"image_path": "/home/hyem/workspace/frankmocap_notebooks/images/IODxDxX7oi/scene_00004493.jpg", "body_bbox_list": [[189, 218, 916, 397], [444, 233, 378, 80]], "hand_bbox_list": [{"left_hand": [845.3812866210938, 526.2547607421875, 98.8751220703125, 156.99505615234375], "right_hand": null}, {"left_hand": null, "right_hand": null}]}