{"image_path": "/home/hyem/workspace/frankmocap_notebooks/images/IODxDxX7oi/scene_00002298.jpg", "body_bbox_list": [[170, 240, 954, 409]], "hand_bbox_list": [{"left_hand": [296.8976745605469, 640.4175415039062, 130.48065185546875, 42.5718994140625], "right_hand": [296.8976745605469, 640.4175415039062, 130.48065185546875, 42.5718994140625]}]}