{"image_path": "/home/hyem/workspace/frankmocap_notebooks/images/IODxDxX7oi/scene_00001577.jpg", "body_bbox_list": [[87, 211, 810, 427]], "hand_bbox_list": [{"left_hand": null, "right_hand": [163.9258575439453, 637.03076171875, 154.60792541503906, 51.31396484375]}]}