{"image_path": "/home/hyem/workspace/frankmocap_notebooks/images/IODxDxX7oi/scene_00001365.jpg", "body_bbox_list": [[127, 363, 1040, 180], [187, 370, 216, 273]], "hand_bbox_list": [{"left_hand": null, "right_hand": null}, {"left_hand": [281.99273681640625, 639.8515625, 130.22793579101562, 44.20294189453125], "right_hand": null}]}