{"image_path": "/home/hyem/workspace/frankmocap_notebooks/images/IODxDxX7oi/scene_00000303.jpg", "body_bbox_list": [[380, 239, 674, 427]], "hand_bbox_list": [{"left_hand": [709.5889282226562, 652.892822265625, 133.95245361328125, 48.85614013671875], "right_hand": [413.32110595703125, 636.85107421875, 127.197509765625, 47.51116943359375]}]}