{"image_path": "/home/hyem/workspace/frankmocap_notebooks/images/IODxDxX7oi/scene_00002996.jpg", "body_bbox_list": [[451, 488, 346, 155]], "hand_bbox_list": [{"left_hand": [741.5762329101562, 625.1259155273438, 111.4677734375, 42.4395751953125], "right_hand": [412.6780700683594, 632.8438110351562, 129.11825561523438, 39.79266357421875]}]}