{"image_path": "/home/hyem/workspace/frankmocap_notebooks/images/IODxDxX7oi/scene_00004823.jpg", "body_bbox_list": [[170, 257, 965, 408], [630, 346, 484, 191]], "hand_bbox_list": [{"left_hand": [281.7386169433594, 639.6049194335938, 129.18447875976562, 44.4759521484375], "right_hand": null}, {"left_hand": null, "right_hand": null}]}