{"image_path": "/home/hyem/workspace/frankmocap_notebooks/images/IODxDxX7oi/scene_00000390.jpg", "body_bbox_list": [[442, 458, 674, 192]], "hand_bbox_list": [{"left_hand": [794.1732788085938, 653.6499633789062, 133.1224365234375, 43.28460693359375], "right_hand": [489.2788391113281, 636.6819458007812, 128.14279174804688, 44.56793212890625]}]}