{"image_path": "/home/hyem/workspace/frankmocap_notebooks/images/IODxDxX7oi/scene_00001288.jpg", "body_bbox_list": [[137, 493, 699, 156]], "hand_bbox_list": [{"left_hand": [281.3739929199219, 642.6690063476562, 131.56805419921875, 40.93463134765625], "right_hand": null}]}