{"image_path": "/home/hyem/workspace/frankmocap_notebooks/images/IODxDxX7oi/scene_00005187.jpg", "body_bbox_list": [[175, 296, 595, 297], [793, 404, 242, 31], [787, 415, 260, 25]], "hand_bbox_list": [{"left_hand": [584.4064331054688, 593.5126342773438, 168.30889892578125, 68.71282958984375], "right_hand": [177.0638885498047, 556.651123046875, 159.2863311767578, 54.571044921875]}, {"left_hand": null, "right_hand": null}, {"left_hand": null, "right_hand": null}]}