{"image_path": "/home/hyem/workspace/frankmocap_notebooks/images/IODxDxX7oi/scene_00006078.jpg", "body_bbox_list": [[199, 356, 327, 104], [861, 238, 118, 205]], "hand_bbox_list": [{"left_hand": [511.4069519042969, 384.1466369628906, 40.886505126953125, 49.056365966796875], "right_hand": [155.20863342285156, 458.0637512207031, 74.48941040039062, 31.703033447265625]}, {"left_hand": [960.027587890625, 437.8464050292969, 21.88812255859375, 20.627655029296875], "right_hand": null}]}