{"image_path": "/home/hyem/workspace/frankmocap_notebooks/images/IODxDxX7oi/scene_00003112.jpg", "body_bbox_list": [[345, 435, 582, 216]], "hand_bbox_list": [{"left_hand": [800.8013305664062, 630.678466796875, 97.66131591796875, 39.24114990234375], "right_hand": [377.96514892578125, 640.1683959960938, 111.44393920898438, 37.92706298828125]}]}