{"image_path": "/home/hyem/workspace/frankmocap_notebooks/images/IODxDxX7oi/scene_00002251.jpg", "body_bbox_list": [[115, 493, 327, 173]], "hand_bbox_list": [{"left_hand": [298.4131774902344, 643.2373046875, 128.7706298828125, 38.75286865234375], "right_hand": null}]}