{"image_path": "/home/hyem/workspace/frankmocap_notebooks/images/IODxDxX7oi/scene_00000436.jpg", "body_bbox_list": [[418, 0, 446, 662]], "hand_bbox_list": [{"left_hand": [786.5808715820312, 609.1754760742188, 160.21270751953125, 93.3568115234375], "right_hand": [365.4604797363281, 632.1610717773438, 170.20584106445312, 83.8887939453125]}]}