{"image_path": "/home/hyem/workspace/frankmocap_notebooks/images/IODxDxX7oi/scene_00002370.jpg", "body_bbox_list": [[160, 424, 693, 210]], "hand_bbox_list": [{"left_hand": [452.73779296875, 631.8914794921875, 124.20294189453125, 47.620361328125], "right_hand": null}]}