{"image_path": "/home/hyem/workspace/frankmocap_notebooks/images/IODxDxX7oi/scene_00004456.jpg", "body_bbox_list": [[195, 263, 910, 402]], "hand_bbox_list": [{"left_hand": [845.9656982421875, 543.8103637695312, 104.99810791015625, 159.8016357421875], "right_hand": [326.9580383300781, 549.6723022460938, 111.86843872070312, 161.8734130859375]}]}