{"image_path": "/home/hyem/workspace/frankmocap_notebooks/images/IODxDxX7oi/scene_00004971.jpg", "body_bbox_list": [[198, 423, 223, 229], [178, 422, 409, 112]], "hand_bbox_list": [{"left_hand": [296.0491638183594, 641.9069213867188, 135.17340087890625, 40.2515869140625], "right_hand": null}, {"left_hand": null, "right_hand": null}]}