{"image_path": "/home/hyem/workspace/frankmocap_notebooks/images/IODxDxX7oi/scene_00003432.jpg", "body_bbox_list": [[444, 235, 389, 408], [542, 251, 199, 61]], "hand_bbox_list": [{"left_hand": [775.3103637695312, 626.5797729492188, 116.95208740234375, 40.2593994140625], "right_hand": [406.39739990234375, 625.7223510742188, 119.820556640625, 47.5780029296875]}, {"left_hand": null, "right_hand": null}]}