{"image_path": "/home/hyem/workspace/frankmocap_notebooks/images/IODxDxX7oi/scene_00004763.jpg", "body_bbox_list": [[187, 251, 712, 427], [648, 339, 470, 205]], "hand_bbox_list": [{"left_hand": [282.76361083984375, 640.7457885742188, 128.55526733398438, 43.2154541015625], "right_hand": [282.76361083984375, 640.7457885742188, 128.55526733398438, 43.2154541015625]}, {"left_hand": null, "right_hand": null}]}