{"image_path": "/home/hyem/workspace/frankmocap_notebooks/images/IODxDxX7oi/scene_00003942.jpg", "body_bbox_list": [[162, 287, 1021, 371], [659, 352, 476, 185]], "hand_bbox_list": [{"left_hand": [311.244384765625, 636.8973388671875, 124.59588623046875, 44.81060791015625], "right_hand": null}, {"left_hand": null, "right_hand": null}]}