{"image_path": "/home/hyem/workspace/frankmocap_notebooks/images/IODxDxX7oi/scene_00003119.jpg", "body_bbox_list": [[363, 340, 551, 316]], "hand_bbox_list": [{"left_hand": [801.6299438476562, 631.6878662109375, 96.13446044921875, 38.13677978515625], "right_hand": [378.5332946777344, 639.8516845703125, 109.62554931640625, 38.1507568359375]}]}