{"image_path": "/home/hyem/workspace/frankmocap_notebooks/images/IODxDxX7oi/scene_00002139.jpg", "body_bbox_list": [[170, 239, 706, 422]], "hand_bbox_list": [{"left_hand": [295.0022888183594, 636.6078491210938, 132.67758178710938, 47.169921875], "right_hand": null}]}