{"image_path": "/home/hyem/workspace/frankmocap_notebooks/images/IODxDxX7oi/scene_00006121.jpg", "body_bbox_list": [[778, 286, 346, 137], [839, 298, 99, 124], [244, 374, 204, 56], [216, 386, 204, 55]], "hand_bbox_list": [{"left_hand": [915.7400512695312, 415.4490661621094, 30.48834228515625, 27.484222412109375], "right_hand": null}, {"left_hand": null, "right_hand": [915.7400512695312, 415.4490661621094, 30.48834228515625, 27.484222412109375]}, {"left_hand": null, "right_hand": null}, {"left_hand": null, "right_hand": null}]}