{"image_path": "/home/hyem/workspace/frankmocap_notebooks/images/IODxDxX7oi/scene_00003117.jpg", "body_bbox_list": [[357, 363, 563, 292]], "hand_bbox_list": [{"left_hand": [802.83544921875, 628.6021118164062, 94.56439208984375, 40.046630859375], "right_hand": [378.6181640625, 639.888427734375, 110.23526000976562, 38.25250244140625]}]}