{"image_path": "/home/hyem/workspace/frankmocap_notebooks/images/IODxDxX7oi/scene_00006105.jpg", "body_bbox_list": [[167, 271, 403, 229], [772, 263, 346, 161]], "hand_bbox_list": [{"left_hand": [239.8755340576172, 483.9438171386719, 91.91868591308594, 27.757843017578125], "right_hand": [239.8755340576172, 483.9438171386719, 91.91868591308594, 27.757843017578125]}, {"left_hand": null, "right_hand": [767.957763671875, 283.6498107910156, 163.65679931640625, 143.6806640625]}]}