{"image_path": "/home/hyem/workspace/frankmocap_notebooks/images/IODxDxX7oi/scene_00004952.jpg", "body_bbox_list": [[167, 500, 297, 148], [619, 504, 495, 61]], "hand_bbox_list": [{"left_hand": [297.2003479003906, 642.01806640625, 131.68463134765625, 40.58428955078125], "right_hand": null}, {"left_hand": null, "right_hand": null}]}