{"image_path": "/home/hyem/workspace/frankmocap_notebooks/images/IODxDxX7oi/scene_00003316.jpg", "body_bbox_list": [[376, 269, 519, 390], [525, 283, 216, 69]], "hand_bbox_list": [{"left_hand": [799.2364501953125, 625.8182373046875, 101.52911376953125, 42.95672607421875], "right_hand": [377.3392639160156, 639.7762451171875, 109.25332641601562, 39.099365234375]}, {"left_hand": null, "right_hand": null}]}