{"image_path": "/home/hyem/workspace/frankmocap_notebooks/images/IODxDxX7oi/scene_00004726.jpg", "body_bbox_list": [[181, 269, 718, 384], [619, 345, 500, 199]], "hand_bbox_list": [{"left_hand": [286.36090087890625, 641.539794921875, 125.9547119140625, 41.10693359375], "right_hand": null}, {"left_hand": null, "right_hand": null}]}