{"image_path": "/home/hyem/workspace/frankmocap_notebooks/images/IODxDxX7oi/scene_00000430.jpg", "body_bbox_list": [[400, 99, 471, 544]], "hand_bbox_list": [{"left_hand": [772.919677734375, 599.3660278320312, 152.6357421875, 88.177734375], "right_hand": [367.69488525390625, 622.5677490234375, 166.20489501953125, 93.11773681640625]}]}