{"image_path": "/home/hyem/workspace/frankmocap_notebooks/images/IODxDxX7oi/scene_00005887.jpg", "body_bbox_list": [[202, 150, 761, 538], [600, 402, 302, 180]], "hand_bbox_list": [{"left_hand": [510.27252197265625, 658.8257446289062, 133.54815673828125, 51.06353759765625], "right_hand": [233.6169891357422, 647.798095703125, 132.2218475341797, 46.30426025390625]}, {"left_hand": null, "right_hand": null}]}