{"image_path": "/home/hyem/workspace/frankmocap_notebooks/images/IODxDxX7oi/scene_00003082.jpg", "body_bbox_list": [[530, 517, 229, 148], [374, 500, 180, 148], [776, 489, 124, 142]], "hand_bbox_list": [{"left_hand": null, "right_hand": null}, {"left_hand": null, "right_hand": [378.2834167480469, 639.668212890625, 107.37112426757812, 38.6478271484375]}, {"left_hand": [805.0181274414062, 628.1383666992188, 93.997314453125, 39.98272705078125], "right_hand": null}]}