{"image_path": "/home/hyem/workspace/frankmocap_notebooks/images/IODxDxX7oi/scene_00002042.jpg", "body_bbox_list": [[93, 228, 422, 422], [853, 305, 286, 341]], "hand_bbox_list": [{"left_hand": [442.9280700683594, 625.7774658203125, 118.30587768554688, 40.6844482421875], "right_hand": [63.250518798828125, 633.2254638671875, 121.50839233398438, 40.62664794921875]}, {"left_hand": [1006.8110961914062, 630.8690185546875, 85.53240966796875, 43.729248046875], "right_hand": [906.6211547851562, 632.7221069335938, 98.34124755859375, 43.09149169921875]}]}