{"image_path": "/home/hyem/workspace/frankmocap_notebooks/images/IODxDxX7oi/scene_00001869.jpg", "body_bbox_list": [[395, 441, 465, 204]], "hand_bbox_list": [{"left_hand": [774.2119140625, 626.7929077148438, 115.5269775390625, 39.8173828125], "right_hand": [392.1639404296875, 635.7344970703125, 126.2601318359375, 38.09100341796875]}]}