{"image_path": "/home/hyem/workspace/frankmocap_notebooks/images/IODxDxX7oi/scene_00005051.jpg", "body_bbox_list": [[163, 405, 737, 124], [659, 411, 465, 123], [198, 405, 223, 242]], "hand_bbox_list": [{"left_hand": null, "right_hand": null}, {"left_hand": null, "right_hand": null}, {"left_hand": [296.383056640625, 641.7385864257812, 132.5968017578125, 40.17059326171875], "right_hand": null}]}