{"image_path": "/home/hyem/workspace/frankmocap_notebooks/images/IODxDxX7oi/scene_00004091.jpg", "body_bbox_list": [[221, 346, 953, 315], [683, 381, 457, 155]], "hand_bbox_list": [{"left_hand": [308.01995849609375, 633.85400390625, 131.66815185546875, 47.6387939453125], "right_hand": [308.01995849609375, 633.85400390625, 131.66815185546875, 47.6387939453125]}, {"left_hand": null, "right_hand": null}]}