{"image_path": "/home/hyem/workspace/frankmocap_notebooks/images/IODxDxX7oi/scene_00005972.jpg", "body_bbox_list": [[222, 375, 799, 297], [731, 428, 242, 112]], "hand_bbox_list": [{"left_hand": [584.6278686523438, 657.13818359375, 134.29248046875, 50.2703857421875], "right_hand": [301.56427001953125, 646.4666748046875, 123.58651733398438, 42.01544189453125]}, {"left_hand": null, "right_hand": null}]}