{"image_path": "/home/hyem/workspace/frankmocap_notebooks/images/IODxDxX7oi/scene_00002397.jpg", "body_bbox_list": [[159, 329, 712, 310], [654, 339, 470, 205]], "hand_bbox_list": [{"left_hand": [451.01776123046875, 627.766845703125, 126.15460205078125, 52.06256103515625], "right_hand": null}, {"left_hand": null, "right_hand": null}]}