{"image_path": "/home/hyem/workspace/frankmocap_notebooks/images/IODxDxX7oi/scene_00006111.jpg", "body_bbox_list": [[167, 342, 397, 137], [771, 280, 359, 143]], "hand_bbox_list": [{"left_hand": [263.7047119140625, 470.4307556152344, 103.13717651367188, 39.80126953125], "right_hand": null}, {"left_hand": [768.4183959960938, 284.3624572753906, 161.31878662109375, 140.41195678710938], "right_hand": [768.4183959960938, 284.3624572753906, 161.31878662109375, 140.41195678710938]}]}