{"image_path": "/home/hyem/workspace/frankmocap_notebooks/images/IODxDxX7oi/scene_00000459.jpg", "body_bbox_list": [[367, 62, 576, 630]], "hand_bbox_list": [{"left_hand": [818.2080688476562, 623.0259399414062, 180.089111328125, 94.18426513671875], "right_hand": [362.36871337890625, 658.0354614257812, 174.66839599609375, 56.5782470703125]}]}