{"image_path": "/home/hyem/workspace/frankmocap_notebooks/images/IODxDxX7oi/scene_00006348.jpg", "body_bbox_list": [[781, 161, 378, 421], [88, 172, 173, 292], [410, 348, 137, 137], [230, 387, 1, 25]], "hand_bbox_list": [{"left_hand": null, "right_hand": null}, {"left_hand": [192.7694549560547, 318.7805480957031, 90.37797546386719, 24.42022705078125], "right_hand": [192.7694549560547, 318.7805480957031, 90.37797546386719, 24.42022705078125]}, {"left_hand": null, "right_hand": null}, {"left_hand": null, "right_hand": null}]}