{"image_path": "/home/hyem/workspace/frankmocap_notebooks/images/IODxDxX7oi/scene_00005392.jpg", "body_bbox_list": [[698, 180, 354, 360], [537, 65, 192, 551], [759, 150, 254, 302], [295, 83, 80, 514]], "hand_bbox_list": [{"left_hand": null, "right_hand": null}, {"left_hand": [598.3462524414062, 618.2728881835938, 167.25897216796875, 71.7288818359375], "right_hand": null}, {"left_hand": null, "right_hand": null}, {"left_hand": null, "right_hand": [165.89199829101562, 578.2330932617188, 170.39871215820312, 58.8902587890625]}]}