{"image_path": "/home/hyem/workspace/frankmocap_notebooks/images/IODxDxX7oi/scene_00003891.jpg", "body_bbox_list": [[114, 446, 717, 205]], "hand_bbox_list": [{"left_hand": [308.8353271484375, 635.441162109375, 127.31597900390625, 45.51715087890625], "right_hand": null}]}