{"image_path": "/home/hyem/workspace/frankmocap_notebooks/images/IODxDxX7oi/scene_00004650.jpg", "body_bbox_list": [[238, 181, 823, 229], [239, 183, 327, 422], [458, 199, 181, 69]], "hand_bbox_list": [{"left_hand": null, "right_hand": null}, {"left_hand": null, "right_hand": [340.6709289550781, 474.6107482910156, 101.7197265625, 159.34323120117188]}, {"left_hand": null, "right_hand": null}]}