{"image_path": "/home/hyem/workspace/frankmocap_notebooks/images/IODxDxX7oi/scene_00006107.jpg", "body_bbox_list": [[166, 295, 422, 192], [772, 268, 335, 156]], "hand_bbox_list": [{"left_hand": [240.3356475830078, 477.7177429199219, 103.48274230957031, 32.4100341796875], "right_hand": [240.3356475830078, 477.7177429199219, 103.48274230957031, 32.4100341796875]}, {"left_hand": [1118.5836181640625, 265.6871643066406, 59.3472900390625, 61.69488525390625], "right_hand": [781.5908813476562, 287.0407409667969, 149.80938720703125, 138.54739379882812]}]}