{"image_path": "/home/hyem/workspace/frankmocap_notebooks/images/IODxDxX7oi/scene_00001828.jpg", "body_bbox_list": [[413, 347, 440, 302]], "hand_bbox_list": [{"left_hand": [777.8012084960938, 626.2203369140625, 111.0699462890625, 40.53997802734375], "right_hand": [392.14447021484375, 636.50537109375, 121.89227294921875, 37.7452392578125]}]}