{"image_path": "/home/hyem/workspace/frankmocap_notebooks/images/IODxDxX7oi/scene_00006059.jpg", "body_bbox_list": [[153, 320, 341, 148], [895, 259, 129, 253]], "hand_bbox_list": [{"left_hand": null, "right_hand": [100.80098724365234, 461.0904541015625, 85.19718170166016, 36.12420654296875]}, {"left_hand": [906.3950805664062, 258.5323181152344, 38.47900390625, 40.08807373046875], "right_hand": null}]}