{"image_path": "/home/hyem/workspace/frankmocap_notebooks/images/IODxDxX7oi/scene_00003904.jpg", "body_bbox_list": [[127, 488, 533, 161]], "hand_bbox_list": [{"left_hand": [308.0849304199219, 634.2457885742188, 129.33755493164062, 47.50982666015625], "right_hand": null}]}