{"image_path": "/home/hyem/workspace/frankmocap_notebooks/images/IODxDxX7oi/scene_00005074.jpg", "body_bbox_list": [[181, 310, 983, 235], [240, 316, 173, 341]], "hand_bbox_list": [{"left_hand": null, "right_hand": null}, {"left_hand": [294.6289978027344, 636.7451171875, 133.34243774414062, 46.08612060546875], "right_hand": null}]}