{"image_path": "/home/hyem/workspace/frankmocap_notebooks/images/IODxDxX7oi/scene_00005490.jpg", "body_bbox_list": [[170, 263, 706, 397], [624, 357, 490, 186]], "hand_bbox_list": [{"left_hand": [281.6060791015625, 639.830322265625, 129.28726196289062, 43.96746826171875], "right_hand": null}, {"left_hand": null, "right_hand": null}]}