{"image_path": "/home/hyem/workspace/frankmocap_notebooks/images/IODxDxX7oi/scene_00001808.jpg", "body_bbox_list": [[342, 277, 31, 346]], "hand_bbox_list": [{"left_hand": [141.4830780029297, 164.86676025390625, 456.3856201171875, 511.62713623046875], "right_hand": null}]}