{"image_path": "/home/hyem/workspace/frankmocap_notebooks/images/IODxDxX7oi/scene_00003409.jpg", "body_bbox_list": [[506, 240, 378, 397]], "hand_bbox_list": [{"left_hand": [796.24267578125, 625.2918701171875, 104.42315673828125, 43.90606689453125], "right_hand": null}]}