{"image_path": "/home/hyem/workspace/frankmocap_notebooks/images/IODxDxX7oi/scene_00005587.jpg", "body_bbox_list": [[153, 248, 712, 224], [210, 239, 205, 427]], "hand_bbox_list": [{"left_hand": null, "right_hand": null}, {"left_hand": [279.7556457519531, 640.4152221679688, 130.37982177734375, 43.8504638671875], "right_hand": null}]}