{"image_path": "/home/hyem/workspace/frankmocap_notebooks/images/IODxDxX7oi/scene_00001506.jpg", "body_bbox_list": [[73, 205, 1103, 457]], "hand_bbox_list": [{"left_hand": [163.3699493408203, 636.4097290039062, 155.4672393798828, 51.9205322265625], "right_hand": [163.3699493408203, 636.4097290039062, 155.4672393798828, 51.9205322265625]}]}