{"image_path": "/home/hyem/workspace/frankmocap_notebooks/images/IODxDxX7oi/scene_00002218.jpg", "body_bbox_list": [[164, 252, 707, 408]], "hand_bbox_list": [{"left_hand": [295.31268310546875, 638.6398315429688, 134.33108520507812, 45.040771484375], "right_hand": [295.31268310546875, 638.6398315429688, 134.33108520507812, 45.040771484375]}]}