{"image_path": "/home/hyem/workspace/frankmocap_notebooks/images/IODxDxX7oi/scene_00004716.jpg", "body_bbox_list": [[181, 269, 712, 384], [637, 357, 476, 180]], "hand_bbox_list": [{"left_hand": [286.4438171386719, 641.4852905273438, 125.86553955078125, 41.1832275390625], "right_hand": null}, {"left_hand": null, "right_hand": null}]}