{"image_path": "/home/hyem/workspace/frankmocap_notebooks/images/IODxDxX7oi/scene_00004132.jpg", "body_bbox_list": [[179, 435, 638, 216]], "hand_bbox_list": [{"left_hand": [310.35101318359375, 636.211669921875, 125.552490234375, 43.80718994140625], "right_hand": null}]}