{"image_path": "/home/hyem/workspace/frankmocap_notebooks/images/IODxDxX7oi/scene_00002800.jpg", "body_bbox_list": [[437, 216, 397, 440]], "hand_bbox_list": [{"left_hand": [775.5189208984375, 625.7400512695312, 108.98126220703125, 40.53704833984375], "right_hand": [392.594482421875, 634.9963989257812, 122.3583984375, 38.96966552734375]}]}