{"image_path": "/home/hyem/workspace/frankmocap_notebooks/images/IODxDxX7oi/scene_00005513.jpg", "body_bbox_list": [[81, 520, 687, 69], [270, 500, 129, 142]], "hand_bbox_list": [{"left_hand": null, "right_hand": null}, {"left_hand": [282.4569396972656, 643.300048828125, 128.74429321289062, 40.451171875], "right_hand": null}]}