{"image_path": "/home/hyem/workspace/frankmocap_notebooks/images/IODxDxX7oi/scene_00004334.jpg", "body_bbox_list": [[187, 133, 965, 533]], "hand_bbox_list": [{"left_hand": [330.7303466796875, 545.6970825195312, 93.57949829101562, 155.46221923828125], "right_hand": null}]}