{"image_path": "/home/hyem/workspace/frankmocap_notebooks/images/IODxDxX7oi/scene_00006025.jpg", "body_bbox_list": [[328, 385, 199, 80], [999, 468, 61, 93]], "hand_bbox_list": [{"left_hand": [354.7023010253906, 460.7389221191406, 72.13211059570312, 34.7919921875], "right_hand": null}, {"left_hand": null, "right_hand": null}]}