{"image_path": "/home/hyem/workspace/frankmocap_notebooks/images/IODxDxX7oi/scene_00004715.jpg", "body_bbox_list": [[181, 269, 712, 384], [637, 357, 476, 180]], "hand_bbox_list": [{"left_hand": [282.8991394042969, 641.4117431640625, 126.51010131835938, 42.572021484375], "right_hand": null}, {"left_hand": null, "right_hand": null}]}