{"image_path": "/home/hyem/workspace/frankmocap_notebooks/images/IODxDxX7oi/scene_00000680.jpg", "body_bbox_list": [[106, 26, 891, 533], [151, 172, 283, 185]], "hand_bbox_list": [{"left_hand": [687.4773559570312, 439.0672607421875, 128.8160400390625, 48.260009765625], "right_hand": [513.1007690429688, 526.0116577148438, 158.608642578125, 81.25628662109375]}, {"left_hand": null, "right_hand": null}]}