{"image_path": "/home/hyem/workspace/frankmocap_notebooks/images/IODxDxX7oi/scene_00003592.jpg", "body_bbox_list": [[396, 482, 451, 172]], "hand_bbox_list": [{"left_hand": [773.8310546875, 627.1820678710938, 117.18255615234375, 38.9091796875], "right_hand": [389.96185302734375, 634.9658813476562, 122.202880859375, 39.003173828125]}]}