{"image_path": "/home/hyem/workspace/frankmocap_notebooks/images/IODxDxX7oi/scene_00002919.jpg", "body_bbox_list": [[463, 499, 334, 155]], "hand_bbox_list": [{"left_hand": [744.6080932617188, 625.8372192382812, 102.76324462890625, 41.36273193359375], "right_hand": [412.9192199707031, 632.542236328125, 128.89425659179688, 40.11480712890625]}]}