{"image_path": "/home/hyem/workspace/frankmocap_notebooks/images/IODxDxX7oi/scene_00006305.jpg", "body_bbox_list": [[696, 119, 397, 353], [98, 214, 181, 248], [363, 309, 56, 136]], "hand_bbox_list": [{"left_hand": null, "right_hand": null}, {"left_hand": null, "right_hand": [115.8370590209961, 196.29904174804688, 163.81292724609375, 145.61126708984375]}, {"left_hand": null, "right_hand": null}]}