{"image_path": "/home/hyem/workspace/frankmocap_notebooks/images/IODxDxX7oi/scene_00002753.jpg", "body_bbox_list": [[419, 494, 422, 148]], "hand_bbox_list": [{"left_hand": [774.2088623046875, 627.2596435546875, 115.360107421875, 39.65203857421875], "right_hand": [391.94073486328125, 635.3049926757812, 125.82196044921875, 38.5028076171875]}]}