{"image_path": "/home/hyem/workspace/frankmocap_notebooks/images/IODxDxX7oi/scene_00001304.jpg", "body_bbox_list": [[150, 500, 297, 142]], "hand_bbox_list": [{"left_hand": [281.6163635253906, 642.1900634765625, 127.02450561523438, 41.736572265625], "right_hand": null}]}