{"image_path": "/home/hyem/workspace/frankmocap_notebooks/images/IODxDxX7oi/scene_00004223.jpg", "body_bbox_list": [[364, 301, 37, 310]], "hand_bbox_list": [{"left_hand": null, "right_hand": [111.77616119384766, 211.73876953125, 557.464111328125, 480.30523681640625]}]}