{"image_path": "/home/hyem/workspace/frankmocap_notebooks/images/IODxDxX7oi/scene_00000342.jpg", "body_bbox_list": [[403, 328, 674, 334]], "hand_bbox_list": [{"left_hand": [747.8406982421875, 652.4503173828125, 131.44482421875, 45.26702880859375], "right_hand": [450.39129638671875, 640.2401123046875, 120.85296630859375, 41.69073486328125]}]}