{"image_path": "/home/hyem/workspace/frankmocap_notebooks/images/IODxDxX7oi/scene_00000285.jpg", "body_bbox_list": [[332, 493, 737, 156], [604, 488, 210, 172]], "hand_bbox_list": [{"left_hand": null, "right_hand": [393.431640625, 643.41748046875, 125.0767822265625, 42.407958984375]}, {"left_hand": [688.8268432617188, 657.575439453125, 126.9871826171875, 44.9063720703125], "right_hand": null}]}