{"image_path": "/home/hyem/workspace/frankmocap_notebooks/images/IODxDxX7oi/scene_00000950.jpg", "body_bbox_list": [[187, 246, 712, 408], [641, 339, 490, 205]], "hand_bbox_list": [{"left_hand": [281.6487121582031, 641.0352172851562, 130.1090087890625, 42.9239501953125], "right_hand": null}, {"left_hand": null, "right_hand": null}]}