{"image_path": "/home/hyem/workspace/frankmocap_notebooks/images/IODxDxX7oi/scene_00000291.jpg", "body_bbox_list": [[349, 428, 731, 235]], "hand_bbox_list": [{"left_hand": [695.9424438476562, 655.6199340820312, 128.08404541015625, 45.82476806640625], "right_hand": [401.2565612792969, 645.123779296875, 122.69937133789062, 40.471435546875]}]}