{"image_path": "/home/hyem/workspace/frankmocap_notebooks/images/IODxDxX7oi/scene_00005919.jpg", "body_bbox_list": [[197, 369, 742, 303], [703, 446, 242, 93]], "hand_bbox_list": [{"left_hand": [535.0066528320312, 657.2915649414062, 137.37774658203125, 50.85089111328125], "right_hand": [257.0552978515625, 647.5596923828125, 130.76947021484375, 43.23895263671875]}, {"left_hand": null, "right_hand": null}]}