{"image_path": "/home/hyem/workspace/frankmocap_notebooks/images/IODxDxX7oi/scene_00003044.jpg", "body_bbox_list": [[464, 264, 327, 389], [608, 296, 123, 44]], "hand_bbox_list": [{"left_hand": [740.9266357421875, 625.3875732421875, 112.1409912109375, 42.0863037109375], "right_hand": [413.6184387207031, 631.0621948242188, 131.67684936523438, 41.61761474609375]}, {"left_hand": null, "right_hand": null}]}