{"image_path": "/home/hyem/workspace/frankmocap_notebooks/images/IODxDxX7oi/scene_00000805.jpg", "body_bbox_list": [[443, 393, 509, 142], [568, 414, 124, 167]], "hand_bbox_list": [{"left_hand": [767.5331420898438, 521.2943725585938, 92.76678466796875, 43.52490234375], "right_hand": null}, {"left_hand": null, "right_hand": [571.1632080078125, 568.3485717773438, 105.05426025390625, 59.407958984375]}]}