{"image_path": "/home/hyem/workspace/frankmocap_notebooks/images/IODxDxX7oi/scene_00005414.jpg", "body_bbox_list": [[124, 154, 978, 440]], "hand_bbox_list": [{"left_hand": null, "right_hand": [167.0703125, 580.2239990234375, 167.83624267578125, 58.4615478515625]}]}