{"image_path": "/home/hyem/workspace/frankmocap_notebooks/images/IODxDxX7oi/scene_00006318.jpg", "body_bbox_list": [[755, 243, 346, 335], [99, 214, 167, 248]], "hand_bbox_list": [{"left_hand": [1019.3858032226562, 362.6922302246094, 82.77545166015625, 60.39703369140625], "right_hand": null}, {"left_hand": [183.8903350830078, 312.3682861328125, 95.40852355957031, 30.51690673828125], "right_hand": [183.8903350830078, 312.3682861328125, 95.40852355957031, 30.51690673828125]}]}