{"image_path": "/home/hyem/workspace/frankmocap_notebooks/images/IODxDxX7oi/scene_00004158.jpg", "body_bbox_list": [[210, 323, 964, 327]], "hand_bbox_list": [{"left_hand": null, "right_hand": [307.42486572265625, 635.9371948242188, 134.572509765625, 45.453369140625]}]}