{"image_path": "/home/hyem/workspace/frankmocap_notebooks/images/IODxDxX7oi/scene_00000464.jpg", "body_bbox_list": [[338, 268, 612, 414]], "hand_bbox_list": [{"left_hand": [806.1011962890625, 622.5908813476562, 180.30145263671875, 94.22869873046875], "right_hand": [344.1076354980469, 664.6011352539062, 175.22604370117188, 51.79522705078125]}]}