{"image_path": "/home/hyem/workspace/frankmocap_notebooks/images/IODxDxX7oi/scene_00001860.jpg", "body_bbox_list": [[426, 494, 167, 148]], "hand_bbox_list": [{"left_hand": null, "right_hand": [392.34490966796875, 635.43115234375, 124.78741455078125, 38.4644775390625]}]}