{"image_path": "/home/hyem/workspace/frankmocap_notebooks/images/IODxDxX7oi/scene_00003145.jpg", "body_bbox_list": [[376, 293, 514, 365]], "hand_bbox_list": [{"left_hand": [802.7214965820312, 626.4148559570312, 97.2083740234375, 41.9298095703125], "right_hand": [377.89971923828125, 639.4850463867188, 112.34661865234375, 38.55419921875]}]}