{"image_path": "/home/hyem/workspace/frankmocap_notebooks/images/IODxDxX7oi/scene_00006051.jpg", "body_bbox_list": [[133, 244, 414, 216], [881, 298, 167, 248]], "hand_bbox_list": [{"left_hand": null, "right_hand": [66.58909606933594, 465.49932861328125, 95.55390930175781, 36.540771484375]}, {"left_hand": [915.3342895507812, 255.82276916503906, 43.36212158203125, 45.79377746582031], "right_hand": null}]}