{"image_path": "/home/hyem/workspace/frankmocap_notebooks/images/IODxDxX7oi/scene_00002721.jpg", "body_bbox_list": [[136, 287, 707, 371], [578, 364, 509, 172]], "hand_bbox_list": [{"left_hand": [161.30587768554688, 630.6614990234375, 115.19387817382812, 44.55572509765625], "right_hand": null}, {"left_hand": null, "right_hand": null}]}