{"image_path": "/home/hyem/workspace/frankmocap_notebooks/images/IODxDxX7oi/scene_00003111.jpg", "body_bbox_list": [[339, 452, 588, 199]], "hand_bbox_list": [{"left_hand": [801.4614868164062, 632.2587890625, 95.17425537109375, 37.4520263671875], "right_hand": [377.8438720703125, 640.2015380859375, 111.58645629882812, 38.076416015625]}]}