{"image_path": "/home/hyem/workspace/frankmocap_notebooks/images/IODxDxX7oi/scene_00003579.jpg", "body_bbox_list": [[429, 500, 99, 142]], "hand_bbox_list": [{"left_hand": null, "right_hand": [391.186767578125, 635.1829833984375, 119.06002807617188, 38.87628173828125]}]}