{"image_path": "/home/hyem/workspace/frankmocap_notebooks/images/IODxDxX7oi/scene_00004328.jpg", "body_bbox_list": [[145, 169, 1027, 500]], "hand_bbox_list": [{"left_hand": [870.6244506835938, 541.1267700195312, 115.7708740234375, 132.4063720703125], "right_hand": [327.7795715332031, 531.2417602539062, 119.36614990234375, 131.66082763671875]}]}