{"image_path": "/home/hyem/workspace/frankmocap_notebooks/images/IODxDxX7oi/scene_00002053.jpg", "body_bbox_list": [[93, 205, 422, 451], [891, 205, 204, 451]], "hand_bbox_list": [{"left_hand": [443.4466857910156, 625.2645874023438, 117.74319458007812, 41.21649169921875], "right_hand": [63.0353889465332, 633.276611328125, 121.04121398925781, 40.59820556640625]}, {"left_hand": [1004.7943115234375, 631.9009399414062, 89.6121826171875, 42.38299560546875], "right_hand": [906.92236328125, 634.8235473632812, 100.77001953125, 40.8868408203125]}]}