{"image_path": "/home/hyem/workspace/frankmocap_notebooks/images/IODxDxX7oi/scene_00002335.jpg", "body_bbox_list": [[156, 494, 414, 137]], "hand_bbox_list": [{"left_hand": [453.49273681640625, 631.6783447265625, 121.897705078125, 46.6202392578125], "right_hand": null}]}