{"image_path": "/home/hyem/workspace/frankmocap_notebooks/images/IODxDxX7oi/scene_00000327.jpg", "body_bbox_list": [[431, 139, 674, 532]], "hand_bbox_list": [{"left_hand": [734.411865234375, 651.655517578125, 131.958251953125, 48.5247802734375], "right_hand": [434.5996398925781, 638.1890869140625, 125.36593627929688, 45.14874267578125]}]}