{"image_path": "/home/hyem/workspace/frankmocap_notebooks/images/IODxDxX7oi/scene_00002132.jpg", "body_bbox_list": [[153, 316, 706, 335]], "hand_bbox_list": [{"left_hand": null, "right_hand": [296.0859375, 636.4937133789062, 131.11196899414062, 45.46441650390625]}]}