{"image_path": "/home/hyem/workspace/frankmocap_notebooks/images/IODxDxX7oi/scene_00000222.jpg", "body_bbox_list": [[322, 144, 717, 539]], "hand_bbox_list": [{"left_hand": [619.2025756835938, 655.7900390625, 131.29522705078125, 50.5576171875], "right_hand": [329.1381530761719, 643.3194580078125, 129.81494140625, 44.31304931640625]}]}