{"image_path": "/home/hyem/workspace/frankmocap_notebooks/images/IODxDxX7oi/scene_00001061.jpg", "body_bbox_list": [[159, 240, 712, 414], [620, 334, 465, 204]], "hand_bbox_list": [{"left_hand": null, "right_hand": [284.6929626464844, 640.9885864257812, 127.32440185546875, 41.53546142578125]}, {"left_hand": null, "right_hand": null}]}