{"image_path": "/home/hyem/workspace/frankmocap_notebooks/images/IODxDxX7oi/scene_00003894.jpg", "body_bbox_list": [[113, 376, 731, 278]], "hand_bbox_list": [{"left_hand": [307.674560546875, 634.8631591796875, 132.09414672851562, 48.130859375], "right_hand": null}]}