{"image_path": "/home/hyem/workspace/frankmocap_notebooks/images/IODxDxX7oi/scene_00003158.jpg", "body_bbox_list": [[345, 464, 587, 186]], "hand_bbox_list": [{"left_hand": [801.4968872070312, 627.013671875, 99.55841064453125, 41.04730224609375], "right_hand": [376.421875, 639.4899291992188, 108.53134155273438, 39.01922607421875]}]}