{"image_path": "/home/hyem/workspace/frankmocap_notebooks/images/IODxDxX7oi/scene_00005875.jpg", "body_bbox_list": [[169, 256, 742, 422]], "hand_bbox_list": [{"left_hand": [499.49114990234375, 663.598876953125, 130.55224609375, 46.55084228515625], "right_hand": [226.40098571777344, 644.9930419921875, 129.90248107910156, 48.40093994140625]}]}