{"image_path": "/home/hyem/workspace/frankmocap_notebooks/images/IODxDxX7oi/scene_00004102.jpg", "body_bbox_list": [[221, 323, 959, 316]], "hand_bbox_list": [{"left_hand": null, "right_hand": [307.5223083496094, 634.6868896484375, 135.15676879882812, 46.81524658203125]}]}