{"image_path": "/home/hyem/workspace/frankmocap_notebooks/images/IODxDxX7oi/scene_00004338.jpg", "body_bbox_list": [[182, 120, 958, 587]], "hand_bbox_list": [{"left_hand": [330.36834716796875, 569.3436889648438, 89.79287719726562, 128.97454833984375], "right_hand": null}]}