{"image_path": "/home/hyem/workspace/frankmocap_notebooks/images/IODxDxX7oi/scene_00000362.jpg", "body_bbox_list": [[401, 524, 723, 88], [766, 482, 105, 167]], "hand_bbox_list": [{"left_hand": null, "right_hand": null}, {"left_hand": [771.33642578125, 651.3328857421875, 129.3489990234375, 47.26904296875], "right_hand": null}]}