{"image_path": "/home/hyem/workspace/frankmocap_notebooks/images/IODxDxX7oi/scene_00004675.jpg", "body_bbox_list": [[170, 329, 718, 327], [612, 393, 508, 148], [222, 334, 180, 316]], "hand_bbox_list": [{"left_hand": null, "right_hand": [282.83331298828125, 641.4177856445312, 126.73187255859375, 42.88018798828125]}, {"left_hand": null, "right_hand": null}, {"left_hand": [282.83331298828125, 641.4177856445312, 126.73187255859375, 42.88018798828125], "right_hand": null}]}