{"image_path": "/home/hyem/workspace/frankmocap_notebooks/images/IODxDxX7oi/scene_00000320.jpg", "body_bbox_list": [[430, 126, 682, 563]], "hand_bbox_list": [{"left_hand": [728.5546875, 653.3561401367188, 128.04022216796875, 46.210693359375], "right_hand": [429.9483337402344, 638.9823608398438, 132.95742797851562, 44.8089599609375]}]}