{"image_path": "/home/hyem/workspace/frankmocap_notebooks/images/IODxDxX7oi/scene_00003051.jpg", "body_bbox_list": [[464, 217, 327, 433]], "hand_bbox_list": [{"left_hand": [740.3516845703125, 624.7852172851562, 112.99786376953125, 42.644287109375], "right_hand": [413.7488098144531, 631.4132080078125, 130.86227416992188, 40.95166015625]}]}