{"image_path": "/home/hyem/workspace/frankmocap_notebooks/images/IODxDxX7oi/scene_00002577.jpg", "body_bbox_list": [[124, 387, 972, 278]], "hand_bbox_list": [{"left_hand": [160.10633850097656, 632.13818359375, 117.32478332519531, 42.486572265625], "right_hand": [160.10633850097656, 632.13818359375, 117.32478332519531, 42.486572265625]}]}