{"image_path": "/home/hyem/workspace/frankmocap_notebooks/images/IODxDxX7oi/scene_00002202.jpg", "body_bbox_list": [[182, 235, 699, 414], [631, 339, 476, 205]], "hand_bbox_list": [{"left_hand": null, "right_hand": [296.98895263671875, 639.57421875, 129.51736450195312, 42.5911865234375]}, {"left_hand": null, "right_hand": null}]}