{"image_path": "/home/hyem/workspace/frankmocap_notebooks/images/IODxDxX7oi/scene_00006173.jpg", "body_bbox_list": [[109, 202, 327, 248], [812, 269, 216, 278], [994, 331, 155, 137]], "hand_bbox_list": [{"left_hand": [374.2487487792969, 434.2831115722656, 105.6871337890625, 41.4014892578125], "right_hand": [321.7452392578125, 438.4167175292969, 133.54769897460938, 41.798370361328125]}, {"left_hand": [964.4799194335938, 330.4679870605469, 40.07733154296875, 47.0155029296875], "right_hand": [804.6094970703125, 251.56689453125, 36.7979736328125, 20.89056396484375]}, {"left_hand": null, "right_hand": null}]}