{"image_path": "/home/hyem/workspace/frankmocap_notebooks/images/IODxDxX7oi/scene_00003021.jpg", "body_bbox_list": [[457, 494, 340, 148]], "hand_bbox_list": [{"left_hand": [742.0271606445312, 625.24658203125, 111.27252197265625, 42.16754150390625], "right_hand": [412.9743957519531, 632.4154052734375, 128.87832641601562, 40.12933349609375]}]}