{"image_path": "/home/hyem/workspace/frankmocap_notebooks/images/IODxDxX7oi/scene_00006125.jpg", "body_bbox_list": [[789, 292, 216, 136], [240, 374, 297, 45], [834, 310, 99, 112], [403, 367, 44, 104]], "hand_bbox_list": [{"left_hand": [917.9852294921875, 415.7125549316406, 28.59771728515625, 26.103485107421875], "right_hand": null}, {"left_hand": null, "right_hand": null}, {"left_hand": null, "right_hand": [917.9852294921875, 415.7125549316406, 28.59771728515625, 26.103485107421875]}, {"left_hand": [339.62689208984375, 460.18194580078125, 89.32501220703125, 36.727081298828125], "right_hand": null}]}