{"image_path": "/home/hyem/workspace/frankmocap_notebooks/images/IODxDxX7oi/scene_00003137.jpg", "body_bbox_list": [[388, 240, 495, 409]], "hand_bbox_list": [{"left_hand": [803.189697265625, 624.9049682617188, 95.29132080078125, 43.68365478515625], "right_hand": [380.51300048828125, 639.1044311523438, 108.7532958984375, 38.90838623046875]}]}