{"image_path": "/home/hyem/workspace/frankmocap_notebooks/images/IODxDxX7oi/scene_00005680.jpg", "body_bbox_list": [[118, 257, 726, 397]], "hand_bbox_list": [{"left_hand": [281.3251647949219, 640.6800537109375, 128.3076171875, 43.71142578125], "right_hand": [281.3251647949219, 640.6800537109375, 128.3076171875, 43.71142578125]}]}