{"image_path": "/home/hyem/workspace/frankmocap_notebooks/images/IODxDxX7oi/scene_00004928.jpg", "body_bbox_list": [[198, 399, 341, 254]], "hand_bbox_list": [{"left_hand": [297.6813659667969, 637.6275634765625, 128.96572875976562, 45.2132568359375], "right_hand": null}]}