{"image_path": "/home/hyem/workspace/frankmocap_notebooks/images/IODxDxX7oi/scene_00003542.jpg", "body_bbox_list": [[437, 216, 397, 440]], "hand_bbox_list": [{"left_hand": [775.95703125, 626.186767578125, 108.5760498046875, 40.0040283203125], "right_hand": [392.6881103515625, 635.1798095703125, 121.989990234375, 38.83392333984375]}]}