{"image_path": "/home/hyem/workspace/frankmocap_notebooks/images/IODxDxX7oi/scene_00003146.jpg", "body_bbox_list": [[376, 299, 519, 359]], "hand_bbox_list": [{"left_hand": [802.6964721679688, 626.5320434570312, 97.4525146484375, 41.85223388671875], "right_hand": [377.52239990234375, 639.8173828125, 112.86212158203125, 38.22186279296875]}]}