{"image_path": "/home/hyem/workspace/frankmocap_notebooks/images/IODxDxX7oi/scene_00005664.jpg", "body_bbox_list": [[103, 406, 346, 235]], "hand_bbox_list": [{"left_hand": [285.1213684082031, 640.5859375, 128.08169555664062, 42.24188232421875], "right_hand": null}]}