{"image_path": "/home/hyem/workspace/frankmocap_notebooks/images/IODxDxX7oi/scene_00002855.jpg", "body_bbox_list": [[389, 452, 471, 199]], "hand_bbox_list": [{"left_hand": [773.6387329101562, 626.7188110351562, 116.3206787109375, 39.7001953125], "right_hand": [390.2455139160156, 635.3666381835938, 121.25057983398438, 38.48388671875]}]}