{"image_path": "/home/hyem/workspace/frankmocap_notebooks/images/IODxDxX7oi/scene_00003219.jpg", "body_bbox_list": [[388, 222, 495, 428]], "hand_bbox_list": [{"left_hand": [802.1502685546875, 625.1295166015625, 96.89801025390625, 43.6923828125], "right_hand": [378.96551513671875, 639.4346923828125, 109.7081298828125, 38.73797607421875]}]}