{"image_path": "/home/hyem/workspace/frankmocap_notebooks/images/IODxDxX7oi/scene_00003157.jpg", "body_bbox_list": [[345, 452, 587, 199]], "hand_bbox_list": [{"left_hand": [799.7252197265625, 631.6963500976562, 98.65185546875, 37.6630859375], "right_hand": [376.44110107421875, 639.5044555664062, 108.71511840820312, 38.9298095703125]}]}