{"image_path": "/home/hyem/workspace/frankmocap_notebooks/images/IODxDxX7oi/scene_00004910.jpg", "body_bbox_list": [[153, 240, 712, 414], [620, 328, 470, 210]], "hand_bbox_list": [{"left_hand": null, "right_hand": [280.02484130859375, 640.25732421875, 130.3465576171875, 43.77447509765625]}, {"left_hand": null, "right_hand": null}]}