{"image_path": "/home/hyem/workspace/frankmocap_notebooks/images/IODxDxX7oi/scene_00003299.jpg", "body_bbox_list": [[382, 235, 508, 414]], "hand_bbox_list": [{"left_hand": [798.1341552734375, 625.3490600585938, 101.96502685546875, 44.15203857421875], "right_hand": [379.7854309082031, 639.3760375976562, 105.6763916015625, 39.22076416015625]}]}