{"image_path": "/home/hyem/workspace/frankmocap_notebooks/images/IODxDxX7oi/scene_00006108.jpg", "body_bbox_list": [[156, 307, 414, 180], [771, 275, 224, 148], [845, 298, 88, 124]], "hand_bbox_list": [{"left_hand": [244.99209594726562, 475.7183837890625, 107.55279541015625, 34.067626953125], "right_hand": null}, {"left_hand": [766.2900390625, 283.5749816894531, 168.499755859375, 142.12429809570312], "right_hand": null}, {"left_hand": null, "right_hand": [766.2900390625, 283.5749816894531, 168.499755859375, 142.12429809570312]}]}