{"image_path": "/home/hyem/workspace/frankmocap_notebooks/images/IODxDxX7oi/scene_00002859.jpg", "body_bbox_list": [[395, 394, 465, 259]], "hand_bbox_list": [{"left_hand": [773.2256469726562, 626.5941772460938, 116.9422607421875, 39.8729248046875], "right_hand": [389.9478454589844, 635.1253662109375, 122.49697875976562, 38.72357177734375]}]}