{"image_path": "/home/hyem/workspace/frankmocap_notebooks/images/IODxDxX7oi/scene_00002449.jpg", "body_bbox_list": [[173, 429, 397, 211]], "hand_bbox_list": [{"left_hand": [451.36083984375, 631.6276245117188, 124.85626220703125, 47.504638671875], "right_hand": null}]}