{"image_path": "/home/hyem/workspace/frankmocap_notebooks/images/IODxDxX7oi/scene_00002467.jpg", "body_bbox_list": [[164, 306, 712, 327], [642, 334, 476, 210]], "hand_bbox_list": [{"left_hand": [451.7391357421875, 625.6503295898438, 125.171875, 54.33856201171875], "right_hand": null}, {"left_hand": null, "right_hand": null}]}