{"image_path": "/home/hyem/workspace/frankmocap_notebooks/images/IODxDxX7oi/scene_00003929.jpg", "body_bbox_list": [[112, 452, 749, 199]], "hand_bbox_list": [{"left_hand": [307.36993408203125, 631.76025390625, 129.64810180664062, 50.036376953125], "right_hand": null}]}