{"image_path": "/home/hyem/workspace/frankmocap_notebooks/images/IODxDxX7oi/scene_00003516.jpg", "body_bbox_list": [[407, 488, 446, 155]], "hand_bbox_list": [{"left_hand": [776.72265625, 628.6953125, 106.50799560546875, 38.16973876953125], "right_hand": [392.2098083496094, 635.4825439453125, 126.41336059570312, 38.40118408203125]}]}