{"image_path": "/home/hyem/workspace/frankmocap_notebooks/images/IODxDxX7oi/scene_00002591.jpg", "body_bbox_list": [[117, 452, 1015, 199], [277, 457, 99, 205]], "hand_bbox_list": [{"left_hand": [161.02944946289062, 631.3994750976562, 117.84744262695312, 43.90325927734375], "right_hand": null}, {"left_hand": null, "right_hand": [161.02944946289062, 631.3994750976562, 117.84744262695312, 43.90325927734375]}]}