{"image_path": "/home/hyem/workspace/frankmocap_notebooks/images/IODxDxX7oi/scene_00003224.jpg", "body_bbox_list": [[388, 222, 495, 428]], "hand_bbox_list": [{"left_hand": [801.902587890625, 625.0372924804688, 97.0970458984375, 43.83258056640625], "right_hand": [378.8556213378906, 639.6671752929688, 109.9228515625, 38.5701904296875]}]}