{"image_path": "/home/hyem/workspace/frankmocap_notebooks/images/IODxDxX7oi/scene_00003326.jpg", "body_bbox_list": [[351, 428, 569, 224]], "hand_bbox_list": [{"left_hand": [798.5012817382812, 630.8372802734375, 100.8665771484375, 39.2021484375], "right_hand": [376.02783203125, 639.767578125, 107.87551879882812, 38.92169189453125]}]}