{"image_path": "/home/hyem/workspace/frankmocap_notebooks/images/IODxDxX7oi/scene_00005994.jpg", "body_bbox_list": [[311, 143, 723, 552]], "hand_bbox_list": [{"left_hand": [606.0824584960938, 654.8005981445312, 131.665283203125, 51.407958984375], "right_hand": [320.7627868652344, 642.8631591796875, 127.86190795898438, 45.91796875]}]}