{"image_path": "/home/hyem/workspace/frankmocap_notebooks/images/IODxDxX7oi/scene_00001825.jpg", "body_bbox_list": [[419, 305, 427, 346]], "hand_bbox_list": [{"left_hand": [777.6657104492188, 626.2245483398438, 110.79461669921875, 40.73663330078125], "right_hand": [392.81585693359375, 635.094482421875, 125.13165283203125, 38.85760498046875]}]}