{"image_path": "/home/hyem/workspace/frankmocap_notebooks/images/IODxDxX7oi/scene_00005902.jpg", "body_bbox_list": [[207, 168, 756, 514], [705, 319, 199, 279]], "hand_bbox_list": [{"left_hand": [520.5833740234375, 661.44140625, 131.50006103515625, 46.97918701171875], "right_hand": [243.29115295410156, 646.6878051757812, 134.0357208251953, 46.84600830078125]}, {"left_hand": null, "right_hand": null}]}