{"image_path": "/home/hyem/workspace/frankmocap_notebooks/images/IODxDxX7oi/scene_00002904.jpg", "body_bbox_list": [[396, 446, 457, 205]], "hand_bbox_list": [{"left_hand": [773.7981567382812, 627.6279907226562, 116.69171142578125, 38.62286376953125], "right_hand": [389.8533630371094, 635.1088256835938, 121.79248046875, 38.5982666015625]}]}