{"image_path": "/home/hyem/workspace/frankmocap_notebooks/images/IODxDxX7oi/scene_00001883.jpg", "body_bbox_list": [[437, 234, 397, 421]], "hand_bbox_list": [{"left_hand": [774.7620849609375, 626.8698120117188, 109.81787109375, 39.37322998046875], "right_hand": [393.5506896972656, 634.0858154296875, 126.26461791992188, 39.7828369140625]}]}