{"image_path": "/home/hyem/workspace/frankmocap_notebooks/images/IODxDxX7oi/scene_00002999.jpg", "body_bbox_list": [[457, 493, 340, 156]], "hand_bbox_list": [{"left_hand": [741.4956665039062, 625.0533447265625, 111.4356689453125, 42.45574951171875], "right_hand": [412.8567810058594, 632.6851806640625, 128.27035522460938, 39.94488525390625]}]}