{"image_path": "/home/hyem/workspace/frankmocap_notebooks/images/IODxDxX7oi/scene_00002055.jpg", "body_bbox_list": [[209, 252, 707, 408], [659, 352, 476, 185]], "hand_bbox_list": [{"left_hand": [296.176513671875, 636.7025756835938, 133.1630859375, 46.64202880859375], "right_hand": null}, {"left_hand": null, "right_hand": null}]}