{"image_path": "/home/hyem/workspace/frankmocap_notebooks/images/IODxDxX7oi/scene_00005021.jpg", "body_bbox_list": [[161, 507, 303, 105], [601, 504, 519, 50], [174, 503, 243, 74]], "hand_bbox_list": [{"left_hand": null, "right_hand": null}, {"left_hand": null, "right_hand": null}, {"left_hand": [225.23773193359375, 462.3985900878906, 223.70977783203125, 169.12673950195312], "right_hand": null}]}