{"image_path": "/home/hyem/workspace/frankmocap_notebooks/images/IODxDxX7oi/scene_00001081.jpg", "body_bbox_list": [[90, 399, 737, 248]], "hand_bbox_list": [{"left_hand": [281.6058349609375, 638.5152587890625, 130.65841674804688, 45.31976318359375], "right_hand": null}]}