{"image_path": "/home/hyem/workspace/frankmocap_notebooks/images/IODxDxX7oi/scene_00003478.jpg", "body_bbox_list": [[419, 334, 433, 316]], "hand_bbox_list": [{"left_hand": [777.8244018554688, 626.807373046875, 110.88238525390625, 39.93109130859375], "right_hand": [392.470947265625, 634.978759765625, 126.026123046875, 38.91961669921875]}]}