{"image_path": "/home/hyem/workspace/frankmocap_notebooks/images/IODxDxX7oi/scene_00003247.jpg", "body_bbox_list": [[346, 470, 568, 180]], "hand_bbox_list": [{"left_hand": [799.3237915039062, 631.2235717773438, 99.93505859375, 38.87884521484375], "right_hand": [376.0502014160156, 639.4291381835938, 107.5650634765625, 39.11248779296875]}]}