{"image_path": "/home/hyem/workspace/frankmocap_notebooks/images/IODxDxX7oi/scene_00000313.jpg", "body_bbox_list": [[420, 133, 674, 544]], "hand_bbox_list": [{"left_hand": [721.4143676757812, 651.17724609375, 131.14544677734375, 49.6932373046875], "right_hand": [420.5987548828125, 639.5189819335938, 128.33001708984375, 43.9599609375]}]}