{"image_path": "/home/hyem/workspace/frankmocap_notebooks/images/IODxDxX7oi/scene_00003170.jpg", "body_bbox_list": [[517, 489, 389, 142], [383, 500, 118, 148]], "hand_bbox_list": [{"left_hand": [800.2249145507812, 631.1412353515625, 99.23468017578125, 38.54754638671875], "right_hand": null}, {"left_hand": null, "right_hand": [377.73748779296875, 639.4173583984375, 106.38836669921875, 39.07501220703125]}]}