{"image_path": "/home/hyem/workspace/frankmocap_notebooks/images/IODxDxX7oi/scene_00004301.jpg", "body_bbox_list": [[241, 235, 880, 402]], "hand_bbox_list": [{"left_hand": [861.6747436523438, 508.7817687988281, 104.11431884765625, 162.51657104492188], "right_hand": [365.60064697265625, 506.0777893066406, 99.7613525390625, 161.25875854492188]}]}