{"image_path": "/home/hyem/workspace/frankmocap_notebooks/images/IODxDxX7oi/scene_00004459.jpg", "body_bbox_list": [[207, 257, 891, 403]], "hand_bbox_list": [{"left_hand": [844.1232299804688, 526.342041015625, 100.35516357421875, 165.3829345703125], "right_hand": [331.7657775878906, 537.6201171875, 108.89425659179688, 164.5701904296875]}]}