{"image_path": "/home/hyem/workspace/frankmocap_notebooks/images/IODxDxX7oi/scene_00004324.jpg", "body_bbox_list": [[205, 186, 929, 359], [201, 187, 397, 476]], "hand_bbox_list": [{"left_hand": null, "right_hand": null}, {"left_hand": null, "right_hand": [335.3009338378906, 524.7824096679688, 119.85610961914062, 160.14013671875]}]}