{"image_path": "/home/hyem/workspace/frankmocap_notebooks/images/IODxDxX7oi/scene_00005038.jpg", "body_bbox_list": [[174, 500, 248, 142], [160, 518, 310, 112]], "hand_bbox_list": [{"left_hand": [298.01214599609375, 645.5573120117188, 128.44049072265625, 36.4744873046875], "right_hand": null}, {"left_hand": null, "right_hand": null}]}