{"image_path": "/home/hyem/workspace/frankmocap_notebooks/images/IODxDxX7oi/scene_00004032.jpg", "body_bbox_list": [[135, 429, 737, 216]], "hand_bbox_list": [{"left_hand": [306.24847412109375, 631.7984619140625, 130.4775390625, 49.8421630859375], "right_hand": null}]}