{"image_path": "/home/hyem/workspace/frankmocap_notebooks/images/IODxDxX7oi/scene_00001938.jpg", "body_bbox_list": [[816, 529, 359, 118]], "hand_bbox_list": [{"left_hand": [1003.5180053710938, 632.8306884765625, 92.83062744140625, 41.728759765625], "right_hand": null}]}