{"image_path": "/home/hyem/workspace/frankmocap_notebooks/images/IODxDxX7oi/scene_00003455.jpg", "body_bbox_list": [[432, 246, 402, 403], [536, 262, 210, 56]], "hand_bbox_list": [{"left_hand": [776.5917358398438, 626.4745483398438, 112.60577392578125, 40.3748779296875], "right_hand": [394.0968017578125, 634.2883911132812, 126.26568603515625, 39.4256591796875]}, {"left_hand": null, "right_hand": null}]}