{"image_path": "/home/hyem/workspace/frankmocap_notebooks/images/IODxDxX7oi/scene_00000345.jpg", "body_bbox_list": [[402, 369, 693, 291]], "hand_bbox_list": [{"left_hand": [753.4680786132812, 652.288330078125, 128.5203857421875, 45.5216064453125], "right_hand": [452.4923400878906, 639.2330932617188, 125.38961791992188, 43.04901123046875]}]}