{"image_path": "/home/hyem/workspace/frankmocap_notebooks/images/IODxDxX7oi/scene_00001333.jpg", "body_bbox_list": [[163, 311, 742, 346], [665, 393, 470, 148], [211, 341, 191, 303]], "hand_bbox_list": [{"left_hand": null, "right_hand": [281.82952880859375, 641.5194091796875, 127.02407836914062, 42.48175048828125]}, {"left_hand": null, "right_hand": null}, {"left_hand": [281.82952880859375, 641.5194091796875, 127.02407836914062, 42.48175048828125], "right_hand": null}]}