{"image_path": "/home/hyem/workspace/frankmocap_notebooks/images/IODxDxX7oi/scene_00002301.jpg", "body_bbox_list": [[176, 240, 953, 414]], "hand_bbox_list": [{"left_hand": null, "right_hand": [295.4769592285156, 640.053955078125, 133.576171875, 43.33721923828125]}]}