{"image_path": "/home/hyem/workspace/frankmocap_notebooks/images/IODxDxX7oi/scene_00002367.jpg", "body_bbox_list": [[159, 453, 712, 186]], "hand_bbox_list": [{"left_hand": [452.5162353515625, 632.347900390625, 122.9400634765625, 47.13360595703125], "right_hand": null}]}