{"image_path": "/home/hyem/workspace/frankmocap_notebooks/images/IODxDxX7oi/scene_00005089.jpg", "body_bbox_list": [[169, 381, 731, 267]], "hand_bbox_list": [{"left_hand": [296.17364501953125, 639.0984497070312, 134.12127685546875, 43.1396484375], "right_hand": null}]}