{"image_path": "/home/hyem/workspace/frankmocap_notebooks/images/IODxDxX7oi/scene_00000751.jpg", "body_bbox_list": [[601, 376, 378, 137], [357, 371, 192, 18]], "hand_bbox_list": [{"left_hand": null, "right_hand": [604.411376953125, 502.52911376953125, 116.78021240234375, 50.67364501953125]}, {"left_hand": null, "right_hand": null}]}