{"image_path": "/home/hyem/workspace/frankmocap_notebooks/images/IODxDxX7oi/scene_00002490.jpg", "body_bbox_list": [[164, 306, 712, 327], [642, 334, 471, 204]], "hand_bbox_list": [{"left_hand": [451.7686462402344, 625.638916015625, 125.10507202148438, 54.30877685546875], "right_hand": null}, {"left_hand": null, "right_hand": null}]}