{"image_path": "/home/hyem/workspace/frankmocap_notebooks/images/IODxDxX7oi/scene_00001391.jpg", "body_bbox_list": [[79, 199, 1102, 457], [653, 269, 495, 272]], "hand_bbox_list": [{"left_hand": [163.14881896972656, 636.711669921875, 155.5452117919922, 51.43463134765625], "right_hand": [163.14881896972656, 636.711669921875, 155.5452117919922, 51.43463134765625]}, {"left_hand": null, "right_hand": null}]}