{"image_path": "/home/hyem/workspace/frankmocap_notebooks/images/IODxDxX7oi/scene_00005955.jpg", "body_bbox_list": [[194, 493, 793, 173], [815, 539, 142, 36]], "hand_bbox_list": [{"left_hand": [572.2720336914062, 662.9324951171875, 126.30615234375, 43.10791015625], "right_hand": null}, {"left_hand": null, "right_hand": null}]}