{"image_path": "/home/hyem/workspace/frankmocap_notebooks/images/IODxDxX7oi/scene_00005773.jpg", "body_bbox_list": [[110, 376, 303, 278]], "hand_bbox_list": [{"left_hand": [281.2431945800781, 639.945556640625, 131.81393432617188, 43.83624267578125], "right_hand": null}]}