{"image_path": "/home/hyem/workspace/frankmocap_notebooks/images/IODxDxX7oi/scene_00005878.jpg", "body_bbox_list": [[173, 215, 774, 465]], "hand_bbox_list": [{"left_hand": [502.63409423828125, 666.9993286132812, 131.0347900390625, 43.1444091796875], "right_hand": [228.95936584472656, 647.380615234375, 132.18931579589844, 46.092041015625]}]}