{"image_path": "/home/hyem/workspace/frankmocap_notebooks/images/IODxDxX7oi/scene_00004610.jpg", "body_bbox_list": [[177, 271, 934, 449]], "hand_bbox_list": [{"left_hand": [308.98138427734375, 629.332763671875, 90.98843383789062, 85.94097900390625], "right_hand": null}]}