{"image_path": "/home/hyem/workspace/frankmocap_notebooks/images/IODxDxX7oi/scene_00002247.jpg", "body_bbox_list": [[107, 493, 365, 167]], "hand_bbox_list": [{"left_hand": [208.94264221191406, 468.94110107421875, 223.28904724121094, 182.6470947265625], "right_hand": [297.1355285644531, 642.976806640625, 131.9761962890625, 39.14892578125]}]}