{"image_path": "/home/hyem/workspace/frankmocap_notebooks/images/IODxDxX7oi/scene_00004962.jpg", "body_bbox_list": [[171, 494, 327, 148], [607, 493, 508, 50]], "hand_bbox_list": [{"left_hand": [295.23272705078125, 644.0677490234375, 134.101318359375, 37.87957763671875], "right_hand": null}, {"left_hand": null, "right_hand": null}]}