{"image_path": "/home/hyem/workspace/frankmocap_notebooks/images/IODxDxX7oi/scene_00001239.jpg", "body_bbox_list": [[86, 382, 712, 260], [568, 410, 484, 142]], "hand_bbox_list": [{"left_hand": [281.99871826171875, 638.8973388671875, 129.88125610351562, 44.38922119140625], "right_hand": null}, {"left_hand": null, "right_hand": null}]}