{"image_path": "/home/hyem/workspace/frankmocap_notebooks/images/IODxDxX7oi/scene_00006241.jpg", "body_bbox_list": [[782, 150, 360, 397], [87, 190, 180, 273]], "hand_bbox_list": [{"left_hand": null, "right_hand": null}, {"left_hand": null, "right_hand": [191.31272888183594, 317.0009765625, 91.11439514160156, 25.251953125]}]}