{"image_path": "/home/hyem/workspace/frankmocap_notebooks/images/IODxDxX7oi/scene_00005124.jpg", "body_bbox_list": [[160, 501, 316, 123]], "hand_bbox_list": [{"left_hand": [231.6109619140625, 466.7550048828125, 237.08624267578125, 167.10760498046875], "right_hand": null}]}