{"image_path": "/home/hyem/workspace/frankmocap_notebooks/images/IODxDxX7oi/scene_00005252.jpg", "body_bbox_list": [[169, 31, 872, 563], [507, 107, 235, 501]], "hand_bbox_list": [{"left_hand": null, "right_hand": [175.89500427246094, 562.759765625, 158.37620544433594, 55.64923095703125]}, {"left_hand": [587.6552124023438, 600.7560424804688, 171.99383544921875, 71.45599365234375], "right_hand": null}]}