{"image_path": "/home/hyem/workspace/frankmocap_notebooks/images/IODxDxX7oi/scene_00004799.jpg", "body_bbox_list": [[181, 246, 977, 408], [648, 328, 476, 216]], "hand_bbox_list": [{"left_hand": null, "right_hand": [282.328857421875, 639.9902954101562, 128.75534057617188, 43.9383544921875]}, {"left_hand": null, "right_hand": null}]}