{"image_path": "/home/hyem/workspace/frankmocap_notebooks/images/IODxDxX7oi/scene_00004937.jpg", "body_bbox_list": [[177, 488, 327, 161]], "hand_bbox_list": [{"left_hand": [295.1819152832031, 641.7307739257812, 132.42523193359375, 40.21331787109375], "right_hand": null}]}