{"image_path": "/home/hyem/workspace/frankmocap_notebooks/images/IODxDxX7oi/scene_00004833.jpg", "body_bbox_list": [[118, 329, 996, 327]], "hand_bbox_list": [{"left_hand": [281.2718200683594, 638.8764038085938, 128.7020263671875, 45.390380859375], "right_hand": null}]}