{"image_path": "/home/hyem/workspace/frankmocap_notebooks/images/IODxDxX7oi/scene_00005577.jpg", "body_bbox_list": [[159, 248, 712, 224], [328, 252, 75, 402]], "hand_bbox_list": [{"left_hand": null, "right_hand": null}, {"left_hand": null, "right_hand": [279.82965087890625, 640.3861083984375, 130.34463500976562, 43.78399658203125]}]}