{"image_path": "/home/hyem/workspace/frankmocap_notebooks/images/IODxDxX7oi/scene_00000294.jpg", "body_bbox_list": [[366, 381, 500, 278], [851, 493, 199, 50]], "hand_bbox_list": [{"left_hand": [697.5206909179688, 654.8805541992188, 130.76202392578125, 45.90692138671875], "right_hand": [405.40869140625, 644.0338134765625, 120.637939453125, 40.7286376953125]}, {"left_hand": null, "right_hand": null}]}