{"image_path": "/home/hyem/workspace/frankmocap_notebooks/images/IODxDxX7oi/scene_00006157.jpg", "body_bbox_list": [[192, 320, 353, 142], [820, 309, 148, 243], [1030, 355, 123, 235], [811, 317, 88, 75]], "hand_bbox_list": [{"left_hand": null, "right_hand": [123.48072814941406, 459.0535583496094, 95.50927734375, 37.265838623046875]}, {"left_hand": null, "right_hand": [799.31494140625, 302.3613586425781, 42.66949462890625, 27.7589111328125]}, {"left_hand": null, "right_hand": null}, {"left_hand": [799.31494140625, 302.3613586425781, 42.66949462890625, 27.7589111328125], "right_hand": null}]}