{"image_path": "/home/hyem/workspace/frankmocap_notebooks/images/IODxDxX7oi/scene_00002036.jpg", "body_bbox_list": [[87, 311, 433, 340], [835, 388, 327, 259]], "hand_bbox_list": [{"left_hand": [444.2252197265625, 627.1592407226562, 117.31146240234375, 39.16278076171875], "right_hand": [62.413230895996094, 635.2711181640625, 121.48958587646484, 38.63275146484375]}, {"left_hand": [1009.8430786132812, 630.0672607421875, 83.75701904296875, 43.8131103515625], "right_hand": [906.0458984375, 633.4903564453125, 104.3280029296875, 42.281005859375]}]}