{"image_path": "/home/hyem/workspace/frankmocap_notebooks/images/IODxDxX7oi/scene_00002685.jpg", "body_bbox_list": [[122, 469, 644, 199], [163, 470, 254, 180]], "hand_bbox_list": [{"left_hand": null, "right_hand": [164.02874755859375, 631.8486938476562, 121.8277587890625, 43.5086669921875]}, {"left_hand": [164.02874755859375, 631.8486938476562, 121.8277587890625, 43.5086669921875], "right_hand": null}]}