{"image_path": "/home/hyem/workspace/frankmocap_notebooks/images/IODxDxX7oi/scene_00002906.jpg", "body_bbox_list": [[401, 482, 446, 167]], "hand_bbox_list": [{"left_hand": [774.341796875, 627.3335571289062, 115.842529296875, 39.03082275390625], "right_hand": [390.0745849609375, 635.3002319335938, 120.89059448242188, 38.4384765625]}]}