{"image_path": "/home/hyem/workspace/frankmocap_notebooks/images/IODxDxX7oi/scene_00005831.jpg", "body_bbox_list": [[81, 499, 823, 167], [695, 550, 185, 25]], "hand_bbox_list": [{"left_hand": [459.4565124511719, 668.8890380859375, 125.10269165039062, 42.35736083984375], "right_hand": null}, {"left_hand": null, "right_hand": null}]}