{"image_path": "/home/hyem/workspace/frankmocap_notebooks/images/IODxDxX7oi/scene_00005993.jpg", "body_bbox_list": [[311, 150, 723, 544]], "hand_bbox_list": [{"left_hand": [604.7782592773438, 654.77587890625, 132.8504638671875, 51.302490234375], "right_hand": [320.2819519042969, 642.6061401367188, 126.85052490234375, 46.17681884765625]}]}