{"image_path": "/home/hyem/workspace/frankmocap_notebooks/images/IODxDxX7oi/scene_00004977.jpg", "body_bbox_list": [[157, 358, 755, 161], [635, 405, 508, 129], [216, 363, 204, 292]], "hand_bbox_list": [{"left_hand": null, "right_hand": null}, {"left_hand": null, "right_hand": null}, {"left_hand": [295.4355163574219, 638.5767211914062, 133.3193359375, 43.52996826171875], "right_hand": null}]}