{"image_path": "/home/hyem/workspace/frankmocap_notebooks/images/IODxDxX7oi/scene_00002147.jpg", "body_bbox_list": [[181, 234, 707, 432], [642, 334, 465, 210]], "hand_bbox_list": [{"left_hand": [296.80133056640625, 639.0765991210938, 130.245849609375, 43.88238525390625], "right_hand": [296.80133056640625, 639.0765991210938, 130.245849609375, 43.88238525390625]}, {"left_hand": null, "right_hand": null}]}