{"image_path": "/home/hyem/workspace/frankmocap_notebooks/images/IODxDxX7oi/scene_00005099.jpg", "body_bbox_list": [[165, 494, 334, 148], [601, 487, 514, 56]], "hand_bbox_list": [{"left_hand": [297.2308349609375, 644.919677734375, 130.33355712890625, 37.00836181640625], "right_hand": null}, {"left_hand": null, "right_hand": null}]}