{"image_path": "/home/hyem/workspace/frankmocap_notebooks/images/IODxDxX7oi/scene_00002746.jpg", "body_bbox_list": [[413, 452, 446, 199]], "hand_bbox_list": [{"left_hand": [774.4810180664062, 627.0982055664062, 114.99053955078125, 39.64532470703125], "right_hand": [392.91754150390625, 636.4247436523438, 125.4300537109375, 37.27886962890625]}]}