{"image_path": "/home/hyem/workspace/frankmocap_notebooks/images/IODxDxX7oi/scene_00001941.jpg", "body_bbox_list": [[70, 482, 451, 167], [816, 505, 359, 137]], "hand_bbox_list": [{"left_hand": [445.0200500488281, 627.0606079101562, 116.29922485351562, 38.968505859375], "right_hand": [62.2205924987793, 635.45947265625, 121.48907470703125, 38.23370361328125]}, {"left_hand": [1003.8164672851562, 632.4487915039062, 91.78192138671875, 41.61328125], "right_hand": [902.6326904296875, 634.819580078125, 93.4290771484375, 41.37713623046875]}]}