{"image_path": "/home/hyem/workspace/frankmocap_notebooks/images/IODxDxX7oi/scene_00002372.jpg", "body_bbox_list": [[159, 394, 717, 242]], "hand_bbox_list": [{"left_hand": [452.2856140136719, 631.4644165039062, 125.92507934570312, 47.97747802734375], "right_hand": null}]}