{"image_path": "/home/hyem/workspace/frankmocap_notebooks/images/IODxDxX7oi/scene_00002548.jpg", "body_bbox_list": [[159, 254, 712, 223], [608, 334, 489, 210], [225, 246, 118, 414]], "hand_bbox_list": [{"left_hand": null, "right_hand": null}, {"left_hand": null, "right_hand": null}, {"left_hand": [158.62564086914062, 634.4147338867188, 122.08587646484375, 39.8851318359375], "right_hand": null}]}