{"image_path": "/home/hyem/workspace/frankmocap_notebooks/images/IODxDxX7oi/scene_00005162.jpg", "body_bbox_list": [[175, 305, 972, 341]], "hand_bbox_list": [{"left_hand": [296.7876281738281, 637.3601684570312, 133.69711303710938, 45.84490966796875], "right_hand": null}]}