{"image_path": "/home/hyem/workspace/frankmocap_notebooks/images/IODxDxX7oi/scene_00003040.jpg", "body_bbox_list": [[451, 316, 346, 335]], "hand_bbox_list": [{"left_hand": [740.900390625, 625.39501953125, 111.90692138671875, 42.07293701171875], "right_hand": [413.7009582519531, 630.9332275390625, 131.26174926757812, 41.8939208984375]}]}