{"image_path": "/home/hyem/workspace/frankmocap_notebooks/images/IODxDxX7oi/scene_00005295.jpg", "body_bbox_list": [[164, 267, 606, 316], [764, 332, 272, 112]], "hand_bbox_list": [{"left_hand": null, "right_hand": [173.99327087402344, 567.4120483398438, 162.19190979003906, 56.68048095703125]}, {"left_hand": null, "right_hand": null}]}