{"image_path": "/home/hyem/workspace/frankmocap_notebooks/images/IODxDxX7oi/scene_00003417.jpg", "body_bbox_list": [[448, 222, 414, 433], [519, 237, 211, 94]], "hand_bbox_list": [{"left_hand": [794.1011962890625, 614.3380737304688, 99.607666015625, 54.66644287109375], "right_hand": [405.05645751953125, 635.2681274414062, 121.96282958984375, 38.53961181640625]}, {"left_hand": null, "right_hand": null}]}