{"image_path": "/home/hyem/workspace/frankmocap_notebooks/images/IODxDxX7oi/scene_00002995.jpg", "body_bbox_list": [[451, 482, 346, 161]], "hand_bbox_list": [{"left_hand": [741.770263671875, 625.261474609375, 111.18048095703125, 42.248046875], "right_hand": [412.635986328125, 632.8117065429688, 129.24029541015625, 39.7801513671875]}]}