{"image_path": "/home/hyem/workspace/frankmocap_notebooks/images/IODxDxX7oi/scene_00004318.jpg", "body_bbox_list": [[712, 210, 421, 446], [201, 205, 403, 440]], "hand_bbox_list": [{"left_hand": [863.0078735351562, 520.9186401367188, 121.563232421875, 158.26885986328125], "right_hand": null}, {"left_hand": null, "right_hand": [342.2966613769531, 512.3936157226562, 117.15908813476562, 167.32781982421875]}]}