{"image_path": "/home/hyem/workspace/frankmocap_notebooks/images/IODxDxX7oi/scene_00003201.jpg", "body_bbox_list": [[351, 429, 563, 216]], "hand_bbox_list": [{"left_hand": [802.5568237304688, 627.6140747070312, 98.2568359375, 40.51519775390625], "right_hand": [376.8918151855469, 639.5795288085938, 108.51980590820312, 38.84332275390625]}]}