{"image_path": "/home/hyem/workspace/frankmocap_notebooks/images/IODxDxX7oi/scene_00003858.jpg", "body_bbox_list": [[191, 494, 248, 143], [151, 572, 137, 37]], "hand_bbox_list": [{"left_hand": [306.8868713378906, 642.6243286132812, 130.19622802734375, 39.180419921875], "right_hand": null}, {"left_hand": null, "right_hand": null}]}