{"image_path": "/home/hyem/workspace/frankmocap_notebooks/images/IODxDxX7oi/scene_00002883.jpg", "body_bbox_list": [[419, 210, 422, 441]], "hand_bbox_list": [{"left_hand": [772.619873046875, 626.0081176757812, 118.56231689453125, 40.496826171875], "right_hand": [390.79571533203125, 633.6439819335938, 121.43658447265625, 40.30548095703125]}]}