{"image_path": "/home/hyem/workspace/frankmocap_notebooks/images/IODxDxX7oi/scene_00001913.jpg", "body_bbox_list": [[396, 476, 457, 173]], "hand_bbox_list": [{"left_hand": [775.4219970703125, 627.5591430664062, 114.25592041015625, 38.8424072265625], "right_hand": [390.5232238769531, 635.4398193359375, 120.80215454101562, 38.47369384765625]}]}