{"image_path": "/home/hyem/workspace/frankmocap_notebooks/images/IODxDxX7oi/scene_00005165.jpg", "body_bbox_list": [[175, 310, 972, 235], [683, 387, 440, 148], [228, 316, 186, 330]], "hand_bbox_list": [{"left_hand": null, "right_hand": null}, {"left_hand": null, "right_hand": null}, {"left_hand": [296.839599609375, 637.3226928710938, 133.71484375, 45.88006591796875], "right_hand": null}]}