{"image_path": "/home/hyem/workspace/frankmocap_notebooks/images/IODxDxX7oi/scene_00006028.jpg", "body_bbox_list": [[308, 372, 161, 94], [270, 375, 242, 37], [1010, 439, 44, 112]], "hand_bbox_list": [{"left_hand": [361.5916748046875, 455.27667236328125, 72.1065673828125, 37.99176025390625], "right_hand": null}, {"left_hand": null, "right_hand": null}, {"left_hand": null, "right_hand": null}]}