{"image_path": "/home/hyem/workspace/frankmocap_notebooks/images/IODxDxX7oi/scene_00004941.jpg", "body_bbox_list": [[170, 494, 470, 148], [595, 493, 514, 55]], "hand_bbox_list": [{"left_hand": [295.4496765136719, 643.74853515625, 132.34854125976562, 37.855224609375], "right_hand": null}, {"left_hand": null, "right_hand": null}]}