{"image_path": "/home/hyem/workspace/frankmocap_notebooks/images/IODxDxX7oi/scene_00004114.jpg", "body_bbox_list": [[220, 417, 224, 229]], "hand_bbox_list": [{"left_hand": [313.6535339355469, 636.1893920898438, 126.95565795898438, 45.433837890625], "right_hand": null}]}