{"image_path": "/home/hyem/workspace/frankmocap_notebooks/images/IODxDxX7oi/scene_00002573.jpg", "body_bbox_list": [[123, 363, 991, 303], [578, 411, 514, 129]], "hand_bbox_list": [{"left_hand": [158.83935546875, 632.76806640625, 117.57064819335938, 42.12786865234375], "right_hand": [158.83935546875, 632.76806640625, 117.57064819335938, 42.12786865234375]}, {"left_hand": null, "right_hand": null}]}