{"image_path": "/home/hyem/workspace/frankmocap_notebooks/images/IODxDxX7oi/scene_00005486.jpg", "body_bbox_list": [[169, 252, 978, 408]], "hand_bbox_list": [{"left_hand": [282.06707763671875, 641.0789184570312, 129.4625244140625, 42.65460205078125], "right_hand": null}]}