{"image_path": "/home/hyem/workspace/frankmocap_notebooks/images/IODxDxX7oi/scene_00003296.jpg", "body_bbox_list": [[376, 263, 519, 397]], "hand_bbox_list": [{"left_hand": [798.8555297851562, 626.0106201171875, 102.2183837890625, 42.57666015625], "right_hand": [378.4822692871094, 639.1997680664062, 105.54437255859375, 39.32489013671875]}]}