{"image_path": "/home/hyem/workspace/frankmocap_notebooks/images/IODxDxX7oi/scene_00006316.jpg", "body_bbox_list": [[755, 238, 346, 346], [122, 214, 167, 248]], "hand_bbox_list": [{"left_hand": [1019.7200927734375, 360.79168701171875, 88.7989501953125, 63.350555419921875], "right_hand": null}, {"left_hand": null, "right_hand": [182.4496612548828, 313.0185852050781, 94.92607116699219, 30.0408935546875]}]}