{"image_path": "/home/hyem/workspace/frankmocap_notebooks/images/IODxDxX7oi/scene_00001933.jpg", "body_bbox_list": [[313, 488, 302, 155], [209, 494, 99, 148]], "hand_bbox_list": [{"left_hand": null, "right_hand": null}, {"left_hand": null, "right_hand": [171.04637145996094, 635.8573608398438, 120.77500915527344, 37.8778076171875]}]}