{"image_path": "/home/hyem/workspace/frankmocap_notebooks/images/IODxDxX7oi/scene_00000334.jpg", "body_bbox_list": [[421, 210, 655, 457]], "hand_bbox_list": [{"left_hand": [741.41552734375, 651.159423828125, 132.397216796875, 49.280029296875], "right_hand": [441.90655517578125, 640.3511352539062, 122.55157470703125, 41.9830322265625]}]}