{"image_path": "/home/hyem/workspace/frankmocap_notebooks/images/IODxDxX7oi/scene_00000330.jpg", "body_bbox_list": [[424, 162, 688, 508]], "hand_bbox_list": [{"left_hand": [738.6111450195312, 654.8282470703125, 127.46978759765625, 43.9024658203125], "right_hand": [437.399658203125, 638.9478149414062, 128.941162109375, 44.19281005859375]}]}