{"image_path": "/home/hyem/workspace/frankmocap_notebooks/images/IODxDxX7oi/scene_00000521.jpg", "body_bbox_list": [[306, 0, 569, 720]], "hand_bbox_list": [{"left_hand": [704.3934936523438, 572.33984375, 155.95074462890625, 83.73046875], "right_hand": null}]}