{"image_path": "/home/hyem/workspace/frankmocap_notebooks/images/IODxDxX7oi/scene_00003921.jpg", "body_bbox_list": [[185, 376, 248, 278], [135, 383, 371, 129]], "hand_bbox_list": [{"left_hand": [307.03546142578125, 635.2249145507812, 130.1270751953125, 46.54510498046875], "right_hand": null}, {"left_hand": null, "right_hand": null}]}