{"image_path": "/home/hyem/workspace/frankmocap_notebooks/images/IODxDxX7oi/scene_00002991.jpg", "body_bbox_list": [[439, 482, 365, 156]], "hand_bbox_list": [{"left_hand": [741.9940185546875, 625.1834106445312, 111.00787353515625, 42.51318359375], "right_hand": [412.9682922363281, 632.1571044921875, 129.47164916992188, 40.66058349609375]}]}