{"image_path": "/home/hyem/workspace/frankmocap_notebooks/images/IODxDxX7oi/scene_00003618.jpg", "body_bbox_list": [[419, 205, 422, 451]], "hand_bbox_list": [{"left_hand": [772.4730224609375, 626.130615234375, 119.56396484375, 40.330078125], "right_hand": [390.8161926269531, 635.1199340820312, 119.6072998046875, 39.333984375]}]}