{"image_path": "/home/hyem/workspace/frankmocap_notebooks/images/IODxDxX7oi/scene_00002304.jpg", "body_bbox_list": [[176, 245, 948, 297], [340, 329, 74, 316]], "hand_bbox_list": [{"left_hand": null, "right_hand": null}, {"left_hand": null, "right_hand": [297.03253173828125, 640.6506958007812, 130.55191040039062, 42.28302001953125]}]}