{"image_path": "/home/hyem/workspace/frankmocap_notebooks/images/IODxDxX7oi/scene_00003162.jpg", "body_bbox_list": [[350, 482, 582, 161]], "hand_bbox_list": [{"left_hand": [800.1244506835938, 630.609619140625, 99.25177001953125, 39.204345703125], "right_hand": [376.9041748046875, 639.77099609375, 107.11117553710938, 38.64227294921875]}]}