{"image_path": "/home/hyem/workspace/frankmocap_notebooks/images/IODxDxX7oi/scene_00002875.jpg", "body_bbox_list": [[419, 210, 422, 446]], "hand_bbox_list": [{"left_hand": [772.3899536132812, 626.250732421875, 118.80780029296875, 40.20703125], "right_hand": [391.0765075683594, 634.8468627929688, 119.25045776367188, 39.6273193359375]}]}