{"image_path": "/home/hyem/workspace/frankmocap_notebooks/images/IODxDxX7oi/scene_00001894.jpg", "body_bbox_list": [[437, 216, 397, 440]], "hand_bbox_list": [{"left_hand": [776.6705932617188, 625.4185791015625, 107.25335693359375, 40.63525390625], "right_hand": [392.8811950683594, 635.155517578125, 121.46127319335938, 38.87451171875]}]}