{"image_path": "/home/hyem/workspace/frankmocap_notebooks/images/IODxDxX7oi/scene_00005510.jpg", "body_bbox_list": [[80, 476, 706, 173]], "hand_bbox_list": [{"left_hand": [284.6984558105469, 641.2970581054688, 126.99417114257812, 41.5753173828125], "right_hand": null}]}