{"image_path": "/home/hyem/workspace/frankmocap_notebooks/images/IODxDxX7oi/scene_00003132.jpg", "body_bbox_list": [[388, 240, 495, 409]], "hand_bbox_list": [{"left_hand": [803.5439453125, 624.8806762695312, 94.684814453125, 43.6805419921875], "right_hand": [380.4144592285156, 639.1047973632812, 109.1658935546875, 38.9149169921875]}]}