{"image_path": "/home/hyem/workspace/frankmocap_notebooks/images/IODxDxX7oi/scene_00005495.jpg", "body_bbox_list": [[129, 299, 997, 353]], "hand_bbox_list": [{"left_hand": null, "right_hand": [283.2719421386719, 639.57763671875, 129.03958129882812, 43.12957763671875]}]}