{"image_path": "/home/hyem/workspace/frankmocap_notebooks/images/IODxDxX7oi/scene_00003860.jpg", "body_bbox_list": [[315, 494, 118, 148], [151, 567, 137, 36]], "hand_bbox_list": [{"left_hand": [310.1717834472656, 642.8442993164062, 126.85113525390625, 38.57733154296875], "right_hand": null}, {"left_hand": null, "right_hand": null}]}