{"image_path": "/home/hyem/workspace/frankmocap_notebooks/images/IODxDxX7oi/scene_00002921.jpg", "body_bbox_list": [[463, 493, 334, 161]], "hand_bbox_list": [{"left_hand": [744.5069580078125, 626.2276611328125, 102.83203125, 40.93511962890625], "right_hand": [412.45941162109375, 632.7071533203125, 129.59478759765625, 39.9287109375]}]}