{"image_path": "/home/hyem/workspace/frankmocap_notebooks/images/IODxDxX7oi/scene_00002333.jpg", "body_bbox_list": [[149, 489, 422, 136]], "hand_bbox_list": [{"left_hand": [451.1849365234375, 634.2888793945312, 126.075927734375, 43.38043212890625], "right_hand": null}]}