{"image_path": "/home/hyem/workspace/frankmocap_notebooks/images/IODxDxX7oi/scene_00000814.jpg", "body_bbox_list": [[427, 401, 525, 216], [583, 445, 156, 129]], "hand_bbox_list": [{"left_hand": null, "right_hand": null}, {"left_hand": null, "right_hand": [574.162109375, 564.4714965820312, 106.83294677734375, 57.181640625]}]}