{"image_path": "/home/hyem/workspace/frankmocap_notebooks/images/IODxDxX7oi/scene_00004335.jpg", "body_bbox_list": [[181, 127, 972, 544]], "hand_bbox_list": [{"left_hand": [326.0936279296875, 551.6070556640625, 91.24813842773438, 148.63665771484375], "right_hand": [883.180419921875, 563.953369140625, 96.2100830078125, 123.58038330078125]}]}