{"image_path": "/home/hyem/workspace/frankmocap_notebooks/images/IODxDxX7oi/scene_00002622.jpg", "body_bbox_list": [[153, 287, 723, 371], [620, 352, 476, 191]], "hand_bbox_list": [{"left_hand": [159.8549041748047, 631.1079711914062, 118.88322448730469, 43.6007080078125], "right_hand": [159.8549041748047, 631.1079711914062, 118.88322448730469, 43.6007080078125]}, {"left_hand": null, "right_hand": null}]}