{"image_path": "/home/hyem/workspace/frankmocap_notebooks/images/IODxDxX7oi/scene_00000712.jpg", "body_bbox_list": [[193, 239, 818, 327], [705, 295, 80, 180]], "hand_bbox_list": [{"left_hand": null, "right_hand": [538.0521850585938, 544.5118408203125, 140.6644287109375, 68.91937255859375]}, {"left_hand": [696.8289794921875, 474.26312255859375, 106.693115234375, 45.14404296875], "right_hand": null}]}