{"image_path": "/home/hyem/workspace/frankmocap_notebooks/images/IODxDxX7oi/scene_00003212.jpg", "body_bbox_list": [[376, 264, 514, 389]], "hand_bbox_list": [{"left_hand": [801.2774047851562, 625.324462890625, 99.22467041015625, 43.226318359375], "right_hand": [379.0714111328125, 638.5242919921875, 107.17532348632812, 40.23297119140625]}]}