{"image_path": "/home/hyem/workspace/frankmocap_notebooks/images/IODxDxX7oi/scene_00005186.jpg", "body_bbox_list": [[223, 271, 544, 330], [769, 344, 273, 99], [203, 272, 112, 80], [292, 338, 18, 229]], "hand_bbox_list": [{"left_hand": [583.91845703125, 593.3046875, 168.55718994140625, 68.7572021484375], "right_hand": null}, {"left_hand": null, "right_hand": null}, {"left_hand": null, "right_hand": null}, {"left_hand": null, "right_hand": [177.09909057617188, 556.8900146484375, 159.00607299804688, 54.3035888671875]}]}