{"image_path": "/home/hyem/workspace/frankmocap_notebooks/images/IODxDxX7oi/scene_00005818.jpg", "body_bbox_list": [[63, 486, 836, 80], [380, 492, 180, 186], [571, 544, 315, 37], [228, 540, 56, 112]], "hand_bbox_list": [{"left_hand": null, "right_hand": null}, {"left_hand": [441.93133544921875, 666.6348266601562, 128.71307373046875, 45.53240966796875], "right_hand": null}, {"left_hand": null, "right_hand": null}, {"left_hand": null, "right_hand": [175.52145385742188, 651.9344482421875, 124.51190185546875, 43.900634765625]}]}