{"image_path": "/home/hyem/workspace/frankmocap_notebooks/images/IODxDxX7oi/scene_00005558.jpg", "body_bbox_list": [[110, 399, 303, 254]], "hand_bbox_list": [{"left_hand": [283.9291687011719, 640.408203125, 128.96035766601562, 42.1854248046875], "right_hand": null}]}