{"image_path": "/home/hyem/workspace/frankmocap_notebooks/images/IODxDxX7oi/scene_00003281.jpg", "body_bbox_list": [[351, 464, 569, 186]], "hand_bbox_list": [{"left_hand": [799.4650268554688, 631.0052490234375, 100.65081787109375, 39.199462890625], "right_hand": [376.44464111328125, 639.7986450195312, 106.052734375, 38.57177734375]}]}