{"image_path": "/home/hyem/workspace/frankmocap_notebooks/images/IODxDxX7oi/scene_00002604.jpg", "body_bbox_list": [[135, 423, 731, 229], [199, 422, 216, 242]], "hand_bbox_list": [{"left_hand": null, "right_hand": [162.35317993164062, 631.3151245117188, 115.81149291992188, 43.1748046875]}, {"left_hand": [162.35317993164062, 631.3151245117188, 115.81149291992188, 43.1748046875], "right_hand": null}]}