{"image_path": "/home/hyem/workspace/frankmocap_notebooks/images/IODxDxX7oi/scene_00003376.jpg", "body_bbox_list": [[382, 252, 508, 402]], "hand_bbox_list": [{"left_hand": [796.2906494140625, 625.9338989257812, 104.306396484375, 43.19293212890625], "right_hand": [379.3460388183594, 638.6987915039062, 103.39468383789062, 39.9527587890625]}]}