{"image_path": "/home/hyem/workspace/frankmocap_notebooks/images/IODxDxX7oi/scene_00005661.jpg", "body_bbox_list": [[80, 435, 712, 210]], "hand_bbox_list": [{"left_hand": [285.37115478515625, 641.0833129882812, 127.6715087890625, 41.9459228515625], "right_hand": null}]}