{"image_path": "/home/hyem/workspace/frankmocap_notebooks/images/IODxDxX7oi/scene_00001303.jpg", "body_bbox_list": [[150, 500, 297, 148], [584, 509, 520, 56]], "hand_bbox_list": [{"left_hand": [281.89544677734375, 643.5578002929688, 126.56222534179688, 40.43157958984375], "right_hand": null}, {"left_hand": null, "right_hand": null}]}