{"image_path": "/home/hyem/workspace/frankmocap_notebooks/images/IODxDxX7oi/scene_00001244.jpg", "body_bbox_list": [[96, 316, 736, 341]], "hand_bbox_list": [{"left_hand": [281.8043518066406, 638.0518798828125, 130.46347045898438, 45.54058837890625], "right_hand": null}]}