{"image_path": "/home/hyem/workspace/frankmocap_notebooks/images/IODxDxX7oi/scene_00001227.jpg", "body_bbox_list": [[81, 500, 699, 142]], "hand_bbox_list": [{"left_hand": [278.3950500488281, 613.2018432617188, 150.57846069335938, 69.54119873046875], "right_hand": null}]}