{"image_path": "/home/hyem/workspace/frankmocap_notebooks/images/IODxDxX7oi/scene_00005140.jpg", "body_bbox_list": [[139, 363, 1021, 286]], "hand_bbox_list": [{"left_hand": [301.7130432128906, 638.239013671875, 128.32415771484375, 44.64959716796875], "right_hand": null}]}