{"image_path": "/home/hyem/workspace/frankmocap_notebooks/images/IODxDxX7oi/scene_00000663.jpg", "body_bbox_list": [[462, 246, 612, 273], [123, 273, 390, 50], [907, 335, 93, 50]], "hand_bbox_list": [{"left_hand": null, "right_hand": [478.1681213378906, 492.3238830566406, 174.55325317382812, 89.87191772460938]}, {"left_hand": null, "right_hand": null}, {"left_hand": null, "right_hand": null}]}