{"image_path": "/home/hyem/workspace/frankmocap_notebooks/images/IODxDxX7oi/scene_00003023.jpg", "body_bbox_list": [[450, 494, 354, 148]], "hand_bbox_list": [{"left_hand": [743.0081787109375, 627.5706787109375, 106.2620849609375, 39.34197998046875], "right_hand": [413.0162048339844, 632.2818603515625, 129.22622680664062, 40.2572021484375]}]}