{"image_path": "/home/hyem/workspace/frankmocap_notebooks/images/IODxDxX7oi/scene_00006080.jpg", "body_bbox_list": [[199, 331, 327, 137], [873, 226, 105, 223]], "hand_bbox_list": [{"left_hand": null, "right_hand": null}, {"left_hand": [960.0269165039062, 438.01788330078125, 22.34478759765625, 20.516387939453125], "right_hand": null}]}