{"image_path": "/home/hyem/workspace/frankmocap_notebooks/images/IODxDxX7oi/scene_00005777.jpg", "body_bbox_list": [[97, 323, 717, 327]], "hand_bbox_list": [{"left_hand": [281.3999938964844, 637.9264526367188, 131.22332763671875, 45.78582763671875], "right_hand": null}]}