{"image_path": "/home/hyem/workspace/frankmocap_notebooks/images/IODxDxX7oi/scene_00005956.jpg", "body_bbox_list": [[200, 487, 793, 180]], "hand_bbox_list": [{"left_hand": [573.2874755859375, 662.871826171875, 126.19970703125, 43.26434326171875], "right_hand": null}]}