{"image_path": "/home/hyem/workspace/frankmocap_notebooks/images/IODxDxX7oi/scene_00000694.jpg", "body_bbox_list": [[144, 25, 798, 569], [185, 158, 243, 235]], "hand_bbox_list": [{"left_hand": [698.0155029296875, 468.9561767578125, 117.334716796875, 46.473388671875], "right_hand": [530.752685546875, 549.1658935546875, 153.9923095703125, 74.413330078125]}, {"left_hand": null, "right_hand": null}]}