{"image_path": "/home/hyem/workspace/frankmocap_notebooks/images/IODxDxX7oi/scene_00005376.jpg", "body_bbox_list": [[197, 267, 248, 321]], "hand_bbox_list": [{"left_hand": null, "right_hand": [168.19674682617188, 578.0677490234375, 165.126220703125, 56.14312744140625]}]}