{"image_path": "/home/hyem/workspace/frankmocap_notebooks/images/IODxDxX7oi/scene_00001444.jpg", "body_bbox_list": [[109, 205, 446, 457]], "hand_bbox_list": [{"left_hand": [163.45172119140625, 636.6287841796875, 154.99282836914062, 51.51470947265625], "right_hand": [163.45172119140625, 636.6287841796875, 154.99282836914062, 51.51470947265625]}]}