{"image_path": "/home/hyem/workspace/frankmocap_notebooks/images/IODxDxX7oi/scene_00005821.jpg", "body_bbox_list": [[68, 499, 837, 172]], "hand_bbox_list": [{"left_hand": [445.55792236328125, 669.395263671875, 131.0037841796875, 42.366455078125], "right_hand": null}]}