{"image_path": "/home/hyem/workspace/frankmocap_notebooks/images/IODxDxX7oi/scene_00001158.jpg", "body_bbox_list": [[113, 263, 983, 397], [586, 328, 476, 216]], "hand_bbox_list": [{"left_hand": [281.5167236328125, 641.4609985351562, 128.16452026367188, 42.97088623046875], "right_hand": [281.5167236328125, 641.4609985351562, 128.16452026367188, 42.97088623046875]}, {"left_hand": null, "right_hand": null}]}