{"image_path": "/home/hyem/workspace/frankmocap_notebooks/images/IODxDxX7oi/scene_00005783.jpg", "body_bbox_list": [[118, 277, 726, 199], [170, 270, 234, 371]], "hand_bbox_list": [{"left_hand": null, "right_hand": null}, {"left_hand": [281.7713623046875, 640.6195678710938, 129.14202880859375, 43.48944091796875], "right_hand": null}]}