{"image_path": "/home/hyem/workspace/frankmocap_notebooks/images/IODxDxX7oi/scene_00005979.jpg", "body_bbox_list": [[249, 293, 712, 370], [760, 393, 229, 148]], "hand_bbox_list": [{"left_hand": null, "right_hand": [308.02655029296875, 645.3642578125, 123.11038208007812, 42.39971923828125]}, {"left_hand": null, "right_hand": null}]}