{"image_path": "/home/hyem/workspace/frankmocap_notebooks/images/IODxDxX7oi/scene_00002941.jpg", "body_bbox_list": [[450, 311, 354, 340]], "hand_bbox_list": [{"left_hand": [741.1919555664062, 625.0980834960938, 110.95489501953125, 42.46771240234375], "right_hand": [415.15191650390625, 631.885986328125, 130.97943115234375, 40.7119140625]}]}