{"image_path": "/home/hyem/workspace/frankmocap_notebooks/images/IODxDxX7oi/scene_00005053.jpg", "body_bbox_list": [[151, 376, 750, 278], [576, 440, 552, 93]], "hand_bbox_list": [{"left_hand": [295.688720703125, 640.2454223632812, 132.539306640625, 41.72235107421875], "right_hand": null}, {"left_hand": null, "right_hand": null}]}