{"image_path": "/home/hyem/workspace/frankmocap_notebooks/images/IODxDxX7oi/scene_00003394.jpg", "body_bbox_list": [[388, 246, 495, 403], [542, 262, 216, 61]], "hand_bbox_list": [{"left_hand": [796.2630615234375, 625.2725219726562, 103.7591552734375, 44.07562255859375], "right_hand": [379.51336669921875, 638.5955810546875, 103.502685546875, 40.37188720703125]}, {"left_hand": null, "right_hand": null}]}