{"image_path": "/home/hyem/workspace/frankmocap_notebooks/images/IODxDxX7oi/scene_00001020.jpg", "body_bbox_list": [[84, 470, 631, 180]], "hand_bbox_list": [{"left_hand": [284.75555419921875, 640.8094482421875, 128.18618774414062, 42.0], "right_hand": null}]}