{"image_path": "/home/hyem/workspace/frankmocap_notebooks/images/IODxDxX7oi/scene_00002989.jpg", "body_bbox_list": [[433, 471, 378, 172]], "hand_bbox_list": [{"left_hand": [742.22265625, 625.2527465820312, 110.8497314453125, 42.50177001953125], "right_hand": [412.6615905761719, 632.1810913085938, 130.40109252929688, 40.599365234375]}]}