{"image_path": "/home/hyem/workspace/frankmocap_notebooks/images/IODxDxX7oi/scene_00002643.jpg", "body_bbox_list": [[164, 246, 712, 408], [608, 334, 489, 204]], "hand_bbox_list": [{"left_hand": [158.62261962890625, 634.1033325195312, 121.873046875, 40.08056640625], "right_hand": null}, {"left_hand": null, "right_hand": null}]}