{"image_path": "/home/hyem/workspace/frankmocap_notebooks/images/IODxDxX7oi/scene_00000312.jpg", "body_bbox_list": [[413, 133, 682, 544]], "hand_bbox_list": [{"left_hand": [720.4851684570312, 651.4892578125, 131.11285400390625, 49.4844970703125], "right_hand": [422.4306640625, 639.2890625, 126.054931640625, 44.4873046875]}]}