{"image_path": "/home/hyem/workspace/frankmocap_notebooks/images/IODxDxX7oi/scene_00001456.jpg", "body_bbox_list": [[92, 205, 817, 446]], "hand_bbox_list": [{"left_hand": [163.5321807861328, 636.6248168945312, 154.5132598876953, 51.5330810546875], "right_hand": null}]}