{"image_path": "/home/hyem/workspace/frankmocap_notebooks/images/IODxDxX7oi/scene_00003678.jpg", "body_bbox_list": [[401, 428, 458, 224]], "hand_bbox_list": [{"left_hand": [773.63037109375, 627.4453735351562, 116.94525146484375, 38.95159912109375], "right_hand": [389.83843994140625, 634.4024658203125, 122.8275146484375, 39.68359375]}]}