{"image_path": "/home/hyem/workspace/frankmocap_notebooks/images/IODxDxX7oi/scene_00003784.jpg", "body_bbox_list": [[221, 260, 717, 229], [280, 252, 148, 408]], "hand_bbox_list": [{"left_hand": null, "right_hand": null}, {"left_hand": [307.3797302246094, 636.7708740234375, 127.96353149414062, 46.06658935546875], "right_hand": null}]}