{"image_path": "/home/hyem/workspace/frankmocap_notebooks/images/IODxDxX7oi/scene_00002318.jpg", "body_bbox_list": [[153, 341, 723, 297]], "hand_bbox_list": [{"left_hand": [451.7578430175781, 627.4159545898438, 128.39181518554688, 52.0899658203125], "right_hand": null}]}