{"image_path": "/home/hyem/workspace/frankmocap_notebooks/images/IODxDxX7oi/scene_00006091.jpg", "body_bbox_list": [[227, 219, 322, 243], [410, 276, 137, 123], [890, 225, 234, 12], [855, 237, 6, 105]], "hand_bbox_list": [{"left_hand": [352.4998474121094, 442.3265380859375, 75.19528198242188, 36.651763916015625], "right_hand": [199.81591796875, 453.51849365234375, 65.3507080078125, 27.046875]}, {"left_hand": null, "right_hand": null}, {"left_hand": null, "right_hand": null}, {"left_hand": null, "right_hand": null}]}