{"image_path": "/home/hyem/workspace/frankmocap_notebooks/images/IODxDxX7oi/scene_00005873.jpg", "body_bbox_list": [[157, 280, 755, 397]], "hand_bbox_list": [{"left_hand": [495.84942626953125, 663.529541015625, 131.833984375, 46.5648193359375], "right_hand": [224.75111389160156, 649.7224731445312, 124.07685852050781, 43.33428955078125]}]}