{"image_path": "/home/hyem/workspace/frankmocap_notebooks/images/IODxDxX7oi/scene_00004146.jpg", "body_bbox_list": [[210, 370, 953, 273]], "hand_bbox_list": [{"left_hand": [309.1264953613281, 633.2235107421875, 132.85800170898438, 49.20623779296875], "right_hand": null}]}