{"image_path": "/home/hyem/workspace/frankmocap_notebooks/images/IODxDxX7oi/scene_00000307.jpg", "body_bbox_list": [[396, 174, 693, 501]], "hand_bbox_list": [{"left_hand": [714.7423706054688, 653.8800048828125, 129.2781982421875, 45.35797119140625], "right_hand": [416.7762145996094, 638.4774780273438, 123.00192260742188, 44.63934326171875]}]}