{"image_path": "/home/hyem/workspace/frankmocap_notebooks/images/IODxDxX7oi/scene_00006138.jpg", "body_bbox_list": [[253, 225, 378, 248], [854, 270, 148, 248], [1013, 246, 112, 273]], "hand_bbox_list": [{"left_hand": [397.2916564941406, 460.3455810546875, 79.96957397460938, 33.145721435546875], "right_hand": [351.161865234375, 408.68572998046875, 36.22137451171875, 37.632843017578125]}, {"left_hand": [852.6329956054688, 254.0106658935547, 29.91021728515625, 25.999557495117188], "right_hand": [852.6329956054688, 254.0106658935547, 29.91021728515625, 25.999557495117188]}, {"left_hand": null, "right_hand": null}]}