{"image_path": "/home/hyem/workspace/frankmocap_notebooks/images/IODxDxX7oi/scene_00003371.jpg", "body_bbox_list": [[370, 334, 520, 322]], "hand_bbox_list": [{"left_hand": [796.9761352539062, 626.62353515625, 104.52764892578125, 41.7862548828125], "right_hand": [376.2419738769531, 639.4325561523438, 106.52603149414062, 39.29296875]}]}