{"image_path": "/home/hyem/workspace/frankmocap_notebooks/images/IODxDxX7oi/scene_00003126.jpg", "body_bbox_list": [[382, 264, 508, 389]], "hand_bbox_list": [{"left_hand": [803.4707641601562, 625.9743041992188, 95.69390869140625, 42.3514404296875], "right_hand": [379.2856750488281, 638.908935546875, 109.68365478515625, 39.07196044921875]}]}