{"image_path": "/home/hyem/workspace/frankmocap_notebooks/images/IODxDxX7oi/scene_00004711.jpg", "body_bbox_list": [[181, 269, 718, 384], [630, 352, 489, 185]], "hand_bbox_list": [{"left_hand": [286.52484130859375, 641.4454956054688, 125.691650390625, 41.2178955078125], "right_hand": null}, {"left_hand": null, "right_hand": null}]}