{"image_path": "/home/hyem/workspace/frankmocap_notebooks/images/IODxDxX7oi/scene_00000537.jpg", "body_bbox_list": [[700, 7, 321, 588]], "hand_bbox_list": [{"left_hand": [719.7752685546875, 564.6415405273438, 166.3873291015625, 87.530029296875], "right_hand": null}]}