{"image_path": "/home/hyem/workspace/frankmocap_notebooks/images/IODxDxX7oi/scene_00005180.jpg", "body_bbox_list": [[209, 115, 476, 457], [781, 226, 272, 223]], "hand_bbox_list": [{"left_hand": null, "right_hand": [176.14755249023438, 555.4599609375, 160.03634643554688, 55.39007568359375]}, {"left_hand": null, "right_hand": null}]}