{"image_path": "/home/hyem/workspace/frankmocap_notebooks/images/IODxDxX7oi/scene_00000258.jpg", "body_bbox_list": [[302, 493, 533, 167], [813, 567, 186, 25], [835, 534, 186, 18]], "hand_bbox_list": [{"left_hand": [655.6359252929688, 656.4418334960938, 131.69073486328125, 48.33782958984375], "right_hand": null}, {"left_hand": null, "right_hand": null}, {"left_hand": null, "right_hand": null}]}