{"image_path": "/home/hyem/workspace/frankmocap_notebooks/images/IODxDxX7oi/scene_00005098.jpg", "body_bbox_list": [[180, 488, 242, 161], [619, 475, 489, 69], [165, 485, 334, 99]], "hand_bbox_list": [{"left_hand": [297.0150146484375, 644.1265869140625, 131.97891235351562, 38.26678466796875], "right_hand": null}, {"left_hand": null, "right_hand": null}, {"left_hand": null, "right_hand": null}]}