{"image_path": "/home/hyem/workspace/frankmocap_notebooks/images/IODxDxX7oi/scene_00005324.jpg", "body_bbox_list": [[287, 53, 742, 563], [757, 160, 297, 310]], "hand_bbox_list": [{"left_hand": [588.4374389648438, 609.0618896484375, 173.97918701171875, 72.12274169921875], "right_hand": null}, {"left_hand": null, "right_hand": null}]}