{"image_path": "/home/hyem/workspace/frankmocap_notebooks/images/IODxDxX7oi/scene_00003956.jpg", "body_bbox_list": [[142, 399, 706, 254]], "hand_bbox_list": [{"left_hand": [309.28192138671875, 632.6968383789062, 125.81033325195312, 48.71624755859375], "right_hand": null}]}