{"image_path": "/home/hyem/workspace/frankmocap_notebooks/images/IODxDxX7oi/scene_00002062.jpg", "body_bbox_list": [[205, 252, 698, 408]], "hand_bbox_list": [{"left_hand": [298.0804138183594, 637.0805053710938, 128.9326171875, 44.8795166015625], "right_hand": null}]}