{"image_path": "/home/hyem/workspace/frankmocap_notebooks/images/IODxDxX7oi/scene_00004478.jpg", "body_bbox_list": [[219, 244, 861, 311]], "hand_bbox_list": [{"left_hand": [831.6591186523438, 510.0559997558594, 109.339599609375, 159.09817504882812], "right_hand": null}]}