{"image_path": "/home/hyem/workspace/frankmocap_notebooks/images/IODxDxX7oi/scene_00002732.jpg", "body_bbox_list": [[432, 246, 408, 408]], "hand_bbox_list": [{"left_hand": [777.8518676757812, 626.5062255859375, 111.833740234375, 40.60980224609375], "right_hand": [392.77911376953125, 635.7454223632812, 120.7830810546875, 38.47686767578125]}]}