{"image_path": "/home/hyem/workspace/frankmocap_notebooks/images/IODxDxX7oi/scene_00000863.jpg", "body_bbox_list": [[555, 165, 302, 441]], "hand_bbox_list": [{"left_hand": [813.2589721679688, 561.6522827148438, 106.84771728515625, 56.155517578125], "right_hand": [552.7185668945312, 592.6083374023438, 104.5697021484375, 67.00579833984375]}]}