{"image_path": "/home/hyem/workspace/frankmocap_notebooks/images/IODxDxX7oi/scene_00000306.jpg", "body_bbox_list": [[384, 191, 706, 484]], "hand_bbox_list": [{"left_hand": [713.9981689453125, 653.3696899414062, 129.6226806640625, 45.93572998046875], "right_hand": [416.16937255859375, 638.9540405273438, 123.21527099609375, 44.1009521484375]}]}