{"image_path": "/home/hyem/workspace/frankmocap_notebooks/images/IODxDxX7oi/scene_00005619.jpg", "body_bbox_list": [[73, 458, 726, 192]], "hand_bbox_list": [{"left_hand": [285.54132080078125, 641.0739135742188, 125.49090576171875, 42.08953857421875], "right_hand": null}]}