{"image_path": "/home/hyem/workspace/frankmocap_notebooks/images/IODxDxX7oi/scene_00003931.jpg", "body_bbox_list": [[179, 489, 267, 136], [115, 498, 693, 50]], "hand_bbox_list": [{"left_hand": [307.4672546386719, 634.0054321289062, 130.11795043945312, 47.97564697265625], "right_hand": null}, {"left_hand": null, "right_hand": null}]}