{"image_path": "/home/hyem/workspace/frankmocap_notebooks/images/IODxDxX7oi/scene_00004680.jpg", "body_bbox_list": [[176, 322, 712, 335], [624, 386, 495, 156]], "hand_bbox_list": [{"left_hand": [282.8065185546875, 641.4659423828125, 126.8438720703125, 42.838134765625], "right_hand": [282.8065185546875, 641.4659423828125, 126.8438720703125, 42.838134765625]}, {"left_hand": null, "right_hand": null}]}