{"image_path": "/home/hyem/workspace/frankmocap_notebooks/images/IODxDxX7oi/scene_00002608.jpg", "body_bbox_list": [[199, 399, 210, 259], [270, 435, 112, 216], [161, 407, 156, 69]], "hand_bbox_list": [{"left_hand": [162.78506469726562, 631.0406494140625, 122.23416137695312, 43.44085693359375], "right_hand": null}, {"left_hand": null, "right_hand": [162.78506469726562, 631.0406494140625, 122.23416137695312, 43.44085693359375]}, {"left_hand": null, "right_hand": null}]}