{"image_path": "/home/hyem/workspace/frankmocap_notebooks/images/IODxDxX7oi/scene_00003068.jpg", "body_bbox_list": [[357, 363, 557, 286]], "hand_bbox_list": [{"left_hand": [802.8216552734375, 627.9158935546875, 96.8450927734375, 40.07745361328125], "right_hand": [378.757080078125, 640.2053833007812, 111.72528076171875, 37.82568359375]}]}