{"image_path": "/home/hyem/workspace/frankmocap_notebooks/images/IODxDxX7oi/scene_00002279.jpg", "body_bbox_list": [[114, 423, 706, 229]], "hand_bbox_list": [{"left_hand": [298.4268798828125, 645.3351440429688, 128.48681640625, 37.435302734375], "right_hand": null}]}