{"image_path": "/home/hyem/workspace/frankmocap_notebooks/images/IODxDxX7oi/scene_00000946.jpg", "body_bbox_list": [[338, 271, 118, 346]], "hand_bbox_list": [{"left_hand": [116.86947631835938, 166.0636749267578, 477.9552917480469, 519.6387329101562], "right_hand": null}]}