{"image_path": "/home/hyem/workspace/frankmocap_notebooks/images/IODxDxX7oi/scene_00001996.jpg", "body_bbox_list": [[88, 453, 297, 191], [816, 488, 359, 155], [383, 489, 123, 142]], "hand_bbox_list": [{"left_hand": null, "right_hand": [61.80381393432617, 634.3995361328125, 121.70782470703125, 39.31597900390625]}, {"left_hand": [1005.7144165039062, 630.0645751953125, 93.26165771484375, 42.95086669921875], "right_hand": [906.1151123046875, 634.2088012695312, 93.965087890625, 41.59600830078125]}, {"left_hand": [445.18597412109375, 627.3388061523438, 116.25445556640625, 38.75933837890625], "right_hand": null}]}