{"image_path": "/home/hyem/workspace/frankmocap_notebooks/images/IODxDxX7oi/scene_00003077.jpg", "body_bbox_list": [[339, 470, 588, 180]], "hand_bbox_list": [{"left_hand": [805.533447265625, 628.1002197265625, 93.5208740234375, 39.8721923828125], "right_hand": [376.8876647949219, 640.197265625, 109.42791748046875, 37.86260986328125]}]}