{"image_path": "/home/hyem/workspace/frankmocap_notebooks/images/IODxDxX7oi/scene_00002546.jpg", "body_bbox_list": [[147, 251, 972, 291], [608, 334, 489, 210], [225, 246, 118, 414]], "hand_bbox_list": [{"left_hand": null, "right_hand": null}, {"left_hand": null, "right_hand": null}, {"left_hand": [158.59957885742188, 633.902099609375, 122.52764892578125, 40.46575927734375], "right_hand": null}]}