{"image_path": "/home/hyem/workspace/frankmocap_notebooks/images/IODxDxX7oi/scene_00005455.jpg", "body_bbox_list": [[233, 373, 69, 216], [781, 432, 278, 31]], "hand_bbox_list": [{"left_hand": null, "right_hand": [164.68995666503906, 587.3038330078125, 169.7416534423828, 57.544677734375]}, {"left_hand": null, "right_hand": null}]}