{"image_path": "/home/hyem/workspace/frankmocap_notebooks/images/IODxDxX7oi/scene_00002668.jpg", "body_bbox_list": [[135, 388, 371, 254]], "hand_bbox_list": [{"left_hand": [159.48797607421875, 631.5568237304688, 130.13299560546875, 44.32275390625], "right_hand": [159.48797607421875, 631.5568237304688, 130.13299560546875, 44.32275390625]}]}