{"image_path": "/home/hyem/workspace/frankmocap_notebooks/images/IODxDxX7oi/scene_00003541.jpg", "body_bbox_list": [[437, 216, 397, 440]], "hand_bbox_list": [{"left_hand": [775.7593994140625, 625.8589477539062, 108.66351318359375, 40.321044921875], "right_hand": [392.7473449707031, 635.0841674804688, 121.88119506835938, 38.909423828125]}]}