{"image_path": "/home/hyem/workspace/frankmocap_notebooks/images/IODxDxX7oi/scene_00001259.jpg", "body_bbox_list": [[161, 321, 1034, 224], [676, 399, 465, 142], [217, 341, 185, 303]], "hand_bbox_list": [{"left_hand": null, "right_hand": null}, {"left_hand": null, "right_hand": null}, {"left_hand": [283.9060974121094, 641.0570068359375, 126.7498779296875, 41.57025146484375], "right_hand": null}]}