{"image_path": "/home/hyem/workspace/frankmocap_notebooks/images/IODxDxX7oi/scene_00004982.jpg", "body_bbox_list": [[168, 322, 997, 216], [228, 334, 186, 311]], "hand_bbox_list": [{"left_hand": null, "right_hand": null}, {"left_hand": [295.16375732421875, 637.1444091796875, 133.546875, 44.85687255859375], "right_hand": null}]}