{"image_path": "/home/hyem/workspace/frankmocap_notebooks/images/IODxDxX7oi/scene_00003374.jpg", "body_bbox_list": [[376, 281, 514, 378]], "hand_bbox_list": [{"left_hand": [795.9776000976562, 625.9483032226562, 105.2115478515625, 43.12384033203125], "right_hand": [377.5582275390625, 638.716064453125, 105.10684204101562, 39.97027587890625]}]}