{"image_path": "/home/hyem/workspace/frankmocap_notebooks/images/IODxDxX7oi/scene_00002024.jpg", "body_bbox_list": [[75, 458, 452, 192], [817, 523, 346, 118]], "hand_bbox_list": [{"left_hand": [445.1933898925781, 627.2487182617188, 116.19448852539062, 38.7926025390625], "right_hand": [62.00742721557617, 634.6050415039062, 122.17776489257812, 39.10394287109375]}, {"left_hand": [1006.5089111328125, 634.4827880859375, 89.4967041015625, 39.98828125], "right_hand": [900.7096557617188, 632.2807006835938, 94.1446533203125, 43.79779052734375]}]}