{"image_path": "/home/hyem/workspace/frankmocap_notebooks/images/IODxDxX7oi/scene_00002678.jpg", "body_bbox_list": [[133, 445, 291, 224]], "hand_bbox_list": [{"left_hand": null, "right_hand": [163.71835327148438, 632.9682006835938, 118.1109619140625, 41.3822021484375]}]}