{"image_path": "/home/hyem/workspace/frankmocap_notebooks/images/IODxDxX7oi/scene_00005622.jpg", "body_bbox_list": [[92, 494, 316, 148]], "hand_bbox_list": [{"left_hand": [286.2730407714844, 641.3434448242188, 123.17828369140625, 41.53802490234375], "right_hand": null}]}