{"image_path": "/home/hyem/workspace/frankmocap_notebooks/images/IODxDxX7oi/scene_00002611.jpg", "body_bbox_list": [[163, 369, 242, 291]], "hand_bbox_list": [{"left_hand": [157.77474975585938, 630.8768920898438, 125.7523193359375, 43.6297607421875], "right_hand": [157.77474975585938, 630.8768920898438, 125.7523193359375, 43.6297607421875]}]}