{"image_path": "/home/hyem/workspace/frankmocap_notebooks/images/IODxDxX7oi/scene_00004202.jpg", "body_bbox_list": [[194, 405, 687, 242]], "hand_bbox_list": [{"left_hand": [307.4195251464844, 632.4345092773438, 135.50375366210938, 49.751708984375], "right_hand": null}]}