{"image_path": "/home/hyem/workspace/frankmocap_notebooks/images/IODxDxX7oi/scene_00002801.jpg", "body_bbox_list": [[437, 216, 397, 440]], "hand_bbox_list": [{"left_hand": [775.5513916015625, 625.8649291992188, 108.9503173828125, 40.37164306640625], "right_hand": [392.5149841308594, 635.0328369140625, 122.34695434570312, 38.92779541015625]}]}