{"image_path": "/home/hyem/workspace/frankmocap_notebooks/images/IODxDxX7oi/scene_00006396.jpg", "body_bbox_list": [[123, 125, 142, 335], [136, 245, 229, 191], [199, 391, 75, 45]], "hand_bbox_list": [{"left_hand": [224.34901428222656, 316.9330139160156, 58.85520935058594, 25.98468017578125], "right_hand": [184.6951446533203, 318.7195739746094, 46.96101379394531, 22.92626953125]}, {"left_hand": null, "right_hand": null}, {"left_hand": null, "right_hand": null}]}