{"image_path": "/home/hyem/workspace/frankmocap_notebooks/images/IODxDxX7oi/scene_00003443.jpg", "body_bbox_list": [[437, 239, 397, 422], [547, 256, 199, 56]], "hand_bbox_list": [{"left_hand": [777.1928100585938, 626.3887329101562, 114.61602783203125, 40.8919677734375], "right_hand": [396.10101318359375, 634.1828002929688, 127.896484375, 39.18670654296875]}, {"left_hand": null, "right_hand": null}]}