{"image_path": "/home/hyem/workspace/frankmocap_notebooks/images/IODxDxX7oi/scene_00000277.jpg", "body_bbox_list": [[321, 480, 736, 205], [649, 561, 210, 31]], "hand_bbox_list": [{"left_hand": [678.2977905273438, 655.80712890625, 131.30364990234375, 48.404296875], "right_hand": null}, {"left_hand": null, "right_hand": null}]}