{"image_path": "/home/hyem/workspace/frankmocap_notebooks/images/IODxDxX7oi/scene_00001919.jpg", "body_bbox_list": [[417, 500, 224, 142]], "hand_bbox_list": [{"left_hand": null, "right_hand": [390.5938415527344, 635.9652709960938, 120.14141845703125, 38.0191650390625]}]}