{"image_path": "/home/hyem/workspace/frankmocap_notebooks/images/IODxDxX7oi/scene_00004969.jpg", "body_bbox_list": [[162, 441, 413, 210]], "hand_bbox_list": [{"left_hand": [295.92919921875, 641.7827758789062, 134.62380981445312, 40.07037353515625], "right_hand": null}]}