{"image_path": "/home/hyem/workspace/frankmocap_notebooks/images/IODxDxX7oi/scene_00003457.jpg", "body_bbox_list": [[432, 240, 402, 409], [531, 256, 215, 62]], "hand_bbox_list": [{"left_hand": [776.7325439453125, 626.6336669921875, 111.9212646484375, 40.104248046875], "right_hand": [393.8376770019531, 634.1051025390625, 126.05667114257812, 39.64117431640625]}, {"left_hand": null, "right_hand": null}]}