{"image_path": "/home/hyem/workspace/frankmocap_notebooks/images/IODxDxX7oi/scene_00003968.jpg", "body_bbox_list": [[197, 239, 978, 422]], "hand_bbox_list": [{"left_hand": [311.1457214355469, 633.1790771484375, 125.63992309570312, 47.96319580078125], "right_hand": null}]}