{"image_path": "/home/hyem/workspace/frankmocap_notebooks/images/IODxDxX7oi/scene_00004951.jpg", "body_bbox_list": [[172, 500, 286, 148], [613, 509, 501, 50]], "hand_bbox_list": [{"left_hand": [297.3154296875, 641.9945068359375, 131.65524291992188, 40.68585205078125], "right_hand": null}, {"left_hand": null, "right_hand": null}]}