{"image_path": "/home/hyem/workspace/frankmocap_notebooks/images/IODxDxX7oi/scene_00003809.jpg", "body_bbox_list": [[144, 500, 297, 137]], "hand_bbox_list": [{"left_hand": [305.5605773925781, 642.3577880859375, 132.75982666015625, 39.66064453125], "right_hand": null}]}