{"image_path": "/home/hyem/workspace/frankmocap_notebooks/images/IODxDxX7oi/scene_00003293.jpg", "body_bbox_list": [[370, 304, 525, 354]], "hand_bbox_list": [{"left_hand": [799.1339721679688, 627.0357055664062, 102.673583984375, 41.3699951171875], "right_hand": [376.777099609375, 639.6604614257812, 107.61013793945312, 38.95098876953125]}]}