{"image_path": "/home/hyem/workspace/frankmocap_notebooks/images/IODxDxX7oi/scene_00003419.jpg", "body_bbox_list": [[454, 228, 397, 427]], "hand_bbox_list": [{"left_hand": [789.4532470703125, 609.6834106445312, 96.734130859375, 52.47552490234375], "right_hand": [404.9803466796875, 635.2507934570312, 122.2423095703125, 38.5782470703125]}]}