{"image_path": "/home/hyem/workspace/frankmocap_notebooks/images/IODxDxX7oi/scene_00000455.jpg", "body_bbox_list": [[392, 0, 533, 679]], "hand_bbox_list": [{"left_hand": [824.5394897460938, 622.026123046875, 179.69757080078125, 94.605224609375], "right_hand": [373.2494812011719, 654.464599609375, 170.72775268554688, 62.29730224609375]}]}