{"image_path": "/home/hyem/workspace/frankmocap_notebooks/images/IODxDxX7oi/scene_00001306.jpg", "body_bbox_list": [[155, 500, 297, 142], [584, 515, 525, 50]], "hand_bbox_list": [{"left_hand": [281.807373046875, 642.2491455078125, 127.80551147460938, 41.37042236328125], "right_hand": null}, {"left_hand": null, "right_hand": null}]}