{"image_path": "/home/hyem/workspace/frankmocap_notebooks/images/IODxDxX7oi/scene_00000669.jpg", "body_bbox_list": [[457, 199, 346, 327], [788, 220, 229, 112], [688, 280, 81, 137]], "hand_bbox_list": [{"left_hand": null, "right_hand": [485.2539978027344, 501.2541809082031, 172.02456665039062, 88.75595092773438]}, {"left_hand": null, "right_hand": null}, {"left_hand": [676.8557739257812, 411.1281433105469, 127.03369140625, 51.353607177734375], "right_hand": null}]}