{"image_path": "/home/hyem/workspace/frankmocap_notebooks/images/IODxDxX7oi/scene_00002374.jpg", "body_bbox_list": [[173, 382, 397, 254]], "hand_bbox_list": [{"left_hand": [455.93743896484375, 630.2127075195312, 118.7705078125, 48.19940185546875], "right_hand": null}]}