{"image_path": "/home/hyem/workspace/frankmocap_notebooks/images/IODxDxX7oi/scene_00001997.jpg", "body_bbox_list": [[88, 494, 414, 148], [816, 494, 359, 148]], "hand_bbox_list": [{"left_hand": null, "right_hand": [62.03047561645508, 634.43603515625, 121.42918395996094, 39.30035400390625]}, {"left_hand": [1006.4864501953125, 630.8748779296875, 91.62744140625, 42.26690673828125], "right_hand": [905.2496948242188, 633.9439086914062, 94.139404296875, 41.75372314453125]}]}