{"image_path": "/home/hyem/workspace/frankmocap_notebooks/images/IODxDxX7oi/scene_00002933.jpg", "body_bbox_list": [[439, 435, 371, 216]], "hand_bbox_list": [{"left_hand": [741.8577880859375, 625.4241943359375, 110.45147705078125, 41.94818115234375], "right_hand": [414.3663330078125, 633.5692138671875, 132.1077880859375, 39.00445556640625]}]}