{"image_path": "/home/hyem/workspace/frankmocap_notebooks/images/IODxDxX7oi/scene_00005991.jpg", "body_bbox_list": [[299, 163, 718, 501], [765, 316, 248, 229]], "hand_bbox_list": [{"left_hand": null, "right_hand": [317.4375, 642.864013671875, 126.23477172851562, 45.7315673828125]}, {"left_hand": null, "right_hand": null}]}