{"image_path": "/home/hyem/workspace/frankmocap_notebooks/images/IODxDxX7oi/scene_00002803.jpg", "body_bbox_list": [[437, 216, 397, 440]], "hand_bbox_list": [{"left_hand": [775.5114135742188, 626.08349609375, 108.9771728515625, 40.14471435546875], "right_hand": [392.5164794921875, 635.2244262695312, 122.39105224609375, 38.76165771484375]}]}