{"image_path": "/home/hyem/workspace/frankmocap_notebooks/images/IODxDxX7oi/scene_00001383.jpg", "body_bbox_list": [[152, 500, 253, 142], [132, 524, 316, 105]], "hand_bbox_list": [{"left_hand": [281.1789245605469, 641.7572021484375, 128.24752807617188, 42.54052734375], "right_hand": null}, {"left_hand": null, "right_hand": null}]}