{"image_path": "/home/hyem/workspace/frankmocap_notebooks/images/IODxDxX7oi/scene_00002272.jpg", "body_bbox_list": [[112, 482, 508, 167]], "hand_bbox_list": [{"left_hand": [298.0854797363281, 644.0720825195312, 131.88583374023438, 37.5933837890625], "right_hand": null}]}