{"image_path": "/home/hyem/workspace/frankmocap_notebooks/images/IODxDxX7oi/scene_00001823.jpg", "body_bbox_list": [[426, 275, 414, 378]], "hand_bbox_list": [{"left_hand": [777.702392578125, 626.4351196289062, 110.8160400390625, 40.46759033203125], "right_hand": [392.808837890625, 634.832763671875, 124.84674072265625, 39.02752685546875]}]}