{"image_path": "/home/hyem/workspace/frankmocap_notebooks/images/IODxDxX7oi/scene_00001928.jpg", "body_bbox_list": [[428, 500, 118, 148]], "hand_bbox_list": [{"left_hand": null, "right_hand": [390.9437255859375, 635.4410400390625, 119.423583984375, 38.57769775390625]}]}