{"image_path": "/home/hyem/workspace/frankmocap_notebooks/images/IODxDxX7oi/scene_00003948.jpg", "body_bbox_list": [[148, 381, 717, 273], [607, 411, 519, 123]], "hand_bbox_list": [{"left_hand": [309.0142822265625, 632.2334594726562, 131.3765869140625, 49.79473876953125], "right_hand": [309.0142822265625, 632.2334594726562, 131.3765869140625, 49.79473876953125]}, {"left_hand": null, "right_hand": null}]}