{"image_path": "/home/hyem/workspace/frankmocap_notebooks/images/IODxDxX7oi/scene_00004166.jpg", "body_bbox_list": [[206, 370, 668, 278]], "hand_bbox_list": [{"left_hand": [309.8667907714844, 634.9036865234375, 132.56515502929688, 48.03619384765625], "right_hand": null}]}