{"image_path": "/home/hyem/workspace/frankmocap_notebooks/images/IODxDxX7oi/scene_00006117.jpg", "body_bbox_list": [[778, 286, 346, 148], [195, 386, 291, 50], [375, 378, 37, 105]], "hand_bbox_list": [{"left_hand": [917.4443969726562, 417.2619323730469, 28.83685302734375, 26.070404052734375], "right_hand": [917.4443969726562, 417.2619323730469, 28.83685302734375, 26.070404052734375]}, {"left_hand": null, "right_hand": null}, {"left_hand": [299.4347229003906, 465.91339111328125, 93.20758056640625, 38.233367919921875], "right_hand": null}]}