{"image_path": "/home/hyem/workspace/frankmocap_notebooks/images/IODxDxX7oi/scene_00002028.jpg", "body_bbox_list": [[69, 435, 464, 210], [810, 482, 360, 161]], "hand_bbox_list": [{"left_hand": [446.2774353027344, 629.5138549804688, 110.46957397460938, 37.2802734375], "right_hand": [61.700016021728516, 635.442138671875, 122.99903869628906, 38.19500732421875]}, {"left_hand": [1005.0221557617188, 633.4115600585938, 88.72308349609375, 40.9222412109375], "right_hand": [904.718017578125, 632.621337890625, 96.5859375, 43.17596435546875]}]}