{"image_path": "/home/hyem/workspace/frankmocap_notebooks/images/IODxDxX7oi/scene_00001314.jpg", "body_bbox_list": [[159, 476, 335, 173]], "hand_bbox_list": [{"left_hand": [279.23101806640625, 642.779296875, 135.25860595703125, 39.9759521484375], "right_hand": null}]}