{"image_path": "/home/hyem/workspace/frankmocap_notebooks/images/IODxDxX7oi/scene_00006377.jpg", "body_bbox_list": [[755, 184, 346, 414], [99, 216, 167, 215], [358, 310, 61, 129]], "hand_bbox_list": [{"left_hand": [726.061279296875, 353.5362854003906, 49.7464599609375, 36.2412109375], "right_hand": null}, {"left_hand": null, "right_hand": [117.06207275390625, 194.91688537597656, 166.69354248046875, 145.5101776123047]}, {"left_hand": null, "right_hand": null}]}