{"image_path": "/home/hyem/workspace/frankmocap_notebooks/images/IODxDxX7oi/scene_00004470.jpg", "body_bbox_list": [[214, 245, 866, 303]], "hand_bbox_list": [{"left_hand": [835.9992065429688, 507.62353515625, 102.18109130859375, 159.11053466796875], "right_hand": null}]}