{"image_path": "/home/hyem/workspace/frankmocap_notebooks/images/IODxDxX7oi/scene_00004890.jpg", "body_bbox_list": [[94, 435, 397, 216]], "hand_bbox_list": [{"left_hand": [284.85870361328125, 640.8773803710938, 128.55230712890625, 41.803466796875], "right_hand": null}]}