{"image_path": "/home/hyem/workspace/frankmocap_notebooks/images/IODxDxX7oi/scene_00000962.jpg", "body_bbox_list": [[129, 305, 997, 346]], "hand_bbox_list": [{"left_hand": null, "right_hand": [280.7853088378906, 637.938232421875, 130.33465576171875, 46.2554931640625]}]}