{"image_path": "/home/hyem/workspace/frankmocap_notebooks/images/IODxDxX7oi/scene_00001240.jpg", "body_bbox_list": [[78, 377, 1003, 259]], "hand_bbox_list": [{"left_hand": [284.30291748046875, 640.1973266601562, 129.76040649414062, 42.42425537109375], "right_hand": null}]}