{"image_path": "/home/hyem/workspace/frankmocap_notebooks/images/IODxDxX7oi/scene_00003079.jpg", "body_bbox_list": [[353, 500, 408, 148], [794, 489, 105, 142]], "hand_bbox_list": [{"left_hand": null, "right_hand": [377.4413757324219, 640.3527221679688, 108.61599731445312, 37.75128173828125]}, {"left_hand": [802.8470458984375, 632.3090209960938, 93.46783447265625, 37.0352783203125], "right_hand": null}]}