{"image_path": "/home/hyem/workspace/frankmocap_notebooks/images/IODxDxX7oi/scene_00003294.jpg", "body_bbox_list": [[376, 293, 519, 365]], "hand_bbox_list": [{"left_hand": [798.8327026367188, 626.8558959960938, 102.50830078125, 41.5634765625], "right_hand": [377.2864990234375, 639.5691528320312, 107.01934814453125, 38.87799072265625]}]}