{"image_path": "/home/hyem/workspace/frankmocap_notebooks/images/IODxDxX7oi/scene_00004089.jpg", "body_bbox_list": [[235, 363, 650, 286]], "hand_bbox_list": [{"left_hand": [309.27191162109375, 635.097900390625, 130.091552734375, 47.7509765625], "right_hand": null}]}