{"image_path": "/home/hyem/workspace/frankmocap_notebooks/images/IODxDxX7oi/scene_00005457.jpg", "body_bbox_list": [[146, 265, 619, 370]], "hand_bbox_list": [{"left_hand": [600.05029296875, 625.0303955078125, 170.40264892578125, 74.68487548828125], "right_hand": [164.77658081054688, 587.041748046875, 168.42050170898438, 58.11236572265625]}]}