{"image_path": "/home/hyem/workspace/frankmocap_notebooks/images/IODxDxX7oi/scene_00005599.jpg", "body_bbox_list": [[153, 253, 706, 378]], "hand_bbox_list": [{"left_hand": [279.7145690917969, 640.4074096679688, 130.4677734375, 43.81756591796875], "right_hand": null}]}