{"image_path": "/home/hyem/workspace/frankmocap_notebooks/images/IODxDxX7oi/scene_00001426.jpg", "body_bbox_list": [[93, 205, 810, 451], [280, 312, 37, 327]], "hand_bbox_list": [{"left_hand": [163.2437744140625, 636.4841918945312, 155.23602294921875, 51.604248046875], "right_hand": null}, {"left_hand": null, "right_hand": [163.2437744140625, 636.4841918945312, 155.23602294921875, 51.604248046875]}]}