{"image_path": "/home/hyem/workspace/frankmocap_notebooks/images/IODxDxX7oi/scene_00003552.jpg", "body_bbox_list": [[419, 257, 422, 397]], "hand_bbox_list": [{"left_hand": [777.0363159179688, 626.3651123046875, 113.38885498046875, 40.15277099609375], "right_hand": [390.57147216796875, 634.8718872070312, 126.69573974609375, 39.10906982421875]}]}