{"image_path": "/home/hyem/workspace/frankmocap_notebooks/images/IODxDxX7oi/scene_00002456.jpg", "body_bbox_list": [[140, 335, 1002, 303]], "hand_bbox_list": [{"left_hand": [451.9626770019531, 626.5697021484375, 125.90036010742188, 53.29376220703125], "right_hand": null}]}