{"image_path": "/home/hyem/workspace/frankmocap_notebooks/images/IODxDxX7oi/scene_00002138.jpg", "body_bbox_list": [[177, 239, 698, 422], [624, 339, 484, 199]], "hand_bbox_list": [{"left_hand": [297.3177185058594, 635.899169921875, 129.72799682617188, 46.99908447265625], "right_hand": null}, {"left_hand": null, "right_hand": null}]}