{"image_path": "/home/hyem/workspace/frankmocap_notebooks/images/IODxDxX7oi/scene_00002044.jpg", "body_bbox_list": [[93, 217, 422, 433], [853, 287, 286, 365]], "hand_bbox_list": [{"left_hand": [443.286865234375, 625.6408081054688, 117.939208984375, 40.8424072265625], "right_hand": [63.107181549072266, 633.1853637695312, 121.64523315429688, 40.70111083984375]}, {"left_hand": [1006.8886108398438, 630.8734130859375, 85.48760986328125, 43.63250732421875], "right_hand": [906.615966796875, 633.5921630859375, 98.27642822265625, 42.12213134765625]}]}