{"image_path": "/home/hyem/workspace/frankmocap_notebooks/images/IODxDxX7oi/scene_00006128.jpg", "body_bbox_list": [[777, 293, 353, 129], [236, 349, 378, 118], [834, 304, 99, 123]], "hand_bbox_list": [{"left_hand": [918.198974609375, 412.7601623535156, 27.44573974609375, 29.633026123046875], "right_hand": null}, {"left_hand": [357.9217834472656, 459.1515808105469, 81.95574951171875, 35.54998779296875], "right_hand": null}, {"left_hand": null, "right_hand": [918.198974609375, 412.7601623535156, 27.44573974609375, 29.633026123046875]}]}