{"image_path": "/home/hyem/workspace/frankmocap_notebooks/images/IODxDxX7oi/scene_00001835.jpg", "body_bbox_list": [[407, 464, 452, 186]], "hand_bbox_list": [{"left_hand": [774.3681640625, 627.1786499023438, 114.84912109375, 39.744140625], "right_hand": [392.3462829589844, 635.7268676757812, 126.26010131835938, 38.04095458984375]}]}