{"image_path": "/home/hyem/workspace/frankmocap_notebooks/images/IODxDxX7oi/scene_00005722.jpg", "body_bbox_list": [[80, 452, 723, 199]], "hand_bbox_list": [{"left_hand": [285.2359924316406, 640.4373779296875, 127.67120361328125, 42.47509765625], "right_hand": null}]}