{"image_path": "/home/hyem/workspace/frankmocap_notebooks/images/IODxDxX7oi/scene_00005686.jpg", "body_bbox_list": [[118, 257, 726, 403]], "hand_bbox_list": [{"left_hand": [281.33367919921875, 640.6474609375, 128.2750244140625, 43.78302001953125], "right_hand": [281.33367919921875, 640.6474609375, 128.2750244140625, 43.78302001953125]}]}