{"image_path": "/home/hyem/workspace/frankmocap_notebooks/images/IODxDxX7oi/scene_00005879.jpg", "body_bbox_list": [[178, 209, 774, 471]], "hand_bbox_list": [{"left_hand": [504.9787292480469, 663.1876220703125, 129.84646606445312, 46.53887939453125], "right_hand": [228.6709747314453, 648.833740234375, 127.91542053222656, 43.721435546875]}]}