{"image_path": "/home/hyem/workspace/frankmocap_notebooks/images/IODxDxX7oi/scene_00005097.jpg", "body_bbox_list": [[165, 479, 452, 94], [180, 476, 242, 167], [613, 476, 495, 61]], "hand_bbox_list": [{"left_hand": null, "right_hand": null}, {"left_hand": [297.0084228515625, 643.8023071289062, 131.84475708007812, 38.52178955078125], "right_hand": null}, {"left_hand": null, "right_hand": null}]}