{"image_path": "/home/hyem/workspace/frankmocap_notebooks/images/IODxDxX7oi/scene_00000435.jpg", "body_bbox_list": [[448, 0, 409, 632]], "hand_bbox_list": [{"left_hand": [783.958251953125, 607.7355346679688, 158.85980224609375, 92.60626220703125], "right_hand": null}]}