{"image_path": "/home/hyem/workspace/frankmocap_notebooks/images/IODxDxX7oi/scene_00001125.jpg", "body_bbox_list": [[78, 485, 626, 88], [105, 488, 302, 161]], "hand_bbox_list": [{"left_hand": null, "right_hand": null}, {"left_hand": [285.5136413574219, 641.5819702148438, 126.79934692382812, 41.02618408203125], "right_hand": null}]}