{"image_path": "/home/hyem/workspace/frankmocap_notebooks/images/IODxDxX7oi/scene_00003546.jpg", "body_bbox_list": [[437, 216, 397, 440]], "hand_bbox_list": [{"left_hand": [776.5867919921875, 624.1068115234375, 108.4110107421875, 41.8885498046875], "right_hand": [392.5929260253906, 634.90283203125, 122.01168823242188, 39.08551025390625]}]}