{"image_path": "/home/hyem/workspace/frankmocap_notebooks/images/IODxDxX7oi/scene_00000672.jpg", "body_bbox_list": [[98, 145, 935, 397], [689, 156, 191, 273]], "hand_bbox_list": [{"left_hand": null, "right_hand": [493.0093688964844, 508.61663818359375, 165.56063842773438, 85.07568359375]}, {"left_hand": [680.414794921875, 418.76544189453125, 125.5833740234375, 51.4515380859375], "right_hand": null}]}