{"image_path": "/home/hyem/workspace/frankmocap_notebooks/images/IODxDxX7oi/scene_00005951.jpg", "body_bbox_list": [[203, 493, 489, 173], [726, 538, 235, 55], [809, 539, 143, 36]], "hand_bbox_list": [{"left_hand": [567.0010986328125, 663.7696533203125, 127.1512451171875, 42.4803466796875], "right_hand": null}, {"left_hand": null, "right_hand": null}, {"left_hand": null, "right_hand": null}]}