{"image_path": "/home/hyem/workspace/frankmocap_notebooks/images/IODxDxX7oi/scene_00002763.jpg", "body_bbox_list": [[434, 500, 99, 142]], "hand_bbox_list": [{"left_hand": null, "right_hand": [392.4668273925781, 635.212890625, 124.49081420898438, 38.7049560546875]}]}