{"image_path": "/home/hyem/workspace/frankmocap_notebooks/images/IODxDxX7oi/scene_00001147.jpg", "body_bbox_list": [[106, 263, 991, 397], [592, 328, 470, 216]], "hand_bbox_list": [{"left_hand": [281.8642883300781, 641.4434204101562, 127.85574340820312, 42.84490966796875], "right_hand": [281.8642883300781, 641.4434204101562, 127.85574340820312, 42.84490966796875]}, {"left_hand": null, "right_hand": null}]}