{"image_path": "/home/hyem/workspace/frankmocap_notebooks/images/IODxDxX7oi/scene_00005095.jpg", "body_bbox_list": [[613, 457, 501, 93], [186, 453, 235, 191], [171, 457, 327, 93]], "hand_bbox_list": [{"left_hand": null, "right_hand": null}, {"left_hand": [295.6257629394531, 641.4083862304688, 132.61148071289062, 40.558349609375], "right_hand": null}, {"left_hand": null, "right_hand": null}]}