{"image_path": "/home/hyem/workspace/frankmocap_notebooks/images/IODxDxX7oi/scene_00002657.jpg", "body_bbox_list": [[124, 316, 984, 346]], "hand_bbox_list": [{"left_hand": [158.2509002685547, 633.3843383789062, 122.70491027832031, 41.3009033203125], "right_hand": [158.2509002685547, 633.3843383789062, 122.70491027832031, 41.3009033203125]}]}