{"image_path": "/home/hyem/workspace/frankmocap_notebooks/images/IODxDxX7oi/scene_00002419.jpg", "body_bbox_list": [[155, 512, 427, 124], [428, 505, 129, 132]], "hand_bbox_list": [{"left_hand": null, "right_hand": null}, {"left_hand": [450.8989562988281, 633.7283935546875, 124.21365356445312, 45.18414306640625], "right_hand": null}]}