{"image_path": "/home/hyem/workspace/frankmocap_notebooks/images/IODxDxX7oi/scene_00003407.jpg", "body_bbox_list": [[446, 234, 441, 427], [559, 251, 204, 61]], "hand_bbox_list": [{"left_hand": [796.2254638671875, 625.4872436523438, 104.56121826171875, 43.88592529296875], "right_hand": [405.0208740234375, 636.0335693359375, 122.7423095703125, 37.61297607421875]}, {"left_hand": null, "right_hand": null}]}