{"image_path": "/home/hyem/workspace/frankmocap_notebooks/images/IODxDxX7oi/scene_00006011.jpg", "body_bbox_list": [[220, 330, 370, 156], [834, 335, 104, 185], [486, 381, 74, 31]], "hand_bbox_list": [{"left_hand": [307.21856689453125, 465.3191833496094, 83.88140869140625, 39.448211669921875], "right_hand": [307.21856689453125, 465.3191833496094, 83.88140869140625, 39.448211669921875]}, {"left_hand": [826.1177368164062, 361.9315490722656, 128.3375244140625, 136.88681030273438], "right_hand": null}, {"left_hand": null, "right_hand": null}]}