{"image_path": "/home/hyem/workspace/frankmocap_notebooks/images/IODxDxX7oi/scene_00006074.jpg", "body_bbox_list": [[855, 291, 124, 155], [197, 385, 129, 74], [317, 374, 199, 45]], "hand_bbox_list": [{"left_hand": [959.9502563476562, 438.1837158203125, 21.32525634765625, 19.94659423828125], "right_hand": null}, {"left_hand": null, "right_hand": [143.1188201904297, 458.5227355957031, 77.28221130371094, 33.30902099609375]}, {"left_hand": [318.9177551269531, 358.35009765625, 236.93466186523438, 90.88577270507812], "right_hand": null}]}