{"image_path": "/home/hyem/workspace/frankmocap_notebooks/images/IODxDxX7oi/scene_00003550.jpg", "body_bbox_list": [[419, 222, 422, 422]], "hand_bbox_list": [{"left_hand": [779.5509643554688, 625.7757568359375, 104.034912109375, 40.1728515625], "right_hand": [391.83563232421875, 627.164306640625, 123.14129638671875, 47.20123291015625]}]}