{"image_path": "/home/hyem/workspace/frankmocap_notebooks/images/IODxDxX7oi/scene_00002208.jpg", "body_bbox_list": [[181, 235, 707, 414], [631, 339, 476, 205]], "hand_bbox_list": [{"left_hand": [297.0273742675781, 639.593017578125, 129.714111328125, 42.5706787109375], "right_hand": [297.0273742675781, 639.593017578125, 129.714111328125, 42.5706787109375]}, {"left_hand": null, "right_hand": null}]}