{"image_path": "/home/hyem/workspace/frankmocap_notebooks/images/IODxDxX7oi/scene_00004824.jpg", "body_bbox_list": [[158, 263, 978, 397]], "hand_bbox_list": [{"left_hand": [281.48486328125, 639.360595703125, 129.41165161132812, 44.75213623046875], "right_hand": [281.48486328125, 639.360595703125, 129.41165161132812, 44.75213623046875]}]}