{"image_path": "/home/hyem/workspace/frankmocap_notebooks/images/IODxDxX7oi/scene_00000710.jpg", "body_bbox_list": [[183, 209, 810, 364], [213, 317, 266, 80]], "hand_bbox_list": [{"left_hand": [694.7318725585938, 476.572265625, 110.0618896484375, 44.5286865234375], "right_hand": [537.1484375, 550.5916748046875, 140.8253173828125, 65.5699462890625]}, {"left_hand": null, "right_hand": null}]}