{"image_path": "/home/hyem/workspace/frankmocap_notebooks/images/IODxDxX7oi/scene_00001830.jpg", "body_bbox_list": [[413, 381, 446, 273]], "hand_bbox_list": [{"left_hand": [779.2767333984375, 627.7120361328125, 103.68060302734375, 39.06842041015625], "right_hand": [392.5283508300781, 635.5458374023438, 126.56661987304688, 38.19091796875]}]}