{"image_path": "/home/hyem/workspace/frankmocap_notebooks/images/IODxDxX7oi/scene_00005303.jpg", "body_bbox_list": [[140, 53, 896, 569], [752, 190, 302, 278]], "hand_bbox_list": [{"left_hand": [588.110595703125, 606.3355102539062, 171.7327880859375, 71.68731689453125], "right_hand": [170.5059051513672, 567.35888671875, 167.00599670410156, 59.23919677734375]}, {"left_hand": null, "right_hand": null}]}