{"image_path": "/home/hyem/workspace/frankmocap_notebooks/images/IODxDxX7oi/scene_00003363.jpg", "body_bbox_list": [[351, 458, 558, 192]], "hand_bbox_list": [{"left_hand": [797.7890014648438, 630.734130859375, 101.52789306640625, 39.38226318359375], "right_hand": [376.4766845703125, 639.616943359375, 104.68008422851562, 38.66668701171875]}]}