{"image_path": "/home/hyem/workspace/frankmocap_notebooks/images/IODxDxX7oi/scene_00001060.jpg", "body_bbox_list": [[159, 247, 712, 254], [626, 334, 458, 204], [323, 329, 74, 321]], "hand_bbox_list": [{"left_hand": null, "right_hand": null}, {"left_hand": null, "right_hand": null}, {"left_hand": null, "right_hand": [284.7757263183594, 640.95849609375, 127.24911499023438, 41.60235595703125]}]}