{"image_path": "/home/hyem/workspace/frankmocap_notebooks/images/IODxDxX7oi/scene_00000850.jpg", "body_bbox_list": [[516, 225, 408, 360]], "hand_bbox_list": [{"left_hand": [822.941162109375, 538.9625244140625, 104.2271728515625, 54.46405029296875], "right_hand": [576.48486328125, 574.7366943359375, 105.20819091796875, 66.325927734375]}]}