{"image_path": "/home/hyem/workspace/frankmocap_notebooks/images/IODxDxX7oi/scene_00001967.jpg", "body_bbox_list": [[93, 210, 422, 446], [891, 192, 204, 471]], "hand_bbox_list": [{"left_hand": [443.6846008300781, 625.7057495117188, 118.00704956054688, 40.60198974609375], "right_hand": [63.446571350097656, 633.5620727539062, 120.88663482666016, 40.24591064453125]}, {"left_hand": [998.0492553710938, 631.8446044921875, 96.88275146484375, 42.13397216796875], "right_hand": null}]}