{"image_path": "/home/hyem/workspace/frankmocap_notebooks/images/IODxDxX7oi/scene_00002890.jpg", "body_bbox_list": [[419, 246, 422, 408]], "hand_bbox_list": [{"left_hand": [773.16455078125, 626.3253784179688, 117.8331298828125, 40.2012939453125], "right_hand": [390.64837646484375, 633.5361938476562, 121.085205078125, 40.47113037109375]}]}