{"image_path": "/home/hyem/workspace/frankmocap_notebooks/images/IODxDxX7oi/scene_00005627.jpg", "body_bbox_list": [[87, 500, 321, 148]], "hand_bbox_list": [{"left_hand": [281.7414245605469, 640.1387939453125, 129.7203369140625, 43.30316162109375], "right_hand": null}]}