{"image_path": "/home/hyem/workspace/frankmocap_notebooks/images/IODxDxX7oi/scene_00004774.jpg", "body_bbox_list": [[187, 252, 717, 408], [654, 334, 470, 210]], "hand_bbox_list": [{"left_hand": null, "right_hand": [282.52789306640625, 640.086181640625, 128.70294189453125, 43.77069091796875]}, {"left_hand": null, "right_hand": null}]}