{"image_path": "/home/hyem/workspace/frankmocap_notebooks/images/IODxDxX7oi/scene_00002271.jpg", "body_bbox_list": [[120, 494, 340, 148]], "hand_bbox_list": [{"left_hand": [296.9563903808594, 645.8479614257812, 130.8353271484375, 36.30377197265625], "right_hand": null}]}