{"image_path": "/home/hyem/workspace/frankmocap_notebooks/images/IODxDxX7oi/scene_00004672.jpg", "body_bbox_list": [[181, 334, 712, 322], [619, 387, 500, 148], [217, 334, 185, 316]], "hand_bbox_list": [{"left_hand": null, "right_hand": [282.8322448730469, 641.3968505859375, 126.692626953125, 42.86981201171875]}, {"left_hand": null, "right_hand": null}, {"left_hand": [282.8322448730469, 641.3968505859375, 126.692626953125, 42.86981201171875], "right_hand": null}]}