{"image_path": "/home/hyem/workspace/frankmocap_notebooks/images/IODxDxX7oi/scene_00000687.jpg", "body_bbox_list": [[119, 0, 836, 578]], "hand_bbox_list": [{"left_hand": [691.1063842773438, 454.27801513671875, 125.63336181640625, 48.46356201171875], "right_hand": [521.7673950195312, 537.9075927734375, 158.58990478515625, 80.75555419921875]}]}