{"image_path": "/home/hyem/workspace/frankmocap_notebooks/images/IODxDxX7oi/scene_00004122.jpg", "body_bbox_list": [[196, 464, 283, 186]], "hand_bbox_list": [{"left_hand": [308.4237365722656, 633.5352172851562, 133.64520263671875, 47.79351806640625], "right_hand": null}]}