{"image_path": "/home/hyem/workspace/frankmocap_notebooks/images/IODxDxX7oi/scene_00004972.jpg", "body_bbox_list": [[174, 405, 495, 242]], "hand_bbox_list": [{"left_hand": [295.5599365234375, 641.451416015625, 133.91107177734375, 40.2662353515625], "right_hand": null}]}