{"image_path": "/home/hyem/workspace/frankmocap_notebooks/images/IODxDxX7oi/scene_00004085.jpg", "body_bbox_list": [[204, 388, 953, 259]], "hand_bbox_list": [{"left_hand": [307.02813720703125, 632.4403076171875, 134.21066284179688, 49.9150390625], "right_hand": null}]}