{"image_path": "/home/hyem/workspace/frankmocap_notebooks/images/IODxDxX7oi/scene_00004170.jpg", "body_bbox_list": [[201, 399, 644, 248], [226, 403, 105, 161]], "hand_bbox_list": [{"left_hand": [313.9071350097656, 637.2758178710938, 126.97726440429688, 44.6400146484375], "right_hand": null}, {"left_hand": null, "right_hand": null}]}