{"image_path": "/home/hyem/workspace/frankmocap_notebooks/images/IODxDxX7oi/scene_00001481.jpg", "body_bbox_list": [[103, 205, 446, 451]], "hand_bbox_list": [{"left_hand": [163.62631225585938, 636.9158935546875, 154.77871704101562, 51.37884521484375], "right_hand": null}]}