{"image_path": "/home/hyem/workspace/frankmocap_notebooks/images/IODxDxX7oi/scene_00001123.jpg", "body_bbox_list": [[81, 494, 699, 148]], "hand_bbox_list": [{"left_hand": [280.88226318359375, 644.8665771484375, 130.44244384765625, 37.500244140625], "right_hand": null}]}