{"image_path": "/home/hyem/workspace/frankmocap_notebooks/images/IODxDxX7oi/scene_00002436.jpg", "body_bbox_list": [[179, 512, 390, 129]], "hand_bbox_list": [{"left_hand": [453.6526184082031, 627.6161499023438, 120.88638305664062, 52.1663818359375], "right_hand": null}]}