{"image_path": "/home/hyem/workspace/frankmocap_notebooks/images/IODxDxX7oi/scene_00000317.jpg", "body_bbox_list": [[425, 126, 669, 558]], "hand_bbox_list": [{"left_hand": [726.4634399414062, 653.6602783203125, 125.7139892578125, 46.65093994140625], "right_hand": [427.6772155761719, 638.4400634765625, 125.17501831054688, 44.9442138671875]}]}