{"image_path": "/home/hyem/workspace/frankmocap_notebooks/images/IODxDxX7oi/scene_00003829.jpg", "body_bbox_list": [[132, 488, 316, 161]], "hand_bbox_list": [{"left_hand": [306.63665771484375, 636.9056396484375, 131.29437255859375, 45.72821044921875], "right_hand": null}]}