{"image_path": "/home/hyem/workspace/frankmocap_notebooks/images/IODxDxX7oi/scene_00004005.jpg", "body_bbox_list": [[191, 246, 991, 408], [380, 281, 44, 378]], "hand_bbox_list": [{"left_hand": [308.4185791015625, 632.5289306640625, 130.55776977539062, 48.86578369140625], "right_hand": null}, {"left_hand": null, "right_hand": [308.4185791015625, 632.5289306640625, 130.55776977539062, 48.86578369140625]}]}