{"image_path": "/home/hyem/workspace/frankmocap_notebooks/images/IODxDxX7oi/scene_00001410.jpg", "body_bbox_list": [[92, 205, 817, 457]], "hand_bbox_list": [{"left_hand": [163.10128784179688, 636.6845703125, 155.3497314453125, 51.41168212890625], "right_hand": null}]}