{"image_path": "/home/hyem/workspace/frankmocap_notebooks/images/IODxDxX7oi/scene_00005764.jpg", "body_bbox_list": [[95, 482, 620, 167], [112, 493, 142, 61]], "hand_bbox_list": [{"left_hand": [284.7685852050781, 642.8078002929688, 128.41732788085938, 40.12322998046875], "right_hand": null}, {"left_hand": null, "right_hand": null}]}