{"image_path": "/home/hyem/workspace/frankmocap_notebooks/images/IODxDxX7oi/scene_00005912.jpg", "body_bbox_list": [[192, 280, 730, 402], [710, 386, 234, 162]], "hand_bbox_list": [{"left_hand": [528.8106079101562, 662.5148315429688, 129.90997314453125, 46.060302734375], "right_hand": [250.86471557617188, 646.262939453125, 126.37939453125, 45.61004638671875]}, {"left_hand": null, "right_hand": null}]}