{"image_path": "/home/hyem/workspace/frankmocap_notebooks/images/IODxDxX7oi/scene_00001242.jpg", "body_bbox_list": [[84, 347, 991, 302]], "hand_bbox_list": [{"left_hand": [282.0387268066406, 638.2555541992188, 129.83993530273438, 45.14129638671875], "right_hand": [282.0387268066406, 638.2555541992188, 129.83993530273438, 45.14129638671875]}]}