{"image_path": "/home/hyem/workspace/frankmocap_notebooks/images/IODxDxX7oi/scene_00001144.jpg", "body_bbox_list": [[102, 265, 983, 370], [586, 339, 476, 205]], "hand_bbox_list": [{"left_hand": [281.50482177734375, 641.6553344726562, 128.30856323242188, 42.78668212890625], "right_hand": null}, {"left_hand": null, "right_hand": null}]}