{"image_path": "/home/hyem/workspace/frankmocap_notebooks/images/IODxDxX7oi/scene_00002706.jpg", "body_bbox_list": [[125, 405, 718, 253]], "hand_bbox_list": [{"left_hand": [157.8740234375, 631.794921875, 122.84915161132812, 41.48883056640625], "right_hand": null}]}