{"image_path": "/home/hyem/workspace/frankmocap_notebooks/images/IODxDxX7oi/scene_00002527.jpg", "body_bbox_list": [[164, 306, 718, 327], [642, 334, 471, 199]], "hand_bbox_list": [{"left_hand": [451.8551330566406, 625.7924194335938, 124.89999389648438, 54.170166015625], "right_hand": null}, {"left_hand": null, "right_hand": null}]}