{"image_path": "/home/hyem/workspace/frankmocap_notebooks/images/IODxDxX7oi/scene_00006065.jpg", "body_bbox_list": [[836, 235, 173, 267], [232, 374, 216, 50], [180, 385, 112, 74]], "hand_bbox_list": [{"left_hand": [898.0677490234375, 261.97412109375, 37.36553955078125, 39.59869384765625], "right_hand": [826.8961791992188, 461.13092041015625, 33.72314453125, 35.889862060546875]}, {"left_hand": null, "right_hand": null}, {"left_hand": null, "right_hand": [118.294189453125, 459.0411071777344, 81.23179626464844, 35.977508544921875]}]}