{"image_path": "/home/hyem/workspace/frankmocap_notebooks/images/IODxDxX7oi/scene_00005458.jpg", "body_bbox_list": [[292, 337, 18, 260]], "hand_bbox_list": [{"left_hand": null, "right_hand": [165.6924285888672, 588.1182861328125, 166.7421417236328, 54.8521728515625]}]}