{"image_path": "/home/hyem/workspace/frankmocap_notebooks/images/IODxDxX7oi/scene_00003614.jpg", "body_bbox_list": [[419, 210, 422, 446]], "hand_bbox_list": [{"left_hand": [772.4121704101562, 626.2758178710938, 119.801513671875, 40.19732666015625], "right_hand": [390.9256286621094, 635.4252319335938, 119.47747802734375, 39.04827880859375]}]}