{"image_path": "/home/hyem/workspace/frankmocap_notebooks/images/IODxDxX7oi/scene_00005138.jpg", "body_bbox_list": [[158, 386, 731, 167], [654, 428, 470, 118], [198, 399, 223, 248]], "hand_bbox_list": [{"left_hand": null, "right_hand": null}, {"left_hand": null, "right_hand": null}, {"left_hand": [301.5422668457031, 638.4876098632812, 128.76837158203125, 44.42071533203125], "right_hand": null}]}