{"image_path": "/home/hyem/workspace/frankmocap_notebooks/images/IODxDxX7oi/scene_00002040.jpg", "body_bbox_list": [[93, 257, 422, 397], [847, 329, 297, 321]], "hand_bbox_list": [{"left_hand": [443.26483154296875, 626.6240844726562, 118.05572509765625, 39.77862548828125], "right_hand": [63.200035095214844, 634.3549194335938, 121.14488983154297, 39.59332275390625]}, {"left_hand": [1006.5167846679688, 630.4852294921875, 85.85479736328125, 43.84490966796875], "right_hand": [906.2545776367188, 633.3055419921875, 99.130859375, 42.5423583984375]}]}