{"image_path": "/home/hyem/workspace/frankmocap_notebooks/images/IODxDxX7oi/scene_00001878.jpg", "body_bbox_list": [[432, 287, 402, 365]], "hand_bbox_list": [{"left_hand": [774.4657592773438, 628.2640380859375, 109.5556640625, 38.2408447265625], "right_hand": [393.3190612792969, 634.9466552734375, 125.60464477539062, 38.96026611328125]}]}