{"image_path": "/home/hyem/workspace/frankmocap_notebooks/images/IODxDxX7oi/scene_00005239.jpg", "body_bbox_list": [[675, 194, 365, 321], [741, 137, 273, 311], [591, 225, 123, 371], [300, 97, 75, 481]], "hand_bbox_list": [{"left_hand": null, "right_hand": null}, {"left_hand": null, "right_hand": null}, {"left_hand": [586.5853271484375, 596.71875, 167.30035400390625, 73.73834228515625], "right_hand": null}, {"left_hand": null, "right_hand": null}]}