{"image_path": "/home/hyem/workspace/frankmocap_notebooks/images/IODxDxX7oi/scene_00002760.jpg", "body_bbox_list": [[539, 485, 278, 93], [434, 500, 105, 148]], "hand_bbox_list": [{"left_hand": null, "right_hand": null}, {"left_hand": null, "right_hand": [392.5545349121094, 635.5548706054688, 124.40896606445312, 38.304931640625]}]}