{"image_path": "/home/hyem/workspace/frankmocap_notebooks/images/IODxDxX7oi/scene_00004461.jpg", "body_bbox_list": [[207, 252, 880, 402]], "hand_bbox_list": [{"left_hand": [837.83447265625, 525.16796875, 107.8841552734375, 156.22698974609375], "right_hand": [334.3729248046875, 528.5947875976562, 106.77740478515625, 161.98486328125]}]}