{"image_path": "/home/hyem/workspace/frankmocap_notebooks/images/IODxDxX7oi/scene_00000630.jpg", "body_bbox_list": [[381, 169, 774, 365]], "hand_bbox_list": [{"left_hand": null, "right_hand": [427.4667053222656, 503.20855712890625, 213.93521118164062, 111.85394287109375]}]}