{"image_path": "/home/hyem/workspace/frankmocap_notebooks/images/IODxDxX7oi/scene_00002666.jpg", "body_bbox_list": [[140, 381, 260, 273]], "hand_bbox_list": [{"left_hand": [160.02066040039062, 631.8516845703125, 124.78652954101562, 42.79730224609375], "right_hand": [160.02066040039062, 631.8516845703125, 124.78652954101562, 42.79730224609375]}]}