{"image_path": "/home/hyem/workspace/frankmocap_notebooks/images/IODxDxX7oi/scene_00003637.jpg", "body_bbox_list": [[414, 370, 432, 278]], "hand_bbox_list": [{"left_hand": [773.6531372070312, 627.3174438476562, 116.2939453125, 39.12493896484375], "right_hand": [390.2392578125, 634.61328125, 122.06610107421875, 39.53662109375]}]}