{"image_path": "/home/hyem/workspace/frankmocap_notebooks/images/IODxDxX7oi/scene_00003328.jpg", "body_bbox_list": [[345, 464, 582, 186]], "hand_bbox_list": [{"left_hand": [798.8317260742188, 631.3128051757812, 100.57080078125, 38.76007080078125], "right_hand": [376.3236083984375, 639.395751953125, 107.04562377929688, 39.28497314453125]}]}