{"image_path": "/home/hyem/workspace/frankmocap_notebooks/images/IODxDxX7oi/scene_00002112.jpg", "body_bbox_list": [[156, 500, 655, 142]], "hand_bbox_list": [{"left_hand": [297.6365966796875, 647.2823486328125, 128.63153076171875, 35.07818603515625], "right_hand": null}]}