{"image_path": "/home/hyem/workspace/frankmocap_notebooks/images/IODxDxX7oi/scene_00003700.jpg", "body_bbox_list": [[419, 199, 422, 452]], "hand_bbox_list": [{"left_hand": [772.630859375, 625.7940063476562, 117.76495361328125, 41.10565185546875], "right_hand": [391.1317138671875, 634.403076171875, 119.52340698242188, 40.1798095703125]}]}