{"image_path": "/home/hyem/workspace/frankmocap_notebooks/images/IODxDxX7oi/scene_00001976.jpg", "body_bbox_list": [[93, 234, 422, 421], [896, 199, 199, 457]], "hand_bbox_list": [{"left_hand": [443.75616455078125, 626.131103515625, 117.9267578125, 40.080810546875], "right_hand": [62.935943603515625, 633.794677734375, 121.44601440429688, 40.03875732421875]}, {"left_hand": [998.6239013671875, 631.7994995117188, 95.86181640625, 42.36822509765625], "right_hand": [907.425537109375, 634.3134155273438, 95.79229736328125, 41.50653076171875]}]}