{"image_path": "/home/hyem/workspace/frankmocap_notebooks/images/IODxDxX7oi/scene_00001824.jpg", "body_bbox_list": [[426, 287, 414, 365]], "hand_bbox_list": [{"left_hand": [777.7024536132812, 626.1815185546875, 110.81414794921875, 40.7227783203125], "right_hand": [393.2018127441406, 635.1234130859375, 124.68087768554688, 38.8128662109375]}]}