{"image_path": "/home/hyem/workspace/frankmocap_notebooks/images/IODxDxX7oi/scene_00004795.jpg", "body_bbox_list": [[181, 247, 977, 389], [654, 328, 470, 216]], "hand_bbox_list": [{"left_hand": [282.28582763671875, 639.8734130859375, 128.84329223632812, 43.9761962890625], "right_hand": null}, {"left_hand": null, "right_hand": null}]}