{"image_path": "/home/hyem/workspace/frankmocap_notebooks/images/IODxDxX7oi/scene_00004149.jpg", "body_bbox_list": [[204, 352, 965, 303]], "hand_bbox_list": [{"left_hand": [309.1927795410156, 636.110107421875, 129.80010986328125, 44.72198486328125], "right_hand": [309.1927795410156, 636.110107421875, 129.80010986328125, 44.72198486328125]}]}