{"image_path": "/home/hyem/workspace/frankmocap_notebooks/images/IODxDxX7oi/scene_00001964.jpg", "body_bbox_list": [[93, 210, 422, 446], [896, 198, 199, 465]], "hand_bbox_list": [{"left_hand": [443.6437683105469, 625.8206176757812, 118.22171020507812, 40.47528076171875], "right_hand": [63.32880401611328, 633.512451171875, 120.99742889404297, 40.2659912109375]}, {"left_hand": [999.3875732421875, 631.7743530273438, 95.0450439453125, 42.26800537109375], "right_hand": [906.9400634765625, 634.5604858398438, 96.98284912109375, 41.0863037109375]}]}