{"image_path": "/home/hyem/workspace/frankmocap_notebooks/images/IODxDxX7oi/scene_00000366.jpg", "body_bbox_list": [[401, 482, 723, 167]], "hand_bbox_list": [{"left_hand": [773.7989501953125, 653.8570556640625, 131.7012939453125, 43.40191650390625], "right_hand": null}]}