{"image_path": "/home/hyem/workspace/frankmocap_notebooks/images/IODxDxX7oi/scene_00005327.jpg", "body_bbox_list": [[168, 53, 885, 569]], "hand_bbox_list": [{"left_hand": [588.697509765625, 609.0504150390625, 175.1590576171875, 72.77813720703125], "right_hand": [170.87255859375, 570.3170776367188, 164.3826904296875, 57.7325439453125]}]}