{"image_path": "/home/hyem/workspace/frankmocap_notebooks/images/IODxDxX7oi/scene_00005030.jpg", "body_bbox_list": [[167, 541, 291, 105], [175, 501, 229, 118], [608, 515, 500, 44]], "hand_bbox_list": [{"left_hand": null, "right_hand": null}, {"left_hand": [296.8183898925781, 644.440673828125, 131.99234008789062, 37.5819091796875], "right_hand": null}, {"left_hand": null, "right_hand": null}]}