{"image_path": "/home/hyem/workspace/frankmocap_notebooks/images/IODxDxX7oi/scene_00002521.jpg", "body_bbox_list": [[164, 306, 718, 327], [642, 334, 471, 199]], "hand_bbox_list": [{"left_hand": [451.8543395996094, 625.7918701171875, 124.90133666992188, 54.17047119140625], "right_hand": null}, {"left_hand": null, "right_hand": null}]}