{"image_path": "/home/hyem/workspace/frankmocap_notebooks/images/IODxDxX7oi/scene_00006124.jpg", "body_bbox_list": [[788, 292, 224, 136], [834, 304, 99, 118], [373, 367, 69, 104], [323, 381, 186, 26]], "hand_bbox_list": [{"left_hand": [917.1165771484375, 415.89178466796875, 29.68988037109375, 26.879302978515625], "right_hand": null}, {"left_hand": null, "right_hand": [917.1165771484375, 415.89178466796875, 29.68988037109375, 26.879302978515625]}, {"left_hand": [336.4988098144531, 461.373779296875, 88.73971557617188, 35.788665771484375], "right_hand": null}, {"left_hand": null, "right_hand": null}]}