{"image_path": "/home/hyem/workspace/frankmocap_notebooks/images/IODxDxX7oi/scene_00001962.jpg", "body_bbox_list": [[93, 216, 422, 440], [878, 217, 229, 433]], "hand_bbox_list": [{"left_hand": [443.44219970703125, 625.8731689453125, 118.572998046875, 40.333251953125], "right_hand": [63.24543380737305, 633.5592651367188, 120.8338623046875, 40.2012939453125]}, {"left_hand": [999.322265625, 631.5306396484375, 95.3328857421875, 42.5032958984375], "right_hand": null}]}