{"image_path": "/home/hyem/workspace/frankmocap_notebooks/images/IODxDxX7oi/scene_00002737.jpg", "body_bbox_list": [[419, 305, 427, 346]], "hand_bbox_list": [{"left_hand": [777.4663696289062, 626.7510986328125, 111.9107666015625, 40.07965087890625], "right_hand": [392.9314270019531, 635.303955078125, 125.15597534179688, 38.6016845703125]}]}