{"image_path": "/home/hyem/workspace/frankmocap_notebooks/images/IODxDxX7oi/scene_00003075.jpg", "body_bbox_list": [[338, 482, 595, 167]], "hand_bbox_list": [{"left_hand": [802.740234375, 632.8316650390625, 94.03240966796875, 36.60223388671875], "right_hand": [376.77935791015625, 640.0576171875, 110.03656005859375, 37.9512939453125]}]}