{"image_path": "/home/hyem/workspace/frankmocap_notebooks/images/IODxDxX7oi/scene_00003426.jpg", "body_bbox_list": [[491, 235, 340, 402]], "hand_bbox_list": [{"left_hand": [775.0156860351562, 625.7470703125, 116.319091796875, 40.954345703125], "right_hand": null}]}