{"image_path": "/home/hyem/workspace/frankmocap_notebooks/images/IODxDxX7oi/scene_00001990.jpg", "body_bbox_list": [[75, 441, 452, 204], [828, 381, 341, 267]], "hand_bbox_list": [{"left_hand": [444.1999206542969, 627.5115966796875, 117.46554565429688, 38.50701904296875], "right_hand": [61.566280364990234, 635.2538452148438, 122.94270324707031, 38.26568603515625]}, {"left_hand": [999.1853637695312, 629.6212158203125, 97.28973388671875, 43.84747314453125], "right_hand": [906.3450927734375, 634.7025146484375, 92.9979248046875, 40.99676513671875]}]}