{"image_path": "/home/hyem/workspace/frankmocap_notebooks/images/IODxDxX7oi/scene_00005836.jpg", "body_bbox_list": [[80, 540, 836, 129], [211, 504, 427, 162], [370, 515, 525, 61]], "hand_bbox_list": [{"left_hand": null, "right_hand": null}, {"left_hand": [461.01611328125, 665.3496704101562, 131.0267333984375, 46.906005859375], "right_hand": null}, {"left_hand": null, "right_hand": null}]}