{"image_path": "/home/hyem/workspace/frankmocap_notebooks/images/IODxDxX7oi/scene_00004634.jpg", "body_bbox_list": [[215, 188, 853, 532]], "hand_bbox_list": [{"left_hand": [831.6782836914062, 472.0668029785156, 94.77386474609375, 158.40725708007812], "right_hand": null}]}