{"image_path": "/home/hyem/workspace/frankmocap_notebooks/images/IODxDxX7oi/scene_00005228.jpg", "body_bbox_list": [[180, 42, 861, 569]], "hand_bbox_list": [{"left_hand": [585.4766845703125, 596.1654663085938, 169.82769775390625, 73.06610107421875], "right_hand": null}]}