{"image_path": "/home/hyem/workspace/frankmocap_notebooks/images/IODxDxX7oi/scene_00000535.jpg", "body_bbox_list": [[674, 25, 267, 563], [231, 129, 118, 254]], "hand_bbox_list": [{"left_hand": [717.9181518554688, 565.06298828125, 166.1651611328125, 87.40289306640625], "right_hand": null}, {"left_hand": null, "right_hand": null}]}