{"image_path": "/home/hyem/workspace/frankmocap_notebooks/images/IODxDxX7oi/scene_00001512.jpg", "body_bbox_list": [[73, 205, 1103, 451]], "hand_bbox_list": [{"left_hand": [163.7088623046875, 636.5103149414062, 154.92474365234375, 51.8094482421875], "right_hand": [163.7088623046875, 636.5103149414062, 154.92474365234375, 51.8094482421875]}]}