{"image_path": "/home/hyem/workspace/frankmocap_notebooks/images/IODxDxX7oi/scene_00000954.jpg", "body_bbox_list": [[176, 257, 712, 403], [637, 345, 481, 199]], "hand_bbox_list": [{"left_hand": [281.4794921875, 640.0875854492188, 130.09213256835938, 43.87677001953125], "right_hand": null}, {"left_hand": null, "right_hand": null}]}