{"image_path": "/home/hyem/workspace/frankmocap_notebooks/images/IODxDxX7oi/scene_00005120.jpg", "body_bbox_list": [[175, 500, 235, 148], [602, 504, 501, 61]], "hand_bbox_list": [{"left_hand": [297.8091125488281, 646.6972045898438, 128.397216796875, 35.0035400390625], "right_hand": null}, {"left_hand": null, "right_hand": null}]}