{"image_path": "/home/hyem/workspace/frankmocap_notebooks/images/IODxDxX7oi/scene_00003169.jpg", "body_bbox_list": [[540, 489, 365, 142], [383, 500, 129, 148]], "hand_bbox_list": [{"left_hand": [800.0814819335938, 631.4241943359375, 99.44354248046875, 38.23291015625], "right_hand": null}, {"left_hand": null, "right_hand": [377.7523193359375, 639.5209350585938, 105.82901000976562, 38.84283447265625]}]}