{"image_path": "/home/hyem/workspace/frankmocap_notebooks/images/IODxDxX7oi/scene_00005844.jpg", "body_bbox_list": [[92, 481, 817, 180], [605, 550, 292, 25]], "hand_bbox_list": [{"left_hand": [473.41339111328125, 669.8793334960938, 125.17431640625, 40.6827392578125], "right_hand": null}, {"left_hand": null, "right_hand": null}]}