{"image_path": "/home/hyem/workspace/frankmocap_notebooks/images/IODxDxX7oi/scene_00000977.jpg", "body_bbox_list": [[80, 476, 718, 173]], "hand_bbox_list": [{"left_hand": [285.08892822265625, 641.8099365234375, 126.96795654296875, 41.2850341796875], "right_hand": null}]}