{"image_path": "/home/hyem/workspace/frankmocap_notebooks/images/IODxDxX7oi/scene_00002769.jpg", "body_bbox_list": [[432, 500, 137, 142]], "hand_bbox_list": [{"left_hand": null, "right_hand": [392.3370666503906, 635.1651000976562, 124.62075805664062, 38.67071533203125]}]}