{"image_path": "/home/hyem/workspace/frankmocap_notebooks/images/IODxDxX7oi/scene_00005910.jpg", "body_bbox_list": [[198, 256, 723, 422], [703, 381, 242, 167]], "hand_bbox_list": [{"left_hand": [525.7062377929688, 661.011962890625, 134.65875244140625, 49.11993408203125], "right_hand": [249.05899047851562, 647.1399536132812, 128.71588134765625, 45.990478515625]}, {"left_hand": null, "right_hand": null}]}