{"image_path": "/home/hyem/workspace/frankmocap_notebooks/images/IODxDxX7oi/scene_00002671.jpg", "body_bbox_list": [[134, 405, 272, 253], [271, 428, 105, 229]], "hand_bbox_list": [{"left_hand": [159.57781982421875, 631.515869140625, 127.6829833984375, 43.4730224609375], "right_hand": null}, {"left_hand": null, "right_hand": [159.57781982421875, 631.515869140625, 127.6829833984375, 43.4730224609375]}]}