{"image_path": "/home/hyem/workspace/frankmocap_notebooks/images/IODxDxX7oi/scene_00002483.jpg", "body_bbox_list": [[164, 306, 712, 327], [642, 334, 471, 204]], "hand_bbox_list": [{"left_hand": [451.7679443359375, 625.6265258789062, 125.11932373046875, 54.32196044921875], "right_hand": null}, {"left_hand": null, "right_hand": null}]}