{"image_path": "/home/hyem/workspace/frankmocap_notebooks/images/IODxDxX7oi/scene_00005462.jpg", "body_bbox_list": [[323, 76, 440, 551], [736, 247, 278, 260], [174, 143, 142, 451], [763, 266, 302, 205]], "hand_bbox_list": [{"left_hand": [600.1188354492188, 625.2548217773438, 171.26666259765625, 75.14459228515625], "right_hand": null}, {"left_hand": null, "right_hand": null}, {"left_hand": null, "right_hand": [163.2730255126953, 586.4122924804688, 170.2782440185547, 58.57354736328125]}, {"left_hand": null, "right_hand": null}]}