{"image_path": "/home/hyem/workspace/frankmocap_notebooks/images/IODxDxX7oi/scene_00003676.jpg", "body_bbox_list": [[407, 458, 316, 192], [697, 465, 148, 167], [708, 511, 7, 18]], "hand_bbox_list": [{"left_hand": null, "right_hand": [389.9053039550781, 634.927734375, 122.20584106445312, 39.075439453125]}, {"left_hand": [774.2296142578125, 627.2621459960938, 116.06500244140625, 39.136962890625], "right_hand": null}, {"left_hand": null, "right_hand": null}]}