{"image_path": "/home/hyem/workspace/frankmocap_notebooks/images/IODxDxX7oi/scene_00003544.jpg", "body_bbox_list": [[437, 216, 397, 440]], "hand_bbox_list": [{"left_hand": [776.6400756835938, 625.2056274414062, 108.17755126953125, 40.7626953125], "right_hand": [392.77630615234375, 635.3472290039062, 121.861328125, 38.48272705078125]}]}