{"image_path": "/home/hyem/workspace/frankmocap_notebooks/images/IODxDxX7oi/scene_00003837.jpg", "body_bbox_list": [[138, 502, 292, 99], [310, 500, 117, 137]], "hand_bbox_list": [{"left_hand": null, "right_hand": null}, {"left_hand": [310.9336242675781, 643.025390625, 127.19271850585938, 38.1771240234375], "right_hand": null}]}