{"image_path": "/home/hyem/workspace/frankmocap_notebooks/images/IODxDxX7oi/scene_00000769.jpg", "body_bbox_list": [[372, 158, 601, 370], [388, 300, 242, 80]], "hand_bbox_list": [{"left_hand": [783.5875854492188, 464.7115173339844, 95.652099609375, 41.38330078125], "right_hand": [634.4186401367188, 515.2769165039062, 112.7371826171875, 53.16461181640625]}, {"left_hand": null, "right_hand": null}]}