{"image_path": "/home/hyem/workspace/frankmocap_notebooks/images/IODxDxX7oi/scene_00004730.jpg", "body_bbox_list": [[181, 269, 718, 384], [637, 357, 481, 186]], "hand_bbox_list": [{"left_hand": [283.2518615722656, 641.3627319335938, 126.2703857421875, 42.6177978515625], "right_hand": null}, {"left_hand": null, "right_hand": null}]}