{"image_path": "/home/hyem/workspace/frankmocap_notebooks/images/IODxDxX7oi/scene_00002714.jpg", "body_bbox_list": [[119, 351, 983, 310]], "hand_bbox_list": [{"left_hand": [162.203857421875, 630.6962890625, 118.236572265625, 44.02996826171875], "right_hand": [162.203857421875, 630.6962890625, 118.236572265625, 44.02996826171875]}]}