{"image_path": "/home/hyem/workspace/frankmocap_notebooks/images/IODxDxX7oi/scene_00004198.jpg", "body_bbox_list": [[201, 441, 273, 210]], "hand_bbox_list": [{"left_hand": [312.4333190917969, 637.6142578125, 127.0556640625, 43.44195556640625], "right_hand": null}]}