{"image_path": "/home/hyem/workspace/frankmocap_notebooks/images/IODxDxX7oi/scene_00004880.jpg", "body_bbox_list": [[87, 505, 321, 137]], "hand_bbox_list": [{"left_hand": [281.9128112792969, 647.3319702148438, 128.44622802734375, 37.00823974609375], "right_hand": null}]}