{"image_path": "/home/hyem/workspace/frankmocap_notebooks/images/IODxDxX7oi/scene_00002680.jpg", "body_bbox_list": [[133, 452, 286, 216]], "hand_bbox_list": [{"left_hand": null, "right_hand": [164.01104736328125, 632.374755859375, 119.23468017578125, 42.34979248046875]}]}