{"image_path": "/home/hyem/workspace/frankmocap_notebooks/images/IODxDxX7oi/scene_00002338.jpg", "body_bbox_list": [[149, 506, 422, 124]], "hand_bbox_list": [{"left_hand": [454.063720703125, 636.0196533203125, 119.5250244140625, 43.65283203125], "right_hand": null}]}