{"image_path": "/home/hyem/workspace/frankmocap_notebooks/images/IODxDxX7oi/scene_00003471.jpg", "body_bbox_list": [[432, 246, 408, 408]], "hand_bbox_list": [{"left_hand": [777.0671997070312, 626.382568359375, 112.2689208984375, 40.56573486328125], "right_hand": [393.7886962890625, 634.6729736328125, 125.03399658203125, 39.17364501953125]}]}