{"image_path": "/home/hyem/workspace/frankmocap_notebooks/images/IODxDxX7oi/scene_00004887.jpg", "body_bbox_list": [[77, 475, 639, 80], [110, 488, 297, 161], [504, 462, 539, 88]], "hand_bbox_list": [{"left_hand": null, "right_hand": null}, {"left_hand": [285.27264404296875, 641.1954956054688, 127.60232543945312, 41.53863525390625], "right_hand": null}, {"left_hand": null, "right_hand": null}]}