{"image_path": "/home/hyem/workspace/frankmocap_notebooks/images/IODxDxX7oi/scene_00003334.jpg", "body_bbox_list": [[382, 500, 136, 148], [549, 519, 162, 104], [794, 489, 99, 142]], "hand_bbox_list": [{"left_hand": null, "right_hand": [377.42950439453125, 639.4562377929688, 103.24923706054688, 39.07781982421875]}, {"left_hand": null, "right_hand": null}, {"left_hand": [798.8402709960938, 631.4029541015625, 100.62548828125, 38.637451171875], "right_hand": null}]}