{"image_path": "/home/hyem/workspace/frankmocap_notebooks/images/IODxDxX7oi/scene_00004767.jpg", "body_bbox_list": [[187, 251, 706, 421], [654, 339, 464, 205]], "hand_bbox_list": [{"left_hand": [282.8038635253906, 640.1222534179688, 128.55313110351562, 43.86102294921875], "right_hand": null}, {"left_hand": null, "right_hand": null}]}