{"image_path": "/home/hyem/workspace/frankmocap_notebooks/images/IODxDxX7oi/scene_00000982.jpg", "body_bbox_list": [[98, 500, 310, 142], [79, 513, 484, 88]], "hand_bbox_list": [{"left_hand": [277.398681640625, 644.4916381835938, 135.34506225585938, 40.28765869140625], "right_hand": null}, {"left_hand": null, "right_hand": null}]}