{"image_path": "/home/hyem/workspace/frankmocap_notebooks/images/IODxDxX7oi/scene_00002940.jpg", "body_bbox_list": [[445, 323, 359, 327]], "hand_bbox_list": [{"left_hand": [741.106201171875, 625.0816650390625, 111.11517333984375, 42.3729248046875], "right_hand": [415.543701171875, 632.2481079101562, 130.512939453125, 40.40087890625]}]}