{"image_path": "/home/hyem/workspace/frankmocap_notebooks/images/IODxDxX7oi/scene_00002585.jpg", "body_bbox_list": [[116, 428, 1040, 229]], "hand_bbox_list": [{"left_hand": [160.77008056640625, 631.9871215820312, 117.99923706054688, 42.82171630859375], "right_hand": [160.77008056640625, 631.9871215820312, 117.99923706054688, 42.82171630859375]}]}