{"image_path": "/home/hyem/workspace/frankmocap_notebooks/images/IODxDxX7oi/scene_00000665.jpg", "body_bbox_list": [[456, 264, 607, 254]], "hand_bbox_list": [{"left_hand": null, "right_hand": [480.37738037109375, 494.9403381347656, 173.36297607421875, 88.24490356445312]}]}