{"image_path": "/home/hyem/workspace/frankmocap_notebooks/images/IODxDxX7oi/scene_00005052.jpg", "body_bbox_list": [[151, 405, 750, 118], [198, 399, 223, 248]], "hand_bbox_list": [{"left_hand": null, "right_hand": null}, {"left_hand": [296.1580505371094, 641.3666381835938, 132.91311645507812, 40.6085205078125], "right_hand": null}]}