{"image_path": "/home/hyem/workspace/frankmocap_notebooks/images/IODxDxX7oi/scene_00001980.jpg", "body_bbox_list": [[93, 269, 422, 384], [872, 222, 242, 433]], "hand_bbox_list": [{"left_hand": [444.0558776855469, 626.7254638671875, 117.88296508789062, 39.52618408203125], "right_hand": [62.49312973022461, 634.0525512695312, 121.57876586914062, 39.8118896484375]}, {"left_hand": [999.5142822265625, 632.3704223632812, 94.841552734375, 42.00335693359375], "right_hand": [906.7418212890625, 635.6713256835938, 95.64532470703125, 39.890380859375]}]}