{"image_path": "/home/hyem/workspace/frankmocap_notebooks/images/IODxDxX7oi/scene_00002764.jpg", "body_bbox_list": [[434, 500, 99, 142]], "hand_bbox_list": [{"left_hand": null, "right_hand": [392.4032897949219, 635.1539306640625, 124.53250122070312, 38.7685546875]}]}