{"image_path": "/home/hyem/workspace/frankmocap_notebooks/images/IODxDxX7oi/scene_00003568.jpg", "body_bbox_list": [[407, 488, 440, 155]], "hand_bbox_list": [{"left_hand": [774.0692138671875, 627.4069213867188, 116.1043701171875, 38.756103515625], "right_hand": [390.6883850097656, 635.8745727539062, 120.612548828125, 38.0604248046875]}]}