{"image_path": "/home/hyem/workspace/frankmocap_notebooks/images/IODxDxX7oi/scene_00001394.jpg", "body_bbox_list": [[79, 205, 1102, 451]], "hand_bbox_list": [{"left_hand": [163.13662719726562, 636.8995971679688, 155.64779663085938, 51.25860595703125], "right_hand": null}]}