{"image_path": "/home/hyem/workspace/frankmocap_notebooks/images/IODxDxX7oi/scene_00000589.jpg", "body_bbox_list": [[639, 70, 427, 457]], "hand_bbox_list": [{"left_hand": [631.1920166015625, 520.4863891601562, 162.04876708984375, 73.8258056640625], "right_hand": null}]}