{"image_path": "/home/hyem/workspace/frankmocap_notebooks/images/IODxDxX7oi/scene_00006382.jpg", "body_bbox_list": [[779, 191, 316, 389], [94, 202, 172, 260], [203, 321, 123, 118], [363, 310, 56, 129]], "hand_bbox_list": [{"left_hand": [753.3131713867188, 362.8743591308594, 68.47528076171875, 40.888824462890625], "right_hand": null}, {"left_hand": null, "right_hand": [217.4664764404297, 317.1774597167969, 66.86164855957031, 25.239654541015625]}, {"left_hand": [217.4664764404297, 317.1774597167969, 66.86164855957031, 25.239654541015625], "right_hand": null}, {"left_hand": null, "right_hand": null}]}