{"image_path": "/home/hyem/workspace/frankmocap_notebooks/images/IODxDxX7oi/scene_00001182.jpg", "body_bbox_list": [[78, 352, 1008, 292]], "hand_bbox_list": [{"left_hand": [285.9159240722656, 640.2269287109375, 127.62301635742188, 42.4547119140625], "right_hand": null}]}