{"image_path": "/home/hyem/workspace/frankmocap_notebooks/images/IODxDxX7oi/scene_00001981.jpg", "body_bbox_list": [[87, 275, 428, 378], [866, 234, 254, 421]], "hand_bbox_list": [{"left_hand": [444.13189697265625, 626.6649169921875, 117.7969970703125, 39.56378173828125], "right_hand": [62.252349853515625, 634.2083129882812, 121.97674560546875, 39.60479736328125]}, {"left_hand": [999.4032592773438, 631.830810546875, 95.35919189453125, 42.4039306640625], "right_hand": [906.1468505859375, 635.5286865234375, 96.86553955078125, 40.0634765625]}]}