{"image_path": "/home/hyem/workspace/frankmocap_notebooks/images/IODxDxX7oi/scene_00000704.jpg", "body_bbox_list": [[166, 114, 793, 470]], "hand_bbox_list": [{"left_hand": [695.4996337890625, 477.7964172363281, 113.0458984375, 44.661041259765625], "right_hand": [537.0804443359375, 555.81201171875, 144.69873046875, 69.5921630859375]}]}