{"image_path": "/home/hyem/workspace/frankmocap_notebooks/images/IODxDxX7oi/scene_00001403.jpg", "body_bbox_list": [[79, 205, 1113, 457]], "hand_bbox_list": [{"left_hand": [163.02223205566406, 636.6846313476562, 155.4939422607422, 51.45294189453125], "right_hand": null}]}