{"image_path": "/home/hyem/workspace/frankmocap_notebooks/images/IODxDxX7oi/scene_00002223.jpg", "body_bbox_list": [[148, 287, 706, 371]], "hand_bbox_list": [{"left_hand": [297.283203125, 640.60498046875, 130.2215576171875, 42.48529052734375], "right_hand": null}]}