{"image_path": "/home/hyem/workspace/frankmocap_notebooks/images/IODxDxX7oi/scene_00005790.jpg", "body_bbox_list": [[140, 156, 761, 532], [543, 385, 286, 180]], "hand_bbox_list": [{"left_hand": [418.2662353515625, 661.3151245117188, 135.34710693359375, 50.64892578125], "right_hand": [153.5418243408203, 650.4199829101562, 128.3065948486328, 44.77508544921875]}, {"left_hand": null, "right_hand": null}]}