{"image_path": "/home/hyem/workspace/frankmocap_notebooks/images/IODxDxX7oi/scene_00005174.jpg", "body_bbox_list": [[317, 66, 699, 532], [227, 0, 204, 82]], "hand_bbox_list": [{"left_hand": [586.6036376953125, 594.1801147460938, 164.7706298828125, 66.95928955078125], "right_hand": null}, {"left_hand": null, "right_hand": null}]}