{"image_path": "/home/hyem/workspace/frankmocap_notebooks/images/IODxDxX7oi/scene_00000708.jpg", "body_bbox_list": [[183, 173, 804, 397]], "hand_bbox_list": [{"left_hand": [694.9417724609375, 477.8026428222656, 110.6514892578125, 44.045684814453125], "right_hand": [537.1113891601562, 553.6885986328125, 141.4527587890625, 67.563720703125]}]}