{"image_path": "/home/hyem/workspace/frankmocap_notebooks/images/IODxDxX7oi/scene_00006203.jpg", "body_bbox_list": [[138, 261, 303, 199], [416, 320, 12, 18]], "hand_bbox_list": [{"left_hand": null, "right_hand": [339.88104248046875, 413.66204833984375, 149.45541381835938, 58.215484619140625]}, {"left_hand": null, "right_hand": null}]}