{"image_path": "/home/hyem/workspace/frankmocap_notebooks/images/IODxDxX7oi/scene_00000240.jpg", "body_bbox_list": [[286, 333, 767, 335], [783, 434, 234, 105]], "hand_bbox_list": [{"left_hand": [634.3431396484375, 655.676513671875, 135.9278564453125, 49.409912109375], "right_hand": [346.6607360839844, 645.2867431640625, 125.32147216796875, 42.08624267578125]}, {"left_hand": null, "right_hand": null}]}