{"image_path": "/home/hyem/workspace/frankmocap_notebooks/images/IODxDxX7oi/scene_00000815.jpg", "body_bbox_list": [[433, 390, 501, 216], [583, 438, 156, 137]], "hand_bbox_list": [{"left_hand": null, "right_hand": null}, {"left_hand": null, "right_hand": [574.1473388671875, 564.2025756835938, 106.4339599609375, 57.015380859375]}]}