{"image_path": "/home/hyem/workspace/frankmocap_notebooks/images/IODxDxX7oi/scene_00005002.jpg", "body_bbox_list": [[175, 334, 972, 216], [222, 340, 192, 310]], "hand_bbox_list": [{"left_hand": null, "right_hand": null}, {"left_hand": [296.1927185058594, 637.1131591796875, 133.21795654296875, 45.95062255859375], "right_hand": null}]}