{"image_path": "/home/hyem/workspace/frankmocap_notebooks/images/IODxDxX7oi/scene_00001965.jpg", "body_bbox_list": [[93, 210, 422, 446], [896, 192, 199, 471]], "hand_bbox_list": [{"left_hand": [443.6134338378906, 625.80224609375, 118.17953491210938, 40.4892578125], "right_hand": [63.333499908447266, 633.6423950195312, 120.95771789550781, 40.1484375]}, {"left_hand": [998.6365356445312, 631.61474609375, 96.24224853515625, 42.34722900390625], "right_hand": [907.0142211914062, 634.5646362304688, 96.07244873046875, 41.1170654296875]}]}