{"image_path": "/home/hyem/workspace/frankmocap_notebooks/images/IODxDxX7oi/scene_00001082.jpg", "body_bbox_list": [[92, 417, 452, 235]], "hand_bbox_list": [{"left_hand": [284.4305419921875, 639.803466796875, 128.6009521484375, 42.98193359375], "right_hand": null}]}