{"image_path": "/home/hyem/workspace/frankmocap_notebooks/images/IODxDxX7oi/scene_00004215.jpg", "body_bbox_list": [[210, 316, 959, 335]], "hand_bbox_list": [{"left_hand": null, "right_hand": [307.4219055175781, 636.8221435546875, 132.37539672851562, 44.60400390625]}]}