{"image_path": "/home/hyem/workspace/frankmocap_notebooks/images/IODxDxX7oi/scene_00001055.jpg", "body_bbox_list": [[159, 240, 712, 414], [620, 334, 470, 204]], "hand_bbox_list": [{"left_hand": null, "right_hand": [284.3062438964844, 641.0150756835938, 127.80899047851562, 41.45098876953125]}, {"left_hand": null, "right_hand": null}]}