{"image_path": "/home/hyem/workspace/frankmocap_notebooks/images/IODxDxX7oi/scene_00006189.jpg", "body_bbox_list": [[822, 158, 353, 354], [145, 266, 278, 199], [420, 336, 26, 26]], "hand_bbox_list": [{"left_hand": [772.5530395507812, 374.9132995605469, 72.26348876953125, 77.0069580078125], "right_hand": null}, {"left_hand": [328.95751953125, 428.5173645019531, 151.80780029296875, 48.4541015625], "right_hand": [317.328857421875, 436.4371643066406, 98.21755981445312, 44.662628173828125]}, {"left_hand": null, "right_hand": null}]}