{"image_path": "/home/hyem/workspace/frankmocap_notebooks/images/IODxDxX7oi/scene_00003187.jpg", "body_bbox_list": [[540, 489, 360, 142], [383, 500, 123, 148]], "hand_bbox_list": [{"left_hand": [804.504638671875, 628.4418334960938, 95.33056640625, 39.67010498046875], "right_hand": null}, {"left_hand": null, "right_hand": [378.2216491699219, 639.6312255859375, 106.66162109375, 38.6893310546875]}]}