{"image_path": "/home/hyem/workspace/frankmocap_notebooks/images/IODxDxX7oi/scene_00002348.jpg", "body_bbox_list": [[178, 536, 403, 99], [162, 541, 137, 105]], "hand_bbox_list": [{"left_hand": [451.5705871582031, 626.8444213867188, 123.36703491210938, 53.16375732421875], "right_hand": null}, {"left_hand": null, "right_hand": null}]}