{"image_path": "/home/hyem/workspace/frankmocap_notebooks/images/IODxDxX7oi/scene_00001230.jpg", "body_bbox_list": [[92, 493, 316, 156]], "hand_bbox_list": [{"left_hand": [286.0433044433594, 641.9788818359375, 126.74838256835938, 40.7261962890625], "right_hand": null}]}