{"image_path": "/home/hyem/workspace/frankmocap_notebooks/images/IODxDxX7oi/scene_00005485.jpg", "body_bbox_list": [[181, 252, 712, 408]], "hand_bbox_list": [{"left_hand": [282.3468322753906, 641.3040161132812, 128.97592163085938, 42.42633056640625], "right_hand": null}]}