{"image_path": "/home/hyem/workspace/frankmocap_notebooks/images/IODxDxX7oi/scene_00001840.jpg", "body_bbox_list": [[435, 494, 80, 148], [539, 487, 137, 56]], "hand_bbox_list": [{"left_hand": null, "right_hand": [391.86285400390625, 635.5988159179688, 125.98590087890625, 38.2086181640625]}, {"left_hand": null, "right_hand": null}]}