{"image_path": "/home/hyem/workspace/frankmocap_notebooks/images/IODxDxX7oi/scene_00003625.jpg", "body_bbox_list": [[419, 216, 422, 440]], "hand_bbox_list": [{"left_hand": [772.5110473632812, 626.1535034179688, 119.5223388671875, 40.3125], "right_hand": [390.45745849609375, 633.30126953125, 121.46343994140625, 40.67803955078125]}]}