{"image_path": "/home/hyem/workspace/frankmocap_notebooks/images/IODxDxX7oi/scene_00005623.jpg", "body_bbox_list": [[87, 494, 321, 148]], "hand_bbox_list": [{"left_hand": [283.0223693847656, 644.5595092773438, 126.08706665039062, 39.4014892578125], "right_hand": null}]}