{"image_path": "/home/hyem/workspace/frankmocap_notebooks/images/IODxDxX7oi/scene_00002212.jpg", "body_bbox_list": [[171, 236, 940, 378], [631, 334, 476, 204]], "hand_bbox_list": [{"left_hand": [297.015380859375, 639.6911010742188, 130.03662109375, 42.45037841796875], "right_hand": null}, {"left_hand": null, "right_hand": null}]}