{"image_path": "/home/hyem/workspace/frankmocap_notebooks/images/IODxDxX7oi/scene_00004933.jpg", "body_bbox_list": [[178, 446, 414, 205]], "hand_bbox_list": [{"left_hand": [295.15997314453125, 640.4743041992188, 133.08486938476562, 41.63348388671875], "right_hand": null}]}