{"image_path": "/home/hyem/workspace/frankmocap_notebooks/images/IODxDxX7oi/scene_00005687.jpg", "body_bbox_list": [[118, 257, 731, 403]], "hand_bbox_list": [{"left_hand": [281.28875732421875, 640.6363525390625, 128.26104736328125, 43.77783203125], "right_hand": [281.28875732421875, 640.6363525390625, 128.26104736328125, 43.77783203125]}]}