{"image_path": "/home/hyem/workspace/frankmocap_notebooks/images/IODxDxX7oi/scene_00001841.jpg", "body_bbox_list": [[428, 494, 235, 148], [685, 495, 143, 129]], "hand_bbox_list": [{"left_hand": null, "right_hand": [391.5859069824219, 636.941650390625, 122.10556030273438, 37.30419921875]}, {"left_hand": [774.3707275390625, 627.34814453125, 114.6136474609375, 39.65814208984375], "right_hand": null}]}