{"image_path": "/home/hyem/workspace/frankmocap_notebooks/images/IODxDxX7oi/scene_00005959.jpg", "body_bbox_list": [[200, 499, 798, 172]], "hand_bbox_list": [{"left_hand": [574.3032836914062, 662.9913330078125, 128.21478271484375, 43.09735107421875], "right_hand": null}]}