{"image_path": "/home/hyem/workspace/frankmocap_notebooks/images/IODxDxX7oi/scene_00000311.jpg", "body_bbox_list": [[408, 139, 674, 538]], "hand_bbox_list": [{"left_hand": [719.6353149414062, 651.6141357421875, 130.91876220703125, 49.15191650390625], "right_hand": [420.8597717285156, 639.5939331054688, 125.65567016601562, 43.98577880859375]}]}