{"image_path": "/home/hyem/workspace/frankmocap_notebooks/images/IODxDxX7oi/scene_00000842.jpg", "body_bbox_list": [[534, 337, 389, 243], [825, 399, 37, 136]], "hand_bbox_list": [{"left_hand": null, "right_hand": [562.8767700195312, 565.5150756835938, 106.2413330078125, 63.96600341796875]}, {"left_hand": [800.4689331054688, 525.7184448242188, 104.3460693359375, 54.32720947265625], "right_hand": null}]}