{"image_path": "/home/hyem/workspace/frankmocap_notebooks/images/IODxDxX7oi/scene_00005139.jpg", "body_bbox_list": [[146, 376, 1008, 272]], "hand_bbox_list": [{"left_hand": [301.5866394042969, 638.2609252929688, 128.52383422851562, 44.6810302734375], "right_hand": null}]}