{"image_path": "/home/hyem/workspace/frankmocap_notebooks/images/IODxDxX7oi/scene_00005339.jpg", "body_bbox_list": [[128, 318, 644, 297], [722, 386, 311, 61]], "hand_bbox_list": [{"left_hand": null, "right_hand": [169.18309020996094, 574.38671875, 165.1283416748047, 54.9840087890625]}, {"left_hand": null, "right_hand": null}]}