{"image_path": "/home/hyem/workspace/frankmocap_notebooks/images/IODxDxX7oi/scene_00001017.jpg", "body_bbox_list": [[98, 488, 310, 161]], "hand_bbox_list": [{"left_hand": [285.7388916015625, 641.7359619140625, 126.30776977539062, 40.83306884765625], "right_hand": null}]}