{"image_path": "/home/hyem/workspace/frankmocap_notebooks/images/IODxDxX7oi/scene_00003067.jpg", "body_bbox_list": [[364, 340, 544, 316]], "hand_bbox_list": [{"left_hand": [801.6900634765625, 631.9639892578125, 94.88555908203125, 37.74395751953125], "right_hand": [377.0287170410156, 640.46533203125, 114.61148071289062, 37.0528564453125]}]}