{"image_path": "/home/hyem/workspace/frankmocap_notebooks/images/IODxDxX7oi/scene_00002741.jpg", "body_bbox_list": [[413, 363, 446, 292]], "hand_bbox_list": [{"left_hand": [777.8346557617188, 626.8191528320312, 112.083740234375, 39.90765380859375], "right_hand": [392.06109619140625, 636.7357177734375, 122.76239013671875, 37.38751220703125]}]}