{"image_path": "/home/hyem/workspace/frankmocap_notebooks/images/IODxDxX7oi/scene_00005049.jpg", "body_bbox_list": [[151, 429, 1003, 216]], "hand_bbox_list": [{"left_hand": [297.1099548339844, 642.8104248046875, 135.58889770507812, 39.635986328125], "right_hand": null}]}