{"image_path": "/home/hyem/workspace/frankmocap_notebooks/images/IODxDxX7oi/scene_00004211.jpg", "body_bbox_list": [[204, 334, 965, 316], [677, 381, 440, 155]], "hand_bbox_list": [{"left_hand": null, "right_hand": [308.98309326171875, 635.4285278320312, 131.836181640625, 45.987548828125]}, {"left_hand": null, "right_hand": null}]}