{"image_path": "/home/hyem/workspace/frankmocap_notebooks/images/IODxDxX7oi/scene_00000219.jpg", "body_bbox_list": [[322, 139, 717, 538]], "hand_bbox_list": [{"left_hand": [616.058837890625, 656.22802734375, 130.99212646484375, 50.06121826171875], "right_hand": [327.9785461425781, 644.1268310546875, 132.07174682617188, 44.55572509765625]}]}