{"image_path": "/home/hyem/workspace/frankmocap_notebooks/images/IODxDxX7oi/scene_00002927.jpg", "body_bbox_list": [[450, 494, 354, 148]], "hand_bbox_list": [{"left_hand": [742.80859375, 625.4095458984375, 109.05242919921875, 41.8447265625], "right_hand": [412.7352600097656, 633.0816650390625, 130.63613891601562, 39.5859375]}]}