{"image_path": "/home/hyem/workspace/frankmocap_notebooks/images/IODxDxX7oi/scene_00003548.jpg", "body_bbox_list": [[432, 217, 402, 433]], "hand_bbox_list": [{"left_hand": [776.6321411132812, 624.0053100585938, 108.88165283203125, 41.95513916015625], "right_hand": [392.9432678222656, 630.6572265625, 121.25039672851562, 43.9481201171875]}]}