{"image_path": "/home/hyem/workspace/frankmocap_notebooks/images/IODxDxX7oi/scene_00006130.jpg", "body_bbox_list": [[241, 325, 378, 143], [783, 292, 346, 136]], "hand_bbox_list": [{"left_hand": [368.5791015625, 459.11663818359375, 77.88153076171875, 34.799468994140625], "right_hand": null}, {"left_hand": [916.5503540039062, 412.55438232421875, 28.12432861328125, 29.6767578125], "right_hand": [916.5503540039062, 412.55438232421875, 28.12432861328125, 29.6767578125]}]}