{"image_path": "/home/hyem/workspace/frankmocap_notebooks/images/IODxDxX7oi/scene_00002299.jpg", "body_bbox_list": [[170, 240, 959, 409]], "hand_bbox_list": [{"left_hand": [297.22845458984375, 640.4359130859375, 130.14395141601562, 42.50311279296875], "right_hand": [297.22845458984375, 640.4359130859375, 130.14395141601562, 42.50311279296875]}]}