{"image_path": "/home/hyem/workspace/frankmocap_notebooks/images/IODxDxX7oi/scene_00000284.jpg", "body_bbox_list": [[332, 503, 731, 69], [609, 488, 199, 172], [483, 565, 7, 80]], "hand_bbox_list": [{"left_hand": null, "right_hand": null}, {"left_hand": [681.7288818359375, 659.2869873046875, 132.4771728515625, 43.37835693359375], "right_hand": null}, {"left_hand": null, "right_hand": [391.0590515136719, 642.975830078125, 126.61441040039062, 42.98785400390625]}]}