{"image_path": "/home/hyem/workspace/frankmocap_notebooks/images/IODxDxX7oi/scene_00001939.jpg", "body_bbox_list": [[75, 482, 446, 161], [816, 529, 359, 118]], "hand_bbox_list": [{"left_hand": [445.0286560058594, 627.3797607421875, 115.84036254882812, 38.57763671875], "right_hand": [62.3616828918457, 635.4856567382812, 121.36781311035156, 38.15869140625]}, {"left_hand": [1003.691650390625, 633.0668334960938, 91.856201171875, 41.306396484375], "right_hand": [902.2962036132812, 632.8873901367188, 95.13653564453125, 42.9984130859375]}]}