{"image_path": "/home/hyem/workspace/frankmocap_notebooks/images/IODxDxX7oi/scene_00003826.jpg", "body_bbox_list": [[107, 410, 737, 243]], "hand_bbox_list": [{"left_hand": [305.5045471191406, 633.0997924804688, 132.62173461914062, 48.4853515625], "right_hand": null}]}