{"image_path": "/home/hyem/workspace/frankmocap_notebooks/images/IODxDxX7oi/scene_00000732.jpg", "body_bbox_list": [[254, 376, 718, 148]], "hand_bbox_list": [{"left_hand": null, "right_hand": [562.3994140625, 510.2445068359375, 129.12701416015625, 56.486572265625]}]}