{"image_path": "/home/hyem/workspace/frankmocap_notebooks/images/IODxDxX7oi/scene_00002651.jpg", "body_bbox_list": [[148, 286, 717, 378], [596, 357, 495, 180]], "hand_bbox_list": [{"left_hand": [158.20916748046875, 633.9443359375, 122.30450439453125, 40.7672119140625], "right_hand": null}, {"left_hand": null, "right_hand": null}]}