{"image_path": "/home/hyem/workspace/frankmocap_notebooks/images/IODxDxX7oi/scene_00002961.jpg", "body_bbox_list": [[465, 210, 297, 441]], "hand_bbox_list": [{"left_hand": null, "right_hand": [413.5086975097656, 631.5540771484375, 131.58218383789062, 40.93408203125]}]}