{"image_path": "/home/hyem/workspace/frankmocap_notebooks/images/IODxDxX7oi/scene_00001516.jpg", "body_bbox_list": [[81, 210, 817, 452]], "hand_bbox_list": [{"left_hand": [163.63392639160156, 636.5900268554688, 155.1064910888672, 51.6790771484375], "right_hand": [163.63392639160156, 636.5900268554688, 155.1064910888672, 51.6790771484375]}]}