{"image_path": "/home/hyem/workspace/frankmocap_notebooks/images/IODxDxX7oi/scene_00006224.jpg", "body_bbox_list": [[747, 235, 267, 278], [93, 181, 286, 223]], "hand_bbox_list": [{"left_hand": null, "right_hand": null}, {"left_hand": [279.2612609863281, 395.6333312988281, 136.6126708984375, 37.610565185546875], "right_hand": [279.2612609863281, 395.6333312988281, 136.6126708984375, 37.610565185546875]}]}