{"image_path": "/home/hyem/workspace/frankmocap_notebooks/images/IODxDxX7oi/scene_00000236.jpg", "body_bbox_list": [[295, 274, 693, 403], [801, 399, 215, 136]], "hand_bbox_list": [{"left_hand": [632.431884765625, 657.4443359375, 128.59881591796875, 47.343994140625], "right_hand": [343.8318176269531, 644.3424682617188, 122.54391479492188, 43.22796630859375]}, {"left_hand": null, "right_hand": null}]}