{"image_path": "/home/hyem/workspace/frankmocap_notebooks/images/IODxDxX7oi/scene_00005386.jpg", "body_bbox_list": [[181, 0, 848, 460], [745, 167, 310, 302]], "hand_bbox_list": [{"left_hand": [335.1386413574219, 16.328672409057617, 392.0362243652344, 369.9169921875], "right_hand": null}, {"left_hand": null, "right_hand": null}]}