{"image_path": "/home/hyem/workspace/frankmocap_notebooks/images/IODxDxX7oi/scene_00002892.jpg", "body_bbox_list": [[419, 264, 422, 389], [513, 278, 229, 74]], "hand_bbox_list": [{"left_hand": [773.2814331054688, 626.4971313476562, 117.81201171875, 39.96832275390625], "right_hand": [389.805419921875, 633.7366333007812, 123.641845703125, 40.15277099609375]}, {"left_hand": null, "right_hand": null}]}