{"image_path": "/home/hyem/workspace/frankmocap_notebooks/images/IODxDxX7oi/scene_00003228.jpg", "body_bbox_list": [[382, 235, 508, 414]], "hand_bbox_list": [{"left_hand": [801.8925170898438, 625.3562622070312, 97.30108642578125, 43.55474853515625], "right_hand": [379.6808166503906, 639.3154296875, 107.91552734375, 39.4166259765625]}]}