{"image_path": "/home/hyem/workspace/frankmocap_notebooks/images/IODxDxX7oi/scene_00001019.jpg", "body_bbox_list": [[77, 470, 639, 180]], "hand_bbox_list": [{"left_hand": [284.63397216796875, 641.0189208984375, 128.26519775390625, 41.73858642578125], "right_hand": null}]}