{"image_path": "/home/hyem/workspace/frankmocap_notebooks/images/IODxDxX7oi/scene_00004444.jpg", "body_bbox_list": [[170, 302, 959, 408]], "hand_bbox_list": [{"left_hand": [310.4415283203125, 633.8462524414062, 74.65707397460938, 84.05517578125], "right_hand": null}]}