{"image_path": "/home/hyem/workspace/frankmocap_notebooks/images/IODxDxX7oi/scene_00002302.jpg", "body_bbox_list": [[176, 240, 953, 409]], "hand_bbox_list": [{"left_hand": null, "right_hand": [295.3710632324219, 640.0261840820312, 133.562255859375, 43.4185791015625]}]}