{"image_path": "/home/hyem/workspace/frankmocap_notebooks/images/IODxDxX7oi/scene_00005729.jpg", "body_bbox_list": [[104, 500, 327, 142]], "hand_bbox_list": [{"left_hand": [282.5714416503906, 646.8549194335938, 126.00274658203125, 37.5859375], "right_hand": null}]}