{"image_path": "/home/hyem/workspace/frankmocap_notebooks/images/IODxDxX7oi/scene_00001868.jpg", "body_bbox_list": [[396, 446, 457, 199]], "hand_bbox_list": [{"left_hand": [774.4384155273438, 626.7626342773438, 115.40325927734375, 39.88372802734375], "right_hand": [391.9642639160156, 635.4756469726562, 126.94290161132812, 38.35040283203125]}]}