{"image_path": "/home/hyem/workspace/frankmocap_notebooks/images/IODxDxX7oi/scene_00005819.jpg", "body_bbox_list": [[63, 500, 842, 148], [333, 492, 223, 180], [624, 539, 248, 25]], "hand_bbox_list": [{"left_hand": null, "right_hand": null}, {"left_hand": [443.2045593261719, 669.9335327148438, 131.72048950195312, 41.5938720703125], "right_hand": null}, {"left_hand": null, "right_hand": null}]}