{"image_path": "/home/hyem/workspace/frankmocap_notebooks/images/IODxDxX7oi/scene_00000250.jpg", "body_bbox_list": [[286, 469, 755, 199], [794, 526, 229, 45]], "hand_bbox_list": [{"left_hand": [645.5507202148438, 656.3380126953125, 132.88671875, 48.79180908203125], "right_hand": [356.4282531738281, 645.7230834960938, 125.0032958984375, 41.08831787109375]}, {"left_hand": null, "right_hand": null}]}