{"image_path": "/home/hyem/workspace/frankmocap_notebooks/images/IODxDxX7oi/scene_00000212.jpg", "body_bbox_list": [[316, 139, 718, 544]], "hand_bbox_list": [{"left_hand": [611.0532836914062, 659.816650390625, 128.03076171875, 44.718505859375], "right_hand": [321.81005859375, 644.2601318359375, 126.7119140625, 43.44537353515625]}]}