{"image_path": "/home/hyem/workspace/frankmocap_notebooks/images/IODxDxX7oi/scene_00005039.jpg", "body_bbox_list": [[160, 494, 321, 148], [577, 522, 539, 31]], "hand_bbox_list": [{"left_hand": [298.35235595703125, 645.2073364257812, 128.35507202148438, 36.71075439453125], "right_hand": null}, {"left_hand": null, "right_hand": null}]}