{"image_path": "/home/hyem/workspace/frankmocap_notebooks/images/IODxDxX7oi/scene_00002417.jpg", "body_bbox_list": [[179, 501, 390, 129], [175, 530, 123, 88]], "hand_bbox_list": [{"left_hand": [454.00689697265625, 636.3045654296875, 118.2159423828125, 43.5142822265625], "right_hand": null}, {"left_hand": null, "right_hand": null}]}