{"image_path": "/home/hyem/workspace/frankmocap_notebooks/images/IODxDxX7oi/scene_00001873.jpg", "body_bbox_list": [[407, 381, 452, 267]], "hand_bbox_list": [{"left_hand": [773.7384643554688, 627.1926879882812, 115.19244384765625, 39.861328125], "right_hand": [392.4202575683594, 635.2503662109375, 127.59616088867188, 38.61297607421875]}]}