{"image_path": "/home/hyem/workspace/frankmocap_notebooks/images/IODxDxX7oi/scene_00005342.jpg", "body_bbox_list": [[128, 380, 402, 191], [853, 441, 156, 69]], "hand_bbox_list": [{"left_hand": null, "right_hand": [167.60899353027344, 572.5762939453125, 166.31617736816406, 58.3912353515625]}, {"left_hand": null, "right_hand": null}]}