{"image_path": "/home/hyem/workspace/frankmocap_notebooks/images/IODxDxX7oi/scene_00001968.jpg", "body_bbox_list": [[93, 210, 422, 446], [896, 192, 199, 471]], "hand_bbox_list": [{"left_hand": [443.62353515625, 625.7523803710938, 118.07586669921875, 40.55157470703125], "right_hand": [63.46422576904297, 633.6553955078125, 120.8927230834961, 40.1466064453125]}, {"left_hand": [997.7197875976562, 631.73291015625, 97.09393310546875, 42.216796875], "right_hand": [907.14599609375, 634.7044677734375, 94.81951904296875, 40.99462890625]}]}