{"image_path": "/home/hyem/workspace/frankmocap_notebooks/images/IODxDxX7oi/scene_00003505.jpg", "body_bbox_list": [[431, 500, 156, 142]], "hand_bbox_list": [{"left_hand": null, "right_hand": [392.7592468261719, 635.1362915039062, 124.42605590820312, 38.78228759765625]}]}