{"image_path": "/home/hyem/workspace/frankmocap_notebooks/images/IODxDxX7oi/scene_00001486.jpg", "body_bbox_list": [[98, 205, 558, 451]], "hand_bbox_list": [{"left_hand": [163.50961303710938, 636.858642578125, 154.9005126953125, 51.42913818359375], "right_hand": null}]}