{"image_path": "/home/hyem/workspace/frankmocap_notebooks/images/IODxDxX7oi/scene_00000698.jpg", "body_bbox_list": [[149, 49, 793, 538]], "hand_bbox_list": [{"left_hand": [697.669921875, 473.84613037109375, 116.23712158203125, 46.7347412109375], "right_hand": [533.8355102539062, 554.2611083984375, 150.7576904296875, 71.44207763671875]}]}