{"image_path": "/home/hyem/workspace/frankmocap_notebooks/images/IODxDxX7oi/scene_00005657.jpg", "body_bbox_list": [[146, 500, 383, 148], [106, 532, 18, 50]], "hand_bbox_list": [{"left_hand": [285.595458984375, 642.41552734375, 126.86895751953125, 40.368896484375], "right_hand": null}, {"left_hand": null, "right_hand": null}]}