{"image_path": "/home/hyem/workspace/frankmocap_notebooks/images/IODxDxX7oi/scene_00005938.jpg", "body_bbox_list": [[177, 493, 799, 173], [714, 543, 248, 56]], "hand_bbox_list": [{"left_hand": [553.07421875, 660.7777099609375, 130.91986083984375, 49.0338134765625], "right_hand": null}, {"left_hand": null, "right_hand": null}]}