{"image_path": "/home/hyem/workspace/frankmocap_notebooks/images/IODxDxX7oi/scene_00003435.jpg", "body_bbox_list": [[509, 235, 321, 408], [542, 250, 210, 74]], "hand_bbox_list": [{"left_hand": [775.3001098632812, 626.5310668945312, 116.78216552734375, 40.50048828125], "right_hand": null}, {"left_hand": null, "right_hand": null}]}