{"image_path": "/home/hyem/workspace/frankmocap_notebooks/images/IODxDxX7oi/scene_00002768.jpg", "body_bbox_list": [[433, 505, 113, 137]], "hand_bbox_list": [{"left_hand": null, "right_hand": [392.2571105957031, 635.2728881835938, 124.75381469726562, 38.5606689453125]}]}