{"image_path": "/home/hyem/workspace/frankmocap_notebooks/images/IODxDxX7oi/scene_00003166.jpg", "body_bbox_list": [[377, 500, 124, 142], [782, 494, 118, 137], [537, 520, 186, 85]], "hand_bbox_list": [{"left_hand": null, "right_hand": [377.694580078125, 639.3199462890625, 106.064208984375, 39.0303955078125]}, {"left_hand": [800.2109375, 630.8555297851562, 98.89923095703125, 38.92919921875], "right_hand": null}, {"left_hand": null, "right_hand": null}]}