{"image_path": "/home/hyem/workspace/frankmocap_notebooks/images/IODxDxX7oi/scene_00003631.jpg", "body_bbox_list": [[419, 264, 422, 389], [513, 278, 229, 74]], "hand_bbox_list": [{"left_hand": [773.1048583984375, 626.2440795898438, 118.93927001953125, 40.34893798828125], "right_hand": [390.52001953125, 634.0355224609375, 120.6148681640625, 40.02044677734375]}, {"left_hand": null, "right_hand": null}]}