{"image_path": "/home/hyem/workspace/frankmocap_notebooks/images/IODxDxX7oi/scene_00000255.jpg", "body_bbox_list": [[286, 499, 750, 167], [806, 522, 216, 25]], "hand_bbox_list": [{"left_hand": [650.3671875, 657.2957153320312, 132.53045654296875, 47.99176025390625], "right_hand": [359.5384521484375, 644.3812255859375, 125.8917236328125, 42.080078125]}, {"left_hand": null, "right_hand": null}]}