{"image_path": "/home/hyem/workspace/frankmocap_notebooks/images/IODxDxX7oi/scene_00000533.jpg", "body_bbox_list": [[213, 134, 137, 278], [746, 131, 55, 452]], "hand_bbox_list": [{"left_hand": null, "right_hand": null}, {"left_hand": [715.9158935546875, 565.9041748046875, 164.9351806640625, 86.74169921875], "right_hand": null}]}