{"image_path": "/home/hyem/workspace/frankmocap_notebooks/images/IODxDxX7oi/scene_00004836.jpg", "body_bbox_list": [[133, 363, 302, 292]], "hand_bbox_list": [{"left_hand": [281.3394775390625, 638.716796875, 129.57577514648438, 45.38812255859375], "right_hand": null}]}