{"image_path": "/home/hyem/workspace/frankmocap_notebooks/images/IODxDxX7oi/scene_00005224.jpg", "body_bbox_list": [[199, 156, 576, 414], [753, 274, 283, 167]], "hand_bbox_list": [{"left_hand": null, "right_hand": [175.68826293945312, 559.4725341796875, 162.627197265625, 55.8214111328125]}, {"left_hand": null, "right_hand": null}]}