{"image_path": "/home/hyem/workspace/frankmocap_notebooks/images/IODxDxX7oi/scene_00000332.jpg", "body_bbox_list": [[424, 180, 688, 489]], "hand_bbox_list": [{"left_hand": [739.1239013671875, 652.3930053710938, 133.4285888671875, 48.22930908203125], "right_hand": [437.1353454589844, 639.738525390625, 126.84768676757812, 43.2628173828125]}]}