{"image_path": "/home/hyem/workspace/frankmocap_notebooks/images/IODxDxX7oi/scene_00006379.jpg", "body_bbox_list": [[773, 184, 327, 397], [105, 214, 161, 248], [363, 310, 56, 129], [191, 433, 18, 6]], "hand_bbox_list": [{"left_hand": [741.0515747070312, 357.0960693359375, 49.48046875, 38.30804443359375], "right_hand": null}, {"left_hand": null, "right_hand": [115.15383911132812, 191.56292724609375, 162.40283203125, 147.71316528320312]}, {"left_hand": null, "right_hand": null}, {"left_hand": null, "right_hand": null}]}