{"image_path": "/home/hyem/workspace/frankmocap_notebooks/images/IODxDxX7oi/scene_00006135.jpg", "body_bbox_list": [[260, 261, 341, 210], [1122, 281, 74, 118], [836, 302, 291, 26]], "hand_bbox_list": [{"left_hand": [385.2087707519531, 460.3280029296875, 79.86016845703125, 34.753082275390625], "right_hand": [378.72314453125, 412.3183288574219, 41.826324462890625, 36.175933837890625]}, {"left_hand": null, "right_hand": null}, {"left_hand": null, "right_hand": null}]}