{"image_path": "/home/hyem/workspace/frankmocap_notebooks/images/IODxDxX7oi/scene_00003903.jpg", "body_bbox_list": [[131, 488, 458, 161]], "hand_bbox_list": [{"left_hand": [310.4614562988281, 632.6221923828125, 125.81405639648438, 49.4559326171875], "right_hand": null}]}