{"image_path": "/home/hyem/workspace/frankmocap_notebooks/images/IODxDxX7oi/scene_00005976.jpg", "body_bbox_list": [[243, 328, 718, 346], [743, 416, 235, 124]], "hand_bbox_list": [{"left_hand": [587.925048828125, 656.401611328125, 136.87158203125, 50.04974365234375], "right_hand": [307.4490966796875, 646.25927734375, 121.41339111328125, 42.23681640625]}, {"left_hand": null, "right_hand": null}]}