{"image_path": "/home/hyem/workspace/frankmocap_notebooks/images/IODxDxX7oi/scene_00005915.jpg", "body_bbox_list": [[189, 315, 798, 360], [710, 410, 234, 137]], "hand_bbox_list": [{"left_hand": [528.7073364257812, 659.9480590820312, 138.174560546875, 48.8385009765625], "right_hand": [254.80970764160156, 647.718017578125, 124.42018127441406, 43.6180419921875]}, {"left_hand": null, "right_hand": null}]}