{"image_path": "/home/hyem/workspace/frankmocap_notebooks/images/IODxDxX7oi/scene_00001833.jpg", "body_bbox_list": [[413, 435, 446, 216]], "hand_bbox_list": [{"left_hand": [776.5784912109375, 628.1369018554688, 106.50787353515625, 38.08465576171875], "right_hand": [392.4248046875, 635.6871337890625, 126.440673828125, 37.99957275390625]}]}