{"image_path": "/home/hyem/workspace/frankmocap_notebooks/images/IODxDxX7oi/scene_00002057.jpg", "body_bbox_list": [[210, 252, 699, 408], [654, 345, 481, 199]], "hand_bbox_list": [{"left_hand": [298.3804626464844, 637.927734375, 128.70928955078125, 44.8031005859375], "right_hand": null}, {"left_hand": null, "right_hand": null}]}