{"image_path": "/home/hyem/workspace/frankmocap_notebooks/images/IODxDxX7oi/scene_00000671.jpg", "body_bbox_list": [[97, 179, 965, 137], [466, 204, 283, 335]], "hand_bbox_list": [{"left_hand": null, "right_hand": null}, {"left_hand": null, "right_hand": [488.29193115234375, 506.3005676269531, 172.204345703125, 86.21633911132812]}]}