{"image_path": "/home/hyem/workspace/frankmocap_notebooks/images/IODxDxX7oi/scene_00006378.jpg", "body_bbox_list": [[761, 184, 340, 397], [99, 221, 167, 210], [363, 310, 56, 129]], "hand_bbox_list": [{"left_hand": [733.5619506835938, 355.44390869140625, 54.12908935546875, 36.254180908203125], "right_hand": null}, {"left_hand": null, "right_hand": [116.66531372070312, 192.69342041015625, 162.9569091796875, 147.3616943359375]}, {"left_hand": null, "right_hand": null}]}