{"image_path": "/home/hyem/workspace/frankmocap_notebooks/images/IODxDxX7oi/scene_00002898.jpg", "body_bbox_list": [[414, 369, 432, 286]], "hand_bbox_list": [{"left_hand": [773.4301147460938, 626.8656005859375, 117.0556640625, 39.7037353515625], "right_hand": [390.0859375, 634.5499877929688, 121.54266357421875, 39.45562744140625]}]}