{"image_path": "/home/hyem/workspace/frankmocap_notebooks/images/IODxDxX7oi/scene_00002121.jpg", "body_bbox_list": [[117, 470, 638, 180]], "hand_bbox_list": [{"left_hand": [297.7972717285156, 637.2402954101562, 130.16046142578125, 48.24176025390625], "right_hand": null}]}