{"image_path": "/home/hyem/workspace/frankmocap_notebooks/images/IODxDxX7oi/scene_00000201.jpg", "body_bbox_list": [[275, 221, 755, 452]], "hand_bbox_list": [{"left_hand": [598.7335815429688, 658.8275756835938, 130.23175048828125, 45.74224853515625], "right_hand": [311.8704833984375, 643.8699951171875, 125.80459594726562, 45.2518310546875]}]}