{"image_path": "/home/hyem/workspace/frankmocap_notebooks/images/IODxDxX7oi/scene_00002235.jpg", "body_bbox_list": [[108, 441, 718, 210]], "hand_bbox_list": [{"left_hand": [301.5155944824219, 641.6399536132812, 124.18814086914062, 41.351806640625], "right_hand": null}]}