{"image_path": "/home/hyem/workspace/frankmocap_notebooks/images/IODxDxX7oi/scene_00004001.jpg", "body_bbox_list": [[174, 287, 997, 371]], "hand_bbox_list": [{"left_hand": [310.1557312011719, 631.2100830078125, 130.80972290039062, 51.82769775390625], "right_hand": null}]}