{"image_path": "/home/hyem/workspace/frankmocap_notebooks/images/IODxDxX7oi/scene_00003269.jpg", "body_bbox_list": [[380, 500, 180, 148]], "hand_bbox_list": [{"left_hand": null, "right_hand": [377.07470703125, 640.0601196289062, 105.59909057617188, 38.56195068359375]}]}