{"image_path": "/home/hyem/workspace/frankmocap_notebooks/images/IODxDxX7oi/scene_00006184.jpg", "body_bbox_list": [[823, 158, 346, 359], [107, 237, 354, 224]], "hand_bbox_list": [{"left_hand": [774.6349487304688, 303.6203918457031, 70.4920654296875, 75.00460815429688], "right_hand": null}, {"left_hand": null, "right_hand": [317.79583740234375, 437.3923645019531, 100.55880737304688, 42.935211181640625]}]}