{"image_path": "/home/hyem/workspace/frankmocap_notebooks/images/IODxDxX7oi/scene_00001946.jpg", "body_bbox_list": [[63, 411, 470, 235], [816, 458, 359, 186]], "hand_bbox_list": [{"left_hand": [444.1329650878906, 627.0123901367188, 117.58096313476562, 38.974609375], "right_hand": [62.08952331542969, 635.382568359375, 123.04649353027344, 38.17230224609375]}, {"left_hand": [1003.2362670898438, 629.8853759765625, 91.53851318359375, 43.8927001953125], "right_hand": [904.5426635742188, 633.967041015625, 95.1729736328125, 41.76397705078125]}]}