{"image_path": "/home/hyem/workspace/frankmocap_notebooks/images/IODxDxX7oi/scene_00000792.jpg", "body_bbox_list": [[410, 208, 519, 378]], "hand_bbox_list": [{"left_hand": [768.2512817382812, 512.4312744140625, 93.86370849609375, 45.19769287109375], "right_hand": [586.1163940429688, 564.7738647460938, 111.514892578125, 57.8372802734375]}]}