{"image_path": "/home/hyem/workspace/frankmocap_notebooks/images/IODxDxX7oi/scene_00000810.jpg", "body_bbox_list": [[415, 403, 520, 173]], "hand_bbox_list": [{"left_hand": null, "right_hand": [573.3873291015625, 566.3290405273438, 107.187255859375, 57.1229248046875]}]}