{"image_path": "/home/hyem/workspace/frankmocap_notebooks/images/IODxDxX7oi/scene_00001345.jpg", "body_bbox_list": [[157, 311, 1002, 346], [217, 341, 180, 297]], "hand_bbox_list": [{"left_hand": null, "right_hand": [281.56732177734375, 641.380859375, 126.94290161132812, 42.66717529296875]}, {"left_hand": [281.56732177734375, 641.380859375, 126.94290161132812, 42.66717529296875], "right_hand": null}]}