{"image_path": "/home/hyem/workspace/frankmocap_notebooks/images/IODxDxX7oi/scene_00005152.jpg", "body_bbox_list": [[210, 293, 205, 354], [683, 381, 451, 155]], "hand_bbox_list": [{"left_hand": [296.93499755859375, 637.303955078125, 133.62750244140625, 45.9715576171875], "right_hand": null}, {"left_hand": null, "right_hand": null}]}