{"image_path": "/home/hyem/workspace/frankmocap_notebooks/images/IODxDxX7oi/scene_00002396.jpg", "body_bbox_list": [[203, 335, 359, 303], [642, 339, 476, 199], [160, 332, 698, 129]], "hand_bbox_list": [{"left_hand": [451.2744445800781, 627.2348022460938, 125.83877563476562, 52.57208251953125], "right_hand": null}, {"left_hand": null, "right_hand": null}, {"left_hand": null, "right_hand": null}]}