{"image_path": "/home/hyem/workspace/frankmocap_notebooks/images/IODxDxX7oi/scene_00006097.jpg", "body_bbox_list": [[208, 231, 378, 235], [769, 287, 167, 129]], "hand_bbox_list": [{"left_hand": [194.04330444335938, 450.5350036621094, 101.15695190429688, 65.62008666992188], "right_hand": [194.04330444335938, 450.5350036621094, 101.15695190429688, 65.62008666992188]}, {"left_hand": null, "right_hand": [776.3245239257812, 287.2326354980469, 162.407470703125, 141.04232788085938]}]}