{"image_path": "/home/hyem/workspace/frankmocap_notebooks/images/IODxDxX7oi/scene_00005969.jpg", "body_bbox_list": [[219, 410, 749, 260], [742, 462, 243, 88]], "hand_bbox_list": [{"left_hand": [581.2744140625, 657.50927734375, 134.47674560546875, 50.31201171875], "right_hand": [299.5679016113281, 647.8626708984375, 127.5560302734375, 41.65869140625]}, {"left_hand": null, "right_hand": null}]}