{"image_path": "/home/hyem/workspace/frankmocap_notebooks/images/IODxDxX7oi/scene_00001352.jpg", "body_bbox_list": [[151, 306, 1008, 327]], "hand_bbox_list": [{"left_hand": [279.49261474609375, 640.9902954101562, 130.4044189453125, 42.80517578125], "right_hand": null}]}