{"image_path": "/home/hyem/workspace/frankmocap_notebooks/images/IODxDxX7oi/scene_00001253.jpg", "body_bbox_list": [[188, 316, 451, 341], [683, 399, 457, 142], [217, 334, 185, 311]], "hand_bbox_list": [{"left_hand": null, "right_hand": [283.8978576660156, 641.05615234375, 127.0157470703125, 41.56298828125]}, {"left_hand": null, "right_hand": null}, {"left_hand": [283.8978576660156, 641.05615234375, 127.0157470703125, 41.56298828125], "right_hand": null}]}