{"image_path": "/home/hyem/workspace/frankmocap_notebooks/images/IODxDxX7oi/scene_00002405.jpg", "body_bbox_list": [[171, 411, 451, 230]], "hand_bbox_list": [{"left_hand": [456.6488342285156, 631.4476318359375, 118.70407104492188, 46.964111328125], "right_hand": null}]}