{"image_path": "/home/hyem/workspace/frankmocap_notebooks/images/IODxDxX7oi/scene_00002091.jpg", "body_bbox_list": [[132, 505, 327, 137], [135, 542, 118, 80]], "hand_bbox_list": [{"left_hand": [297.49951171875, 647.3676147460938, 129.90570068359375, 35.5960693359375], "right_hand": null}, {"left_hand": null, "right_hand": null}]}