{"image_path": "/home/hyem/workspace/frankmocap_notebooks/images/IODxDxX7oi/scene_00003333.jpg", "body_bbox_list": [[376, 500, 142, 142], [544, 520, 172, 85], [789, 489, 104, 136]], "hand_bbox_list": [{"left_hand": null, "right_hand": [377.0201721191406, 639.3839111328125, 104.11444091796875, 39.2247314453125]}, {"left_hand": null, "right_hand": null}, {"left_hand": [798.8848266601562, 631.48486328125, 100.65301513671875, 38.5133056640625], "right_hand": null}]}