{"image_path": "/home/hyem/workspace/frankmocap_notebooks/images/IODxDxX7oi/scene_00000428.jpg", "body_bbox_list": [[394, 152, 484, 484]], "hand_bbox_list": [{"left_hand": [768.5097045898438, 595.4616088867188, 154.177490234375, 88.10028076171875], "right_hand": [370.901611328125, 616.4409790039062, 164.41656494140625, 98.31915283203125]}]}