{"image_path": "/home/hyem/workspace/frankmocap_notebooks/images/IODxDxX7oi/scene_00002330.jpg", "body_bbox_list": [[146, 476, 484, 156]], "hand_bbox_list": [{"left_hand": [452.1387023925781, 632.5311279296875, 122.66494750976562, 46.66265869140625], "right_hand": null}]}