{"image_path": "/home/hyem/workspace/frankmocap_notebooks/images/IODxDxX7oi/scene_00004609.jpg", "body_bbox_list": [[166, 279, 940, 427]], "hand_bbox_list": [{"left_hand": [306.4662780761719, 637.2117919921875, 68.49130249023438, 78.11016845703125], "right_hand": null}]}