{"image_path": "/home/hyem/workspace/frankmocap_notebooks/images/IODxDxX7oi/scene_00000803.jpg", "body_bbox_list": [[556, 384, 390, 199], [427, 404, 142, 31]], "hand_bbox_list": [{"left_hand": [765.2349853515625, 521.4203491210938, 91.87579345703125, 44.2589111328125], "right_hand": [568.8367919921875, 569.1197509765625, 108.939697265625, 57.3685302734375]}, {"left_hand": null, "right_hand": null}]}