{"image_path": "/home/hyem/workspace/frankmocap_notebooks/images/IODxDxX7oi/scene_00002578.jpg", "body_bbox_list": [[124, 399, 972, 259]], "hand_bbox_list": [{"left_hand": [160.37498474121094, 632.1129760742188, 119.37355041503906, 42.48309326171875], "right_hand": [160.37498474121094, 632.1129760742188, 119.37355041503906, 42.48309326171875]}]}