{"image_path": "/home/hyem/workspace/frankmocap_notebooks/images/IODxDxX7oi/scene_00003970.jpg", "body_bbox_list": [[197, 239, 984, 422]], "hand_bbox_list": [{"left_hand": [310.7359619140625, 632.7163696289062, 128.84164428710938, 50.25762939453125], "right_hand": null}]}