{"image_path": "/home/hyem/workspace/frankmocap_notebooks/images/IODxDxX7oi/scene_00004901.jpg", "body_bbox_list": [[119, 287, 983, 371]], "hand_bbox_list": [{"left_hand": [281.6444396972656, 638.8736572265625, 130.21859741210938, 44.8160400390625], "right_hand": null}]}