{"image_path": "/home/hyem/workspace/frankmocap_notebooks/images/IODxDxX7oi/scene_00004667.jpg", "body_bbox_list": [[176, 334, 717, 316], [624, 393, 495, 142], [217, 334, 185, 316]], "hand_bbox_list": [{"left_hand": null, "right_hand": [282.6515197753906, 641.3739013671875, 127.17843627929688, 42.93328857421875]}, {"left_hand": null, "right_hand": null}, {"left_hand": [282.6515197753906, 641.3739013671875, 127.17843627929688, 42.93328857421875], "right_hand": null}]}