{"image_path": "/home/hyem/workspace/frankmocap_notebooks/images/IODxDxX7oi/scene_00000644.jpg", "body_bbox_list": [[437, 282, 167, 235], [967, 416, 142, 124]], "hand_bbox_list": [{"left_hand": null, "right_hand": [435.98736572265625, 491.7560729980469, 202.97698974609375, 104.35617065429688]}, {"left_hand": null, "right_hand": null}]}