{"image_path": "/home/hyem/workspace/frankmocap_notebooks/images/IODxDxX7oi/scene_00000787.jpg", "body_bbox_list": [[375, 162, 538, 408]], "hand_bbox_list": [{"left_hand": [771.9660034179688, 502.90850830078125, 97.0496826171875, 42.6802978515625], "right_hand": [599.76708984375, 555.5161743164062, 110.00811767578125, 54.96270751953125]}]}