{"image_path": "/home/hyem/workspace/frankmocap_notebooks/images/IODxDxX7oi/scene_00004322.jpg", "body_bbox_list": [[184, 193, 414, 458], [637, 205, 470, 321]], "hand_bbox_list": [{"left_hand": null, "right_hand": [339.99591064453125, 521.4012451171875, 117.75515747070312, 159.90673828125]}, {"left_hand": null, "right_hand": null}]}