{"image_path": "/home/hyem/workspace/frankmocap_notebooks/images/IODxDxX7oi/scene_00003236.jpg", "body_bbox_list": [[376, 316, 519, 341]], "hand_bbox_list": [{"left_hand": [802.3746337890625, 626.9973754882812, 97.8570556640625, 41.67633056640625], "right_hand": [376.9288024902344, 639.3875122070312, 109.61676025390625, 39.1669921875]}]}