{"image_path": "/home/hyem/workspace/frankmocap_notebooks/images/IODxDxX7oi/scene_00001193.jpg", "body_bbox_list": [[96, 464, 500, 186]], "hand_bbox_list": [{"left_hand": [285.7310791015625, 641.4866333007812, 126.09793090820312, 41.60052490234375], "right_hand": null}]}