{"image_path": "/home/hyem/workspace/frankmocap_notebooks/images/IODxDxX7oi/scene_00001570.jpg", "body_bbox_list": [[86, 211, 818, 427]], "hand_bbox_list": [{"left_hand": null, "right_hand": [163.92247009277344, 637.063232421875, 154.5790252685547, 51.26739501953125]}]}