{"image_path": "/home/hyem/workspace/frankmocap_notebooks/images/IODxDxX7oi/scene_00000859.jpg", "body_bbox_list": [[537, 160, 327, 440]], "hand_bbox_list": [{"left_hand": [818.017333984375, 555.87158203125, 105.0291748046875, 56.75750732421875], "right_hand": [561.050537109375, 588.0274658203125, 103.12091064453125, 68.7620849609375]}]}