{"image_path": "/home/hyem/workspace/frankmocap_notebooks/images/IODxDxX7oi/scene_00003431.jpg", "body_bbox_list": [[449, 240, 384, 409]], "hand_bbox_list": [{"left_hand": [775.0711059570312, 626.6841430664062, 116.97955322265625, 40.1846923828125], "right_hand": [406.3128356933594, 628.870361328125, 120.50650024414062, 45.06048583984375]}]}