{"image_path": "/home/hyem/workspace/frankmocap_notebooks/images/IODxDxX7oi/scene_00002052.jpg", "body_bbox_list": [[93, 199, 422, 457], [891, 216, 204, 440]], "hand_bbox_list": [{"left_hand": [443.4217529296875, 625.2939453125, 117.839111328125, 41.186767578125], "right_hand": [63.01090621948242, 633.2978515625, 121.11845397949219, 40.56494140625]}, {"left_hand": [1005.2609252929688, 631.9197387695312, 88.80084228515625, 42.4017333984375], "right_hand": [907.293701171875, 634.5015258789062, 100.687744140625, 41.2078857421875]}]}