{"image_path": "/home/hyem/workspace/frankmocap_notebooks/images/IODxDxX7oi/scene_00003254.jpg", "body_bbox_list": [[364, 488, 532, 161]], "hand_bbox_list": [{"left_hand": [799.6976928710938, 631.953369140625, 99.372802734375, 38.15777587890625], "right_hand": [377.5567626953125, 639.4835205078125, 104.02316284179688, 39.084228515625]}]}