{"image_path": "/home/hyem/workspace/frankmocap_notebooks/images/IODxDxX7oi/scene_00001070.jpg", "body_bbox_list": [[148, 264, 706, 389], [602, 345, 484, 205]], "hand_bbox_list": [{"left_hand": [282.93621826171875, 639.9671630859375, 130.76748657226562, 42.74053955078125], "right_hand": [282.93621826171875, 639.9671630859375, 130.76748657226562, 42.74053955078125]}, {"left_hand": null, "right_hand": null}]}