{"image_path": "/home/hyem/workspace/frankmocap_notebooks/images/IODxDxX7oi/scene_00000662.jpg", "body_bbox_list": [[468, 264, 611, 248]], "hand_bbox_list": [{"left_hand": null, "right_hand": [474.6853942871094, 491.5179138183594, 176.04006958007812, 90.42391967773438]}]}