{"image_path": "/home/hyem/workspace/frankmocap_notebooks/images/IODxDxX7oi/scene_00001875.jpg", "body_bbox_list": [[413, 334, 440, 316]], "hand_bbox_list": [{"left_hand": [774.8120727539062, 628.2718505859375, 109.00372314453125, 38.2108154296875], "right_hand": [392.70001220703125, 635.3046875, 126.653076171875, 38.613525390625]}]}