{"image_path": "/home/hyem/workspace/frankmocap_notebooks/images/IODxDxX7oi/scene_00004015.jpg", "body_bbox_list": [[154, 381, 699, 273]], "hand_bbox_list": [{"left_hand": [309.36663818359375, 631.202392578125, 132.01766967773438, 51.3160400390625], "right_hand": null}]}