{"image_path": "/home/hyem/workspace/frankmocap_notebooks/images/IODxDxX7oi/scene_00003387.jpg", "body_bbox_list": [[383, 240, 500, 409]], "hand_bbox_list": [{"left_hand": [796.598876953125, 625.3272094726562, 103.83221435546875, 43.93450927734375], "right_hand": [379.3999328613281, 638.36767578125, 103.4542236328125, 40.717529296875]}]}