{"image_path": "/home/hyem/workspace/frankmocap_notebooks/images/IODxDxX7oi/scene_00004746.jpg", "body_bbox_list": [[187, 259, 706, 371], [642, 352, 471, 185]], "hand_bbox_list": [{"left_hand": [286.8797912597656, 641.5589599609375, 126.33895874023438, 41.00494384765625], "right_hand": null}, {"left_hand": null, "right_hand": null}]}