{"image_path": "/home/hyem/workspace/frankmocap_notebooks/images/IODxDxX7oi/scene_00001417.jpg", "body_bbox_list": [[102, 205, 595, 457]], "hand_bbox_list": [{"left_hand": [163.19943237304688, 636.5426635742188, 155.27639770507812, 51.58056640625], "right_hand": null}]}