{"image_path": "/home/hyem/workspace/frankmocap_notebooks/images/IODxDxX7oi/scene_00005330.jpg", "body_bbox_list": [[157, 115, 625, 457], [751, 237, 310, 229]], "hand_bbox_list": [{"left_hand": null, "right_hand": [170.40794372558594, 572.5146484375, 165.18040466308594, 55.8162841796875]}, {"left_hand": null, "right_hand": null}]}