{"image_path": "/home/hyem/workspace/frankmocap_notebooks/images/IODxDxX7oi/scene_00005305.jpg", "body_bbox_list": [[275, 54, 761, 533]], "hand_bbox_list": [{"left_hand": null, "right_hand": [173.5968780517578, 567.3759155273438, 162.7634735107422, 58.27874755859375]}]}