{"image_path": "/home/hyem/workspace/frankmocap_notebooks/images/IODxDxX7oi/scene_00006225.jpg", "body_bbox_list": [[736, 234, 278, 286], [89, 182, 272, 204]], "hand_bbox_list": [{"left_hand": null, "right_hand": null}, {"left_hand": [267.3752746582031, 387.8741760253906, 129.5743408203125, 33.974945068359375], "right_hand": [267.3752746582031, 387.8741760253906, 129.5743408203125, 33.974945068359375]}]}