{"image_path": "/home/hyem/workspace/frankmocap_notebooks/images/IODxDxX7oi/scene_00002683.jpg", "body_bbox_list": [[133, 457, 291, 211]], "hand_bbox_list": [{"left_hand": [163.7185821533203, 631.9097900390625, 120.51579284667969, 43.14727783203125], "right_hand": [163.7185821533203, 631.9097900390625, 120.51579284667969, 43.14727783203125]}]}