{"image_path": "/home/hyem/workspace/frankmocap_notebooks/images/IODxDxX7oi/scene_00006021.jpg", "body_bbox_list": [[742, 192, 248, 370], [244, 395, 204, 88], [426, 393, 167, 18]], "hand_bbox_list": [{"left_hand": null, "right_hand": null}, {"left_hand": [342.7722473144531, 464.37823486328125, 73.90853881835938, 33.551544189453125], "right_hand": null}, {"left_hand": [541.7482299804688, 385.1064453125, 55.30743408203125, 45.42047119140625], "right_hand": null}]}