{"image_path": "/home/hyem/workspace/frankmocap_notebooks/images/IODxDxX7oi/scene_00000794.jpg", "body_bbox_list": [[504, 238, 427, 346]], "hand_bbox_list": [{"left_hand": [766.896728515625, 518.0307006835938, 93.18585205078125, 42.0849609375], "right_hand": [581.1694946289062, 567.4222412109375, 110.099853515625, 58.1737060546875]}]}