{"image_path": "/home/hyem/workspace/frankmocap_notebooks/images/IODxDxX7oi/scene_00005221.jpg", "body_bbox_list": [[162, 224, 897, 384]], "hand_bbox_list": [{"left_hand": [585.6980590820312, 597.2431640625, 168.9464111328125, 70.96173095703125], "right_hand": [175.9259490966797, 559.1695556640625, 161.52870178222656, 55.74456787109375]}]}