{"image_path": "/home/hyem/workspace/frankmocap_notebooks/images/IODxDxX7oi/scene_00002725.jpg", "body_bbox_list": [[136, 257, 712, 403], [573, 345, 508, 199]], "hand_bbox_list": [{"left_hand": [158.73492431640625, 630.4547119140625, 117.9554443359375, 44.99908447265625], "right_hand": null}, {"left_hand": null, "right_hand": null}]}