{"image_path": "/home/hyem/workspace/frankmocap_notebooks/images/IODxDxX7oi/scene_00004764.jpg", "body_bbox_list": [[187, 251, 712, 421], [648, 339, 465, 205]], "hand_bbox_list": [{"left_hand": [282.7392883300781, 640.637451171875, 128.56845092773438, 43.2825927734375], "right_hand": null}, {"left_hand": null, "right_hand": null}]}