{"image_path": "/home/hyem/workspace/frankmocap_notebooks/images/IODxDxX7oi/scene_00002411.jpg", "body_bbox_list": [[164, 476, 465, 156]], "hand_bbox_list": [{"left_hand": [451.8238525390625, 628.8643798828125, 128.6392822265625, 51.155517578125], "right_hand": null}]}