{"image_path": "/home/hyem/workspace/frankmocap_notebooks/images/IODxDxX7oi/scene_00003155.jpg", "body_bbox_list": [[345, 429, 587, 216]], "hand_bbox_list": [{"left_hand": [799.7236938476562, 631.186767578125, 98.339599609375, 38.03082275390625], "right_hand": [377.2129211425781, 638.9111938476562, 107.31396484375, 39.61993408203125]}]}