{"image_path": "/home/hyem/workspace/frankmocap_notebooks/images/IODxDxX7oi/scene_00002918.jpg", "body_bbox_list": [[463, 499, 334, 161]], "hand_bbox_list": [{"left_hand": [744.6597900390625, 625.69384765625, 102.697998046875, 41.51519775390625], "right_hand": [412.8872985839844, 632.5394287109375, 128.84439086914062, 40.0726318359375]}]}