{"image_path": "/home/hyem/workspace/frankmocap_notebooks/images/IODxDxX7oi/scene_00003928.jpg", "body_bbox_list": [[127, 428, 427, 224]], "hand_bbox_list": [{"left_hand": [307.0132751464844, 632.5036010742188, 129.3695068359375, 49.55340576171875], "right_hand": null}]}