{"image_path": "/home/hyem/workspace/frankmocap_notebooks/images/IODxDxX7oi/scene_00004214.jpg", "body_bbox_list": [[197, 323, 973, 327]], "hand_bbox_list": [{"left_hand": null, "right_hand": [307.6690979003906, 636.5809936523438, 132.24176025390625, 44.91302490234375]}]}