{"image_path": "/home/hyem/workspace/frankmocap_notebooks/images/IODxDxX7oi/scene_00003994.jpg", "body_bbox_list": [[143, 394, 699, 259]], "hand_bbox_list": [{"left_hand": [312.81085205078125, 634.5364379882812, 125.27288818359375, 47.67962646484375], "right_hand": null}]}