{"image_path": "/home/hyem/workspace/frankmocap_notebooks/images/IODxDxX7oi/scene_00005924.jpg", "body_bbox_list": [[184, 446, 785, 216], [457, 481, 216, 186]], "hand_bbox_list": [{"left_hand": null, "right_hand": [261.6072692871094, 647.7161865234375, 126.28533935546875, 43.24078369140625]}, {"left_hand": [540.861572265625, 661.5773315429688, 129.7545166015625, 46.51885986328125], "right_hand": null}]}