{"image_path": "/home/hyem/workspace/frankmocap_notebooks/images/IODxDxX7oi/scene_00000967.jpg", "body_bbox_list": [[138, 352, 303, 303]], "hand_bbox_list": [{"left_hand": [281.0744323730469, 637.927978515625, 129.70074462890625, 46.20526123046875], "right_hand": null}]}