{"image_path": "/home/hyem/workspace/frankmocap_notebooks/images/IODxDxX7oi/scene_00000274.jpg", "body_bbox_list": [[327, 493, 471, 167], [622, 520, 421, 74]], "hand_bbox_list": [{"left_hand": [675.461669921875, 656.3211669921875, 130.3826904296875, 47.82855224609375], "right_hand": null}, {"left_hand": null, "right_hand": null}]}