{"image_path": "/home/hyem/workspace/frankmocap_notebooks/images/IODxDxX7oi/scene_00003571.jpg", "body_bbox_list": [[422, 500, 242, 148], [715, 489, 117, 136]], "hand_bbox_list": [{"left_hand": null, "right_hand": [390.7215576171875, 635.3001098632812, 120.3515625, 38.7095947265625]}, {"left_hand": [774.0213623046875, 627.5152587890625, 116.33380126953125, 38.60821533203125], "right_hand": null}]}