{"image_path": "/home/hyem/workspace/frankmocap_notebooks/images/IODxDxX7oi/scene_00004210.jpg", "body_bbox_list": [[204, 340, 965, 310]], "hand_bbox_list": [{"left_hand": [310.2344055175781, 635.9191284179688, 129.1343994140625, 44.852783203125], "right_hand": [310.2344055175781, 635.9191284179688, 129.1343994140625, 44.852783203125]}]}