{"image_path": "/home/hyem/workspace/frankmocap_notebooks/images/IODxDxX7oi/scene_00005858.jpg", "body_bbox_list": [[114, 446, 818, 216], [401, 481, 216, 191]], "hand_bbox_list": [{"left_hand": null, "right_hand": [210.5644073486328, 648.9154052734375, 131.40431213378906, 43.21099853515625]}, {"left_hand": [481.53424072265625, 664.0921630859375, 132.67535400390625, 45.55853271484375], "right_hand": null}]}