{"image_path": "/home/hyem/workspace/frankmocap_notebooks/images/IODxDxX7oi/scene_00005559.jpg", "body_bbox_list": [[116, 381, 297, 267]], "hand_bbox_list": [{"left_hand": [283.92578125, 640.3471069335938, 128.91696166992188, 42.2640380859375], "right_hand": null}]}