{"image_path": "/home/hyem/workspace/frankmocap_notebooks/images/IODxDxX7oi/scene_00000799.jpg", "body_bbox_list": [[521, 314, 427, 272]], "hand_bbox_list": [{"left_hand": [764.270751953125, 521.5790405273438, 90.44140625, 43.20806884765625], "right_hand": [571.4459838867188, 570.0137329101562, 108.82476806640625, 57.83837890625]}]}