{"image_path": "/home/hyem/workspace/frankmocap_notebooks/images/IODxDxX7oi/scene_00000843.jpg", "body_bbox_list": [[538, 344, 397, 235]], "hand_bbox_list": [{"left_hand": [806.5643310546875, 527.749755859375, 100.04052734375, 53.518798828125], "right_hand": [565.3154907226562, 564.058349609375, 111.5323486328125, 66.77215576171875]}]}