{"image_path": "/home/hyem/workspace/frankmocap_notebooks/images/IODxDxX7oi/scene_00002373.jpg", "body_bbox_list": [[197, 388, 371, 248], [180, 389, 354, 105]], "hand_bbox_list": [{"left_hand": [456.0168762207031, 630.4986572265625, 119.54849243164062, 48.0089111328125], "right_hand": null}, {"left_hand": null, "right_hand": null}]}