{"image_path": "/home/hyem/workspace/frankmocap_notebooks/images/IODxDxX7oi/scene_00002557.jpg", "body_bbox_list": [[153, 268, 718, 397], [614, 357, 476, 186]], "hand_bbox_list": [{"left_hand": [158.16021728515625, 633.5300903320312, 122.501708984375, 41.19677734375], "right_hand": null}, {"left_hand": null, "right_hand": null}]}