{"image_path": "/home/hyem/workspace/frankmocap_notebooks/images/IODxDxX7oi/scene_00003005.jpg", "body_bbox_list": [[451, 499, 346, 167]], "hand_bbox_list": [{"left_hand": [743.9663696289062, 626.23046875, 104.1043701171875, 41.3001708984375], "right_hand": [412.88037109375, 632.4884643554688, 128.22442626953125, 40.05072021484375]}]}