{"image_path": "/home/hyem/workspace/frankmocap_notebooks/images/IODxDxX7oi/scene_00000209.jpg", "body_bbox_list": [[311, 150, 717, 533]], "hand_bbox_list": [{"left_hand": [607.4343872070312, 660.1975708007812, 129.412841796875, 44.24237060546875], "right_hand": [319.1357727050781, 642.8353271484375, 129.69427490234375, 45.57769775390625]}]}