{"image_path": "/home/hyem/workspace/frankmocap_notebooks/images/IODxDxX7oi/scene_00005616.jpg", "body_bbox_list": [[73, 429, 731, 216]], "hand_bbox_list": [{"left_hand": [285.6950988769531, 640.5133056640625, 126.01492309570312, 42.4013671875], "right_hand": null}]}