{"image_path": "/home/hyem/workspace/frankmocap_notebooks/images/IODxDxX7oi/scene_00004148.jpg", "body_bbox_list": [[204, 358, 965, 291]], "hand_bbox_list": [{"left_hand": [308.7254333496094, 633.5012817382812, 134.37759399414062, 48.845458984375], "right_hand": [308.7254333496094, 633.5012817382812, 134.37759399414062, 48.845458984375]}]}