{"image_path": "/home/hyem/workspace/frankmocap_notebooks/images/IODxDxX7oi/scene_00005397.jpg", "body_bbox_list": [[350, 23, 723, 601], [770, 143, 243, 310]], "hand_bbox_list": [{"left_hand": [598.3802490234375, 618.5271606445312, 167.868408203125, 72.3626708984375], "right_hand": null}, {"left_hand": null, "right_hand": null}]}