{"image_path": "/home/hyem/workspace/frankmocap_notebooks/images/IODxDxX7oi/scene_00000215.jpg", "body_bbox_list": [[322, 139, 717, 544]], "hand_bbox_list": [{"left_hand": [612.324951171875, 658.2393798828125, 127.34857177734375, 46.060302734375], "right_hand": [324.23248291015625, 644.0152587890625, 125.123046875, 43.386474609375]}]}