{"image_path": "/home/hyem/workspace/frankmocap_notebooks/images/IODxDxX7oi/scene_00003295.jpg", "body_bbox_list": [[376, 281, 519, 378], [518, 295, 229, 69]], "hand_bbox_list": [{"left_hand": [798.94580078125, 626.4129638671875, 102.17437744140625, 42.0936279296875], "right_hand": [377.9266052246094, 639.3841552734375, 106.41323852539062, 39.0806884765625]}, {"left_hand": null, "right_hand": null}]}