{"image_path": "/home/hyem/workspace/frankmocap_notebooks/images/IODxDxX7oi/scene_00003411.jpg", "body_bbox_list": [[447, 240, 433, 409], [542, 255, 216, 69]], "hand_bbox_list": [{"left_hand": [796.4913940429688, 624.86962890625, 104.0419921875, 44.41839599609375], "right_hand": [405.0684814453125, 636.12744140625, 122.6202392578125, 37.6351318359375]}, {"left_hand": null, "right_hand": null}]}