{"image_path": "/home/hyem/workspace/frankmocap_notebooks/images/IODxDxX7oi/scene_00002283.jpg", "body_bbox_list": [[118, 376, 731, 278]], "hand_bbox_list": [{"left_hand": [296.64373779296875, 642.319091796875, 131.96746826171875, 39.48529052734375], "right_hand": null}]}