{"image_path": "/home/hyem/workspace/frankmocap_notebooks/images/IODxDxX7oi/scene_00006230.jpg", "body_bbox_list": [[753, 233, 278, 322], [85, 188, 235, 181]], "hand_bbox_list": [{"left_hand": null, "right_hand": null}, {"left_hand": [225.5406036376953, 352.2850341796875, 122.06712341308594, 33.916656494140625], "right_hand": [225.5406036376953, 352.2850341796875, 122.06712341308594, 33.916656494140625]}]}