{"image_path": "/home/hyem/workspace/frankmocap_notebooks/images/IODxDxX7oi/scene_00002076.jpg", "body_bbox_list": [[142, 363, 717, 292]], "hand_bbox_list": [{"left_hand": [300.7532958984375, 636.0413818359375, 127.5557861328125, 47.34765625], "right_hand": null}]}