{"image_path": "/home/hyem/workspace/frankmocap_notebooks/images/IODxDxX7oi/scene_00004926.jpg", "body_bbox_list": [[174, 381, 749, 273]], "hand_bbox_list": [{"left_hand": [297.84063720703125, 637.845947265625, 129.40570068359375, 44.9822998046875], "right_hand": null}]}