{"image_path": "/home/hyem/workspace/frankmocap_notebooks/images/IODxDxX7oi/scene_00000848.jpg", "body_bbox_list": [[504, 256, 432, 327]], "hand_bbox_list": [{"left_hand": [819.6862182617188, 534.9544067382812, 105.0712890625, 54.73101806640625], "right_hand": [575.4933471679688, 571.7659301757812, 104.79522705078125, 63.749755859375]}]}