{"image_path": "/home/hyem/workspace/frankmocap_notebooks/images/IODxDxX7oi/scene_00000976.jpg", "body_bbox_list": [[86, 470, 712, 180]], "hand_bbox_list": [{"left_hand": [284.9293212890625, 640.761962890625, 127.3082275390625, 42.37579345703125], "right_hand": null}]}