{"image_path": "/home/hyem/workspace/frankmocap_notebooks/images/IODxDxX7oi/scene_00003607.jpg", "body_bbox_list": [[419, 252, 422, 402]], "hand_bbox_list": [{"left_hand": [773.1690063476562, 626.5494995117188, 118.71929931640625, 39.9879150390625], "right_hand": [389.55950927734375, 634.0564575195312, 125.84771728515625, 39.9754638671875]}]}