{"image_path": "/home/hyem/workspace/frankmocap_notebooks/images/IODxDxX7oi/scene_00000300.jpg", "body_bbox_list": [[375, 286, 674, 384]], "hand_bbox_list": [{"left_hand": [703.6027221679688, 652.9755859375, 135.7960205078125, 48.5770263671875], "right_hand": [411.1156005859375, 638.160400390625, 125.33734130859375, 47.10784912109375]}]}