{"image_path": "/home/hyem/workspace/frankmocap_notebooks/images/IODxDxX7oi/scene_00005916.jpg", "body_bbox_list": [[189, 328, 793, 346], [697, 422, 248, 124]], "hand_bbox_list": [{"left_hand": [530.1222534179688, 659.2007446289062, 137.43463134765625, 49.50469970703125], "right_hand": [255.66714477539062, 647.7181396484375, 124.59951782226562, 43.3739013671875]}, {"left_hand": null, "right_hand": null}]}