{"image_path": "/home/hyem/workspace/frankmocap_notebooks/images/IODxDxX7oi/scene_00003147.jpg", "body_bbox_list": [[376, 311, 519, 346]], "hand_bbox_list": [{"left_hand": [802.5901489257812, 626.6447143554688, 97.84637451171875, 41.70062255859375], "right_hand": [377.98748779296875, 639.534912109375, 110.59796142578125, 38.76336669921875]}]}