{"image_path": "/home/hyem/workspace/frankmocap_notebooks/images/IODxDxX7oi/scene_00005840.jpg", "body_bbox_list": [[86, 481, 829, 180], [210, 504, 699, 162]], "hand_bbox_list": [{"left_hand": null, "right_hand": null}, {"left_hand": [468.4335632324219, 669.4462280273438, 127.37881469726562, 41.384521484375], "right_hand": null}]}