{"image_path": "/home/hyem/workspace/frankmocap_notebooks/images/IODxDxX7oi/scene_00003437.jpg", "body_bbox_list": [[437, 235, 397, 414]], "hand_bbox_list": [{"left_hand": [775.6831665039062, 626.75, 116.23486328125, 40.344970703125], "right_hand": [397.25738525390625, 634.5172729492188, 126.88720703125, 38.74432373046875]}]}