{"image_path": "/home/hyem/workspace/frankmocap_notebooks/images/IODxDxX7oi/scene_00003124.jpg", "body_bbox_list": [[376, 287, 514, 371], [531, 301, 215, 56]], "hand_bbox_list": [{"left_hand": [803.4216918945312, 626.4559936523438, 96.23577880859375, 41.87158203125], "right_hand": [378.32568359375, 639.6983032226562, 110.68267822265625, 38.06658935546875]}, {"left_hand": null, "right_hand": null}]}