{"image_path": "/home/hyem/workspace/frankmocap_notebooks/images/IODxDxX7oi/scene_00003087.jpg", "body_bbox_list": [[380, 500, 180, 148]], "hand_bbox_list": [{"left_hand": null, "right_hand": [378.7605285644531, 640.4166870117188, 107.27899169921875, 37.88421630859375]}]}