{"image_path": "/home/hyem/workspace/frankmocap_notebooks/images/IODxDxX7oi/scene_00005797.jpg", "body_bbox_list": [[122, 186, 785, 495]], "hand_bbox_list": [{"left_hand": [423.194091796875, 663.9053955078125, 130.22088623046875, 47.01605224609375], "right_hand": [160.07223510742188, 649.7623901367188, 125.62350463867188, 46.24273681640625]}]}