{"image_path": "/home/hyem/workspace/frankmocap_notebooks/images/IODxDxX7oi/scene_00002160.jpg", "body_bbox_list": [[182, 234, 699, 421], [637, 339, 470, 205], [229, 236, 172, 389]], "hand_bbox_list": [{"left_hand": null, "right_hand": [295.56414794921875, 639.755615234375, 132.9801025390625, 43.5118408203125]}, {"left_hand": null, "right_hand": null}, {"left_hand": [295.56414794921875, 639.755615234375, 132.9801025390625, 43.5118408203125], "right_hand": null}]}