{"image_path": "/home/hyem/workspace/frankmocap_notebooks/images/IODxDxX7oi/scene_00004079.jpg", "body_bbox_list": [[636, 429, 489, 104], [227, 417, 210, 229]], "hand_bbox_list": [{"left_hand": null, "right_hand": null}, {"left_hand": [307.256591796875, 631.7105712890625, 134.03045654296875, 50.578369140625], "right_hand": null}]}