{"image_path": "/home/hyem/workspace/frankmocap_notebooks/images/IODxDxX7oi/scene_00003966.jpg", "body_bbox_list": [[185, 263, 997, 397]], "hand_bbox_list": [{"left_hand": [310.47174072265625, 631.6766357421875, 130.1927490234375, 50.9332275390625], "right_hand": null}]}