{"image_path": "/home/hyem/workspace/frankmocap_notebooks/images/IODxDxX7oi/scene_00006161.jpg", "body_bbox_list": [[1037, 264, 80, 254], [885, 317, 80, 216], [875, 336, 44, 31]], "hand_bbox_list": [{"left_hand": null, "right_hand": null}, {"left_hand": null, "right_hand": null}, {"left_hand": [879.3032836914062, 345.9923400878906, 33.5162353515625, 29.903961181640625], "right_hand": null}]}