{"image_path": "/home/hyem/workspace/frankmocap_notebooks/images/IODxDxX7oi/scene_00001491.jpg", "body_bbox_list": [[86, 205, 823, 457]], "hand_bbox_list": [{"left_hand": [163.52984619140625, 636.6021118164062, 155.08230590820312, 51.68109130859375], "right_hand": null}]}