{"image_path": "/home/hyem/workspace/frankmocap_notebooks/images/IODxDxX7oi/scene_00003037.jpg", "body_bbox_list": [[445, 363, 365, 286]], "hand_bbox_list": [{"left_hand": [740.859619140625, 625.3082275390625, 111.96795654296875, 42.155517578125], "right_hand": [413.7666015625, 631.3385620117188, 131.6072998046875, 41.40350341796875]}]}