{"image_path": "/home/hyem/workspace/frankmocap_notebooks/images/IODxDxX7oi/scene_00003420.jpg", "body_bbox_list": [[448, 222, 397, 433]], "hand_bbox_list": [{"left_hand": [786.049072265625, 609.4498291015625, 98.070068359375, 54.766357421875], "right_hand": [404.9670715332031, 635.2841186523438, 122.24050903320312, 38.5498046875]}]}