{"image_path": "/home/hyem/workspace/frankmocap_notebooks/images/IODxDxX7oi/scene_00006032.jpg", "body_bbox_list": [[295, 331, 310, 137], [988, 411, 61, 129]], "hand_bbox_list": [{"left_hand": [373.637451171875, 457.9281311035156, 67.774169921875, 33.194366455078125], "right_hand": null}, {"left_hand": null, "right_hand": null}]}