{"image_path": "/home/hyem/workspace/frankmocap_notebooks/images/IODxDxX7oi/scene_00000688.jpg", "body_bbox_list": [[131, 0, 818, 583]], "hand_bbox_list": [{"left_hand": [692.844970703125, 458.5992126464844, 123.00299072265625, 46.3740234375], "right_hand": [523.6755981445312, 540.8036499023438, 156.4415283203125, 79.01300048828125]}]}