{"image_path": "/home/hyem/workspace/frankmocap_notebooks/images/IODxDxX7oi/scene_00001393.jpg", "body_bbox_list": [[79, 205, 1102, 451]], "hand_bbox_list": [{"left_hand": [163.17086791992188, 636.7653198242188, 155.58767700195312, 51.36456298828125], "right_hand": [163.17086791992188, 636.7653198242188, 155.58767700195312, 51.36456298828125]}]}