{"image_path": "/home/hyem/workspace/frankmocap_notebooks/images/IODxDxX7oi/scene_00000695.jpg", "body_bbox_list": [[144, 31, 798, 563]], "hand_bbox_list": [{"left_hand": [698.0245361328125, 471.19049072265625, 116.2119140625, 46.01727294921875], "right_hand": [531.4487915039062, 551.5374145507812, 153.16510009765625, 73.1002197265625]}]}