{"image_path": "/home/hyem/workspace/frankmocap_notebooks/images/IODxDxX7oi/scene_00000350.jpg", "body_bbox_list": [[401, 441, 712, 215]], "hand_bbox_list": [{"left_hand": [757.3223266601562, 652.7801513671875, 129.72369384765625, 43.85565185546875], "right_hand": [455.14013671875, 639.79931640625, 128.346435546875, 41.93670654296875]}]}