{"image_path": "/home/hyem/workspace/frankmocap_notebooks/images/IODxDxX7oi/scene_00005561.jpg", "body_bbox_list": [[90, 358, 1002, 291]], "hand_bbox_list": [{"left_hand": [283.9775695800781, 640.123046875, 129.14010620117188, 42.56756591796875], "right_hand": null}]}