{"image_path": "/home/hyem/workspace/frankmocap_notebooks/images/IODxDxX7oi/scene_00005704.jpg", "body_bbox_list": [[125, 269, 723, 379]], "hand_bbox_list": [{"left_hand": [281.431396484375, 640.5494995117188, 128.42178344726562, 43.74151611328125], "right_hand": null}]}