{"image_path": "/home/hyem/workspace/frankmocap_notebooks/images/IODxDxX7oi/scene_00006103.jpg", "body_bbox_list": [[168, 253, 378, 248], [772, 267, 346, 85], [839, 304, 94, 118]], "hand_bbox_list": [{"left_hand": [242.17674255371094, 488.5010681152344, 77.53327941894531, 23.562042236328125], "right_hand": [242.17674255371094, 488.5010681152344, 77.53327941894531, 23.562042236328125]}, {"left_hand": null, "right_hand": null}, {"left_hand": null, "right_hand": [773.9374389648438, 285.64764404296875, 158.67816162109375, 140.82760620117188]}]}