{"image_path": "/home/hyem/workspace/frankmocap_notebooks/images/IODxDxX7oi/scene_00000945.jpg", "body_bbox_list": [[336, 276, 37, 354]], "hand_bbox_list": [{"left_hand": [101.46670532226562, 167.60662841796875, 490.2897644042969, 521.6084594726562], "right_hand": null}]}