{"image_path": "/home/hyem/workspace/frankmocap_notebooks/images/IODxDxX7oi/scene_00003938.jpg", "body_bbox_list": [[198, 240, 718, 409], [676, 334, 465, 210], [274, 240, 155, 414]], "hand_bbox_list": [{"left_hand": null, "right_hand": [311.4370422363281, 634.584716796875, 125.45892333984375, 46.7747802734375]}, {"left_hand": null, "right_hand": null}, {"left_hand": [311.4370422363281, 634.584716796875, 125.45892333984375, 46.7747802734375], "right_hand": null}]}