{"image_path": "/home/hyem/workspace/frankmocap_notebooks/images/IODxDxX7oi/scene_00003836.jpg", "body_bbox_list": [[180, 494, 253, 148], [125, 566, 470, 44]], "hand_bbox_list": [{"left_hand": [310.70166015625, 643.0096435546875, 127.4560546875, 38.4554443359375], "right_hand": null}, {"left_hand": null, "right_hand": null}]}