{"image_path": "/home/hyem/workspace/frankmocap_notebooks/images/IODxDxX7oi/scene_00004828.jpg", "body_bbox_list": [[159, 287, 712, 371]], "hand_bbox_list": [{"left_hand": [281.4264221191406, 639.0768432617188, 129.34890747070312, 45.20330810546875], "right_hand": [281.4264221191406, 639.0768432617188, 129.34890747070312, 45.20330810546875]}]}