{"image_path": "/home/hyem/workspace/frankmocap_notebooks/images/IODxDxX7oi/scene_00001934.jpg", "body_bbox_list": [[810, 523, 354, 129]], "hand_bbox_list": [{"left_hand": [1023.0242919921875, 639.927490234375, 72.7640380859375, 34.07366943359375], "right_hand": null}]}