{"image_path": "/home/hyem/workspace/frankmocap_notebooks/images/IODxDxX7oi/scene_00006306.jpg", "body_bbox_list": [[696, 113, 397, 359], [105, 219, 167, 248], [351, 309, 69, 142]], "hand_bbox_list": [{"left_hand": null, "right_hand": null}, {"left_hand": null, "right_hand": [115.86481475830078, 197.7124481201172, 163.33425903320312, 144.3165740966797]}, {"left_hand": null, "right_hand": null}]}