{"image_path": "/home/hyem/workspace/frankmocap_notebooks/images/IODxDxX7oi/scene_00002325.jpg", "body_bbox_list": [[142, 429, 723, 211]], "hand_bbox_list": [{"left_hand": [451.6883239746094, 630.7981567382812, 127.11111450195312, 47.89324951171875], "right_hand": null}]}