{"image_path": "/home/hyem/workspace/frankmocap_notebooks/images/IODxDxX7oi/scene_00003195.jpg", "body_bbox_list": [[345, 488, 576, 161]], "hand_bbox_list": [{"left_hand": [803.9200439453125, 629.7239990234375, 94.752197265625, 38.56878662109375], "right_hand": [376.45404052734375, 639.515625, 108.414306640625, 39.16522216796875]}]}