{"image_path": "/home/hyem/workspace/frankmocap_notebooks/images/IODxDxX7oi/scene_00002637.jpg", "body_bbox_list": [[164, 246, 712, 403], [602, 334, 495, 204]], "hand_bbox_list": [{"left_hand": [158.7183380126953, 632.9338989257812, 121.82792663574219, 41.38970947265625], "right_hand": null}, {"left_hand": null, "right_hand": null}]}