{"image_path": "/home/hyem/workspace/frankmocap_notebooks/images/IODxDxX7oi/scene_00002718.jpg", "body_bbox_list": [[118, 310, 991, 353]], "hand_bbox_list": [{"left_hand": [161.5363311767578, 630.8724365234375, 118.94169616699219, 44.0281982421875], "right_hand": null}]}