{"image_path": "/home/hyem/workspace/frankmocap_notebooks/images/IODxDxX7oi/scene_00003612.jpg", "body_bbox_list": [[419, 222, 422, 433]], "hand_bbox_list": [{"left_hand": [772.7484741210938, 626.1572875976562, 119.25067138671875, 40.24627685546875], "right_hand": [390.9229431152344, 635.1813354492188, 119.81622314453125, 39.23468017578125]}]}