{"image_path": "/home/hyem/workspace/frankmocap_notebooks/images/IODxDxX7oi/scene_00003599.jpg", "body_bbox_list": [[395, 381, 465, 273]], "hand_bbox_list": [{"left_hand": [773.4072875976562, 626.5712890625, 118.08197021484375, 39.76947021484375], "right_hand": [389.9010314941406, 634.6821899414062, 123.75076293945312, 39.2939453125]}]}