{"image_path": "/daintlab/home/rilab/github/frankmocap_notebooks/images/MVI_0004/scene_00000128.jpg", "body_bbox_list": [[394, 131, 177, 434]], "hand_bbox_list": [{"left_hand": [442.6888732910156, 280.6709289550781, 44.156707763671875, 44.197998046875], "right_hand": [365.24908447265625, 276.7840270996094, 37.959564208984375, 42.6383056640625]}]}