{"image_path": "/daintlab/home/rilab/github/frankmocap_notebooks/images/MVI_0004/scene_00000697.jpg", "body_bbox_list": [[368, 194, 204, 368]], "hand_bbox_list": [{"left_hand": [401.7791748046875, 280.5938415527344, 45.91650390625, 38.918548583984375], "right_hand": [333.6684875488281, 272.36761474609375, 49.2734375, 37.52972412109375]}]}