{"image_path": "/daintlab/home/rilab/github/frankmocap_notebooks/images/MVI_0004/scene_00000560.jpg", "body_bbox_list": [[373, 131, 199, 429]], "hand_bbox_list": [{"left_hand": [412.9335021972656, 211.3948516845703, 45.525421142578125, 40.7935791015625], "right_hand": [339.05657958984375, 204.31201171875, 48.236785888671875, 39.30426025390625]}]}