{"image_path": "/daintlab/home/rilab/github/frankmocap_notebooks/images/MVI_0004/scene_00000469.jpg", "body_bbox_list": [[389, 214, 187, 353]], "hand_bbox_list": [{"left_hand": [420.93292236328125, 293.003662109375, 44.5780029296875, 38.068511962890625], "right_hand": [348.8469543457031, 286.5792541503906, 46.564788818359375, 36.924468994140625]}]}