{"image_path": "/daintlab/home/rilab/github/frankmocap_notebooks/images/MVI_0004/scene_00000470.jpg", "body_bbox_list": [[389, 214, 187, 353]], "hand_bbox_list": [{"left_hand": [420.62286376953125, 296.7155456542969, 45.79461669921875, 38.33819580078125], "right_hand": [348.26080322265625, 291.1296691894531, 46.55584716796875, 37.724945068359375]}]}