{"image_path": "/daintlab/home/rilab/github/frankmocap_notebooks/images/MVI_0004/scene_00000047.jpg", "body_bbox_list": [[441, 131, 148, 429]], "hand_bbox_list": [{"left_hand": [554.3468627929688, 364.0097351074219, 30.86529541015625, 35.278961181640625], "right_hand": [434.339599609375, 345.93475341796875, 24.054412841796875, 36.735992431640625]}]}