{"image_path": "/daintlab/home/rilab/github/frankmocap_notebooks/images/MVI_0004/scene_00000289.jpg", "body_bbox_list": [[389, 131, 182, 434]], "hand_bbox_list": [{"left_hand": [424.7037048339844, 197.1030731201172, 43.785614013671875, 37.84068298339844], "right_hand": [349.99993896484375, 193.16799926757812, 47.057861328125, 39.5657958984375]}]}