{"image_path": "/daintlab/home/rilab/github/frankmocap_notebooks/images/MVI_0004/scene_00000282.jpg", "body_bbox_list": [[389, 131, 182, 434]], "hand_bbox_list": [{"left_hand": [423.6697082519531, 195.25611877441406, 44.285980224609375, 38.01414489746094], "right_hand": [349.5963439941406, 193.35145568847656, 47.43743896484375, 39.41339111328125]}]}