{"image_path": "/daintlab/home/rilab/github/frankmocap_notebooks/images/MVI_0004/scene_00000552.jpg", "body_bbox_list": [[373, 141, 199, 424]], "hand_bbox_list": [{"left_hand": [408.6095275878906, 229.04269409179688, 45.021942138671875, 38.322296142578125], "right_hand": [336.0473937988281, 220.62953186035156, 47.78302001953125, 37.71144104003906]}]}