{"image_path": "/daintlab/home/rilab/github/frankmocap_notebooks/images/MVI_0004/scene_00000265.jpg", "body_bbox_list": [[368, 167, 204, 397]], "hand_bbox_list": [{"left_hand": [405.6665954589844, 236.42884826660156, 45.584625244140625, 39.23252868652344], "right_hand": [333.83245849609375, 230.7259979248047, 46.294921875, 38.79197692871094]}]}