{"image_path": "/daintlab/home/rilab/github/frankmocap_notebooks/images/MVI_0004/scene_00000413.jpg", "body_bbox_list": [[368, 141, 204, 424]], "hand_bbox_list": [{"left_hand": [400.8983154296875, 218.46347045898438, 48.472503662109375, 39.761993408203125], "right_hand": [336.0434875488281, 211.7421417236328, 46.731414794921875, 39.37066650390625]}]}