{"image_path": "/daintlab/home/rilab/github/frankmocap_notebooks/images/MVI_0004/scene_00000942.jpg", "body_bbox_list": [[471, 157, 133, 402]], "hand_bbox_list": [{"left_hand": [561.1681518554688, 356.4078674316406, 36.9422607421875, 46.126739501953125], "right_hand": [472.7250061035156, 343.52337646484375, 15.2645263671875, 39.04791259765625]}]}