{"image_path": "/daintlab/home/rilab/github/frankmocap_notebooks/images/MVI_0004/scene_00000844.jpg", "body_bbox_list": [[363, 178, 209, 385]], "hand_bbox_list": [{"left_hand": [388.9831848144531, 274.22674560546875, 47.05535888671875, 37.843780517578125], "right_hand": [327.2679748535156, 267.6165466308594, 48.255035400390625, 37.988250732421875]}]}