{"image_path": "/daintlab/home/rilab/github/frankmocap_notebooks/images/MVI_0004/scene_00000672.jpg", "body_bbox_list": [[368, 278, 209, 280]], "hand_bbox_list": [{"left_hand": [394.9835205078125, 372.00146484375, 47.055267333984375, 37.86328125], "right_hand": [335.5234375, 360.24700927734375, 47.4676513671875, 37.11468505859375]}]}