{"image_path": "/daintlab/home/rilab/github/frankmocap_notebooks/images/MVI_0004/scene_00000248.jpg", "body_bbox_list": [[363, 236, 209, 319]], "hand_bbox_list": [{"left_hand": [401.6327209472656, 313.5663757324219, 45.511749267578125, 37.80303955078125], "right_hand": [328.55926513671875, 304.162841796875, 47.37066650390625, 37.29107666015625]}]}