{"image_path": "/daintlab/home/rilab/github/frankmocap_notebooks/images/MVI_0004/scene_00000293.jpg", "body_bbox_list": [[389, 131, 182, 434]], "hand_bbox_list": [{"left_hand": [424.8111877441406, 196.75625610351562, 43.15179443359375, 37.37846374511719], "right_hand": [350.02471923828125, 192.4214630126953, 46.74334716796875, 39.57118225097656]}]}