{"image_path": "/daintlab/home/rilab/github/frankmocap_notebooks/images/MVI_0004/scene_00000305.jpg", "body_bbox_list": [[384, 146, 187, 419]], "hand_bbox_list": [{"left_hand": [420.4901428222656, 219.98477172851562, 45.919281005859375, 37.776519775390625], "right_hand": [347.837158203125, 216.10826110839844, 46.394775390625, 37.875213623046875]}]}