{"image_path": "/daintlab/home/rilab/github/frankmocap_notebooks/images/MVI_0004/scene_00000352.jpg", "body_bbox_list": [[368, 299, 204, 258]], "hand_bbox_list": [{"left_hand": [396.49951171875, 375.8265380859375, 44.953155517578125, 36.9176025390625], "right_hand": [334.73675537109375, 362.40582275390625, 47.053955078125, 36.55853271484375]}]}