{"image_path": "/daintlab/home/rilab/github/frankmocap_notebooks/images/MVI_0004/scene_00000632.jpg", "body_bbox_list": [[373, 283, 204, 275]], "hand_bbox_list": [{"left_hand": [405.9145202636719, 372.84063720703125, 46.67108154296875, 38.458404541015625], "right_hand": [340.66497802734375, 366.1092529296875, 47.540313720703125, 36.207977294921875]}]}