{"image_path": "/daintlab/home/rilab/github/frankmocap_notebooks/images/MVI_0004/scene_00000720.jpg", "body_bbox_list": [[379, 131, 192, 429]], "hand_bbox_list": [{"left_hand": [415.80145263671875, 203.70797729492188, 45.382843017578125, 40.41423034667969], "right_hand": [341.7294616699219, 199.29054260253906, 47.152008056640625, 40.348846435546875]}]}