{"image_path": "/daintlab/home/rilab/github/frankmocap_notebooks/images/MVI_0004/scene_00000013.jpg", "body_bbox_list": [[441, 131, 143, 429]], "hand_bbox_list": [{"left_hand": [542.0272827148438, 366.883544921875, 30.7113037109375, 34.598907470703125], "right_hand": [436.13055419921875, 352.0411682128906, 23.490570068359375, 37.4693603515625]}]}