{"image_path": "/daintlab/home/rilab/github/frankmocap_notebooks/images/MVI_0004/scene_00000772.jpg", "body_bbox_list": [[373, 214, 204, 353]], "hand_bbox_list": [{"left_hand": [405.6498107910156, 310.7833251953125, 47.0943603515625, 39.0789794921875], "right_hand": [341.3179016113281, 302.9888610839844, 46.517242431640625, 35.927398681640625]}]}