{"image_path": "/daintlab/home/rilab/github/frankmocap_notebooks/images/MVI_0004/scene_00000105.jpg", "body_bbox_list": [[436, 131, 143, 429]], "hand_bbox_list": [{"left_hand": [531.1002807617188, 360.0188903808594, 35.97662353515625, 46.585662841796875], "right_hand": [428.1225891113281, 346.10748291015625, 24.608734130859375, 45.155487060546875]}]}