{"image_path": "/daintlab/home/rilab/github/frankmocap_notebooks/images/MVI_0004/scene_00000594.jpg", "body_bbox_list": [[384, 146, 187, 419]], "hand_bbox_list": [{"left_hand": [420.14404296875, 230.52291870117188, 45.459716796875, 38.81488037109375], "right_hand": [346.9863586425781, 220.6356658935547, 48.1317138671875, 37.91786193847656]}]}