{"image_path": "/daintlab/home/rilab/github/frankmocap_notebooks/images/MVI_0004/scene_00000598.jpg", "body_bbox_list": [[384, 152, 187, 412]], "hand_bbox_list": [{"left_hand": [417.46124267578125, 242.4115447998047, 43.259063720703125, 37.20643615722656], "right_hand": [346.63525390625, 235.8809356689453, 47.683624267578125, 37.60481262207031]}]}