{"image_path": "/daintlab/home/rilab/github/frankmocap_notebooks/images/MVI_0004/scene_00000486.jpg", "body_bbox_list": [[373, 283, 204, 275]], "hand_bbox_list": [{"left_hand": [406.0804748535156, 365.88726806640625, 47.086395263671875, 37.609100341796875], "right_hand": [340.7060241699219, 351.0768127441406, 46.827362060546875, 36.537506103515625]}]}