{"image_path": "/daintlab/home/rilab/github/frankmocap_notebooks/images/MVI_0004/scene_00000635.jpg", "body_bbox_list": [[378, 293, 199, 265]], "hand_bbox_list": [{"left_hand": [405.2940368652344, 380.8406677246094, 45.43865966796875, 39.209991455078125], "right_hand": [341.0673522949219, 376.3128967285156, 47.29730224609375, 35.851898193359375]}]}