{"image_path": "/daintlab/home/rilab/github/frankmocap_notebooks/images/MVI_0004/scene_00000460.jpg", "body_bbox_list": [[384, 188, 192, 375]], "hand_bbox_list": [{"left_hand": [422.12164306640625, 270.5895690917969, 45.330780029296875, 36.4931640625], "right_hand": [348.0003967285156, 261.4609069824219, 47.175537109375, 37.329193115234375]}]}