{"image_path": "/daintlab/home/rilab/github/frankmocap_notebooks/images/MVI_0004/scene_00000065.jpg", "body_bbox_list": [[441, 131, 138, 429]], "hand_bbox_list": [{"left_hand": [544.927978515625, 366.86346435546875, 31.43096923828125, 35.0865478515625], "right_hand": [435.4562072753906, 350.699462890625, 24.46759033203125, 38.522186279296875]}]}