{"image_path": "/daintlab/home/rilab/github/frankmocap_notebooks/images/MVI_0004/scene_00000639.jpg", "body_bbox_list": [[373, 304, 204, 253]], "hand_bbox_list": [{"left_hand": [401.0560607910156, 391.4998779296875, 46.867889404296875, 36.442535400390625], "right_hand": [340.9233703613281, 383.87060546875, 47.50262451171875, 36.253936767578125]}]}