{"image_path": "/daintlab/home/rilab/github/frankmocap_notebooks/images/MVI_0004/scene_00000400.jpg", "body_bbox_list": [[363, 188, 209, 375]], "hand_bbox_list": [{"left_hand": [393.2254333496094, 267.3656005859375, 46.6544189453125, 38.61907958984375], "right_hand": [327.7728576660156, 259.6825866699219, 47.043121337890625, 38.32916259765625]}]}