{"image_path": "/daintlab/home/rilab/github/frankmocap_notebooks/images/MVI_0004/scene_00000954.jpg", "body_bbox_list": [[441, 131, 143, 429]], "hand_bbox_list": [{"left_hand": [547.487060546875, 362.2271728515625, 29.71014404296875, 46.48638916015625], "right_hand": [438.7968444824219, 351.36248779296875, 25.8037109375, 44.726776123046875]}]}