{"image_path": "/daintlab/home/rilab/github/frankmocap_notebooks/images/MVI_0004/scene_00000667.jpg", "body_bbox_list": [[373, 293, 204, 265]], "hand_bbox_list": [{"left_hand": [395.2962646484375, 385.0722351074219, 47.128997802734375, 37.83099365234375], "right_hand": [339.0977478027344, 374.1524963378906, 46.68341064453125, 36.3907470703125]}]}