{"image_path": "/daintlab/home/rilab/github/frankmocap_notebooks/images/MVI_0004/scene_00000368.jpg", "body_bbox_list": [[363, 299, 209, 258]], "hand_bbox_list": [{"left_hand": [391.3917236328125, 377.4006042480469, 48.650909423828125, 38.711395263671875], "right_hand": [332.5990905761719, 367.55194091796875, 41.84619140625, 33.457733154296875]}]}