{"image_path": "/daintlab/home/rilab/github/frankmocap_notebooks/images/MVI_0004/scene_00000309.jpg", "body_bbox_list": [[384, 157, 187, 407]], "hand_bbox_list": [{"left_hand": [419.2425231933594, 230.20458984375, 46.2969970703125, 40.434600830078125], "right_hand": [347.7804870605469, 227.5630645751953, 45.75347900390625, 37.60020446777344]}]}