{"image_path": "/daintlab/home/rilab/github/frankmocap_notebooks/images/MVI_0004/scene_00000952.jpg", "body_bbox_list": [[451, 136, 133, 424]], "hand_bbox_list": [{"left_hand": [548.648193359375, 357.7401428222656, 25.05389404296875, 38.150360107421875], "right_hand": [454.0174560546875, 349.6589050292969, 13.518524169921875, 31.820709228515625]}]}