{"image_path": "/daintlab/home/rilab/github/frankmocap_notebooks/images/MVI_0004/scene_00000633.jpg", "body_bbox_list": [[373, 288, 204, 270]], "hand_bbox_list": [{"left_hand": [405.0217590332031, 374.4692687988281, 47.520172119140625, 40.021392822265625], "right_hand": [340.8567810058594, 369.50787353515625, 47.39776611328125, 35.95172119140625]}]}