{"image_path": "/daintlab/home/rilab/github/frankmocap_notebooks/images/MVI_0004/scene_00000242.jpg", "body_bbox_list": [[363, 257, 209, 302]], "hand_bbox_list": [{"left_hand": [397.6830139160156, 332.2645568847656, 44.22430419921875, 38.011260986328125], "right_hand": [327.1452331542969, 321.6192321777344, 48.1036376953125, 37.736328125]}]}