{"image_path": "/daintlab/home/rilab/github/frankmocap_notebooks/images/MVI_0004/scene_00000760.jpg", "body_bbox_list": [[379, 173, 192, 390]], "hand_bbox_list": [{"left_hand": [415.15802001953125, 271.3336486816406, 45.745574951171875, 37.259490966796875], "right_hand": [343.24700927734375, 262.7871398925781, 46.505859375, 36.627288818359375]}]}