{"image_path": "/daintlab/home/rilab/github/frankmocap_notebooks/images/MVI_0004/scene_00000609.jpg", "body_bbox_list": [[373, 188, 204, 375]], "hand_bbox_list": [{"left_hand": [409.480712890625, 290.5902404785156, 45.89190673828125, 37.325103759765625], "right_hand": [341.678955078125, 284.79632568359375, 47.54010009765625, 35.87823486328125]}]}