{"image_path": "/daintlab/home/rilab/github/frankmocap_notebooks/images/MVI_0004/scene_00000933.jpg", "body_bbox_list": [[431, 142, 138, 412]], "hand_bbox_list": [{"left_hand": [533.5199584960938, 357.809326171875, 31.23638916015625, 34.1795654296875], "right_hand": [425.8371887207031, 349.85107421875, 23.166046142578125, 31.316650390625]}]}