{"image_path": "/daintlab/home/rilab/github/frankmocap_notebooks/images/MVI_0004/scene_00000223.jpg", "body_bbox_list": [[358, 309, 214, 248]], "hand_bbox_list": [{"left_hand": [400.3072814941406, 388.40234375, 41.244354248046875, 34.640655517578125], "right_hand": [326.0457458496094, 374.29296875, 47.069610595703125, 37.075042724609375]}]}