{"image_path": "/daintlab/home/rilab/github/frankmocap_notebooks/images/MVI_0004/scene_00000182.jpg", "body_bbox_list": [[389, 178, 182, 385]], "hand_bbox_list": [{"left_hand": [426.14715576171875, 249.7337188720703, 40.9830322265625, 35.90061950683594], "right_hand": [349.01055908203125, 244.0991668701172, 47.282867431640625, 36.81492614746094]}]}