{"image_path": "/daintlab/home/rilab/github/frankmocap_notebooks/images/MVI_0004/scene_00000736.jpg", "body_bbox_list": [[384, 131, 187, 434]], "hand_bbox_list": [{"left_hand": [416.85302734375, 211.62844848632812, 44.868865966796875, 40.71282958984375], "right_hand": [345.9466552734375, 202.89605712890625, 46.725860595703125, 40.62034606933594]}]}