{"image_path": "/daintlab/home/rilab/github/frankmocap_notebooks/images/MVI_0004/scene_00000012.jpg", "body_bbox_list": [[441, 131, 143, 429]], "hand_bbox_list": [{"left_hand": [541.7088012695312, 367.4666442871094, 30.79791259765625, 34.418304443359375], "right_hand": [436.6447448730469, 352.74615478515625, 23.536651611328125, 37.466888427734375]}]}