{"image_path": "/daintlab/home/rilab/github/frankmocap_notebooks/images/MVI_0004/scene_00000714.jpg", "body_bbox_list": [[373, 131, 199, 429]], "hand_bbox_list": [{"left_hand": [408.0889892578125, 214.0522918701172, 45.87432861328125, 40.01127624511719], "right_hand": [336.2967224121094, 206.79934692382812, 48.218475341796875, 39.39643859863281]}]}