{"image_path": "/daintlab/home/rilab/github/frankmocap_notebooks/images/MVI_0004/scene_00000511.jpg", "body_bbox_list": [[373, 299, 204, 258]], "hand_bbox_list": [{"left_hand": [400.2005920410156, 386.54229736328125, 46.85577392578125, 39.032470703125], "right_hand": [335.989013671875, 372.2313537597656, 47.309356689453125, 37.072052001953125]}]}