{"image_path": "/daintlab/home/rilab/github/frankmocap_notebooks/images/MVI_0004/scene_00000276.jpg", "body_bbox_list": [[379, 131, 192, 434]], "hand_bbox_list": [{"left_hand": [412.8984680175781, 198.88052368164062, 45.287689208984375, 38.55070495605469], "right_hand": [341.003662109375, 193.6587677001953, 46.483673095703125, 39.62089538574219]}]}