{"image_path": "/daintlab/home/rilab/github/frankmocap_notebooks/images/MVI_0004/scene_00000097.jpg", "body_bbox_list": [[446, 131, 138, 429]], "hand_bbox_list": [{"left_hand": [544.92138671875, 367.074951171875, 32.52685546875, 37.598297119140625], "right_hand": [440.1221923828125, 351.2243957519531, 23.424346923828125, 40.703216552734375]}]}