{"image_path": "/daintlab/home/rilab/github/frankmocap_notebooks/images/MVI_0004/scene_00000043.jpg", "body_bbox_list": [[441, 131, 143, 429]], "hand_bbox_list": [{"left_hand": [552.3527221679688, 362.4606018066406, 30.852294921875, 34.87164306640625], "right_hand": [430.93853759765625, 345.6103210449219, 26.2987060546875, 36.908111572265625]}]}