{"image_path": "/daintlab/home/rilab/github/frankmocap_notebooks/images/MVI_0004/scene_00000083.jpg", "body_bbox_list": [[436, 131, 148, 429]], "hand_bbox_list": [{"left_hand": [548.1061401367188, 358.620849609375, 31.8780517578125, 35.889678955078125], "right_hand": [430.0555725097656, 342.8909606933594, 24.495208740234375, 39.9656982421875]}]}