{"image_path": "/daintlab/home/rilab/github/frankmocap_notebooks/images/MVI_0004/scene_00000570.jpg", "body_bbox_list": [[384, 131, 187, 429]], "hand_bbox_list": [{"left_hand": [419.4606018066406, 203.15919494628906, 45.299560546875, 40.784271240234375], "right_hand": [342.634765625, 199.9107208251953, 46.331268310546875, 39.331024169921875]}]}