{"image_path": "/daintlab/home/rilab/github/frankmocap_notebooks/images/MVI_0004/scene_00000457.jpg", "body_bbox_list": [[384, 178, 187, 385]], "hand_bbox_list": [{"left_hand": [423.20770263671875, 259.6476135253906, 43.907196044921875, 36.65142822265625], "right_hand": [347.83282470703125, 251.99545288085938, 45.996734619140625, 37.989959716796875]}]}