{"image_path": "/daintlab/home/rilab/github/frankmocap_notebooks/images/MVI_0004/scene_00000532.jpg", "body_bbox_list": [[368, 246, 209, 314]], "hand_bbox_list": [{"left_hand": [396.0653991699219, 335.3883056640625, 46.241851806640625, 37.600921630859375], "right_hand": [333.4683532714844, 322.2281799316406, 47.23828125, 36.1142578125]}]}