{"image_path": "/daintlab/home/rilab/github/frankmocap_notebooks/images/MVI_0004/scene_00000691.jpg", "body_bbox_list": [[368, 215, 204, 346]], "hand_bbox_list": [{"left_hand": [399.90740966796875, 310.4416809082031, 41.438690185546875, 34.19305419921875], "right_hand": [332.2220764160156, 297.2620849609375, 48.870574951171875, 37.008270263671875]}]}