{"image_path": "/daintlab/home/rilab/github/frankmocap_notebooks/images/MVI_0004/scene_00000071.jpg", "body_bbox_list": [[441, 131, 138, 429]], "hand_bbox_list": [{"left_hand": [544.635009765625, 366.9897766113281, 31.32952880859375, 34.971221923828125], "right_hand": [435.7825622558594, 351.50799560546875, 24.119598388671875, 39.1341552734375]}]}