{"image_path": "/daintlab/home/rilab/github/frankmocap_notebooks/images/MVI_0004/scene_00000591.jpg", "body_bbox_list": [[384, 141, 187, 424]], "hand_bbox_list": [{"left_hand": [417.6320495605469, 224.89675903320312, 43.643768310546875, 38.386505126953125], "right_hand": [347.02716064453125, 213.50637817382812, 47.26654052734375, 38.941925048828125]}]}