{"image_path": "/daintlab/home/rilab/github/frankmocap_notebooks/images/MVI_0004/scene_00000695.jpg", "body_bbox_list": [[373, 204, 199, 358]], "hand_bbox_list": [{"left_hand": [401.1546325683594, 291.5791015625, 46.593597412109375, 39.21728515625], "right_hand": [332.8392639160156, 282.4383850097656, 49.10577392578125, 37.006011962890625]}]}