{"image_path": "/daintlab/home/rilab/github/frankmocap_notebooks/images/MVI_0004/scene_00000432.jpg", "body_bbox_list": [[384, 131, 187, 434]], "hand_bbox_list": [{"left_hand": [413.225341796875, 197.93502807617188, 46.112701416015625, 38.701171875], "right_hand": [342.203125, 191.9259490966797, 47.187835693359375, 39.68211364746094]}]}