{"image_path": "/daintlab/home/rilab/github/frankmocap_notebooks/images/MVI_0004/scene_00000149.jpg", "body_bbox_list": [[389, 131, 182, 429]], "hand_bbox_list": [{"left_hand": [435.2575378417969, 186.50628662109375, 42.32855224609375, 38.53581237792969], "right_hand": [346.5531921386719, 185.556640625, 49.378631591796875, 41.29273986816406]}]}