{"image_path": "/daintlab/home/rilab/github/frankmocap_notebooks/images/MVI_0004/scene_00000934.jpg", "body_bbox_list": [[431, 147, 138, 412]], "hand_bbox_list": [{"left_hand": [530.28125, 354.41192626953125, 31.67401123046875, 33.50640869140625], "right_hand": [425.13323974609375, 349.82867431640625, 23.875762939453125, 31.520904541015625]}]}