{"image_path": "/daintlab/home/rilab/github/frankmocap_notebooks/images/MVI_0004/scene_00000430.jpg", "body_bbox_list": [[379, 131, 192, 429]], "hand_bbox_list": [{"left_hand": [411.5938415527344, 195.3973846435547, 43.964447021484375, 38.1142578125], "right_hand": [341.37493896484375, 191.65589904785156, 47.563262939453125, 39.82881164550781]}]}