{"image_path": "/daintlab/home/rilab/github/frankmocap_notebooks/images/MVI_0004/scene_00000085.jpg", "body_bbox_list": [[430, 131, 155, 429]], "hand_bbox_list": [{"left_hand": [552.105712890625, 357.9689636230469, 31.19244384765625, 36.181060791015625], "right_hand": [423.93865966796875, 338.2900085449219, 25.173248291015625, 40.354034423828125]}]}