{"image_path": "/daintlab/home/rilab/github/frankmocap_notebooks/images/MVI_0004/scene_00000140.jpg", "body_bbox_list": [[389, 131, 182, 429]], "hand_bbox_list": [{"left_hand": null, "right_hand": [348.0736083984375, 202.46487426757812, 47.321746826171875, 39.86018371582031]}]}