{"image_path": "/daintlab/home/rilab/github/frankmocap_notebooks/images/MVI_0004/scene_00000126.jpg", "body_bbox_list": [[394, 131, 177, 429]], "hand_bbox_list": [{"left_hand": [448.9886169433594, 290.18914794921875, 42.752349853515625, 45.305938720703125], "right_hand": [372.1489562988281, 287.64794921875, 34.79547119140625, 43.410247802734375]}]}