{"image_path": "/daintlab/home/rilab/github/frankmocap_notebooks/images/MVI_0004/scene_00000231.jpg", "body_bbox_list": [[363, 299, 209, 253]], "hand_bbox_list": [{"left_hand": [396.0283508300781, 377.8575744628906, 46.58074951171875, 37.225006103515625], "right_hand": [326.5502014160156, 366.29400634765625, 47.746124267578125, 36.71636962890625]}]}