{"image_path": "/daintlab/home/rilab/github/frankmocap_notebooks/images/MVI_0004/scene_00000137.jpg", "body_bbox_list": [[389, 131, 182, 429]], "hand_bbox_list": [{"left_hand": [431.73272705078125, 223.6573028564453, 41.421875, 35.18910217285156], "right_hand": [350.0684509277344, 221.0897674560547, 45.08624267578125, 40.21122741699219]}]}