{"image_path": "/daintlab/home/rilab/github/frankmocap_notebooks/images/MVI_0004/scene_00000687.jpg", "body_bbox_list": [[368, 231, 204, 324]], "hand_bbox_list": [{"left_hand": [392.646484375, 326.1640319824219, 49.44110107421875, 36.9637451171875], "right_hand": [329.9183349609375, 314.31707763671875, 47.42193603515625, 36.67242431640625]}]}