{"image_path": "/daintlab/home/rilab/github/frankmocap_notebooks/images/MVI_0004/scene_00000059.jpg", "body_bbox_list": [[441, 131, 138, 429]], "hand_bbox_list": [{"left_hand": [544.6331176757812, 366.8778076171875, 31.44970703125, 35.0296630859375], "right_hand": [434.6242980957031, 349.9053955078125, 25.022857666015625, 38.18194580078125]}]}