{"image_path": "/daintlab/home/rilab/github/frankmocap_notebooks/images/MVI_0004/scene_00000782.jpg", "body_bbox_list": [[368, 256, 209, 309]], "hand_bbox_list": [{"left_hand": [399.67279052734375, 353.4529113769531, 48.54949951171875, 36.704864501953125], "right_hand": [339.6576843261719, 344.5531921386719, 46.048858642578125, 36.456939697265625]}]}