{"image_path": "/daintlab/home/rilab/github/frankmocap_notebooks/images/MVI_0004/scene_00000060.jpg", "body_bbox_list": [[441, 131, 138, 429]], "hand_bbox_list": [{"left_hand": [544.0422973632812, 366.3623046875, 31.833740234375, 35.503692626953125], "right_hand": [434.6162109375, 350.10699462890625, 24.95147705078125, 38.212677001953125]}]}