{"image_path": "/daintlab/home/rilab/github/frankmocap_notebooks/images/MVI_0004/scene_00000447.jpg", "body_bbox_list": [[384, 157, 187, 407]], "hand_bbox_list": [{"left_hand": [419.8403625488281, 229.6206512451172, 46.472991943359375, 40.65980529785156], "right_hand": [343.5581970214844, 224.30491638183594, 45.575408935546875, 39.02140808105469]}]}