{"image_path": "/daintlab/home/rilab/github/frankmocap_notebooks/images/MVI_0004/scene_00000505.jpg", "body_bbox_list": [[373, 304, 204, 253]], "hand_bbox_list": [{"left_hand": [402.3153381347656, 390.19158935546875, 47.3834228515625, 38.02099609375], "right_hand": [340.3845520019531, 375.7406005859375, 46.518524169921875, 36.157470703125]}]}