{"image_path": "/daintlab/home/rilab/github/frankmocap_notebooks/images/MVI_0004/scene_00000819.jpg", "body_bbox_list": [[368, 288, 204, 265]], "hand_bbox_list": [{"left_hand": [387.577392578125, 387.41046142578125, 49.087615966796875, 36.989654541015625], "right_hand": [333.8575439453125, 377.2498474121094, 42.566009521484375, 33.052520751953125]}]}