{"image_path": "/daintlab/home/rilab/github/frankmocap_notebooks/images/MVI_0004/scene_00000875.jpg", "body_bbox_list": [[384, 131, 187, 424]], "hand_bbox_list": [{"left_hand": [414.8379821777344, 216.01553344726562, 42.9478759765625, 39.18452453613281], "right_hand": [342.4673156738281, 212.9392852783203, 46.523468017578125, 40.477752685546875]}]}