{"image_path": "/daintlab/home/rilab/github/frankmocap_notebooks/images/MVI_0004/scene_00000144.jpg", "body_bbox_list": [[389, 131, 182, 429]], "hand_bbox_list": [{"left_hand": [431.787109375, 188.2720489501953, 42.801788330078125, 38.154815673828125], "right_hand": [347.56024169921875, 186.4898223876953, 48.392608642578125, 41.909393310546875]}]}