{"image_path": "/daintlab/home/rilab/github/frankmocap_notebooks/images/MVI_0004/scene_00000866.jpg", "body_bbox_list": [[384, 131, 187, 424]], "hand_bbox_list": [{"left_hand": [410.2283630371094, 189.94837951660156, 46.763336181640625, 41.128875732421875], "right_hand": [341.18475341796875, 187.30848693847656, 48.228363037109375, 42.384979248046875]}]}