{"image_path": "/daintlab/home/rilab/github/frankmocap_notebooks/images/MVI_0004/scene_00000108.jpg", "body_bbox_list": [[436, 131, 143, 429]], "hand_bbox_list": [{"left_hand": [524.8099365234375, 357.4887390136719, 36.859375, 48.26446533203125], "right_hand": [426.15478515625, 344.9211730957031, 23.2015380859375, 44.87933349609375]}]}