{"image_path": "/daintlab/home/rilab/github/frankmocap_notebooks/images/MVI_0004/scene_00000095.jpg", "body_bbox_list": [[446, 131, 138, 429]], "hand_bbox_list": [{"left_hand": [545.95166015625, 366.8856201171875, 32.69085693359375, 37.75048828125], "right_hand": [439.8484191894531, 351.2003479003906, 23.635345458984375, 40.813140869140625]}]}