{"image_path": "/daintlab/home/rilab/github/frankmocap_notebooks/images/MVI_0004/scene_00000824.jpg", "body_bbox_list": [[363, 262, 209, 297]], "hand_bbox_list": [{"left_hand": [386.6469421386719, 368.250244140625, 48.637451171875, 36.90533447265625], "right_hand": [329.2178039550781, 356.840576171875, 46.770599365234375, 35.916656494140625]}]}