{"image_path": "/daintlab/home/rilab/github/frankmocap_notebooks/images/MVI_0004/scene_00000636.jpg", "body_bbox_list": [[373, 299, 199, 253]], "hand_bbox_list": [{"left_hand": [403.3587951660156, 385.00091552734375, 45.828582763671875, 38.463104248046875], "right_hand": [340.671630859375, 378.5435791015625, 47.44281005859375, 36.079742431640625]}]}