{"image_path": "/daintlab/home/rilab/github/frankmocap_notebooks/images/MVI_0004/scene_00000694.jpg", "body_bbox_list": [[373, 209, 199, 353]], "hand_bbox_list": [{"left_hand": [400.28509521484375, 296.279052734375, 47.63677978515625, 38.3597412109375], "right_hand": [332.9589538574219, 286.13153076171875, 49.70892333984375, 37.268463134765625]}]}