{"image_path": "/daintlab/home/rilab/github/frankmocap_notebooks/images/MVI_0004/scene_00000226.jpg", "body_bbox_list": [[363, 304, 209, 253]], "hand_bbox_list": [{"left_hand": [396.81195068359375, 385.1322937011719, 45.177215576171875, 38.012969970703125], "right_hand": [326.2268981933594, 374.2578125, 46.844451904296875, 36.971160888671875]}]}