{"image_path": "/daintlab/home/rilab/github/frankmocap_notebooks/images/MVI_0004/scene_00000503.jpg", "body_bbox_list": [[373, 304, 204, 253]], "hand_bbox_list": [{"left_hand": [402.5156555175781, 391.2323913574219, 46.97052001953125, 38.26226806640625], "right_hand": [340.2278747558594, 376.5520324707031, 46.799652099609375, 36.175079345703125]}]}