{"image_path": "/daintlab/home/rilab/github/frankmocap_notebooks/images/MVI_0004/scene_00000385.jpg", "body_bbox_list": [[363, 246, 214, 314]], "hand_bbox_list": [{"left_hand": [390.6416015625, 330.5833740234375, 45.7581787109375, 39.319427490234375], "right_hand": [328.2726745605469, 318.8089904785156, 47.49462890625, 38.316864013671875]}]}