{"image_path": "/daintlab/home/rilab/github/frankmocap_notebooks/images/MVI_0004/scene_00000408.jpg", "body_bbox_list": [[363, 157, 209, 407]], "hand_bbox_list": [{"left_hand": [394.23583984375, 236.9355926513672, 47.511077880859375, 38.65394592285156], "right_hand": [329.8080139160156, 229.9129638671875, 47.150482177734375, 38.014892578125]}]}