{"image_path": "/daintlab/home/rilab/github/frankmocap_notebooks/images/MVI_0004/scene_00000652.jpg", "body_bbox_list": [[373, 309, 204, 243]], "hand_bbox_list": [{"left_hand": [400.5757751464844, 396.3885498046875, 47.017120361328125, 38.90838623046875], "right_hand": [342.7346496582031, 388.0514221191406, 45.752685546875, 36.525909423828125]}]}