{"image_path": "/daintlab/home/rilab/github/frankmocap_notebooks/images/MVI_0004/scene_00000319.jpg", "body_bbox_list": [[379, 188, 192, 375]], "hand_bbox_list": [{"left_hand": [415.24468994140625, 266.0668640136719, 44.036712646484375, 38.1705322265625], "right_hand": [347.1901550292969, 258.7144470214844, 46.314727783203125, 36.699493408203125]}]}