{"image_path": "/daintlab/home/rilab/github/frankmocap_notebooks/images/MVI_0004/scene_00000728.jpg", "body_bbox_list": [[379, 131, 192, 429]], "hand_bbox_list": [{"left_hand": [417.591796875, 205.07281494140625, 43.690521240234375, 40.13816833496094], "right_hand": [342.0690612792969, 198.8571014404297, 46.578216552734375, 40.314483642578125]}]}