{"image_path": "/daintlab/home/rilab/github/frankmocap_notebooks/images/MVI_0004/scene_00000653.jpg", "body_bbox_list": [[373, 309, 204, 243]], "hand_bbox_list": [{"left_hand": [400.3802795410156, 396.3341369628906, 46.813385009765625, 40.063690185546875], "right_hand": [342.1769714355469, 388.5873718261719, 46.402801513671875, 36.541534423828125]}]}