{"image_path": "/daintlab/home/rilab/github/frankmocap_notebooks/images/MVI_0004/scene_00000428.jpg", "body_bbox_list": [[379, 131, 192, 434]], "hand_bbox_list": [{"left_hand": null, "right_hand": [340.4669189453125, 192.0674285888672, 48.03863525390625, 39.53143310546875]}]}