{"image_path": "/daintlab/home/rilab/github/frankmocap_notebooks/images/MVI_0004/scene_00000030.jpg", "body_bbox_list": [[436, 131, 143, 429]], "hand_bbox_list": [{"left_hand": [541.1337280273438, 366.60455322265625, 31.66064453125, 35.48699951171875], "right_hand": [429.1139831542969, 349.37677001953125, 23.105377197265625, 38.342498779296875]}]}