{"image_path": "/daintlab/home/rilab/github/frankmocap_notebooks/images/MVI_0004/scene_00000773.jpg", "body_bbox_list": [[373, 220, 204, 346]], "hand_bbox_list": [{"left_hand": [405.4661560058594, 313.3323974609375, 45.236053466796875, 38.6888427734375], "right_hand": [340.2696533203125, 306.10284423828125, 47.069580078125, 37.32293701171875]}]}