{"image_path": "/daintlab/home/rilab/github/frankmocap_notebooks/images/MVI_0004/scene_00000870.jpg", "body_bbox_list": [[379, 131, 192, 429]], "hand_bbox_list": [{"left_hand": [409.6241455078125, 192.89993286132812, 45.820404052734375, 40.46881103515625], "right_hand": [342.033447265625, 189.6124267578125, 47.271697998046875, 42.6279296875]}]}