{"image_path": "/daintlab/home/rilab/github/frankmocap_notebooks/images/MVI_0004/scene_00000860.jpg", "body_bbox_list": [[379, 131, 192, 429]], "hand_bbox_list": [{"left_hand": [406.69366455078125, 197.40048217773438, 47.1396484375, 40.18280029296875], "right_hand": [339.03558349609375, 193.1198272705078, 47.276336669921875, 41.400909423828125]}]}