{"image_path": "/daintlab/home/rilab/github/frankmocap_notebooks/images/MVI_0004/scene_00000948.jpg", "body_bbox_list": [[451, 147, 138, 412]], "hand_bbox_list": [{"left_hand": [548.7435302734375, 342.91229248046875, 20.77587890625, 39.67620849609375], "right_hand": null}]}