{"image_path": "/daintlab/home/rilab/github/frankmocap_notebooks/images/MVI_0004/scene_00000204.jpg", "body_bbox_list": [[368, 267, 204, 292]], "hand_bbox_list": [{"left_hand": [406.6531677246094, 341.3815002441406, 45.0323486328125, 36.04962158203125], "right_hand": [333.1003723144531, 333.64581298828125, 46.930694580078125, 37.314727783203125]}]}