{"image_path": "/daintlab/home/rilab/github/frankmocap_notebooks/images/MVI_0004/scene_00000897.jpg", "body_bbox_list": [[441, 131, 133, 429]], "hand_bbox_list": [{"left_hand": [535.677001953125, 362.8344421386719, 27.283935546875, 49.93267822265625], "right_hand": [430.5455017089844, 351.69732666015625, 26.935333251953125, 45.785736083984375]}]}