{"image_path": "/daintlab/home/rilab/github/frankmocap_notebooks/images/MVI_0004/scene_00000329.jpg", "body_bbox_list": [[373, 225, 204, 336]], "hand_bbox_list": [{"left_hand": [409.3891296386719, 302.7303161621094, 44.35321044921875, 36.18115234375], "right_hand": [341.83050537109375, 292.89215087890625, 46.56475830078125, 37.92047119140625]}]}