{"image_path": "/daintlab/home/rilab/github/frankmocap_notebooks/images/MVI_0004/scene_00000662.jpg", "body_bbox_list": [[373, 309, 204, 243]], "hand_bbox_list": [{"left_hand": [399.35626220703125, 396.7707214355469, 46.552734375, 37.625518798828125], "right_hand": [342.85369873046875, 388.3874816894531, 42.06103515625, 32.94781494140625]}]}