{"image_path": "/daintlab/home/rilab/github/frankmocap_notebooks/images/MVI_0004/scene_00000621.jpg", "body_bbox_list": [[373, 241, 209, 324]], "hand_bbox_list": [{"left_hand": [409.3379211425781, 337.4639892578125, 45.918060302734375, 37.116912841796875], "right_hand": [341.8802185058594, 332.1206970214844, 46.826507568359375, 36.680908203125]}]}