{"image_path": "/daintlab/home/rilab/github/frankmocap_notebooks/images/MVI_0004/scene_00000419.jpg", "body_bbox_list": [[379, 131, 192, 434]], "hand_bbox_list": [{"left_hand": [409.1385803222656, 202.34075927734375, 45.477203369140625, 38.0096435546875], "right_hand": [339.5250549316406, 198.74185180664062, 48.040252685546875, 39.25856018066406]}]}