{"image_path": "/daintlab/home/rilab/github/frankmocap_notebooks/images/MVI_0004/scene_00000945.jpg", "body_bbox_list": [[456, 157, 143, 407]], "hand_bbox_list": [{"left_hand": [561.4609375, 345.09326171875, 21.087158203125, 40.98895263671875], "right_hand": null}]}