{"image_path": "/daintlab/home/rilab/github/frankmocap_notebooks/images/MVI_0004/scene_00000196.jpg", "body_bbox_list": [[373, 225, 199, 336]], "hand_bbox_list": [{"left_hand": [415.29833984375, 304.75738525390625, 43.795684814453125, 36.917449951171875], "right_hand": [338.6767578125, 296.61737060546875, 46.693634033203125, 36.7581787109375]}]}