{"image_path": "/daintlab/home/rilab/github/frankmocap_notebooks/images/MVI_0004/scene_00000599.jpg", "body_bbox_list": [[379, 152, 192, 412]], "hand_bbox_list": [{"left_hand": [416.6936950683594, 245.77569580078125, 44.51446533203125, 37.3414306640625], "right_hand": [346.8184509277344, 241.90269470214844, 46.398895263671875, 37.06178283691406]}]}