{"image_path": "/daintlab/home/rilab/github/frankmocap_notebooks/images/MVI_0004/scene_00000832.jpg", "body_bbox_list": [[358, 236, 214, 319]], "hand_bbox_list": [{"left_hand": [386.32501220703125, 340.63232421875, 49.073150634765625, 36.821533203125], "right_hand": [328.3277893066406, 328.7029724121094, 47.069244384765625, 36.374786376953125]}]}