{"image_path": "/daintlab/home/rilab/github/frankmocap_notebooks/images/MVI_0004/scene_00000187.jpg", "body_bbox_list": [[384, 194, 187, 368]], "hand_bbox_list": [{"left_hand": [423.7037658691406, 264.1170959472656, 42.626495361328125, 37.100250244140625], "right_hand": [346.8902282714844, 257.8861389160156, 46.585784912109375, 35.99945068359375]}]}