{"image_path": "/daintlab/home/rilab/github/frankmocap_notebooks/images/MVI_0004/scene_00000789.jpg", "body_bbox_list": [[373, 288, 199, 270]], "hand_bbox_list": [{"left_hand": [394.1340637207031, 379.3639831542969, 48.7066650390625, 37.540069580078125], "right_hand": [336.64703369140625, 370.9363708496094, 45.817291259765625, 36.56842041015625]}]}