{"image_path": "/daintlab/home/rilab/github/frankmocap_notebooks/images/MVI_0004/scene_00000280.jpg", "body_bbox_list": [[389, 131, 182, 434]], "hand_bbox_list": [{"left_hand": [420.9380798339844, 196.3286590576172, 44.426483154296875, 38.386962890625], "right_hand": [346.71282958984375, 194.64724731445312, 48.61663818359375, 40.035736083984375]}]}