{"image_path": "/daintlab/home/rilab/github/frankmocap_notebooks/images/MVI_0004/scene_00000175.jpg", "body_bbox_list": [[389, 157, 182, 407]], "hand_bbox_list": [{"left_hand": [429.2706298828125, 227.87335205078125, 42.162750244140625, 37.43768310546875], "right_hand": [349.3621520996094, 221.32855224609375, 47.005096435546875, 37.421783447265625]}]}