{"image_path": "/daintlab/home/rilab/github/frankmocap_notebooks/images/MVI_0004/scene_00000868.jpg", "body_bbox_list": [[384, 131, 187, 429]], "hand_bbox_list": [{"left_hand": [410.2030029296875, 190.709228515625, 46.169921875, 41.02862548828125], "right_hand": [340.7713623046875, 187.86265563964844, 48.70111083984375, 42.52764892578125]}]}