{"image_path": "/daintlab/home/rilab/github/frankmocap_notebooks/images/MVI_0004/scene_00000957.jpg", "body_bbox_list": [[436, 136, 138, 419]], "hand_bbox_list": [{"left_hand": [528.7393188476562, 367.0168762207031, 35.391845703125, 45.744659423828125], "right_hand": [432.593017578125, 356.19482421875, 24.330108642578125, 43.013427734375]}]}