{"image_path": "/daintlab/home/rilab/github/frankmocap_notebooks/images/MVI_0004/scene_00000370.jpg", "body_bbox_list": [[358, 293, 214, 265]], "hand_bbox_list": [{"left_hand": [390.08868408203125, 373.1701354980469, 46.475433349609375, 39.057830810546875], "right_hand": [331.6864318847656, 363.1045837402344, 43.087493896484375, 33.5035400390625]}]}