{"image_path": "/daintlab/home/rilab/github/frankmocap_notebooks/images/MVI_0004/scene_00000777.jpg", "body_bbox_list": [[373, 235, 209, 331]], "hand_bbox_list": [{"left_hand": [402.53143310546875, 333.2253723144531, 45.614593505859375, 38.527984619140625], "right_hand": [340.7445983886719, 324.101806640625, 45.678680419921875, 36.8050537109375]}]}