{"image_path": "/daintlab/home/rilab/github/frankmocap_notebooks/images/MVI_0004/scene_00000816.jpg", "body_bbox_list": [[363, 293, 209, 265]], "hand_bbox_list": [{"left_hand": [388.8525695800781, 394.0673522949219, 48.33990478515625, 36.1060791015625], "right_hand": [333.197998046875, 380.81695556640625, 47.68121337890625, 36.935394287109375]}]}