{"image_path": "/daintlab/home/rilab/github/frankmocap_notebooks/images/MVI_0004/scene_00000366.jpg", "body_bbox_list": [[358, 299, 214, 258]], "hand_bbox_list": [{"left_hand": [392.08636474609375, 379.0162353515625, 47.432891845703125, 38.436126708984375], "right_hand": [329.56634521484375, 367.3109436035156, 46.7232666015625, 36.53546142578125]}]}