{"image_path": "/daintlab/home/rilab/github/frankmocap_notebooks/images/MVI_0004/scene_00000638.jpg", "body_bbox_list": [[373, 299, 199, 253]], "hand_bbox_list": [{"left_hand": [401.5673522949219, 388.22003173828125, 45.747833251953125, 37.059967041015625], "right_hand": [341.0771789550781, 381.4533386230469, 46.91644287109375, 36.28350830078125]}]}