{"image_path": "/daintlab/home/rilab/github/frankmocap_notebooks/images/MVI_0004/scene_00000317.jpg", "body_bbox_list": [[384, 188, 187, 375]], "hand_bbox_list": [{"left_hand": [417.76666259765625, 257.94561767578125, 44.326080322265625, 39.03485107421875], "right_hand": [347.4191589355469, 253.31263732910156, 45.6390380859375, 37.40959167480469]}]}