{"image_path": "/daintlab/home/rilab/github/frankmocap_notebooks/images/MVI_0004/scene_00000518.jpg", "body_bbox_list": [[368, 288, 209, 270]], "hand_bbox_list": [{"left_hand": [396.8148193359375, 375.2732238769531, 45.9805908203125, 37.296630859375], "right_hand": [335.4358215332031, 358.87451171875, 47.10064697265625, 37.600128173828125]}]}