{"image_path": "/daintlab/home/rilab/github/frankmocap_notebooks/images/MVI_0004/scene_00000473.jpg", "body_bbox_list": [[384, 225, 192, 341]], "hand_bbox_list": [{"left_hand": [416.6573486328125, 309.3230895996094, 45.900909423828125, 38.333770751953125], "right_hand": [347.3297119140625, 302.6668395996094, 47.082305908203125, 36.7901611328125]}]}