{"image_path": "/daintlab/home/rilab/github/frankmocap_notebooks/images/MVI_0004/scene_00000884.jpg", "body_bbox_list": [[389, 131, 182, 429]], "hand_bbox_list": [{"left_hand": [455.9682312011719, 311.0151672363281, 43.084564208984375, 43.218353271484375], "right_hand": [360.7400817871094, 298.65740966796875, 43.6800537109375, 41.87677001953125]}]}