{"image_path": "/daintlab/home/rilab/github/frankmocap_notebooks/images/MVI_0004/scene_00000564.jpg", "body_bbox_list": [[379, 131, 192, 429]], "hand_bbox_list": [{"left_hand": [416.1480712890625, 202.90972900390625, 46.115234375, 40.20536804199219], "right_hand": [341.0013427734375, 199.5365753173828, 47.209869384765625, 39.67369079589844]}]}