{"image_path": "/daintlab/home/rilab/github/frankmocap_notebooks/images/MVI_0004/scene_00000449.jpg", "body_bbox_list": [[384, 162, 187, 402]], "hand_bbox_list": [{"left_hand": [421.77484130859375, 236.30084228515625, 44.7655029296875, 38.102142333984375], "right_hand": [346.80792236328125, 228.5049591064453, 46.4005126953125, 38.26100158691406]}]}