{"image_path": "/daintlab/home/rilab/github/frankmocap_notebooks/images/MVI_0004/scene_00000147.jpg", "body_bbox_list": [[389, 131, 182, 429]], "hand_bbox_list": [{"left_hand": [435.1949157714844, 185.8014373779297, 42.4093017578125, 38.702850341796875], "right_hand": [346.6722106933594, 184.19654846191406, 49.336273193359375, 41.63563537597656]}]}