{"image_path": "/daintlab/home/rilab/github/frankmocap_notebooks/images/MVI_0004/scene_00000641.jpg", "body_bbox_list": [[373, 309, 204, 248]], "hand_bbox_list": [{"left_hand": [401.0791320800781, 393.59942626953125, 46.540557861328125, 36.80126953125], "right_hand": [341.4896545410156, 385.7057800292969, 46.726715087890625, 37.170623779296875]}]}