{"image_path": "/daintlab/home/rilab/github/frankmocap_notebooks/images/MVI_0004/scene_00000468.jpg", "body_bbox_list": [[384, 209, 192, 358]], "hand_bbox_list": [{"left_hand": [421.50323486328125, 290.5725402832031, 44.216156005859375, 36.402130126953125], "right_hand": [348.3676452636719, 283.4295959472656, 46.348785400390625, 36.765533447265625]}]}