{"image_path": "/daintlab/home/rilab/github/frankmocap_notebooks/images/MVI_0004/scene_00000167.jpg", "body_bbox_list": [[389, 136, 182, 429]], "hand_bbox_list": [{"left_hand": null, "right_hand": [348.71478271484375, 202.0319366455078, 47.844879150390625, 37.74842834472656]}]}