{"image_path": "/daintlab/home/rilab/github/frankmocap_notebooks/images/MVI_0004/scene_00000472.jpg", "body_bbox_list": [[384, 225, 192, 341]], "hand_bbox_list": [{"left_hand": [420.0014953613281, 305.02386474609375, 44.280853271484375, 38.824920654296875], "right_hand": [348.1722717285156, 298.6961975097656, 46.96533203125, 36.898284912109375]}]}