{"image_path": "/daintlab/home/rilab/github/frankmocap_notebooks/images/MVI_0004/scene_00000476.jpg", "body_bbox_list": [[378, 235, 204, 331]], "hand_bbox_list": [{"left_hand": [414.59271240234375, 323.4924011230469, 45.642486572265625, 36.219482421875], "right_hand": [346.4187927246094, 316.8302917480469, 46.09307861328125, 36.85089111328125]}]}