{"image_path": "/daintlab/home/rilab/github/frankmocap_notebooks/images/MVI_0004/scene_00000767.jpg", "body_bbox_list": [[378, 194, 199, 368]], "hand_bbox_list": [{"left_hand": [408.1746520996094, 293.0755615234375, 45.97540283203125, 39.007476806640625], "right_hand": [340.8685607910156, 284.77984619140625, 48.23126220703125, 36.7843017578125]}]}