{"image_path": "/daintlab/home/rilab/github/frankmocap_notebooks/images/MVI_0004/scene_00000646.jpg", "body_bbox_list": [[373, 309, 204, 243]], "hand_bbox_list": [{"left_hand": [401.562744140625, 393.98236083984375, 46.287506103515625, 36.97186279296875], "right_hand": [346.0958251953125, 387.7611083984375, 44.318939208984375, 33.47662353515625]}]}