{"image_path": "/daintlab/home/rilab/github/frankmocap_notebooks/images/MVI_0004/scene_00000349.jpg", "body_bbox_list": [[368, 299, 204, 258]], "hand_bbox_list": [{"left_hand": [396.55609130859375, 376.5782470703125, 45.2357177734375, 36.64495849609375], "right_hand": [334.1788330078125, 364.3940734863281, 47.351043701171875, 36.468109130859375]}]}