{"image_path": "/daintlab/home/rilab/github/frankmocap_notebooks/images/MVI_0004/scene_00000893.jpg", "body_bbox_list": [[426, 131, 143, 429]], "hand_bbox_list": [{"left_hand": [519.9949951171875, 355.81182861328125, 28.41217041015625, 52.832916259765625], "right_hand": [414.8476257324219, 347.409912109375, 28.125579833984375, 46.278656005859375]}]}