{"image_path": "/daintlab/home/rilab/github/frankmocap_notebooks/images/MVI_0004/scene_00000784.jpg", "body_bbox_list": [[373, 267, 204, 292]], "hand_bbox_list": [{"left_hand": [395.4368591308594, 361.388916015625, 47.098876953125, 36.672149658203125], "right_hand": [339.2668151855469, 351.51226806640625, 46.31365966796875, 36.752777099609375]}]}