{"image_path": "/daintlab/home/rilab/github/frankmocap_notebooks/images/MVI_0004/scene_00000420.jpg", "body_bbox_list": [[379, 131, 192, 429]], "hand_bbox_list": [{"left_hand": [410.2200927734375, 199.37649536132812, 44.997222900390625, 37.63865661621094], "right_hand": [339.62420654296875, 196.9459991455078, 48.12091064453125, 39.80621337890625]}]}