{"image_path": "/daintlab/home/rilab/github/frankmocap_notebooks/images/MVI_0004/scene_00000150.jpg", "body_bbox_list": [[389, 131, 182, 429]], "hand_bbox_list": [{"left_hand": [435.38336181640625, 186.56346130371094, 42.226318359375, 38.591705322265625], "right_hand": [346.5308532714844, 185.76637268066406, 49.182647705078125, 40.93653869628906]}]}