{"image_path": "/daintlab/home/rilab/github/frankmocap_notebooks/images/MVI_0004/scene_00000373.jpg", "body_bbox_list": [[358, 288, 214, 270]], "hand_bbox_list": [{"left_hand": [389.54339599609375, 366.17913818359375, 47.254241943359375, 36.986328125], "right_hand": [328.29791259765625, 353.48211669921875, 47.4039306640625, 36.982086181640625]}]}