{"image_path": "/daintlab/home/rilab/github/frankmocap_notebooks/images/MVI_0004/scene_00000872.jpg", "body_bbox_list": [[379, 131, 192, 429]], "hand_bbox_list": [{"left_hand": [410.0386962890625, 199.27296447753906, 45.7451171875, 40.44462585449219], "right_hand": [341.9792175292969, 194.3303985595703, 46.448272705078125, 42.281951904296875]}]}