{"image_path": "/daintlab/home/rilab/github/frankmocap_notebooks/images/MVI_0004/scene_00000094.jpg", "body_bbox_list": [[446, 131, 138, 429]], "hand_bbox_list": [{"left_hand": [545.7592163085938, 366.696044921875, 32.841796875, 37.638946533203125], "right_hand": [439.3253479003906, 350.9266052246094, 23.82965087890625, 40.988189697265625]}]}