{"image_path": "/daintlab/home/rilab/github/frankmocap_notebooks/images/MVI_0004/scene_00000519.jpg", "body_bbox_list": [[368, 288, 209, 270]], "hand_bbox_list": [{"left_hand": [397.8611145019531, 373.2628479003906, 44.879913330078125, 37.930877685546875], "right_hand": [335.20172119140625, 357.3511657714844, 47.281951904296875, 37.180633544921875]}]}