{"image_path": "/daintlab/home/rilab/github/frankmocap_notebooks/images/MVI_0004/scene_00000251.jpg", "body_bbox_list": [[368, 225, 204, 336]], "hand_bbox_list": [{"left_hand": [403.38348388671875, 303.5157165527344, 44.513427734375, 37.518829345703125], "right_hand": [329.23779296875, 292.9363708496094, 47.1246337890625, 38.21246337890625]}]}