{"image_path": "/daintlab/home/rilab/github/frankmocap_notebooks/images/MVI_0004/scene_00000624.jpg", "body_bbox_list": [[373, 251, 209, 314]], "hand_bbox_list": [{"left_hand": [413.20611572265625, 350.6107482910156, 41.673614501953125, 33.74090576171875], "right_hand": [342.41192626953125, 339.74810791015625, 46.55303955078125, 36.301422119140625]}]}