{"image_path": "/daintlab/home/rilab/github/frankmocap_notebooks/images/MVI_0004/scene_00000381.jpg", "body_bbox_list": [[357, 257, 221, 302]], "hand_bbox_list": [{"left_hand": [390.5754089355469, 341.0504150390625, 45.06439208984375, 37.2867431640625], "right_hand": [328.8344421386719, 331.2725524902344, 46.824493408203125, 37.08734130859375]}]}