{"image_path": "/daintlab/home/rilab/github/frankmocap_notebooks/images/MVI_0004/scene_00000805.jpg", "body_bbox_list": [[368, 309, 204, 243]], "hand_bbox_list": [{"left_hand": [393.33880615234375, 401.0565490722656, 47.35552978515625, 37.469024658203125], "right_hand": [336.9565124511719, 391.9154357910156, 45.3609619140625, 36.1031494140625]}]}