{"image_path": "/daintlab/home/rilab/github/frankmocap_notebooks/images/MVI_0004/scene_00000906.jpg", "body_bbox_list": [[452, 131, 126, 429]], "hand_bbox_list": [{"left_hand": [544.674072265625, 362.944091796875, 26.24493408203125, 50.481842041015625], "right_hand": [441.6419372558594, 350.7331237792969, 26.232177734375, 47.875762939453125]}]}