{"image_path": "/daintlab/home/rilab/github/frankmocap_notebooks/images/MVI_0004/scene_00000792.jpg", "body_bbox_list": [[368, 299, 204, 253]], "hand_bbox_list": [{"left_hand": [393.0621643066406, 387.9508056640625, 48.371307373046875, 37.72216796875], "right_hand": [336.4725646972656, 379.241943359375, 45.566162109375, 36.328216552734375]}]}