{"image_path": "/daintlab/home/rilab/github/frankmocap_notebooks/images/MVI_0004/scene_00000304.jpg", "body_bbox_list": [[384, 146, 187, 419]], "hand_bbox_list": [{"left_hand": [420.86663818359375, 216.7831268310547, 45.6343994140625, 38.30323791503906], "right_hand": [348.0760192871094, 212.45578002929688, 46.20428466796875, 38.838287353515625]}]}