{"image_path": "/daintlab/home/rilab/github/frankmocap_notebooks/images/MVI_0004/scene_00000177.jpg", "body_bbox_list": [[389, 162, 182, 402]], "hand_bbox_list": [{"left_hand": [428.50323486328125, 233.19142150878906, 43.0609130859375, 36.77546691894531], "right_hand": [348.743896484375, 229.53225708007812, 47.514556884765625, 36.745086669921875]}]}