{"image_path": "/daintlab/home/rilab/github/frankmocap_notebooks/images/MVI_0004/scene_00000227.jpg", "body_bbox_list": [[363, 304, 209, 248]], "hand_bbox_list": [{"left_hand": [396.5510559082031, 384.7204895019531, 45.453826904296875, 37.9742431640625], "right_hand": [326.0638427734375, 373.6683654785156, 47.484832763671875, 37.06475830078125]}]}