{"image_path": "/daintlab/home/rilab/github/frankmocap_notebooks/images/MVI_0004/scene_00000898.jpg", "body_bbox_list": [[441, 131, 133, 429]], "hand_bbox_list": [{"left_hand": [536.7022705078125, 361.75982666015625, 29.45562744140625, 55.042022705078125], "right_hand": [435.0724182128906, 351.4974365234375, 26.845977783203125, 46.77935791015625]}]}