{"image_path": "/daintlab/home/rilab/github/frankmocap_notebooks/images/MVI_0004/scene_00000849.jpg", "body_bbox_list": [[368, 157, 204, 407]], "hand_bbox_list": [{"left_hand": [394.7616882324219, 250.99081420898438, 47.665771484375, 40.040313720703125], "right_hand": [332.1055908203125, 246.0619354248047, 47.7171630859375, 37.48124694824219]}]}