{"image_path": "/daintlab/home/rilab/github/frankmocap_notebooks/images/MVI_0004/scene_00000550.jpg", "body_bbox_list": [[379, 146, 192, 419]], "hand_bbox_list": [{"left_hand": [407.8353271484375, 237.8984375, 45.065887451171875, 38.929290771484375], "right_hand": [335.38671875, 229.701171875, 47.744781494140625, 37.601409912109375]}]}