{"image_path": "/daintlab/home/rilab/github/frankmocap_notebooks/images/MVI_0004/scene_00000571.jpg", "body_bbox_list": [[384, 131, 187, 429]], "hand_bbox_list": [{"left_hand": [419.4065246582031, 203.9794464111328, 44.795135498046875, 40.24989318847656], "right_hand": [342.594482421875, 199.8978271484375, 46.3779296875, 39.58198547363281]}]}