{"image_path": "/daintlab/home/rilab/github/frankmocap_notebooks/images/MVI_0004/scene_00000483.jpg", "body_bbox_list": [[368, 272, 214, 287]], "hand_bbox_list": [{"left_hand": [406.90313720703125, 352.4459228515625, 47.119140625, 37.26751708984375], "right_hand": [341.5157470703125, 341.5958557128906, 46.68011474609375, 35.9644775390625]}]}