{"image_path": "/daintlab/home/rilab/github/frankmocap_notebooks/images/MVI_0004/scene_00000143.jpg", "body_bbox_list": [[389, 131, 182, 429]], "hand_bbox_list": [{"left_hand": [431.1058044433594, 192.16880798339844, 43.95501708984375, 37.549072265625], "right_hand": [348.2521667480469, 190.3418426513672, 47.714385986328125, 40.682342529296875]}]}