{"image_path": "/daintlab/home/rilab/github/frankmocap_notebooks/images/MVI_0004/scene_00000533.jpg", "body_bbox_list": [[368, 236, 209, 324]], "hand_bbox_list": [{"left_hand": [396.1650085449219, 333.2171936035156, 46.00335693359375, 37.97882080078125], "right_hand": [333.02398681640625, 319.7384033203125, 47.217010498046875, 37.68988037109375]}]}