{"image_path": "/daintlab/home/rilab/github/frankmocap_notebooks/images/MVI_0004/scene_00000441.jpg", "body_bbox_list": [[379, 146, 192, 419]], "hand_bbox_list": [{"left_hand": [417.4942321777344, 219.6883544921875, 44.33538818359375, 39.199554443359375], "right_hand": [343.7191467285156, 211.0222930908203, 45.609466552734375, 38.86759948730469]}]}