{"image_path": "/daintlab/home/rilab/github/frankmocap_notebooks/images/MVI_0004/scene_00000765.jpg", "body_bbox_list": [[378, 188, 199, 375]], "hand_bbox_list": [{"left_hand": [408.8896484375, 287.7732238769531, 45.7843017578125, 36.636993408203125], "right_hand": [341.8541259765625, 277.9703063964844, 47.0084228515625, 37.35491943359375]}]}