{"image_path": "/daintlab/home/rilab/github/frankmocap_notebooks/images/MVI_0004/scene_00000755.jpg", "body_bbox_list": [[384, 167, 187, 397]], "hand_bbox_list": [{"left_hand": [416.3419494628906, 257.4992980957031, 45.595550537109375, 39.04278564453125], "right_hand": [346.3953857421875, 250.5032196044922, 48.068572998046875, 37.36619567871094]}]}