{"image_path": "/daintlab/home/rilab/github/frankmocap_notebooks/images/MVI_0004/scene_00000215.jpg", "body_bbox_list": [[363, 304, 209, 253]], "hand_bbox_list": [{"left_hand": [396.4002685546875, 380.42156982421875, 45.491180419921875, 36.194244384765625], "right_hand": [325.1183776855469, 371.36346435546875, 48.075439453125, 37.4732666015625]}]}