{"image_path": "/daintlab/home/rilab/github/frankmocap_notebooks/images/MVI_0004/scene_00000078.jpg", "body_bbox_list": [[441, 131, 143, 429]], "hand_bbox_list": [{"left_hand": [546.0828247070312, 366.4727478027344, 31.95684814453125, 35.253326416015625], "right_hand": [436.8747863769531, 351.1226501464844, 23.606842041015625, 38.3353271484375]}]}