{"image_path": "/daintlab/home/rilab/github/frankmocap_notebooks/images/MVI_0004/scene_00000054.jpg", "body_bbox_list": [[441, 131, 143, 429]], "hand_bbox_list": [{"left_hand": [546.2557983398438, 365.8775939941406, 32.13970947265625, 35.2191162109375], "right_hand": [434.0274658203125, 349.5937805175781, 25.10845947265625, 36.5286865234375]}]}