{"image_path": "/daintlab/home/rilab/github/frankmocap_notebooks/images/MVI_0004/scene_00000727.jpg", "body_bbox_list": [[379, 131, 192, 429]], "hand_bbox_list": [{"left_hand": [417.0147399902344, 205.2341766357422, 44.292694091796875, 40.31932067871094], "right_hand": [341.352783203125, 199.4522247314453, 47.465423583984375, 40.4796142578125]}]}