{"image_path": "/daintlab/home/rilab/github/frankmocap_notebooks/images/MVI_0004/scene_00000551.jpg", "body_bbox_list": [[373, 141, 199, 424]], "hand_bbox_list": [{"left_hand": [408.01873779296875, 232.6848602294922, 45.581695556640625, 38.00685119628906], "right_hand": [335.5002746582031, 225.60903930664062, 47.88214111328125, 37.87713623046875]}]}