{"image_path": "/daintlab/home/rilab/github/frankmocap_notebooks/images/MVI_0004/scene_00000680.jpg", "body_bbox_list": [[363, 257, 214, 302]], "hand_bbox_list": [{"left_hand": [392.6329650878906, 348.6809997558594, 48.50054931640625, 38.89752197265625], "right_hand": [333.2964782714844, 337.83172607421875, 48.25634765625, 36.12200927734375]}]}