{"image_path": "/daintlab/home/rilab/github/frankmocap_notebooks/images/MVI_0004/scene_00000489.jpg", "body_bbox_list": [[368, 293, 209, 265]], "hand_bbox_list": [{"left_hand": [402.9031677246094, 374.0942687988281, 46.50982666015625, 39.558746337890625], "right_hand": [339.1357727050781, 359.7566223144531, 47.433135986328125, 37.0726318359375]}]}