{"image_path": "/daintlab/home/rilab/github/frankmocap_notebooks/images/MVI_0004/scene_00000537.jpg", "body_bbox_list": [[368, 220, 209, 341]], "hand_bbox_list": [{"left_hand": [397.2040100097656, 313.9027099609375, 46.196197509765625, 36.6239013671875], "right_hand": [329.7369079589844, 302.6348876953125, 48.2288818359375, 36.99273681640625]}]}