{"image_path": "/daintlab/home/rilab/github/frankmocap_notebooks/images/MVI_0004/scene_00000650.jpg", "body_bbox_list": [[373, 309, 204, 243]], "hand_bbox_list": [{"left_hand": [401.6553955078125, 395.0848388671875, 45.73248291015625, 38.07659912109375], "right_hand": [346.07427978515625, 388.55108642578125, 42.048370361328125, 33.8509521484375]}]}