{"image_path": "/daintlab/home/rilab/github/frankmocap_notebooks/images/MVI_0004/scene_00000077.jpg", "body_bbox_list": [[441, 131, 143, 429]], "hand_bbox_list": [{"left_hand": [545.267578125, 366.5361328125, 31.50982666015625, 35.226043701171875], "right_hand": [436.68359375, 351.3565673828125, 23.89862060546875, 38.935638427734375]}]}