{"image_path": "/daintlab/home/rilab/github/frankmocap_notebooks/images/MVI_0004/scene_00000180.jpg", "body_bbox_list": [[389, 173, 182, 390]], "hand_bbox_list": [{"left_hand": [427.2731018066406, 243.13250732421875, 43.323577880859375, 37.009613037109375], "right_hand": [348.6990966796875, 239.084228515625, 47.40887451171875, 37.400665283203125]}]}