{"image_path": "/daintlab/home/rilab/github/frankmocap_notebooks/images/MVI_0004/scene_00000830.jpg", "body_bbox_list": [[363, 246, 209, 314]], "hand_bbox_list": [{"left_hand": [386.407470703125, 348.6264343261719, 48.530303955078125, 38.111053466796875], "right_hand": [328.13604736328125, 336.12261962890625, 47.28857421875, 36.5347900390625]}]}