{"image_path": "/daintlab/home/rilab/github/frankmocap_notebooks/images/MVI_0004/scene_00000316.jpg", "body_bbox_list": [[384, 178, 187, 385]], "hand_bbox_list": [{"left_hand": [419.8693542480469, 254.59715270996094, 44.888763427734375, 39.97352600097656], "right_hand": [347.0147705078125, 248.1421356201172, 47.021209716796875, 38.10270690917969]}]}