{"image_path": "/daintlab/home/rilab/github/frankmocap_notebooks/images/MVI_0004/scene_00000438.jpg", "body_bbox_list": [[379, 136, 192, 429]], "hand_bbox_list": [{"left_hand": [416.6490783691406, 208.39146423339844, 44.648956298828125, 38.81938171386719], "right_hand": [342.736083984375, 201.58139038085938, 47.60821533203125, 39.575408935546875]}]}