{"image_path": "/daintlab/home/rilab/github/frankmocap_notebooks/images/MVI_0004/scene_00000607.jpg", "body_bbox_list": [[378, 183, 199, 380]], "hand_bbox_list": [{"left_hand": [409.5206604003906, 281.52520751953125, 45.036285400390625, 37.43743896484375], "right_hand": [341.8335876464844, 276.4219055175781, 47.00390625, 36.05462646484375]}]}