{"image_path": "/daintlab/home/rilab/github/frankmocap_notebooks/images/MVI_0004/scene_00000696.jpg", "body_bbox_list": [[368, 194, 204, 368]], "hand_bbox_list": [{"left_hand": [402.0226745605469, 286.3984680175781, 46.610137939453125, 37.765045166015625], "right_hand": [332.5865478515625, 276.93115234375, 49.764801025390625, 38.05426025390625]}]}