{"image_path": "/daintlab/home/rilab/github/frankmocap_notebooks/images/MVI_0004/scene_00000062.jpg", "body_bbox_list": [[441, 131, 138, 429]], "hand_bbox_list": [{"left_hand": [544.429443359375, 366.7354736328125, 31.666748046875, 35.09759521484375], "right_hand": [435.2520446777344, 349.8561706542969, 24.760162353515625, 38.840301513671875]}]}