{"image_path": "/daintlab/home/rilab/github/frankmocap_notebooks/images/MVI_0004/scene_00000129.jpg", "body_bbox_list": [[389, 131, 182, 429]], "hand_bbox_list": [{"left_hand": [440.6190185546875, 273.3575439453125, 43.012664794921875, 45.4478759765625], "right_hand": [363.44451904296875, 270.8780517578125, 39.238128662109375, 41.61968994140625]}]}