{"image_path": "/daintlab/home/rilab/github/frankmocap_notebooks/images/MVI_0004/scene_00000000.jpg", "body_bbox_list": [[441, 131, 143, 424]], "hand_bbox_list": [{"left_hand": [541.6467895507812, 367.19427490234375, 31.01336669921875, 34.3785400390625], "right_hand": [435.7602233886719, 351.56451416015625, 23.31201171875, 37.687957763671875]}]}