{"image_path": "/daintlab/home/rilab/github/frankmocap_notebooks/images/MVI_0004/scene_00000806.jpg", "body_bbox_list": [[368, 309, 204, 243]], "hand_bbox_list": [{"left_hand": [393.1434631347656, 401.2154846191406, 47.40350341796875, 37.60699462890625], "right_hand": [338.76226806640625, 394.45263671875, 40.31378173828125, 32.601776123046875]}]}