{"image_path": "/daintlab/home/rilab/github/frankmocap_notebooks/images/MVI_0004/scene_00000911.jpg", "body_bbox_list": [[446, 131, 133, 429]], "hand_bbox_list": [{"left_hand": [538.9329833984375, 367.2503662109375, 33.31927490234375, 34.729949951171875], "right_hand": [440.71099853515625, 352.04046630859375, 21.109466552734375, 42.4820556640625]}]}