{"image_path": "/daintlab/home/rilab/github/frankmocap_notebooks/images/MVI_0004/scene_00000514.jpg", "body_bbox_list": [[368, 299, 204, 258]], "hand_bbox_list": [{"left_hand": [397.27581787109375, 381.6529846191406, 45.83624267578125, 36.975677490234375], "right_hand": [336.25970458984375, 366.09417724609375, 46.706146240234375, 36.596923828125]}]}