{"image_path": "/daintlab/home/rilab/github/frankmocap_notebooks/images/MVI_0004/scene_00000092.jpg", "body_bbox_list": [[441, 131, 143, 429]], "hand_bbox_list": [{"left_hand": [543.8461303710938, 366.18048095703125, 33.06512451171875, 36.826507568359375], "right_hand": [437.028564453125, 350.76483154296875, 23.803466796875, 40.315673828125]}]}