{"image_path": "/daintlab/home/rilab/github/frankmocap_notebooks/images/MVI_0004/scene_00000106.jpg", "body_bbox_list": [[436, 131, 143, 429]], "hand_bbox_list": [{"left_hand": [529.6380004882812, 359.7157897949219, 35.71435546875, 46.644287109375], "right_hand": [428.0450134277344, 345.7559509277344, 23.746246337890625, 45.06280517578125]}]}