{"image_path": "/daintlab/home/rilab/github/frankmocap_notebooks/images/MVI_0004/scene_00000423.jpg", "body_bbox_list": [[379, 131, 192, 429]], "hand_bbox_list": [{"left_hand": null, "right_hand": [340.2663269042969, 193.63735961914062, 47.947540283203125, 39.47819519042969]}]}