{"image_path": "/daintlab/home/rilab/github/frankmocap_notebooks/images/MVI_0004/scene_00000049.jpg", "body_bbox_list": [[441, 131, 143, 429]], "hand_bbox_list": [{"left_hand": [555.147216796875, 364.300048828125, 30.12353515625, 35.27569580078125], "right_hand": [434.4996643066406, 346.60906982421875, 23.933074951171875, 36.53399658203125]}]}