{"image_path": "/daintlab/home/rilab/github/frankmocap_notebooks/images/MVI_0004/scene_00000090.jpg", "body_bbox_list": [[441, 131, 143, 429]], "hand_bbox_list": [{"left_hand": [544.8984985351562, 366.6624755859375, 31.68853759765625, 35.085113525390625], "right_hand": [437.107666015625, 349.7773132324219, 23.719451904296875, 39.51361083984375]}]}