{"image_path": "/daintlab/home/rilab/github/frankmocap_notebooks/images/MVI_0004/scene_00000206.jpg", "body_bbox_list": [[363, 272, 209, 287]], "hand_bbox_list": [{"left_hand": [402.85400390625, 348.8692626953125, 45.112823486328125, 37.005035400390625], "right_hand": [329.6934814453125, 340.7649230957031, 47.347747802734375, 36.20196533203125]}]}