{"image_path": "/daintlab/home/rilab/github/frankmocap_notebooks/images/MVI_0004/scene_00000061.jpg", "body_bbox_list": [[441, 131, 138, 429]], "hand_bbox_list": [{"left_hand": [544.2532958984375, 366.6476135253906, 31.6612548828125, 35.204864501953125], "right_hand": [435.21649169921875, 349.73297119140625, 24.806396484375, 38.807830810546875]}]}