{"image_path": "/daintlab/home/rilab/github/frankmocap_notebooks/images/MVI_0004/scene_00000815.jpg", "body_bbox_list": [[363, 299, 209, 253]], "hand_bbox_list": [{"left_hand": [389.5133056640625, 394.9560852050781, 46.77081298828125, 36.08935546875], "right_hand": [333.5249938964844, 382.90826416015625, 47.71728515625, 36.8060302734375]}]}