{"image_path": "/daintlab/home/rilab/github/frankmocap_notebooks/images/MVI_0004/scene_00000417.jpg", "body_bbox_list": [[379, 131, 192, 434]], "hand_bbox_list": [{"left_hand": [407.9656677246094, 206.07752990722656, 46.62286376953125, 38.575958251953125], "right_hand": [338.68524169921875, 201.65530395507812, 48.98431396484375, 39.729095458984375]}]}