{"image_path": "/daintlab/home/rilab/github/frankmocap_notebooks/images/MVI_0004/scene_00000415.jpg", "body_bbox_list": [[379, 136, 192, 429]], "hand_bbox_list": [{"left_hand": [404.61981201171875, 211.68687438964844, 48.144989013671875, 40.43524169921875], "right_hand": [337.15692138671875, 205.64617919921875, 46.66998291015625, 38.582275390625]}]}