{"image_path": "/daintlab/home/rilab/github/frankmocap_notebooks/images/MVI_0004/scene_00000498.jpg", "body_bbox_list": [[373, 309, 204, 248]], "hand_bbox_list": [{"left_hand": [404.6795349121094, 389.9405212402344, 47.370086669921875, 38.049560546875], "right_hand": [340.9656982421875, 374.33514404296875, 46.974090576171875, 37.102081298828125]}]}