{"image_path": "/daintlab/home/rilab/github/frankmocap_notebooks/images/MVI_0004/scene_00000102.jpg", "body_bbox_list": [[441, 131, 143, 429]], "hand_bbox_list": [{"left_hand": [539.5958251953125, 365.4410095214844, 32.7503662109375, 39.92950439453125], "right_hand": [435.5976867675781, 349.76129150390625, 24.04632568359375, 43.377960205078125]}]}