{"image_path": "/daintlab/home/rilab/github/frankmocap_notebooks/images/MVI_0004/scene_00000794.jpg", "body_bbox_list": [[368, 299, 204, 258]], "hand_bbox_list": [{"left_hand": [393.7211608886719, 392.2573547363281, 48.706573486328125, 37.6685791015625], "right_hand": [335.77960205078125, 383.9419250488281, 46.769683837890625, 37.14373779296875]}]}