{"image_path": "/daintlab/home/rilab/github/frankmocap_notebooks/images/MVI_0004/scene_00000104.jpg", "body_bbox_list": [[436, 131, 143, 429]], "hand_bbox_list": [{"left_hand": [532.9844360351562, 360.96209716796875, 35.33905029296875, 45.512603759765625], "right_hand": [429.4167175292969, 347.46728515625, 24.120941162109375, 44.15386962890625]}]}