{"image_path": "/daintlab/home/rilab/github/frankmocap_notebooks/images/MVI_0004/scene_00000677.jpg", "body_bbox_list": [[368, 267, 209, 292]], "hand_bbox_list": [{"left_hand": [394.10504150390625, 360.9318542480469, 47.38861083984375, 37.18792724609375], "right_hand": [333.76068115234375, 347.69287109375, 48.197967529296875, 36.987823486328125]}]}