{"image_path": "/daintlab/home/rilab/github/frankmocap_notebooks/images/MVI_0004/scene_00000299.jpg", "body_bbox_list": [[389, 131, 182, 434]], "hand_bbox_list": [{"left_hand": [424.88372802734375, 202.20765686035156, 42.765594482421875, 37.267913818359375], "right_hand": [350.68426513671875, 197.3338623046875, 45.77386474609375, 39.472259521484375]}]}