{"image_path": "/daintlab/home/rilab/github/frankmocap_notebooks/images/MVI_0004/scene_00000625.jpg", "body_bbox_list": [[373, 256, 209, 309]], "hand_bbox_list": [{"left_hand": [409.07574462890625, 349.4574279785156, 45.45721435546875, 37.79693603515625], "right_hand": [342.6509704589844, 343.5856018066406, 46.160797119140625, 35.4013671875]}]}