{"image_path": "/daintlab/home/rilab/github/frankmocap_notebooks/images/MVI_0004/scene_00000889.jpg", "body_bbox_list": [[410, 136, 160, 424]], "hand_bbox_list": [{"left_hand": [493.32177734375, 342.6226806640625, 37.8656005859375, 50.8203125], "right_hand": [387.87261962890625, 330.521728515625, 36.84283447265625, 46.521209716796875]}]}