{"image_path": "/daintlab/home/rilab/github/frankmocap_notebooks/images/MVI_0004/scene_00000214.jpg", "body_bbox_list": [[363, 299, 209, 258]], "hand_bbox_list": [{"left_hand": [397.3000183105469, 376.15478515625, 43.85601806640625, 36.6812744140625], "right_hand": [326.3448791503906, 367.5426025390625, 47.7696533203125, 36.994415283203125]}]}