{"image_path": "/daintlab/home/rilab/github/frankmocap_notebooks/images/MVI_0004/scene_00000117.jpg", "body_bbox_list": [[410, 131, 160, 429]], "hand_bbox_list": [{"left_hand": [481.2400207519531, 330.24810791015625, 39.923187255859375, 47.79931640625], "right_hand": [398.23193359375, 325.85595703125, 27.325225830078125, 45.04180908203125]}]}