{"image_path": "/daintlab/home/rilab/github/frankmocap_notebooks/images/MVI_0004/scene_00000620.jpg", "body_bbox_list": [[373, 235, 209, 331]], "hand_bbox_list": [{"left_hand": [412.8948059082031, 335.3587646484375, 42.132598876953125, 34.711090087890625], "right_hand": [342.3532409667969, 327.2423400878906, 46.12408447265625, 36.29583740234375]}]}