{"image_path": "/daintlab/home/rilab/github/frankmocap_notebooks/images/MVI_0004/scene_00000409.jpg", "body_bbox_list": [[368, 152, 204, 412]], "hand_bbox_list": [{"left_hand": [394.07916259765625, 232.50650024414062, 47.84246826171875, 39.32745361328125], "right_hand": [330.5399475097656, 226.99935913085938, 46.164093017578125, 38.843963623046875]}]}