{"image_path": "/daintlab/home/rilab/github/frankmocap_notebooks/images/MVI_0004/scene_00000958.jpg", "body_bbox_list": [[436, 136, 138, 419]], "hand_bbox_list": [{"left_hand": [525.3112182617188, 366.25634765625, 37.09088134765625, 46.4158935546875], "right_hand": [430.7755126953125, 355.938720703125, 23.433135986328125, 43.54931640625]}]}