{"image_path": "/daintlab/home/rilab/github/frankmocap_notebooks/images/MVI_0004/scene_00000749.jpg", "body_bbox_list": [[384, 157, 187, 407]], "hand_bbox_list": [{"left_hand": [418.651123046875, 242.3978271484375, 42.60601806640625, 38.38818359375], "right_hand": [346.3132629394531, 234.51690673828125, 49.0169677734375, 37.934173583984375]}]}