{"image_path": "/daintlab/home/rilab/github/frankmocap_notebooks/images/MVI_0004/scene_00000202.jpg", "body_bbox_list": [[368, 251, 204, 309]], "hand_bbox_list": [{"left_hand": [408.149169921875, 331.4277648925781, 44.797607421875, 37.901519775390625], "right_hand": [333.0676574707031, 323.4613342285156, 48.577362060546875, 35.950042724609375]}]}