{"image_path": "/daintlab/home/rilab/github/frankmocap_notebooks/images/MVI_0004/scene_00000838.jpg", "body_bbox_list": [[358, 204, 214, 358]], "hand_bbox_list": [{"left_hand": [387.32757568359375, 307.5839538574219, 47.1968994140625, 37.557525634765625], "right_hand": [327.0344543457031, 298.65771484375, 47.1788330078125, 36.4615478515625]}]}