{"image_path": "/daintlab/home/rilab/github/frankmocap_notebooks/images/MVI_0004/scene_00000170.jpg", "body_bbox_list": [[389, 141, 182, 424]], "hand_bbox_list": [{"left_hand": [430.93707275390625, 212.04161071777344, 42.303955078125, 36.52955627441406], "right_hand": [349.9700927734375, 208.53953552246094, 46.352294921875, 37.757568359375]}]}