{"image_path": "/daintlab/home/rilab/github/frankmocap_notebooks/images/MVI_0004/scene_00000001.jpg", "body_bbox_list": [[441, 131, 143, 424]], "hand_bbox_list": [{"left_hand": [541.9049682617188, 367.1084289550781, 30.77056884765625, 34.5743408203125], "right_hand": [435.8316345214844, 351.9009704589844, 23.595703125, 37.543731689453125]}]}