{"image_path": "/daintlab/home/rilab/github/frankmocap_notebooks/images/MVI_0004/scene_00000673.jpg", "body_bbox_list": [[368, 278, 209, 275]], "hand_bbox_list": [{"left_hand": [395.4238586425781, 369.9913635253906, 45.627532958984375, 36.31951904296875], "right_hand": [335.4022521972656, 358.1913146972656, 47.3074951171875, 37.260711669921875]}]}