{"image_path": "/daintlab/home/rilab/github/frankmocap_notebooks/images/MVI_0004/scene_00000833.jpg", "body_bbox_list": [[358, 231, 214, 324]], "hand_bbox_list": [{"left_hand": [386.1142883300781, 334.9216613769531, 48.8741455078125, 37.647216796875], "right_hand": [328.0924987792969, 324.1044921875, 47.391448974609375, 35.98162841796875]}]}