{"image_path": "/daintlab/home/rilab/github/frankmocap_notebooks/images/MVI_0004/scene_00000394.jpg", "body_bbox_list": [[363, 215, 209, 346]], "hand_bbox_list": [{"left_hand": [389.2050476074219, 300.1138000488281, 47.437042236328125, 37.012847900390625], "right_hand": [326.24444580078125, 291.58087158203125, 47.29364013671875, 37.2535400390625]}]}