{"image_path": "/daintlab/home/rilab/github/frankmocap_notebooks/images/MVI_0004/scene_00000241.jpg", "body_bbox_list": [[363, 262, 209, 297]], "hand_bbox_list": [{"left_hand": [400.9029541015625, 336.003173828125, 40.39886474609375, 34.689178466796875], "right_hand": [327.8284912109375, 324.4172668457031, 47.72210693359375, 37.14959716796875]}]}