{"image_path": "/daintlab/home/rilab/github/frankmocap_notebooks/images/MVI_0004/scene_00000465.jpg", "body_bbox_list": [[384, 199, 192, 368]], "hand_bbox_list": [{"left_hand": [421.56732177734375, 281.1009521484375, 44.70831298828125, 38.041168212890625], "right_hand": [347.9726867675781, 273.33538818359375, 47.42803955078125, 37.19061279296875]}]}