{"image_path": "/daintlab/home/rilab/github/frankmocap_notebooks/images/MVI_0004/scene_00000655.jpg", "body_bbox_list": [[373, 309, 204, 243]], "hand_bbox_list": [{"left_hand": [400.2417907714844, 397.67437744140625, 46.55474853515625, 38.71661376953125], "right_hand": [341.8722839355469, 388.91192626953125, 46.392852783203125, 36.634765625]}]}