{"image_path": "/daintlab/home/rilab/github/frankmocap_notebooks/images/MVI_0004/scene_00000079.jpg", "body_bbox_list": [[441, 131, 143, 429]], "hand_bbox_list": [{"left_hand": [546.1572875976562, 366.2163391113281, 31.93389892578125, 35.54986572265625], "right_hand": [436.7557373046875, 350.88507080078125, 23.720977783203125, 38.36761474609375]}]}