{"image_path": "/daintlab/home/rilab/github/frankmocap_notebooks/images/MVI_0004/scene_00000278.jpg", "body_bbox_list": [[384, 131, 187, 429]], "hand_bbox_list": [{"left_hand": null, "right_hand": [343.31195068359375, 193.06295776367188, 46.5052490234375, 39.78956604003906]}]}