{"image_path": "/daintlab/home/rilab/github/frankmocap_notebooks/images/MVI_0004/scene_00000563.jpg", "body_bbox_list": [[379, 131, 192, 429]], "hand_bbox_list": [{"left_hand": [415.9488220214844, 205.11273193359375, 45.734466552734375, 39.512939453125], "right_hand": [340.2800598144531, 200.41343688964844, 47.929443359375, 39.77452087402344]}]}