{"image_path": "/daintlab/home/rilab/github/frankmocap_notebooks/images/MVI_0004/scene_00000384.jpg", "body_bbox_list": [[363, 252, 214, 302]], "hand_bbox_list": [{"left_hand": [392.5609130859375, 334.33087158203125, 46.63262939453125, 39.066497802734375], "right_hand": [328.4781799316406, 322.5489196777344, 47.53131103515625, 37.178466796875]}]}