{"image_path": "/daintlab/home/rilab/github/frankmocap_notebooks/images/MVI_0004/scene_00000485.jpg", "body_bbox_list": [[373, 278, 204, 280]], "hand_bbox_list": [{"left_hand": [406.61944580078125, 360.6140441894531, 46.337432861328125, 38.90911865234375], "right_hand": [340.6140441894531, 347.56988525390625, 46.7828369140625, 36.7578125]}]}