{"image_path": "/daintlab/home/rilab/github/frankmocap_notebooks/images/MVI_0004/scene_00000781.jpg", "body_bbox_list": [[368, 256, 209, 309]], "hand_bbox_list": [{"left_hand": [400.1557312011719, 347.6794738769531, 47.606597900390625, 38.85198974609375], "right_hand": [340.3183288574219, 340.2774963378906, 45.487640380859375, 36.239166259765625]}]}