{"image_path": "/daintlab/home/rilab/github/frankmocap_notebooks/images/MVI_0004/scene_00000267.jpg", "body_bbox_list": [[368, 157, 204, 407]], "hand_bbox_list": [{"left_hand": [406.26025390625, 228.5235137939453, 46.42669677734375, 39.88124084472656], "right_hand": [333.6274108886719, 223.59571838378906, 47.172271728515625, 39.92881774902344]}]}