{"image_path": "/daintlab/home/rilab/github/frankmocap_notebooks/images/MVI_0004/scene_00000339.jpg", "body_bbox_list": [[368, 272, 209, 287]], "hand_bbox_list": [{"left_hand": [400.67828369140625, 345.2333679199219, 45.540557861328125, 38.173980712890625], "right_hand": [334.5735168457031, 335.841796875, 46.616180419921875, 36.844573974609375]}]}