{"image_path": "/daintlab/home/rilab/github/frankmocap_notebooks/images/MVI_0004/scene_00000504.jpg", "body_bbox_list": [[373, 309, 204, 248]], "hand_bbox_list": [{"left_hand": [402.2584533691406, 391.1214904785156, 47.51092529296875, 38.044769287109375], "right_hand": [340.308837890625, 376.1520080566406, 46.592864990234375, 36.023773193359375]}]}