{"image_path": "/daintlab/home/rilab/github/frankmocap_notebooks/images/MVI_0004/scene_00000583.jpg", "body_bbox_list": [[384, 136, 187, 424]], "hand_bbox_list": [{"left_hand": [416.56494140625, 205.92269897460938, 45.2174072265625, 40.600341796875], "right_hand": [344.01483154296875, 200.80184936523438, 46.589111328125, 39.725341796875]}]}