{"image_path": "/daintlab/home/rilab/github/frankmocap_notebooks/images/MVI_0004/scene_00000081.jpg", "body_bbox_list": [[441, 131, 143, 429]], "hand_bbox_list": [{"left_hand": [546.8767700195312, 364.83831787109375, 31.59832763671875, 35.691314697265625], "right_hand": [435.48187255859375, 349.1710510253906, 24.720245361328125, 39.497039794921875]}]}