{"image_path": "/daintlab/home/rilab/github/frankmocap_notebooks/images/MVI_0004/scene_00000210.jpg", "body_bbox_list": [[363, 283, 209, 280]], "hand_bbox_list": [{"left_hand": [398.0024719238281, 363.8980712890625, 44.850738525390625, 37.177032470703125], "right_hand": [327.61688232421875, 356.79473876953125, 47.3292236328125, 36.124725341796875]}]}