{"image_path": "/daintlab/home/rilab/github/frankmocap_notebooks/images/MVI_0004/scene_00000808.jpg", "body_bbox_list": [[368, 309, 204, 243]], "hand_bbox_list": [{"left_hand": [392.86651611328125, 402.64617919921875, 47.360321044921875, 37.19757080078125], "right_hand": [336.9565734863281, 392.3089294433594, 45.20465087890625, 35.990020751953125]}]}