{"image_path": "/daintlab/home/rilab/github/frankmocap_notebooks/images/MVI_0004/scene_00000377.jpg", "body_bbox_list": [[358, 278, 214, 280]], "hand_bbox_list": [{"left_hand": [390.2101135253906, 354.9751892089844, 45.37786865234375, 37.008575439453125], "right_hand": [328.830322265625, 343.3713684082031, 46.446533203125, 36.16229248046875]}]}