{"image_path": "/daintlab/home/rilab/github/frankmocap_notebooks/images/MVI_0004/scene_00000046.jpg", "body_bbox_list": [[441, 131, 143, 429]], "hand_bbox_list": [{"left_hand": [553.128173828125, 363.3129577636719, 31.59600830078125, 35.809539794921875], "right_hand": [434.71832275390625, 345.729248046875, 23.673553466796875, 36.828277587890625]}]}