{"image_path": "/daintlab/home/rilab/github/frankmocap_notebooks/images/MVI_0004/scene_00000487.jpg", "body_bbox_list": [[373, 288, 204, 270]], "hand_bbox_list": [{"left_hand": [405.40167236328125, 368.3336181640625, 46.2862548828125, 39.101593017578125], "right_hand": [340.5070495605469, 354.2505798339844, 46.53570556640625, 36.87884521484375]}]}