{"image_path": "/daintlab/home/rilab/github/frankmocap_notebooks/images/MVI_0004/scene_00000122.jpg", "body_bbox_list": [[405, 131, 165, 429]], "hand_bbox_list": [{"left_hand": [462.5365295410156, 309.3818359375, 41.4705810546875, 46.2586669921875], "right_hand": [383.70721435546875, 307.66632080078125, 29.324554443359375, 44.871490478515625]}]}