{"image_path": "/daintlab/home/rilab/github/frankmocap_notebooks/images/MVI_0004/scene_00000648.jpg", "body_bbox_list": [[373, 309, 204, 243]], "hand_bbox_list": [{"left_hand": [401.42706298828125, 394.4218444824219, 45.897369384765625, 37.363311767578125], "right_hand": [346.8379211425781, 387.7683410644531, 43.765655517578125, 33.60687255859375]}]}