{"image_path": "/daintlab/home/rilab/github/frankmocap_notebooks/images/MVI_0004/scene_00000535.jpg", "body_bbox_list": [[368, 230, 209, 331]], "hand_bbox_list": [{"left_hand": [395.2732849121094, 324.65130615234375, 47.975830078125, 38.64459228515625], "right_hand": [329.97198486328125, 312.967041015625, 47.106170654296875, 36.327117919921875]}]}