{"image_path": "/daintlab/home/rilab/github/frankmocap_notebooks/images/MVI_0004/scene_00000074.jpg", "body_bbox_list": [[441, 131, 138, 429]], "hand_bbox_list": [{"left_hand": [544.8341064453125, 367.0566101074219, 31.08709716796875, 34.912078857421875], "right_hand": [435.8893737792969, 351.54718017578125, 23.989776611328125, 39.042205810546875]}]}