{"image_path": "/daintlab/home/rilab/github/frankmocap_notebooks/images/MVI_0004/scene_00000464.jpg", "body_bbox_list": [[384, 193, 192, 375]], "hand_bbox_list": [{"left_hand": [421.8084411621094, 279.7627868652344, 44.729949951171875, 38.194305419921875], "right_hand": [348.1656799316406, 271.2090759277344, 47.055755615234375, 37.17901611328125]}]}