{"image_path": "/daintlab/home/rilab/github/frankmocap_notebooks/images/MVI_0004/scene_00000475.jpg", "body_bbox_list": [[384, 235, 192, 331]], "hand_bbox_list": [{"left_hand": [416.2303466796875, 318.7675476074219, 44.016021728515625, 38.035797119140625], "right_hand": [346.7215270996094, 311.9775390625, 47.1051025390625, 36.426300048828125]}]}