{"image_path": "/daintlab/home/rilab/github/frankmocap_notebooks/images/MVI_0004/scene_00000403.jpg", "body_bbox_list": [[363, 172, 209, 397]], "hand_bbox_list": [{"left_hand": [392.625, 255.51536560058594, 47.932830810546875, 39.76301574707031], "right_hand": [328.05535888671875, 248.0057373046875, 47.587066650390625, 38.180084228515625]}]}