{"image_path": "/daintlab/home/rilab/github/frankmocap_notebooks/images/MVI_0004/scene_00000479.jpg", "body_bbox_list": [[373, 251, 204, 314]], "hand_bbox_list": [{"left_hand": [409.5849609375, 334.54443359375, 45.252166748046875, 37.49041748046875], "right_hand": [342.7153015136719, 327.064453125, 46.64215087890625, 36.61029052734375]}]}