{"image_path": "/daintlab/home/rilab/github/frankmocap_notebooks/images/MVI_0004/scene_00000433.jpg", "body_bbox_list": [[384, 131, 187, 434]], "hand_bbox_list": [{"left_hand": [414.31378173828125, 198.0000762939453, 46.41912841796875, 38.96260070800781], "right_hand": [342.56268310546875, 191.8611602783203, 47.216400146484375, 39.769683837890625]}]}