{"image_path": "/daintlab/home/rilab/github/frankmocap_notebooks/images/MVI_0004/scene_00000921.jpg", "body_bbox_list": [[441, 131, 138, 429]], "hand_bbox_list": [{"left_hand": [538.5946044921875, 371.0777282714844, 31.5416259765625, 35.199249267578125], "right_hand": [432.2542419433594, 352.7900695800781, 23.993011474609375, 43.416839599609375]}]}