{"image_path": "/daintlab/home/rilab/github/frankmocap_notebooks/images/MVI_0004/scene_00000353.jpg", "body_bbox_list": [[368, 299, 204, 258]], "hand_bbox_list": [{"left_hand": [396.1497497558594, 376.0211181640625, 45.30975341796875, 36.936248779296875], "right_hand": [334.4483947753906, 362.75244140625, 47.2568359375, 36.61566162109375]}]}