{"image_path": "/daintlab/home/rilab/github/frankmocap_notebooks/images/MVI_0004/scene_00000328.jpg", "body_bbox_list": [[378, 220, 199, 341]], "hand_bbox_list": [{"left_hand": [408.4762878417969, 297.8795166015625, 47.038665771484375, 37.27178955078125], "right_hand": [342.3569641113281, 289.05743408203125, 45.97772216796875, 36.932098388671875]}]}