{"image_path": "/daintlab/home/rilab/github/frankmocap_notebooks/images/MVI_0004/scene_00000080.jpg", "body_bbox_list": [[441, 131, 143, 429]], "hand_bbox_list": [{"left_hand": [546.0140380859375, 366.23272705078125, 32.101806640625, 35.38055419921875], "right_hand": [436.5816955566406, 350.4443664550781, 23.837554931640625, 38.54205322265625]}]}