{"image_path": "/daintlab/home/rilab/github/frankmocap_notebooks/images/MVI_0004/scene_00000738.jpg", "body_bbox_list": [[384, 136, 187, 429]], "hand_bbox_list": [{"left_hand": [419.5743103027344, 216.79348754882812, 45.3699951171875, 39.719146728515625], "right_hand": [345.674560546875, 206.98269653320312, 48.05352783203125, 39.667236328125]}]}