{"image_path": "/daintlab/home/rilab/github/frankmocap_notebooks/images/MVI_0004/scene_00000545.jpg", "body_bbox_list": [[373, 173, 199, 390]], "hand_bbox_list": [{"left_hand": [407.5906066894531, 264.9692077636719, 45.166717529296875, 38.928466796875], "right_hand": [335.402099609375, 256.2527160644531, 47.592803955078125, 37.25994873046875]}]}