{"image_path": "/daintlab/home/rilab/github/frankmocap_notebooks/images/MVI_0004/scene_00000351.jpg", "body_bbox_list": [[368, 299, 204, 258]], "hand_bbox_list": [{"left_hand": [396.4776611328125, 375.8212890625, 45.095672607421875, 37.057098388671875], "right_hand": [334.36407470703125, 362.5986328125, 47.358734130859375, 36.568603515625]}]}