{"image_path": "/daintlab/home/rilab/github/frankmocap_notebooks/images/uEtOP6H7Ewo/scene_00000061.jpg", "body_bbox_list": [[413, 84, 270, 556]], "hand_bbox_list": [{"left_hand": [633.4776000976562, 262.7396240234375, 94.2086181640625, 73.34698486328125], "right_hand": [476.7549133300781, 219.59422302246094, 57.872528076171875, 88.33811950683594]}]}