{"image_path": "/daintlab/home/rilab/github/frankmocap_notebooks/images/uEtOP6H7Ewo/scene_00000079.jpg", "body_bbox_list": [[434, 84, 248, 556]], "hand_bbox_list": [{"left_hand": [651.1774291992188, 455.6980895996094, 37.7108154296875, 53.054473876953125], "right_hand": [433.9893493652344, 485.3760681152344, 43.46734619140625, 59.232574462890625]}]}