{"image_path": "/daintlab/home/rilab/github/frankmocap_notebooks/images/uEtOP6H7Ewo/scene_00000034.jpg", "body_bbox_list": [[413, 100, 265, 540]], "hand_bbox_list": [{"left_hand": [644.61181640625, 477.826416015625, 37.162841796875, 71.022216796875], "right_hand": [413.723388671875, 503.8742370605469, 45.306732177734375, 61.335845947265625]}]}