{"image_path": "/daintlab/home/rilab/github/frankmocap_notebooks/images/uEtOP6H7Ewo/scene_00000070.jpg", "body_bbox_list": [[413, 79, 270, 561]], "hand_bbox_list": [{"left_hand": [622.879150390625, 288.5535888671875, 93.76068115234375, 67.88372802734375], "right_hand": [508.1077880859375, 280.49847412109375, 72.00750732421875, 64.53323364257812]}]}