{"image_path": "/daintlab/home/rilab/github/frankmocap_notebooks/images/uEtOP6H7Ewo/scene_00000082.jpg", "body_bbox_list": [[444, 84, 243, 556]], "hand_bbox_list": [{"left_hand": [631.2620849609375, 480.1796569824219, 51.4730224609375, 88.95730590820312], "right_hand": [449.9710388183594, 477.6418762207031, 56.235809326171875, 74.88906860351562]}]}