{"image_path": "/daintlab/home/rilab/github/frankmocap_notebooks/images/uEtOP6H7Ewo/scene_00000100.jpg", "body_bbox_list": [[456, 105, 214, 535]], "hand_bbox_list": [{"left_hand": [583.016845703125, 229.4066925048828, 54.65252685546875, 52.29048156738281], "right_hand": [516.4083251953125, 237.8169403076172, 52.435791015625, 54.67176818847656]}]}