{"image_path": "/daintlab/home/rilab/github/frankmocap_notebooks/images/uEtOP6H7Ewo/scene_00000018.jpg", "body_bbox_list": [[456, 105, 204, 535]], "hand_bbox_list": [{"left_hand": [626.1895751953125, 249.87083435058594, 70.114990234375, 93.76197814941406], "right_hand": [497.48504638671875, 263.56671142578125, 39.12408447265625, 110.28701782226562]}]}