{"image_path": "/daintlab/home/rilab/github/frankmocap_notebooks/images/uEtOP6H7Ewo/scene_00000058.jpg", "body_bbox_list": [[429, 100, 253, 540]], "hand_bbox_list": [{"left_hand": [625.347900390625, 286.6983642578125, 93.99652099609375, 68.90432739257812], "right_hand": [468.8515319824219, 264.3068542480469, 63.566497802734375, 76.575927734375]}]}