{"image_path": "/daintlab/home/rilab/github/frankmocap_notebooks/images/uEtOP6H7Ewo/scene_00000025.jpg", "body_bbox_list": [[451, 100, 204, 540]], "hand_bbox_list": [{"left_hand": [620.5162963867188, 275.0921325683594, 63.1279296875, 85.44778442382812], "right_hand": [490.64910888671875, 279.0325927734375, 39.3756103515625, 110.37973022460938]}]}