{"image_path": "/daintlab/home/rilab/github/frankmocap_notebooks/images/uEtOP6H7Ewo/scene_00000068.jpg", "body_bbox_list": [[418, 79, 265, 561]], "hand_bbox_list": [{"left_hand": [625.8377685546875, 286.71942138671875, 93.13275146484375, 68.5726318359375], "right_hand": [494.6186218261719, 278.3939514160156, 70.52816772460938, 63.02001953125]}]}