{"image_path": "/daintlab/home/rilab/github/frankmocap_notebooks/images/uEtOP6H7Ewo/scene_00000084.jpg", "body_bbox_list": [[439, 95, 243, 545]], "hand_bbox_list": [{"left_hand": [587.416015625, 284.72650146484375, 66.042724609375, 88.08758544921875], "right_hand": [482.1151123046875, 298.4271240234375, 61.507568359375, 74.06707763671875]}]}