{"image_path": "/daintlab/home/rilab/github/frankmocap_notebooks/images/uEtOP6H7Ewo/scene_00000145.jpg", "body_bbox_list": [[423, 89, 280, 551]], "hand_bbox_list": [{"left_hand": [667.8707275390625, 477.7791748046875, 43.0826416015625, 58.18292236328125], "right_hand": [415.5685729980469, 485.5343933105469, 45.3739013671875, 60.942596435546875]}]}