{"image_path": "/daintlab/home/rilab/github/frankmocap_notebooks/images/uEtOP6H7Ewo/scene_00000112.jpg", "body_bbox_list": [[482, 95, 177, 545]], "hand_bbox_list": [{"left_hand": [594.06591796875, 182.9368438720703, 60.216064453125, 81.26091003417969], "right_hand": [521.3035278320312, 198.2852020263672, 52.66497802734375, 83.04234313964844]}]}