{"image_path": "/daintlab/home/rilab/github/frankmocap_notebooks/images/uEtOP6H7Ewo/scene_00000146.jpg", "body_bbox_list": [[444, 95, 253, 545]], "hand_bbox_list": [{"left_hand": [660.1072387695312, 499.59906005859375, 42.094970703125, 89.42584228515625], "right_hand": [442.1090087890625, 504.6452331542969, 43.708770751953125, 72.16964721679688]}]}