{"image_path": "/daintlab/home/rilab/github/frankmocap_notebooks/images/uEtOP6H7Ewo/scene_00000064.jpg", "body_bbox_list": [[434, 79, 243, 561]], "hand_bbox_list": [{"left_hand": [633.4925537109375, 265.2429504394531, 92.83001708984375, 74.6217041015625], "right_hand": [477.09722900390625, 240.6319580078125, 58.39739990234375, 70.31692504882812]}]}