{"image_path": "/daintlab/home/rilab/github/frankmocap_notebooks/images/uEtOP6H7Ewo/scene_00000042.jpg", "body_bbox_list": [[430, 95, 226, 545]], "hand_bbox_list": [{"left_hand": [548.7782592773438, 408.9717102050781, 85.1104736328125, 77.84115600585938], "right_hand": [426.5218505859375, 306.86029052734375, 61.999908447265625, 43.4954833984375]}]}