{"image_path": "/daintlab/home/rilab/github/frankmocap_notebooks/images/uEtOP6H7Ewo/scene_00000052.jpg", "body_bbox_list": [[429, 100, 253, 540]], "hand_bbox_list": [{"left_hand": [644.8541870117188, 282.81103515625, 92.07366943359375, 69.2789306640625], "right_hand": [414.7515563964844, 314.9880676269531, 106.48391723632812, 63.467681884765625]}]}