{"image_path": "/daintlab/home/rilab/github/frankmocap_notebooks/images/uEtOP6H7Ewo/scene_00000039.jpg", "body_bbox_list": [[425, 100, 231, 540]], "hand_bbox_list": [{"left_hand": [603.1138305664062, 482.25830078125, 54.26654052734375, 98.54132080078125], "right_hand": [431.6554260253906, 501.5070495605469, 51.487762451171875, 75.00955200195312]}]}