{"image_path": "/daintlab/home/rilab/github/frankmocap_notebooks/images/uEtOP6H7Ewo/scene_00000102.jpg", "body_bbox_list": [[472, 100, 182, 540]], "hand_bbox_list": [{"left_hand": [586.373291015625, 199.69229125976562, 55.6260986328125, 64.8792724609375], "right_hand": [516.2592163085938, 203.03900146484375, 55.90814208984375, 67.04525756835938]}]}