{"image_path": "/daintlab/home/rilab/github/frankmocap_notebooks/images/uEtOP6H7Ewo/scene_00000021.jpg", "body_bbox_list": [[456, 105, 199, 535]], "hand_bbox_list": [{"left_hand": [624.8577270507812, 280.8687744140625, 70.40899658203125, 96.66104125976562], "right_hand": [499.0504150390625, 308.81158447265625, 36.665771484375, 119.96615600585938]}]}