{"image_path": "/daintlab/home/rilab/github/frankmocap_notebooks/images/uEtOP6H7Ewo/scene_00000125.jpg", "body_bbox_list": [[477, 84, 177, 556]], "hand_bbox_list": [{"left_hand": null, "right_hand": [536.6483764648438, 326.6631774902344, 46.87493896484375, 100.23916625976562]}]}