{"image_path": "/daintlab/home/rilab/github/frankmocap_notebooks/images/uEtOP6H7Ewo/scene_00000148.jpg", "body_bbox_list": [[455, 89, 231, 551]], "hand_bbox_list": [{"left_hand": [610.1800537109375, 468.7066650390625, 54.1671142578125, 87.7315673828125], "right_hand": [478.4963073730469, 496.7191162109375, 57.797821044921875, 73.75701904296875]}]}