{"image_path": "/daintlab/home/rilab/github/frankmocap_notebooks/images/uEtOP6H7Ewo/scene_00000120.jpg", "body_bbox_list": [[477, 84, 177, 556]], "hand_bbox_list": [{"left_hand": [592.5887451171875, 233.748779296875, 45.76470947265625, 82.61312866210938], "right_hand": [521.7420654296875, 254.9652099609375, 47.86395263671875, 94.51937866210938]}]}