{"image_path": "/daintlab/home/rilab/github/frankmocap_notebooks/images/uEtOP6H7Ewo/scene_00000121.jpg", "body_bbox_list": [[477, 84, 177, 556]], "hand_bbox_list": [{"left_hand": [592.178955078125, 216.14662170410156, 62.22137451171875, 83.42640686035156], "right_hand": [523.7567138671875, 238.72998046875, 48.016357421875, 89.97817993164062]}]}