{"image_path": "/daintlab/home/rilab/github/frankmocap_notebooks/images/uEtOP6H7Ewo/scene_00000029.jpg", "body_bbox_list": [[452, 100, 192, 540]], "hand_bbox_list": [{"left_hand": [607.3286743164062, 276.6064147949219, 59.660888671875, 100.81301879882812], "right_hand": [494.2866516113281, 302.2335205078125, 37.413360595703125, 110.05474853515625]}]}