{"image_path": "/daintlab/home/rilab/github/frankmocap_notebooks/images/uEtOP6H7Ewo/scene_00000119.jpg", "body_bbox_list": [[477, 84, 177, 556]], "hand_bbox_list": [{"left_hand": [594.204833984375, 261.11236572265625, 62.9647216796875, 105.81771850585938], "right_hand": [515.8906860351562, 269.5926513671875, 53.01080322265625, 101.80792236328125]}]}