{"image_path": "/daintlab/home/rilab/github/frankmocap_notebooks/images/uEtOP6H7Ewo/scene_00000027.jpg", "body_bbox_list": [[457, 95, 192, 545]], "hand_bbox_list": [{"left_hand": [614.7984619140625, 283.25494384765625, 50.92645263671875, 80.25885009765625], "right_hand": [494.4644775390625, 306.6400451660156, 35.83819580078125, 113.230712890625]}]}