{"image_path": "/daintlab/home/rilab/github/frankmocap_notebooks/images/uEtOP6H7Ewo/scene_00000143.jpg", "body_bbox_list": [[423, 84, 275, 556]], "hand_bbox_list": [{"left_hand": [652.8764038085938, 466.11865234375, 45.45257568359375, 58.303955078125], "right_hand": [421.9474182128906, 484.1713562011719, 44.488189697265625, 61.975555419921875]}]}