{"image_path": "/daintlab/home/rilab/github/frankmocap_notebooks/images/uEtOP6H7Ewo/scene_00000088.jpg", "body_bbox_list": [[456, 100, 209, 540]], "hand_bbox_list": [{"left_hand": [580.7740478515625, 243.5061798095703, 56.63909912109375, 61.13529968261719], "right_hand": [494.99658203125, 252.69305419921875, 64.7603759765625, 57.533660888671875]}]}