{"image_path": "/daintlab/home/rilab/github/frankmocap_notebooks/images/uEtOP6H7Ewo/scene_00000011.jpg", "body_bbox_list": [[418, 100, 265, 540]], "hand_bbox_list": [{"left_hand": [649.4907836914062, 497.1745300292969, 41.6492919921875, 82.39804077148438], "right_hand": [427.9739685058594, 509.8799743652344, 45.843170166015625, 74.48104858398438]}]}