{"image_path": "/daintlab/home/rilab/github/frankmocap_notebooks/images/uEtOP6H7Ewo/scene_00000141.jpg", "body_bbox_list": [[450, 84, 226, 556]], "hand_bbox_list": [{"left_hand": [638.1079711914062, 501.9039611816406, 51.92205810546875, 96.37295532226562], "right_hand": [460.1705627441406, 512.0956420898438, 54.540191650390625, 70.23382568359375]}]}