{"image_path": "/daintlab/home/rilab/github/frankmocap_notebooks/images/uEtOP6H7Ewo/scene_00000022.jpg", "body_bbox_list": [[456, 105, 199, 535]], "hand_bbox_list": [{"left_hand": [627.42626953125, 262.7496032714844, 56.36346435546875, 64.1241455078125], "right_hand": [498.0390319824219, 276.3758239746094, 35.841522216796875, 118.8826904296875]}]}