{"image_path": "/daintlab/home/rilab/github/frankmocap_notebooks/images/uEtOP6H7Ewo/scene_00000007.jpg", "body_bbox_list": [[419, 95, 248, 545]], "hand_bbox_list": [{"left_hand": [637.6976318359375, 478.7596435546875, 35.28729248046875, 75.0142822265625], "right_hand": [421.9983825683594, 506.31292724609375, 44.393341064453125, 71.2718505859375]}]}