{"image_path": "/daintlab/home/rilab/github/frankmocap_notebooks/images/uEtOP6H7Ewo/scene_00000005.jpg", "body_bbox_list": [[419, 95, 258, 545]], "hand_bbox_list": [{"left_hand": [617.1981811523438, 477.69146728515625, 55.174560546875, 102.84710693359375], "right_hand": [440.040283203125, 511.02520751953125, 59.76251220703125, 84.5931396484375]}]}