{"image_path": "/daintlab/home/rilab/github/frankmocap_notebooks/images/uEtOP6H7Ewo/scene_00000089.jpg", "body_bbox_list": [[456, 100, 209, 540]], "hand_bbox_list": [{"left_hand": [580.27294921875, 246.23135375976562, 57.77947998046875, 62.797393798828125], "right_hand": [494.0186767578125, 257.57342529296875, 66.0474853515625, 60.54925537109375]}]}