{"image_path": "/daintlab/home/rilab/github/frankmocap_notebooks/images/uEtOP6H7Ewo/scene_00000053.jpg", "body_bbox_list": [[429, 100, 253, 540]], "hand_bbox_list": [{"left_hand": [638.586669921875, 283.98272705078125, 94.715087890625, 69.22610473632812], "right_hand": [419.405029296875, 321.74456787109375, 104.633544921875, 62.42864990234375]}]}