{"image_path": "/daintlab/home/rilab/github/frankmocap_notebooks/images/uEtOP6H7Ewo/scene_00000147.jpg", "body_bbox_list": [[449, 95, 243, 545]], "hand_bbox_list": [{"left_hand": [643.6587524414062, 494.26043701171875, 46.68133544921875, 87.7705078125], "right_hand": [456.9986572265625, 502.614501953125, 53.159423828125, 68.37188720703125]}]}