{"image_path": "/daintlab/home/rilab/github/frankmocap_notebooks/images/uEtOP6H7Ewo/scene_00000096.jpg", "body_bbox_list": [[456, 105, 214, 535]], "hand_bbox_list": [{"left_hand": [584.622802734375, 229.01828002929688, 52.4481201171875, 52.842620849609375], "right_hand": [511.88134765625, 226.5089569091797, 52.86248779296875, 55.04548645019531]}]}