{"image_path": "/daintlab/home/rilab/github/frankmocap_notebooks/images/uEtOP6H7Ewo/scene_00000017.jpg", "body_bbox_list": [[456, 100, 204, 540]], "hand_bbox_list": [{"left_hand": [625.51953125, 229.3083953857422, 57.21875, 78.28187561035156], "right_hand": [492.2680969238281, 255.4845428466797, 41.714996337890625, 100.60557556152344]}]}