{"image_path": "/daintlab/home/rilab/github/frankmocap_notebooks/images/uEtOP6H7Ewo/scene_00000076.jpg", "body_bbox_list": [[449, 84, 248, 556]], "hand_bbox_list": [{"left_hand": [660.7048950195312, 502.6714782714844, 51.3721923828125, 85.64340209960938], "right_hand": [451.1331787109375, 525.3305053710938, 50.01123046875, 82.9027099609375]}]}