{"image_path": "/daintlab/home/rilab/github/frankmocap_notebooks/images/uEtOP6H7Ewo/scene_00000090.jpg", "body_bbox_list": [[434, 100, 248, 540]], "hand_bbox_list": [{"left_hand": [586.6390991210938, 218.76138305664062, 52.33856201171875, 57.734832763671875], "right_hand": [496.2811279296875, 222.98365783691406, 47.6409912109375, 62.35969543457031]}]}