{"image_path": "/daintlab/home/rilab/github/frankmocap_notebooks/images/vHBR5MZmEsY/scene_00000049.jpg", "body_bbox_list": [[290, 83, 331, 495]], "hand_bbox_list": [{"left_hand": [603.2809448242188, 144.58636474609375, 60.66748046875, 37.3787841796875], "right_hand": [497.34735107421875, 325.02191162109375, 40.38848876953125, 41.13067626953125]}]}