{"image_path": "/daintlab/home/rilab/github/frankmocap_notebooks/images/vHBR5MZmEsY/scene_00000061.jpg", "body_bbox_list": [[319, 88, 243, 500]], "hand_bbox_list": [{"left_hand": [504.70916748046875, 165.0494384765625, 56.24285888671875, 34.309661865234375], "right_hand": [403.9642639160156, 388.2422790527344, 42.925079345703125, 60.79205322265625]}]}