{"image_path": "/daintlab/home/rilab/github/frankmocap_notebooks/images/vHBR5MZmEsY/scene_00000113.jpg", "body_bbox_list": [[400, 94, 226, 473]], "hand_bbox_list": [{"left_hand": [371.19439697265625, 183.552978515625, 75.96731567382812, 39.874603271484375], "right_hand": null}]}