{"image_path": "/daintlab/home/rilab/github/frankmocap_notebooks/images/vHBR5MZmEsY/scene_00000016.jpg", "body_bbox_list": [[323, 155, 390, 441]], "hand_bbox_list": [{"left_hand": [374.3682861328125, 401.6029357910156, 45.7740478515625, 50.183837890625], "right_hand": [297.933349609375, 247.51695251464844, 49.56243896484375, 40.35499572753906]}]}