{"image_path": "/daintlab/home/rilab/github/frankmocap_notebooks/images/vHBR5MZmEsY/scene_00000139.jpg", "body_bbox_list": [[375, 58, 231, 490]], "hand_bbox_list": [{"left_hand": [451.74102783203125, 244.9638671875, 37.727294921875, 29.918121337890625], "right_hand": [421.5327453613281, 98.63063049316406, 46.1290283203125, 45.940521240234375]}]}