{"image_path": "/daintlab/home/rilab/github/frankmocap_notebooks/images/vHBR5MZmEsY/scene_00000007.jpg", "body_bbox_list": [[355, 93, 231, 500]], "hand_bbox_list": [{"left_hand": [556.6193237304688, 380.3079528808594, 48.1781005859375, 59.82232666015625], "right_hand": [349.8453063964844, 341.6102294921875, 31.290435791015625, 57.13531494140625]}]}