{"image_path": "/daintlab/home/rilab/github/frankmocap_notebooks/images/vHBR5MZmEsY/scene_00000138.jpg", "body_bbox_list": [[380, 63, 226, 485]], "hand_bbox_list": [{"left_hand": [460.6278076171875, 233.7548828125, 37.65740966796875, 32.9637451171875], "right_hand": null}]}