{"image_path": "/daintlab/home/rilab/github/frankmocap_notebooks/images/vHBR5MZmEsY/scene_00000076.jpg", "body_bbox_list": [[240, 88, 346, 500]], "hand_bbox_list": [{"left_hand": [571.441162109375, 167.21542358398438, 33.24462890625, 62.941802978515625], "right_hand": [387.8638610839844, 382.9521179199219, 48.0252685546875, 61.557952880859375]}]}