{"image_path": "/daintlab/home/rilab/github/frankmocap_notebooks/images/vHBR5MZmEsY/scene_00000132.jpg", "body_bbox_list": [[406, 74, 209, 478]], "hand_bbox_list": [{"left_hand": [490.0084533691406, 204.95225524902344, 23.455230712890625, 29.345672607421875], "right_hand": [409.0673522949219, 102.34721374511719, 52.308319091796875, 39.62525939941406]}]}