{"image_path": "/daintlab/home/rilab/github/frankmocap_notebooks/images/vHBR5MZmEsY/scene_00000023.jpg", "body_bbox_list": [[379, 151, 253, 429]], "hand_bbox_list": [{"left_hand": [362.33465576171875, 283.25152587890625, 68.87069702148438, 37.423583984375], "right_hand": [362.33465576171875, 283.25152587890625, 68.87069702148438, 37.423583984375]}]}