{"image_path": "/daintlab/home/rilab/github/frankmocap_notebooks/images/vHBR5MZmEsY/scene_00000130.jpg", "body_bbox_list": [[411, 74, 209, 478]], "hand_bbox_list": [{"left_hand": [486.6600036621094, 211.5332489013672, 29.766754150390625, 25.929229736328125], "right_hand": [380.8720397949219, 108.50172424316406, 52.405242919921875, 43.33137512207031]}]}