{"image_path": "/daintlab/home/rilab/github/frankmocap_notebooks/images/vHBR5MZmEsY/scene_00000030.jpg", "body_bbox_list": [[328, 130, 275, 446]], "hand_bbox_list": [{"left_hand": [506.72589111328125, 204.47393798828125, 55.5218505859375, 44.75343322753906], "right_hand": [496.5764465332031, 249.12037658691406, 49.076690673828125, 46.03440856933594]}]}