{"image_path": "/daintlab/home/rilab/github/frankmocap_notebooks/images/vHBR5MZmEsY/scene_00000118.jpg", "body_bbox_list": [[384, 84, 258, 473]], "hand_bbox_list": [{"left_hand": [427.9103088378906, 189.5126495361328, 43.49127197265625, 38.86183166503906], "right_hand": [366.66455078125, 171.8344268798828, 70.60311889648438, 66.38839721679688]}]}