{"image_path": "/daintlab/home/rilab/github/frankmocap_notebooks/images/vHBR5MZmEsY/scene_00000098.jpg", "body_bbox_list": [[319, 82, 368, 512]], "hand_bbox_list": [{"left_hand": [671.3912963867188, 170.17210388183594, 71.47784423828125, 42.290863037109375], "right_hand": [499.62567138671875, 313.2096862792969, 44.626708984375, 33.385284423828125]}]}