{"image_path": "/daintlab/home/rilab/github/frankmocap_notebooks/images/vHBR5MZmEsY/scene_00000042.jpg", "body_bbox_list": [[267, 104, 412, 478]], "hand_bbox_list": [{"left_hand": [654.3098754882812, 167.71246337890625, 53.93865966796875, 39.24287414550781], "right_hand": [508.286865234375, 271.06658935546875, 43.5177001953125, 40.92449951171875]}]}