{"image_path": "/daintlab/home/rilab/github/frankmocap_notebooks/images/vHBR5MZmEsY/scene_00000119.jpg", "body_bbox_list": [[373, 84, 270, 473]], "hand_bbox_list": [{"left_hand": [424.0846862792969, 187.7247772216797, 51.876251220703125, 40.06037902832031], "right_hand": [350.125732421875, 163.2158660888672, 45.936431884765625, 51.422393798828125]}]}