{"image_path": "/daintlab/home/rilab/github/frankmocap_notebooks/images/vHBR5MZmEsY/scene_00000152.jpg", "body_bbox_list": [[361, 83, 319, 490]], "hand_bbox_list": [{"left_hand": [424.5098571777344, 352.3505554199219, 63.518341064453125, 31.346832275390625], "right_hand": [346.0951843261719, 146.7649688720703, 25.05364990234375, 54.2484130859375]}]}