{"image_path": "/daintlab/home/rilab/github/frankmocap_notebooks/images/vHBR5MZmEsY/scene_00000052.jpg", "body_bbox_list": [[298, 77, 270, 507]], "hand_bbox_list": [{"left_hand": [555.8377075195312, 137.10096740722656, 60.0687255859375, 37.63090515136719], "right_hand": [479.7760009765625, 340.4312744140625, 36.8626708984375, 46.039031982421875]}]}