{"image_path": "/daintlab/home/rilab/github/frankmocap_notebooks/images/vHBR5MZmEsY/scene_00000034.jpg", "body_bbox_list": [[306, 120, 314, 451]], "hand_bbox_list": [{"left_hand": [592.8551635742188, 191.24537658691406, 38.534423828125, 43.57905578613281], "right_hand": [515.1588745117188, 251.2886505126953, 52.7607421875, 43.33744812011719]}]}