{"image_path": "/daintlab/home/rilab/github/frankmocap_notebooks/images/vHBR5MZmEsY/scene_00000079.jpg", "body_bbox_list": [[234, 87, 363, 507]], "hand_bbox_list": [{"left_hand": [581.6453857421875, 167.8644256591797, 34.28912353515625, 64.04351806640625], "right_hand": [381.93182373046875, 383.5914001464844, 47.3095703125, 61.359588623046875]}]}