{"image_path": "/daintlab/home/rilab/github/frankmocap_notebooks/images/vHBR5MZmEsY/scene_00000158.jpg", "body_bbox_list": [[324, 99, 368, 468]], "hand_bbox_list": [{"left_hand": [434.82769775390625, 376.302001953125, 63.040985107421875, 36.127349853515625], "right_hand": [315.0784912109375, 154.08108520507812, 30.21563720703125, 61.94740295410156]}]}