{"image_path": "/daintlab/home/rilab/github/frankmocap_notebooks/images/vHBR5MZmEsY/scene_00000177.jpg", "body_bbox_list": [[248, 83, 390, 485]], "hand_bbox_list": [{"left_hand": [463.1837463378906, 361.365966796875, 45.206298828125, 60.943603515625], "right_hand": [200.28956604003906, 150.97280883789062, 66.67466735839844, 55.081512451171875]}]}