{"image_path": "/daintlab/home/rilab/github/frankmocap_notebooks/images/vHBR5MZmEsY/scene_00000185.jpg", "body_bbox_list": [[365, 73, 236, 500]], "hand_bbox_list": [{"left_hand": [430.3691101074219, 303.3208923339844, 56.834930419921875, 53.06292724609375], "right_hand": [344.3008728027344, 152.95101928710938, 62.946929931640625, 60.350555419921875]}]}