{"image_path": "/daintlab/home/rilab/github/frankmocap_notebooks/images/vHBR5MZmEsY/scene_00000062.jpg", "body_bbox_list": [[319, 88, 248, 500]], "hand_bbox_list": [{"left_hand": [512.3909301757812, 168.5304412841797, 53.975341796875, 37.656585693359375], "right_hand": [396.8009338378906, 390.33245849609375, 44.59552001953125, 60.1934814453125]}]}