{"image_path": "/daintlab/home/rilab/github/frankmocap_notebooks/images/vHBR5MZmEsY/scene_00000128.jpg", "body_bbox_list": [[395, 74, 236, 478]], "hand_bbox_list": [{"left_hand": [479.1387939453125, 212.62640380859375, 39.62548828125, 25.923126220703125], "right_hand": [355.8736267089844, 112.61821746826172, 53.88812255859375, 44.507240295410156]}]}