{"image_path": "/daintlab/home/rilab/github/frankmocap_notebooks/images/vHBR5MZmEsY/scene_00000121.jpg", "body_bbox_list": [[352, 79, 287, 473]], "hand_bbox_list": [{"left_hand": [456.6075744628906, 190.0281524658203, 32.339813232421875, 38.02677917480469], "right_hand": [327.6397399902344, 150.50628662109375, 44.531768798828125, 49.25390625]}]}