{"image_path": "/daintlab/home/rilab/github/frankmocap_notebooks/images/vHBR5MZmEsY/scene_00000066.jpg", "body_bbox_list": [[303, 93, 265, 500]], "hand_bbox_list": [{"left_hand": [554.1766357421875, 177.9284210205078, 41.19683837890625, 34.52351379394531], "right_hand": [390.0119934082031, 393.2526550292969, 49.99346923828125, 61.57366943359375]}]}