{"image_path": "/daintlab/home/rilab/github/frankmocap_notebooks/images/vHBR5MZmEsY/scene_00000054.jpg", "body_bbox_list": [[407, 98, 72, 265], [304, 77, 243, 507]], "hand_bbox_list": [{"left_hand": null, "right_hand": [469.4123229980469, 352.97637939453125, 37.97039794921875, 46.1783447265625]}, {"left_hand": [525.8395385742188, 137.96170043945312, 58.73565673828125, 35.654083251953125], "right_hand": null}]}