{"image_path": "/daintlab/home/rilab/github/frankmocap_notebooks/images/vHBR5MZmEsY/scene_00000024.jpg", "body_bbox_list": [[379, 151, 248, 429]], "hand_bbox_list": [{"left_hand": [381.070068359375, 267.9516906738281, 69.54583740234375, 44.085906982421875], "right_hand": [381.070068359375, 267.9516906738281, 69.54583740234375, 44.085906982421875]}]}