{"image_path": "/daintlab/home/rilab/github/frankmocap_notebooks/images/vHBR5MZmEsY/scene_00000164.jpg", "body_bbox_list": [[303, 94, 390, 473]], "hand_bbox_list": [{"left_hand": [433.3409729003906, 384.9534912109375, 62.921051025390625, 39.70001220703125], "right_hand": [290.94366455078125, 162.30307006835938, 37.999603271484375, 59.23152160644531]}]}