{"image_path": "/daintlab/home/rilab/github/frankmocap_notebooks/images/vHBR5MZmEsY/scene_00000006.jpg", "body_bbox_list": [[376, 87, 204, 507]], "hand_bbox_list": [{"left_hand": [555.0880737304688, 373.8542175292969, 49.236572265625, 60.288543701171875], "right_hand": [375.7982482910156, 350.2051086425781, 37.897491455078125, 55.483184814453125]}]}