{"image_path": "/daintlab/home/rilab/github/frankmocap_notebooks/images/vHBR5MZmEsY/scene_00000014.jpg", "body_bbox_list": [[270, 150, 446, 446]], "hand_bbox_list": [{"left_hand": [427.06341552734375, 428.6898498535156, 39.84136962890625, 54.0809326171875], "right_hand": null}]}