{"image_path": "/daintlab/home/rilab/github/frankmocap_notebooks/images/vHBR5MZmEsY/scene_00000035.jpg", "body_bbox_list": [[300, 120, 336, 451]], "hand_bbox_list": [{"left_hand": [611.3470458984375, 186.2301483154297, 37.33367919921875, 42.22698974609375], "right_hand": [514.537109375, 256.2046813964844, 52.26776123046875, 42.8839111328125]}]}