{"image_path": "/daintlab/home/rilab/github/frankmocap_notebooks/images/vHBR5MZmEsY/scene_00000142.jpg", "body_bbox_list": [[374, 63, 243, 485]], "hand_bbox_list": [{"left_hand": [426.610107421875, 267.17840576171875, 50.905517578125, 31.868255615234375], "right_hand": [389.1702575683594, 102.5747299194336, 43.274749755859375, 51.64391326904297]}]}