{"image_path": "/daintlab/home/rilab/github/frankmocap_notebooks/images/vHBR5MZmEsY/scene_00000057.jpg", "body_bbox_list": [[315, 82, 231, 507]], "hand_bbox_list": [{"left_hand": [500.6051025390625, 143.21661376953125, 50.94049072265625, 37.137969970703125], "right_hand": [448.13714599609375, 370.4331359863281, 37.19061279296875, 51.781768798828125]}]}