{"image_path": "/daintlab/home/rilab/github/frankmocap_notebooks/images/vHBR5MZmEsY/scene_00000028.jpg", "body_bbox_list": [[343, 135, 265, 441]], "hand_bbox_list": [{"left_hand": [463.1747741699219, 220.71815490722656, 60.938690185546875, 47.13041687011719], "right_hand": [463.1747741699219, 220.71815490722656, 60.938690185546875, 47.13041687011719]}]}