{"image_path": "/daintlab/home/rilab/github/frankmocap_notebooks/images/vHBR5MZmEsY/scene_00000075.jpg", "body_bbox_list": [[245, 88, 341, 500]], "hand_bbox_list": [{"left_hand": [568.3489990234375, 168.20742797851562, 36.7447509765625, 61.49311828613281], "right_hand": [395.2571716308594, 383.1399841308594, 46.2010498046875, 61.125701904296875]}]}