{"image_path": "/daintlab/home/rilab/github/frankmocap_notebooks/images/vHBR5MZmEsY/scene_00000157.jpg", "body_bbox_list": [[329, 94, 363, 473]], "hand_bbox_list": [{"left_hand": [435.8516845703125, 371.6893005371094, 63.018402099609375, 36.794281005859375], "right_hand": [319.82080078125, 153.02920532226562, 31.85205078125, 62.21466064453125]}]}