{"image_path": "/daintlab/home/rilab/github/frankmocap_notebooks/images/vHBR5MZmEsY/scene_00000134.jpg", "body_bbox_list": [[395, 68, 221, 485]], "hand_bbox_list": [{"left_hand": [485.30438232421875, 204.3924102783203, 27.80908203125, 35.06132507324219], "right_hand": [434.5708312988281, 91.19415283203125, 53.15069580078125, 41.28337097167969]}]}