{"image_path": "/daintlab/home/rilab/github/frankmocap_notebooks/images/vHBR5MZmEsY/scene_00000163.jpg", "body_bbox_list": [[308, 94, 385, 473]], "hand_bbox_list": [{"left_hand": [436.5903625488281, 385.6945495605469, 59.591339111328125, 42.97906494140625], "right_hand": [293.99725341796875, 161.00067138671875, 37.780975341796875, 60.9794921875]}]}