{"image_path": "/daintlab/home/rilab/github/frankmocap_notebooks/images/vHBR5MZmEsY/scene_00000194.jpg", "body_bbox_list": [[334, 73, 258, 500]], "hand_bbox_list": [{"left_hand": [540.6172485351562, 204.72329711914062, 52.27685546875, 39.519256591796875], "right_hand": [540.6172485351562, 204.72329711914062, 52.27685546875, 39.519256591796875]}]}