{"image_path": "/daintlab/home/rilab/github/frankmocap_notebooks/images/vHBR5MZmEsY/scene_00000009.jpg", "body_bbox_list": [[305, 108, 336, 485]], "hand_bbox_list": [{"left_hand": [540.7418823242188, 399.0426940917969, 49.9090576171875, 61.010955810546875], "right_hand": [295.9090881347656, 316.68572998046875, 33.852874755859375, 62.472564697265625]}]}