{"image_path": "/daintlab/home/rilab/github/frankmocap_notebooks/images/vHBR5MZmEsY/scene_00000147.jpg", "body_bbox_list": [[373, 68, 275, 495]], "hand_bbox_list": [{"left_hand": [418.6631164550781, 317.67266845703125, 62.10174560546875, 29.54083251953125], "right_hand": [354.3182373046875, 124.281005859375, 31.891937255859375, 50.43650817871094]}]}