{"image_path": "/daintlab/home/rilab/github/frankmocap_notebooks/images/vHBR5MZmEsY/scene_00000154.jpg", "body_bbox_list": [[350, 88, 336, 485]], "hand_bbox_list": [{"left_hand": [433.72955322265625, 360.4795837402344, 63.44598388671875, 34.07464599609375], "right_hand": [340.31005859375, 151.82994079589844, 27.746673583984375, 57.040313720703125]}]}