{"image_path": "/daintlab/home/rilab/github/frankmocap_notebooks/images/vHBR5MZmEsY/scene_00000106.jpg", "body_bbox_list": [[375, 93, 221, 485]], "hand_bbox_list": [{"left_hand": [474.0898742675781, 163.11114501953125, 53.210479736328125, 45.813079833984375], "right_hand": [491.6006164550781, 262.66693115234375, 71.19473266601562, 36.902252197265625]}]}