{"image_path": "/daintlab/home/rilab/github/frankmocap_notebooks/images/vHBR5MZmEsY/scene_00000093.jpg", "body_bbox_list": [[286, 82, 419, 517]], "hand_bbox_list": [{"left_hand": [686.8004760742188, 172.4132843017578, 63.001220703125, 38.22706604003906], "right_hand": [467.457763671875, 353.2730407714844, 44.437286376953125, 33.25787353515625]}]}