{"image_path": "/daintlab/home/rilab/github/frankmocap_notebooks/images/1X5A1788/scene_00000271.jpg", "body_bbox_list": [[483, 130, 170, 456]], "hand_bbox_list": [{"left_hand": [603.144287109375, 204.9134063720703, 29.6197509765625, 46.35662841796875], "right_hand": [494.0079650878906, 198.58859252929688, 34.711395263671875, 48.48802185058594]}]}