{"image_path": "/daintlab/home/rilab/github/frankmocap_notebooks/images/1X5A1788/scene_00000792.jpg", "body_bbox_list": [[482, 292, 177, 292]], "hand_bbox_list": [{"left_hand": [600.1548461914062, 373.7250061035156, 30.476318359375, 49.2564697265625], "right_hand": [507.71185302734375, 380.7817077636719, 29.24749755859375, 39.77349853515625]}]}