{"image_path": "/daintlab/home/rilab/github/frankmocap_notebooks/images/1X5A1788/scene_00000224.jpg", "body_bbox_list": [[482, 234, 182, 353]], "hand_bbox_list": [{"left_hand": [607.540771484375, 318.46160888671875, 34.63385009765625, 47.535308837890625], "right_hand": [503.3835754394531, 317.3312072753906, 33.319427490234375, 45.642608642578125]}]}