{"image_path": "/daintlab/home/rilab/github/frankmocap_notebooks/images/1X5A1788/scene_00000516.jpg", "body_bbox_list": [[482, 297, 177, 287]], "hand_bbox_list": [{"left_hand": [603.5978393554688, 385.0539245605469, 33.9974365234375, 49.0233154296875], "right_hand": [508.04547119140625, 387.2867126464844, 28.09051513671875, 44.5999755859375]}]}