{"image_path": "/daintlab/home/rilab/github/frankmocap_notebooks/images/1X5A1788/scene_00000009.jpg", "body_bbox_list": [[487, 93, 182, 495]], "hand_bbox_list": [{"left_hand": [637.6683959960938, 361.58685302734375, 36.68719482421875, 50.935791015625], "right_hand": [486.6388244628906, 359.9394836425781, 35.048736572265625, 48.832672119140625]}]}