{"image_path": "/daintlab/home/rilab/github/frankmocap_notebooks/images/1X5A1788/scene_00000668.jpg", "body_bbox_list": [[482, 261, 177, 324]], "hand_bbox_list": [{"left_hand": [607.0352783203125, 355.62689208984375, 31.618896484375, 39.6846923828125], "right_hand": [506.8219299316406, 350.6586608886719, 30.260711669921875, 39.77978515625]}]}