{"image_path": "/daintlab/home/rilab/github/frankmocap_notebooks/images/1X5A1788/scene_00000113.jpg", "body_bbox_list": [[493, 103, 165, 485]], "hand_bbox_list": [{"left_hand": [615.8640747070312, 171.2576904296875, 31.29852294921875, 38.492340087890625], "right_hand": [488.2315673828125, 174.0251922607422, 34.10791015625, 38.481353759765625]}]}