{"image_path": "/daintlab/home/rilab/github/frankmocap_notebooks/images/1X5A1788/scene_00000166.jpg", "body_bbox_list": [[488, 208, 170, 380]], "hand_bbox_list": [{"left_hand": [610.9398803710938, 298.0721130371094, 31.93914794921875, 42.263031005859375], "right_hand": null}]}