{"image_path": "/daintlab/home/rilab/github/frankmocap_notebooks/images/1X5A1788/scene_00000644.jpg", "body_bbox_list": [[482, 292, 177, 292]], "hand_bbox_list": [{"left_hand": [611.8267211914062, 376.6920471191406, 31.2203369140625, 40.19061279296875], "right_hand": [510.7156677246094, 369.2571716308594, 28.449920654296875, 44.698699951171875]}]}