{"image_path": "/daintlab/home/rilab/github/frankmocap_notebooks/images/1X5A1788/scene_00000551.jpg", "body_bbox_list": [[482, 187, 182, 402]], "hand_bbox_list": [{"left_hand": [613.8958740234375, 278.8680419921875, 28.6917724609375, 48.491119384765625], "right_hand": [514.327880859375, 279.7117919921875, 27.4920654296875, 45.217864990234375]}]}