{"image_path": "/daintlab/home/rilab/github/frankmocap_notebooks/images/1X5A1788/scene_00000458.jpg", "body_bbox_list": [[493, 103, 165, 485]], "hand_bbox_list": [{"left_hand": [610.2342529296875, 181.88763427734375, 29.753662109375, 47.91633605957031], "right_hand": [507.5570373535156, 179.51315307617188, 28.309783935546875, 46.660888671875]}]}