{"image_path": "/daintlab/home/rilab/github/frankmocap_notebooks/images/1X5A1788/scene_00000670.jpg", "body_bbox_list": [[482, 255, 182, 331]], "hand_bbox_list": [{"left_hand": [607.8755493164062, 344.91583251953125, 32.4521484375, 43.6031494140625], "right_hand": [507.4820251464844, 342.5218200683594, 30.069671630859375, 39.03790283203125]}]}