{"image_path": "/daintlab/home/rilab/github/frankmocap_notebooks/images/1X5A1788/scene_00000659.jpg", "body_bbox_list": [[482, 292, 177, 292]], "hand_bbox_list": [{"left_hand": [606.6880493164062, 378.9117431640625, 33.2982177734375, 42.37762451171875], "right_hand": [507.2591857910156, 376.16143798828125, 30.112701416015625, 39.594482421875]}]}