{"image_path": "/daintlab/home/rilab/github/frankmocap_notebooks/images/1X5A1788/scene_00000344.jpg", "body_bbox_list": [[488, 193, 170, 390]], "hand_bbox_list": [{"left_hand": [605.0350952148438, 275.71124267578125, 32.08856201171875, 43.884063720703125], "right_hand": [502.2761535644531, 272.5243225097656, 31.677398681640625, 45.570068359375]}]}