{"image_path": "/daintlab/home/rilab/github/frankmocap_notebooks/images/1X5A1788/scene_00000753.jpg", "body_bbox_list": [[483, 140, 170, 446]], "hand_bbox_list": [{"left_hand": [610.2075805664062, 236.95924377441406, 30.5758056640625, 41.23573303222656], "right_hand": [508.3816833496094, 227.9667205810547, 26.948394775390625, 44.36598205566406]}]}