{"image_path": "/daintlab/home/rilab/github/frankmocap_notebooks/images/1X5A1788/scene_00000444.jpg", "body_bbox_list": [[493, 93, 160, 495]], "hand_bbox_list": [{"left_hand": [609.3213500976562, 163.4117431640625, 27.95623779296875, 50.94305419921875], "right_hand": [509.5797424316406, 160.1129150390625, 28.114654541015625, 48.595458984375]}]}