{"image_path": "/daintlab/home/rilab/github/frankmocap_notebooks/images/1X5A1788/scene_00000859.jpg", "body_bbox_list": [[488, 103, 170, 485]], "hand_bbox_list": [{"left_hand": [605.2042236328125, 195.65960693359375, 31.45306396484375, 47.29840087890625], "right_hand": [507.9043884277344, 192.23277282714844, 28.717620849609375, 44.25103759765625]}]}