{"image_path": "/daintlab/home/rilab/github/frankmocap_notebooks/images/1X5A1788/scene_00000666.jpg", "body_bbox_list": [[482, 271, 177, 314]], "hand_bbox_list": [{"left_hand": [606.4555053710938, 362.35931396484375, 31.90728759765625, 38.701934814453125], "right_hand": [506.929443359375, 356.0650939941406, 29.96728515625, 39.595611572265625]}]}