{"image_path": "/daintlab/home/rilab/github/frankmocap_notebooks/images/1X5A1788/scene_00000415.jpg", "body_bbox_list": [[482, 151, 177, 434]], "hand_bbox_list": [{"left_hand": [604.7960815429688, 241.3765106201172, 33.32073974609375, 47.18833923339844], "right_hand": [505.4750061035156, 239.65370178222656, 27.496307373046875, 45.80598449707031]}]}