{"image_path": "/daintlab/home/rilab/github/frankmocap_notebooks/images/1X5A1788/scene_00000904.jpg", "body_bbox_list": [[493, 93, 170, 495]], "hand_bbox_list": [{"left_hand": [640.5624389648438, 355.2645568847656, 22.8515625, 54.61083984375], "right_hand": [495.79534912109375, 355.941162109375, 21.34771728515625, 54.187530517578125]}]}