{"image_path": "/daintlab/home/rilab/github/frankmocap_notebooks/images/1X5A1788/scene_00000518.jpg", "body_bbox_list": [[482, 297, 177, 287]], "hand_bbox_list": [{"left_hand": [604.1075439453125, 385.6230773925781, 33.46746826171875, 49.227508544921875], "right_hand": [507.57379150390625, 387.1971740722656, 29.85015869140625, 44.95660400390625]}]}