{"image_path": "/daintlab/home/rilab/github/frankmocap_notebooks/images/1X5A1788/scene_00000465.jpg", "body_bbox_list": [[488, 124, 170, 463]], "hand_bbox_list": [{"left_hand": [608.3038330078125, 210.23411560058594, 33.23236083984375, 47.86396789550781], "right_hand": [507.8435363769531, 208.8404541015625, 28.688995361328125, 44.79264831542969]}]}