{"image_path": "/daintlab/home/rilab/github/frankmocap_notebooks/images/1X5A1788/scene_00000615.jpg", "body_bbox_list": [[482, 156, 177, 429]], "hand_bbox_list": [{"left_hand": [609.1610107421875, 241.63172912597656, 29.899658203125, 41.09483337402344], "right_hand": [502.2898254394531, 236.41412353515625, 29.365997314453125, 41.91876220703125]}]}