{"image_path": "/daintlab/home/rilab/github/frankmocap_notebooks/images/1X5A1788/scene_00000247.jpg", "body_bbox_list": [[488, 187, 170, 402]], "hand_bbox_list": [{"left_hand": [611.7283935546875, 259.22509765625, 32.2178955078125, 44.649810791015625], "right_hand": [504.6445007324219, 256.9283752441406, 33.005889892578125, 45.026397705078125]}]}