{"image_path": "/daintlab/home/rilab/github/frankmocap_notebooks/images/1X5A1788/scene_00000819.jpg", "body_bbox_list": [[482, 261, 177, 324]], "hand_bbox_list": [{"left_hand": [606.5408935546875, 350.7109069824219, 29.0347900390625, 49.430633544921875], "right_hand": [508.70159912109375, 355.7254638671875, 30.74176025390625, 38.5849609375]}]}