{"image_path": "/daintlab/home/rilab/github/frankmocap_notebooks/images/1X5A1788/scene_00000475.jpg", "body_bbox_list": [[488, 156, 170, 429]], "hand_bbox_list": [{"left_hand": [607.6228637695312, 249.52313232421875, 33.37615966796875, 49.7255859375], "right_hand": [505.2633361816406, 252.62518310546875, 28.231597900390625, 46.25225830078125]}]}