{"image_path": "/daintlab/home/rilab/github/frankmocap_notebooks/images/1X5A1788/scene_00000147.jpg", "body_bbox_list": [[482, 151, 182, 434]], "hand_bbox_list": [{"left_hand": [610.5748291015625, 240.57598876953125, 31.0826416015625, 39.385986328125], "right_hand": [493.3578186035156, 236.7886199951172, 34.626129150390625, 44.32691955566406]}]}