{"image_path": "/daintlab/home/rilab/github/frankmocap_notebooks/images/1X5A1788/scene_00000094.jpg", "body_bbox_list": [[488, 98, 170, 490]], "hand_bbox_list": [{"left_hand": [617.5723266601562, 168.48709106445312, 32.93328857421875, 35.17832946777344], "right_hand": [486.4501953125, 174.49099731445312, 35.9464111328125, 36.071380615234375]}]}