{"image_path": "/daintlab/home/rilab/github/frankmocap_notebooks/images/1X5A1788/scene_00000879.jpg", "body_bbox_list": [[488, 93, 170, 495]], "hand_bbox_list": [{"left_hand": [615.9298095703125, 187.9392547607422, 28.16693115234375, 43.28968811035156], "right_hand": [508.9749450683594, 188.32508850097656, 28.233673095703125, 41.64692687988281]}]}