{"image_path": "/daintlab/home/rilab/github/frankmocap_notebooks/images/1X5A1788/scene_00000476.jpg", "body_bbox_list": [[488, 166, 170, 419]], "hand_bbox_list": [{"left_hand": [608.31396484375, 256.6134338378906, 30.2752685546875, 46.57257080078125], "right_hand": [505.3819885253906, 255.8405303955078, 28.785125732421875, 43.89280700683594]}]}