{"image_path": "/daintlab/home/rilab/github/frankmocap_notebooks/images/1X5A1788/scene_00000163.jpg", "body_bbox_list": [[482, 192, 182, 397]], "hand_bbox_list": [{"left_hand": [610.9949340820312, 285.5204772949219, 31.39227294921875, 41.38238525390625], "right_hand": [498.0166931152344, 291.1501770019531, 31.335052490234375, 40.7169189453125]}]}