{"image_path": "/daintlab/home/rilab/github/frankmocap_notebooks/images/1X5A1788/scene_00000557.jpg", "body_bbox_list": [[487, 172, 177, 412]], "hand_bbox_list": [{"left_hand": [615.1807250976562, 258.8176574707031, 29.51513671875, 48.455902099609375], "right_hand": [513.2890014648438, 259.94024658203125, 29.4468994140625, 43.2506103515625]}]}