{"image_path": "/daintlab/home/rilab/github/frankmocap_notebooks/images/1X5A1788/scene_00000730.jpg", "body_bbox_list": [[493, 98, 165, 490]], "hand_bbox_list": [{"left_hand": [611.22509765625, 174.2354736328125, 27.96588134765625, 44.426177978515625], "right_hand": [511.1927490234375, 168.48162841796875, 28.132080078125, 44.910736083984375]}]}