{"image_path": "/daintlab/home/rilab/github/frankmocap_notebooks/images/1X5A1788/scene_00000056.jpg", "body_bbox_list": [[487, 93, 187, 495]], "hand_bbox_list": [{"left_hand": [645.2208251953125, 360.0254211425781, 29.81768798828125, 48.335693359375], "right_hand": [484.008544921875, 359.64239501953125, 36.03424072265625, 50.11798095703125]}]}