{"image_path": "/daintlab/home/rilab/github/frankmocap_notebooks/images/1X5A1788/scene_00000232.jpg", "body_bbox_list": [[482, 213, 182, 375]], "hand_bbox_list": [{"left_hand": null, "right_hand": [505.74749755859375, 291.4507751464844, 30.96624755859375, 42.179107666015625]}]}