{"image_path": "/daintlab/home/rilab/github/frankmocap_notebooks/images/1X5A1788/scene_00000854.jpg", "body_bbox_list": [[482, 124, 177, 463]], "hand_bbox_list": [{"left_hand": [606.388427734375, 217.63748168945312, 30.46282958984375, 46.023529052734375], "right_hand": [509.6830749511719, 216.0489959716797, 26.218536376953125, 44.18391418457031]}]}