{"image_path": "/daintlab/home/rilab/github/frankmocap_notebooks/images/1X5A1788/scene_00000880.jpg", "body_bbox_list": [[488, 93, 170, 495]], "hand_bbox_list": [{"left_hand": [618.332763671875, 204.49913024902344, 28.22320556640625, 43.34626770019531], "right_hand": [508.1163330078125, 205.60940551757812, 28.4534912109375, 38.36943054199219]}]}