{"image_path": "/daintlab/home/rilab/github/frankmocap_notebooks/images/1X5A1788/scene_00000229.jpg", "body_bbox_list": [[482, 224, 182, 363]], "hand_bbox_list": [{"left_hand": [608.5610961914062, 305.2304382324219, 34.13623046875, 46.734405517578125], "right_hand": [504.0531311035156, 303.9454040527344, 32.403961181640625, 44.809478759765625]}]}