{"image_path": "/daintlab/home/rilab/github/frankmocap_notebooks/images/1X5A1788/scene_00000857.jpg", "body_bbox_list": [[488, 109, 170, 478]], "hand_bbox_list": [{"left_hand": [605.15771484375, 203.33932495117188, 29.48583984375, 46.33375549316406], "right_hand": [507.7988586425781, 201.45452880859375, 28.083221435546875, 43.62251281738281]}]}