{"image_path": "/daintlab/home/rilab/github/frankmocap_notebooks/images/1X5A1788/scene_00000300.jpg", "body_bbox_list": [[493, 93, 165, 495]], "hand_bbox_list": [{"left_hand": [608.7767333984375, 157.9190673828125, 34.05340576171875, 49.77903747558594], "right_hand": [508.5295715332031, 152.5655975341797, 28.027557373046875, 48.98358154296875]}]}