{"image_path": "/daintlab/home/rilab/github/frankmocap_notebooks/images/1X5A1788/scene_00000881.jpg", "body_bbox_list": [[488, 93, 165, 495]], "hand_bbox_list": [{"left_hand": [622.262451171875, 227.61521911621094, 27.3570556640625, 46.69389343261719], "right_hand": [509.1938171386719, 224.09197998046875, 26.819915771484375, 42.381683349609375]}]}