{"image_path": "/daintlab/home/rilab/github/frankmocap_notebooks/images/1X5A1788/scene_00000230.jpg", "body_bbox_list": [[482, 219, 182, 368]], "hand_bbox_list": [{"left_hand": [611.7188720703125, 303.0755615234375, 31.8311767578125, 42.76763916015625], "right_hand": [506.1361999511719, 300.0451354980469, 30.921783447265625, 42.2198486328125]}]}