{"image_path": "/daintlab/home/rilab/github/frankmocap_notebooks/images/1X5A1788/scene_00000871.jpg", "body_bbox_list": [[493, 93, 165, 495]], "hand_bbox_list": [{"left_hand": [612.3992309570312, 171.47679138183594, 26.4815673828125, 48.630218505859375], "right_hand": [512.4496459960938, 172.58163452148438, 27.59893798828125, 46.21253967285156]}]}