{"image_path": "/daintlab/home/rilab/github/frankmocap_notebooks/images/1X5A1788/scene_00000389.jpg", "body_bbox_list": [[482, 250, 177, 336]], "hand_bbox_list": [{"left_hand": [603.3434448242188, 341.8925476074219, 33.40313720703125, 47.32550048828125], "right_hand": [506.4801025390625, 333.5492248535156, 29.857177734375, 47.840789794921875]}]}