{"image_path": "/daintlab/home/rilab/github/frankmocap_notebooks/images/1X5A1788/scene_00000328.jpg", "body_bbox_list": [[488, 145, 170, 441]], "hand_bbox_list": [{"left_hand": [608.4124145507812, 234.09779357910156, 34.6119384765625, 46.84062194824219], "right_hand": [507.0141906738281, 230.5811004638672, 28.760467529296875, 46.60801696777344]}]}