{"image_path": "/daintlab/home/rilab/github/frankmocap_notebooks/images/1X5A1788/scene_00000370.jpg", "body_bbox_list": [[482, 276, 177, 309]], "hand_bbox_list": [{"left_hand": [605.830810546875, 357.11627197265625, 34.11663818359375, 45.506378173828125], "right_hand": [507.4643249511719, 351.779541015625, 30.413482666015625, 43.479522705078125]}]}