{"image_path": "/daintlab/home/rilab/github/frankmocap_notebooks/images/1X5A1788/scene_00000301.jpg", "body_bbox_list": [[493, 93, 165, 495]], "hand_bbox_list": [{"left_hand": [609.3287353515625, 159.32882690429688, 33.65155029296875, 48.90171813964844], "right_hand": [507.6625671386719, 153.64598083496094, 29.119537353515625, 49.265411376953125]}]}