{"image_path": "/daintlab/home/rilab/github/frankmocap_notebooks/images/1X5A1788/scene_00000907.jpg", "body_bbox_list": [[493, 93, 170, 495]], "hand_bbox_list": [{"left_hand": [640.8896484375, 354.8337707519531, 21.36956787109375, 56.533935546875], "right_hand": [496.04339599609375, 355.986083984375, 21.0980224609375, 53.8404541015625]}]}