{"image_path": "/daintlab/home/rilab/github/frankmocap_notebooks/images/1X5A1788/scene_00000744.jpg", "body_bbox_list": [[488, 119, 170, 468]], "hand_bbox_list": [{"left_hand": [611.8336791992188, 207.07615661621094, 28.1728515625, 44.021270751953125], "right_hand": [509.72296142578125, 200.5965118408203, 28.27691650390625, 44.2379150390625]}]}