{"image_path": "/daintlab/home/rilab/github/frankmocap_notebooks/images/1X5A1788/scene_00000394.jpg", "body_bbox_list": [[482, 229, 182, 358]], "hand_bbox_list": [{"left_hand": [607.2779541015625, 320.16070556640625, 30.39166259765625, 47.7347412109375], "right_hand": [506.7331237792969, 312.017822265625, 29.884124755859375, 43.7362060546875]}]}