{"image_path": "/daintlab/home/rilab/github/frankmocap_notebooks/images/1X5A1788/scene_00000438.jpg", "body_bbox_list": [[488, 93, 165, 495]], "hand_bbox_list": [{"left_hand": [608.1925659179688, 167.88987731933594, 27.279052734375, 49.234222412109375], "right_hand": [507.4777526855469, 160.42079162597656, 28.484893798828125, 49.21754455566406]}]}