{"image_path": "/daintlab/home/rilab/github/frankmocap_notebooks/images/1X5A1788/scene_00000309.jpg", "body_bbox_list": [[493, 103, 170, 485]], "hand_bbox_list": [{"left_hand": [610.2465209960938, 176.249267578125, 31.24554443359375, 46.50532531738281], "right_hand": [503.27752685546875, 171.1965789794922, 33.74639892578125, 48.86540222167969]}]}