{"image_path": "/daintlab/home/rilab/github/frankmocap_notebooks/images/1X5A1788/scene_00000756.jpg", "body_bbox_list": [[483, 145, 170, 441]], "hand_bbox_list": [{"left_hand": [607.9663696289062, 239.33253479003906, 31.1240234375, 44.07655334472656], "right_hand": [506.8092956542969, 234.3214569091797, 29.074981689453125, 43.77500915527344]}]}