{"image_path": "/daintlab/home/rilab/github/frankmocap_notebooks/images/1X5A1788/scene_00000342.jpg", "body_bbox_list": [[488, 187, 170, 397]], "hand_bbox_list": [{"left_hand": [603.8241577148438, 269.8286437988281, 33.267578125, 46.014862060546875], "right_hand": [502.58953857421875, 268.8473205566406, 31.56878662109375, 44.455718994140625]}]}