{"image_path": "/daintlab/home/rilab/github/frankmocap_notebooks/images/1X5A1788/scene_00000766.jpg", "body_bbox_list": [[482, 172, 177, 412]], "hand_bbox_list": [{"left_hand": [608.2138061523438, 263.0674133300781, 29.51495361328125, 49.505279541015625], "right_hand": [507.7825622558594, 264.5800476074219, 28.949432373046875, 41.4840087890625]}]}