{"image_path": "/daintlab/home/rilab/github/frankmocap_notebooks/images/1X5A1788/scene_00000690.jpg", "body_bbox_list": [[482, 172, 177, 412]], "hand_bbox_list": [{"left_hand": [611.3756713867188, 270.78668212890625, 30.08831787109375, 42.197662353515625], "right_hand": [507.64495849609375, 265.36236572265625, 29.72064208984375, 41.4354248046875]}]}