{"image_path": "/daintlab/home/rilab/github/frankmocap_notebooks/images/1X5A1788/scene_00000047.jpg", "body_bbox_list": [[482, 93, 192, 495]], "hand_bbox_list": [{"left_hand": [645.5839233398438, 359.53729248046875, 29.675048828125, 48.45880126953125], "right_hand": [484.1862487792969, 358.3050231933594, 34.143218994140625, 49.28900146484375]}]}