{"image_path": "/daintlab/home/rilab/github/frankmocap_notebooks/images/1X5A1788/scene_00000524.jpg", "body_bbox_list": [[488, 292, 170, 292]], "hand_bbox_list": [{"left_hand": [604.3966064453125, 376.4411926269531, 33.543212890625, 49.0079345703125], "right_hand": [507.996826171875, 376.42333984375, 28.611572265625, 45.77130126953125]}]}