{"image_path": "/daintlab/home/rilab/github/frankmocap_notebooks/images/1X5A1788/scene_00000058.jpg", "body_bbox_list": [[482, 93, 192, 495]], "hand_bbox_list": [{"left_hand": [639.9434814453125, 359.28851318359375, 35.62518310546875, 50.587921142578125], "right_hand": [483.6673889160156, 359.9495849609375, 35.881011962890625, 49.675201416015625]}]}