{"image_path": "/daintlab/home/rilab/github/frankmocap_notebooks/images/1X5A1788/scene_00000246.jpg", "body_bbox_list": [[487, 187, 177, 402]], "hand_bbox_list": [{"left_hand": [612.2843627929688, 262.1665344238281, 31.759521484375, 42.84808349609375], "right_hand": [504.56451416015625, 257.2560729980469, 33.59783935546875, 46.2122802734375]}]}