{"image_path": "/daintlab/home/rilab/github/frankmocap_notebooks/images/1X5A1788/scene_00000862.jpg", "body_bbox_list": [[493, 93, 165, 495]], "hand_bbox_list": [{"left_hand": [609.0621337890625, 186.09881591796875, 27.70660400390625, 45.469268798828125], "right_hand": [510.6723937988281, 185.93209838867188, 28.289581298828125, 40.8875732421875]}]}