{"image_path": "/daintlab/home/rilab/github/frankmocap_notebooks/images/1X5A1788/scene_00000373.jpg", "body_bbox_list": [[482, 276, 177, 309]], "hand_bbox_list": [{"left_hand": [605.283203125, 358.07916259765625, 34.73431396484375, 47.220062255859375], "right_hand": [510.11077880859375, 351.596923828125, 29.00970458984375, 45.529327392578125]}]}