{"image_path": "/daintlab/home/rilab/github/frankmocap_notebooks/images/1X5A1788/scene_00000743.jpg", "body_bbox_list": [[488, 114, 170, 473]], "hand_bbox_list": [{"left_hand": [611.9400024414062, 204.71017456054688, 28.30523681640625, 44.41154479980469], "right_hand": [509.47198486328125, 199.70468139648438, 27.87945556640625, 43.80165100097656]}]}