{"image_path": "/daintlab/home/rilab/github/frankmocap_notebooks/images/1X5A1788/scene_00000289.jpg", "body_bbox_list": [[493, 93, 160, 495]], "hand_bbox_list": [{"left_hand": [606.5270385742188, 158.2099151611328, 32.84600830078125, 48.86528015136719], "right_hand": [505.4524230957031, 151.50445556640625, 27.313690185546875, 51.191986083984375]}]}