{"image_path": "/daintlab/home/rilab/github/frankmocap_notebooks/images/1X5A1788/scene_00000440.jpg", "body_bbox_list": [[488, 93, 165, 495]], "hand_bbox_list": [{"left_hand": [608.3588256835938, 163.5507049560547, 28.18536376953125, 50.866119384765625], "right_hand": [508.9539794921875, 160.16697692871094, 28.50921630859375, 48.5869140625]}]}