{"image_path": "/daintlab/home/rilab/github/frankmocap_notebooks/images/1X5A1788/scene_00000340.jpg", "body_bbox_list": [[487, 182, 177, 402]], "hand_bbox_list": [{"left_hand": [603.7823486328125, 263.189208984375, 33.64532470703125, 47.0770263671875], "right_hand": [502.3263854980469, 261.3000183105469, 31.748199462890625, 47.595001220703125]}]}