{"image_path": "/daintlab/home/rilab/github/frankmocap_notebooks/images/1X5A1788/scene_00000432.jpg", "body_bbox_list": [[482, 98, 177, 490]], "hand_bbox_list": [{"left_hand": [604.0492553710938, 182.729248046875, 29.04388427734375, 42.30528259277344], "right_hand": [498.3711242675781, 172.33328247070312, 32.920806884765625, 48.570159912109375]}]}