{"image_path": "/daintlab/home/rilab/github/frankmocap_notebooks/images/1X5A1788/scene_00000815.jpg", "body_bbox_list": [[482, 271, 177, 314]], "hand_bbox_list": [{"left_hand": [599.85498046875, 358.2459411621094, 33.4808349609375, 51.5955810546875], "right_hand": [508.6942443847656, 365.5135498046875, 29.304351806640625, 40.349578857421875]}]}