{"image_path": "/daintlab/home/rilab/github/frankmocap_notebooks/images/1X5A1788/scene_00000062.jpg", "body_bbox_list": [[487, 93, 187, 495]], "hand_bbox_list": [{"left_hand": [641.2872924804688, 357.9223327636719, 35.522216796875, 50.284271240234375], "right_hand": [485.79669189453125, 358.4707946777344, 36.8623046875, 50.697540283203125]}]}