{"image_path": "/daintlab/home/rilab/github/frankmocap_notebooks/images/1X5A1788/scene_00000737.jpg", "body_bbox_list": [[488, 109, 170, 478]], "hand_bbox_list": [{"left_hand": [609.5656127929688, 191.09793090820312, 26.9383544921875, 42.295745849609375], "right_hand": [507.0341491699219, 185.8870849609375, 29.036895751953125, 42.74623107910156]}]}