{"image_path": "/daintlab/home/rilab/github/frankmocap_notebooks/images/1X5A1788/scene_00000560.jpg", "body_bbox_list": [[487, 156, 177, 429]], "hand_bbox_list": [{"left_hand": [611.2716064453125, 248.0389404296875, 33.20281982421875, 50.333709716796875], "right_hand": [514.214111328125, 248.99703979492188, 28.86297607421875, 44.768646240234375]}]}