{"image_path": "/daintlab/home/rilab/github/frankmocap_notebooks/images/1X5A1788/scene_00000169.jpg", "body_bbox_list": [[482, 219, 182, 368]], "hand_bbox_list": [{"left_hand": [607.435546875, 306.27374267578125, 34.36865234375, 45.536651611328125], "right_hand": [499.8019714355469, 311.7275085449219, 30.258636474609375, 44.37933349609375]}]}