{"image_path": "/daintlab/home/rilab/github/frankmocap_notebooks/images/1X5A1788/scene_00000597.jpg", "body_bbox_list": [[488, 103, 170, 485]], "hand_bbox_list": [{"left_hand": [610.2295532226562, 181.6554412841797, 30.0950927734375, 42.251983642578125], "right_hand": [498.4017333984375, 173.63735961914062, 34.41192626953125, 46.81001281738281]}]}