{"image_path": "/daintlab/home/rilab/github/frankmocap_notebooks/images/1X5A1788/scene_00000197.jpg", "body_bbox_list": [[482, 292, 182, 292]], "hand_bbox_list": [{"left_hand": [611.237060546875, 382.4623718261719, 32.88861083984375, 45.33465576171875], "right_hand": [503.7593078613281, 387.63897705078125, 31.486663818359375, 40.613128662109375]}]}