{"image_path": "/daintlab/home/rilab/github/frankmocap_notebooks/images/1X5A1788/scene_00000698.jpg", "body_bbox_list": [[482, 151, 182, 434]], "hand_bbox_list": [{"left_hand": [610.2927856445312, 245.3362579345703, 30.7401123046875, 42.73161315917969], "right_hand": [507.17559814453125, 240.93101501464844, 30.18792724609375, 39.95704650878906]}]}