{"image_path": "/daintlab/home/rilab/github/frankmocap_notebooks/images/1X5A1788/scene_00000864.jpg", "body_bbox_list": [[493, 93, 165, 495]], "hand_bbox_list": [{"left_hand": [613.4633178710938, 181.2174072265625, 26.94976806640625, 46.88236999511719], "right_hand": [512.699462890625, 176.55709838867188, 28.3564453125, 45.63230895996094]}]}