{"image_path": "/daintlab/home/rilab/github/frankmocap_notebooks/images/1X5A1788/scene_00000618.jpg", "body_bbox_list": [[488, 172, 170, 412]], "hand_bbox_list": [{"left_hand": [606.8209838867188, 257.7538146972656, 30.06396484375, 40.19842529296875], "right_hand": [504.5933837890625, 251.13885498046875, 27.18017578125, 43.23974609375]}]}