{"image_path": "/daintlab/home/rilab/github/frankmocap_notebooks/images/1X5A1788/scene_00000726.jpg", "body_bbox_list": [[493, 93, 165, 495]], "hand_bbox_list": [{"left_hand": [611.6961669921875, 169.43577575683594, 27.45477294921875, 44.65814208984375], "right_hand": [513.2508544921875, 165.79269409179688, 27.1436767578125, 45.177825927734375]}]}