{"image_path": "/daintlab/home/rilab/github/frankmocap_notebooks/images/1X5A1788/scene_00000809.jpg", "body_bbox_list": [[482, 282, 177, 302]], "hand_bbox_list": [{"left_hand": [596.8952026367188, 370.8852233886719, 34.1151123046875, 51.7198486328125], "right_hand": [508.2668151855469, 377.5098876953125, 27.813385009765625, 44.152740478515625]}]}