{"image_path": "/daintlab/home/rilab/github/frankmocap_notebooks/images/1X5A1788/scene_00000616.jpg", "body_bbox_list": [[482, 166, 177, 419]], "hand_bbox_list": [{"left_hand": [608.8919677734375, 247.38438415527344, 29.95635986328125, 40.03904724121094], "right_hand": [503.9903564453125, 239.76724243164062, 27.830810546875, 45.039276123046875]}]}