{"image_path": "/daintlab/home/rilab/github/frankmocap_notebooks/images/1X5A1788/scene_00000821.jpg", "body_bbox_list": [[482, 255, 177, 331]], "hand_bbox_list": [{"left_hand": [602.277099609375, 345.0153503417969, 33.5421142578125, 51.628021240234375], "right_hand": [508.7954406738281, 351.4871826171875, 29.314300537109375, 39.986419677734375]}]}