{"image_path": "/daintlab/home/rilab/github/frankmocap_notebooks/images/1X5A1788/scene_00000053.jpg", "body_bbox_list": [[487, 93, 187, 495]], "hand_bbox_list": [{"left_hand": [644.4474487304688, 358.992431640625, 34.36431884765625, 48.9786376953125], "right_hand": [484.49249267578125, 358.9806823730469, 35.19232177734375, 49.0650634765625]}]}