{"image_path": "/daintlab/home/rilab/github/frankmocap_notebooks/images/1X5A1788/scene_00000030.jpg", "body_bbox_list": [[465, 88, 226, 500]], "hand_bbox_list": [{"left_hand": [653.7114868164062, 327.616455078125, 38.7467041015625, 51.533660888671875], "right_hand": [464.3203125, 335.8537292480469, 35.187652587890625, 50.897125244140625]}]}