{"image_path": "/daintlab/home/rilab/github/frankmocap_notebooks/images/1X5A1788/scene_00000393.jpg", "body_bbox_list": [[482, 234, 182, 353]], "hand_bbox_list": [{"left_hand": [605.0607299804688, 324.80145263671875, 34.2691650390625, 47.7197265625], "right_hand": [507.0015869140625, 316.8241882324219, 28.88134765625, 45.75244140625]}]}