{"image_path": "/daintlab/home/rilab/github/frankmocap_notebooks/images/1X5A1788/scene_00000780.jpg", "body_bbox_list": [[482, 235, 177, 346]], "hand_bbox_list": [{"left_hand": [603.2798461914062, 329.2611083984375, 29.5146484375, 48.791961669921875], "right_hand": [507.21368408203125, 333.50079345703125, 29.39202880859375, 39.63104248046875]}]}