{"image_path": "/daintlab/home/rilab/github/frankmocap_notebooks/images/1X5A1788/scene_00000320.jpg", "body_bbox_list": [[487, 124, 177, 463]], "hand_bbox_list": [{"left_hand": [611.8782958984375, 210.20379638671875, 31.36846923828125, 43.548553466796875], "right_hand": [507.1608581542969, 205.0493927001953, 30.417083740234375, 46.95671081542969]}]}