{"image_path": "/daintlab/home/rilab/github/frankmocap_notebooks/images/1X5A1788/scene_00000817.jpg", "body_bbox_list": [[488, 266, 170, 319]], "hand_bbox_list": [{"left_hand": [603.8214721679688, 355.7418518066406, 30.14178466796875, 49.056365966796875], "right_hand": [510.9043273925781, 357.87176513671875, 28.507415771484375, 43.53240966796875]}]}