{"image_path": "/daintlab/home/rilab/github/frankmocap_notebooks/images/1X5A1788/scene_00000648.jpg", "body_bbox_list": [[488, 292, 170, 292]], "hand_bbox_list": [{"left_hand": [608.006591796875, 376.1116638183594, 31.273681640625, 39.264251708984375], "right_hand": [507.146728515625, 373.5008850097656, 30.04425048828125, 39.838958740234375]}]}