{"image_path": "/daintlab/home/rilab/github/frankmocap_notebooks/images/1X5A1788/scene_00000063.jpg", "body_bbox_list": [[487, 93, 187, 495]], "hand_bbox_list": [{"left_hand": [641.2927856445312, 356.3085632324219, 35.80267333984375, 50.902099609375], "right_hand": [486.015869140625, 357.3913269042969, 37.25, 51.073486328125]}]}