{"image_path": "/daintlab/home/rilab/github/frankmocap_notebooks/images/1X5A1788/scene_00000841.jpg", "body_bbox_list": [[482, 193, 182, 390]], "hand_bbox_list": [{"left_hand": [607.081298828125, 283.2305908203125, 32.902587890625, 47.83294677734375], "right_hand": [512.6904296875, 282.1400451660156, 28.22076416015625, 44.09637451171875]}]}