{"image_path": "/daintlab/home/rilab/github/frankmocap_notebooks/images/1X5A1788/scene_00000846.jpg", "body_bbox_list": [[482, 172, 177, 412]], "hand_bbox_list": [{"left_hand": [607.8842163085938, 268.9253845214844, 29.14080810546875, 47.349212646484375], "right_hand": [512.9589233398438, 266.20074462890625, 27.718505859375, 45.76239013671875]}]}