{"image_path": "/daintlab/home/rilab/github/frankmocap_notebooks/images/1X5A1788/scene_00000332.jpg", "body_bbox_list": [[488, 156, 170, 429]], "hand_bbox_list": [{"left_hand": [604.9563598632812, 242.34349060058594, 33.1937255859375, 46.38621520996094], "right_hand": [503.2445373535156, 239.8808135986328, 30.995269775390625, 44.30641174316406]}]}