{"image_path": "/daintlab/home/rilab/github/frankmocap_notebooks/images/1X5A1788/scene_00000101.jpg", "body_bbox_list": [[493, 98, 165, 490]], "hand_bbox_list": [{"left_hand": [617.5941772460938, 156.19573974609375, 32.6634521484375, 37.71354675292969], "right_hand": [489.0006103515625, 159.2935028076172, 34.59625244140625, 38.067535400390625]}]}