{"image_path": "/daintlab/home/rilab/github/frankmocap_notebooks/images/1X5A1788/scene_00000722.jpg", "body_bbox_list": [[493, 98, 165, 490]], "hand_bbox_list": [{"left_hand": [612.3008422851562, 168.3082275390625, 27.37615966796875, 45.27583312988281], "right_hand": [511.4993896484375, 168.49697875976562, 27.85986328125, 44.37123107910156]}]}