{"image_path": "/daintlab/home/rilab/github/frankmocap_notebooks/images/1X5A1788/scene_00000361.jpg", "body_bbox_list": [[482, 255, 177, 331]], "hand_bbox_list": [{"left_hand": [603.9715576171875, 341.5152282714844, 31.7569580078125, 43.159698486328125], "right_hand": [503.3079833984375, 332.2892150878906, 32.6422119140625, 47.908721923828125]}]}