{"image_path": "/daintlab/home/rilab/github/frankmocap_notebooks/images/1X5A1788/scene_00000724.jpg", "body_bbox_list": [[493, 93, 165, 495]], "hand_bbox_list": [{"left_hand": [612.1778564453125, 168.36497497558594, 26.75555419921875, 45.299224853515625], "right_hand": [513.2617797851562, 166.0222930908203, 27.2774658203125, 45.50117492675781]}]}