{"image_path": "/daintlab/home/rilab/github/frankmocap_notebooks/images/1X5A1788/scene_00000694.jpg", "body_bbox_list": [[482, 166, 177, 419]], "hand_bbox_list": [{"left_hand": [610.1011962890625, 258.2871398925781, 31.01007080078125, 40.3035888671875], "right_hand": [508.0746154785156, 254.77548217773438, 29.893157958984375, 39.7894287109375]}]}