{"image_path": "/daintlab/home/rilab/github/frankmocap_notebooks/images/1X5A1788/scene_00000021.jpg", "body_bbox_list": [[487, 98, 187, 490]], "hand_bbox_list": [{"left_hand": [639.4180908203125, 361.3469543457031, 36.2899169921875, 50.90069580078125], "right_hand": [485.02093505859375, 360.1350402832031, 34.745361328125, 49.030975341796875]}]}