{"image_path": "/daintlab/home/rilab/github/frankmocap_notebooks/images/1X5A1788/scene_00000796.jpg", "body_bbox_list": [[488, 292, 170, 292]], "hand_bbox_list": [{"left_hand": [600.5654296875, 377.7970886230469, 32.92303466796875, 48.940521240234375], "right_hand": [510.3689880371094, 384.37799072265625, 29.916168212890625, 38.78936767578125]}]}