{"image_path": "/daintlab/home/rilab/github/frankmocap_notebooks/images/1X5A1788/scene_00000762.jpg", "body_bbox_list": [[482, 161, 177, 424]], "hand_bbox_list": [{"left_hand": [607.6677856445312, 249.67568969726562, 32.16632080078125, 47.966552734375], "right_hand": [508.2856750488281, 250.62454223632812, 29.244720458984375, 41.285400390625]}]}