{"image_path": "/daintlab/home/rilab/github/frankmocap_notebooks/images/1X5A1788/scene_00000339.jpg", "body_bbox_list": [[487, 177, 177, 407]], "hand_bbox_list": [{"left_hand": [606.3018798828125, 262.2296142578125, 29.54925537109375, 45.974884033203125], "right_hand": [502.5852355957031, 259.974853515625, 31.291839599609375, 45.132354736328125]}]}