{"image_path": "/daintlab/home/rilab/github/frankmocap_notebooks/images/1X5A1788/scene_00000443.jpg", "body_bbox_list": [[493, 93, 160, 495]], "hand_bbox_list": [{"left_hand": [609.0540161132812, 163.9984130859375, 28.38446044921875, 50.77922058105469], "right_hand": [509.6789855957031, 160.05905151367188, 28.306365966796875, 48.46295166015625]}]}