{"image_path": "/daintlab/home/rilab/github/frankmocap_notebooks/images/1X5A1788/scene_00000249.jpg", "body_bbox_list": [[487, 182, 177, 407]], "hand_bbox_list": [{"left_hand": [609.976318359375, 257.144775390625, 33.2578125, 44.595947265625], "right_hand": [503.47802734375, 254.13018798828125, 33.4649658203125, 45.7808837890625]}]}