{"image_path": "/daintlab/home/rilab/github/frankmocap_notebooks/images/1X5A1788/scene_00000663.jpg", "body_bbox_list": [[482, 276, 177, 309]], "hand_bbox_list": [{"left_hand": [606.6381225585938, 371.68023681640625, 31.5040283203125, 38.92218017578125], "right_hand": [506.9907531738281, 367.7319030761719, 30.147125244140625, 38.486663818359375]}]}