{"image_path": "/daintlab/home/rilab/github/frankmocap_notebooks/images/1X5A1788/scene_00000125.jpg", "body_bbox_list": [[482, 114, 182, 473]], "hand_bbox_list": [{"left_hand": [615.6185913085938, 193.1930389404297, 29.93670654296875, 40.070556640625], "right_hand": [489.25592041015625, 195.70263671875, 33.3602294921875, 39.58583068847656]}]}