{"image_path": "/daintlab/home/rilab/github/frankmocap_notebooks/images/1X5A1788/scene_00000317.jpg", "body_bbox_list": [[493, 119, 170, 468]], "hand_bbox_list": [{"left_hand": [610.2369995117188, 200.72691345214844, 33.17718505859375, 46.20751953125], "right_hand": [506.16357421875, 195.3772430419922, 31.66741943359375, 48.0355224609375]}]}