{"image_path": "/daintlab/home/rilab/github/frankmocap_notebooks/images/1X5A1788/scene_00000092.jpg", "body_bbox_list": [[488, 98, 170, 490]], "hand_bbox_list": [{"left_hand": [621.10498046875, 176.3861846923828, 33.3643798828125, 35.265167236328125], "right_hand": [485.7127685546875, 181.86868286132812, 35.12298583984375, 36.219757080078125]}]}