{"image_path": "/daintlab/home/rilab/github/frankmocap_notebooks/images/1X5A1788/scene_00000295.jpg", "body_bbox_list": [[493, 93, 160, 495]], "hand_bbox_list": [{"left_hand": [607.591796875, 158.5928955078125, 33.29315185546875, 49.03022766113281], "right_hand": [507.6186218261719, 151.3714599609375, 27.744842529296875, 50.10429382324219]}]}