{"image_path": "/daintlab/home/rilab/github/frankmocap_notebooks/images/1X5A1788/scene_00000355.jpg", "body_bbox_list": [[483, 234, 170, 353]], "hand_bbox_list": [{"left_hand": [598.5663452148438, 316.5964660644531, 33.6297607421875, 48.04119873046875], "right_hand": null}]}