{"image_path": "/daintlab/home/rilab/github/frankmocap_notebooks/images/1X5A1788/scene_00000109.jpg", "body_bbox_list": [[488, 103, 170, 485]], "hand_bbox_list": [{"left_hand": [615.10009765625, 162.3199462890625, 32.79486083984375, 38.33406066894531], "right_hand": [487.24835205078125, 165.34457397460938, 35.0035400390625, 38.00935363769531]}]}