{"image_path": "/daintlab/home/rilab/github/frankmocap_notebooks/images/1X5A1788/scene_00000323.jpg", "body_bbox_list": [[487, 130, 177, 456]], "hand_bbox_list": [{"left_hand": [611.9315185546875, 217.45693969726562, 31.2490234375, 44.20428466796875], "right_hand": [506.8042907714844, 212.42929077148438, 30.806610107421875, 47.1064453125]}]}