{"image_path": "/daintlab/home/rilab/github/frankmocap_notebooks/images/1X5A1788/scene_00000312.jpg", "body_bbox_list": [[493, 109, 170, 478]], "hand_bbox_list": [{"left_hand": [613.6041259765625, 187.85324096679688, 29.76031494140625, 45.03355407714844], "right_hand": [505.9944152832031, 181.40127563476562, 31.891387939453125, 47.4678955078125]}]}