{"image_path": "/daintlab/home/rilab/github/frankmocap_notebooks/images/1X5A1788/scene_00000639.jpg", "body_bbox_list": [[482, 276, 177, 309]], "hand_bbox_list": [{"left_hand": [608.9788818359375, 362.2332458496094, 31.42852783203125, 37.3192138671875], "right_hand": [506.9188232421875, 355.2918701171875, 30.05706787109375, 39.512481689453125]}]}