{"image_path": "/daintlab/home/rilab/github/frankmocap_notebooks/images/1X5A1788/scene_00000225.jpg", "body_bbox_list": [[482, 234, 187, 353]], "hand_bbox_list": [{"left_hand": [607.8355712890625, 316.4073181152344, 34.76593017578125, 45.97064208984375], "right_hand": [503.1927795410156, 314.17645263671875, 33.727874755859375, 45.186553955078125]}]}