{"image_path": "/daintlab/home/rilab/github/frankmocap_notebooks/images/1X5A1788/scene_00000093.jpg", "body_bbox_list": [[487, 98, 177, 490]], "hand_bbox_list": [{"left_hand": [617.9410400390625, 171.93667602539062, 34.1517333984375, 34.926300048828125], "right_hand": [485.9624938964844, 179.05918884277344, 36.234161376953125, 36.055908203125]}]}