{"image_path": "/daintlab/home/rilab/github/frankmocap_notebooks/images/1X5A1788/scene_00000005.jpg", "body_bbox_list": [[487, 93, 182, 495]], "hand_bbox_list": [{"left_hand": [638.8917236328125, 359.7867126464844, 35.6014404296875, 50.82867431640625], "right_hand": [486.1596984863281, 359.11004638671875, 35.128936767578125, 49.112945556640625]}]}