{"image_path": "/daintlab/home/rilab/github/frankmocap_notebooks/images/1X5A1788/scene_00000535.jpg", "body_bbox_list": [[482, 240, 182, 346]], "hand_bbox_list": [{"left_hand": [604.7169189453125, 330.12060546875, 33.98431396484375, 48.352294921875], "right_hand": [507.4129333496094, 329.0321044921875, 28.074249267578125, 44.869903564453125]}]}