{"image_path": "/daintlab/home/rilab/github/frankmocap_notebooks/images/1X5A1788/scene_00000188.jpg", "body_bbox_list": [[488, 292, 170, 292]], "hand_bbox_list": [{"left_hand": [611.7570190429688, 384.3231506347656, 33.36322021484375, 44.98614501953125], "right_hand": [503.9852600097656, 387.2422180175781, 31.494842529296875, 40.881866455078125]}]}