{"image_path": "/daintlab/home/rilab/github/frankmocap_notebooks/images/1X5A1788/scene_00000353.jpg", "body_bbox_list": [[482, 229, 177, 358]], "hand_bbox_list": [{"left_hand": [599.2198486328125, 308.5889587402344, 33.14166259765625, 47.461151123046875], "right_hand": null}]}