{"image_path": "/daintlab/home/rilab/github/frankmocap_notebooks/images/1X5A1788/scene_00000836.jpg", "body_bbox_list": [[487, 208, 177, 375]], "hand_bbox_list": [{"left_hand": [607.5205688476562, 301.373779296875, 29.31524658203125, 48.059478759765625], "right_hand": [509.5518493652344, 304.0841979980469, 30.804351806640625, 39.464752197265625]}]}