{"image_path": "/daintlab/home/rilab/github/frankmocap_notebooks/images/1X5A1788/scene_00000637.jpg", "body_bbox_list": [[482, 271, 177, 314]], "hand_bbox_list": [{"left_hand": [606.7192993164062, 356.4234619140625, 31.64678955078125, 38.299713134765625], "right_hand": [506.2301025390625, 346.5734558105469, 30.11871337890625, 41.057586669921875]}]}