{"image_path": "/daintlab/home/rilab/github/frankmocap_notebooks/images/1X5A1788/scene_00000254.jpg", "body_bbox_list": [[488, 172, 170, 412]], "hand_bbox_list": [{"left_hand": [608.115478515625, 249.07192993164062, 32.0118408203125, 43.47900390625], "right_hand": [498.48626708984375, 244.05477905273438, 35.48052978515625, 47.29888916015625]}]}