{"image_path": "/daintlab/home/rilab/github/frankmocap_notebooks/images/1X5A1788/scene_00000673.jpg", "body_bbox_list": [[482, 234, 182, 353]], "hand_bbox_list": [{"left_hand": [611.6124877929688, 333.02606201171875, 30.9197998046875, 39.829437255859375], "right_hand": [511.0694274902344, 324.1400146484375, 28.880462646484375, 43.8397216796875]}]}