{"image_path": "/daintlab/home/rilab/github/frankmocap_notebooks/images/1X5A1788/scene_00000799.jpg", "body_bbox_list": [[488, 292, 170, 292]], "hand_bbox_list": [{"left_hand": [603.5275268554688, 378.31121826171875, 31.8311767578125, 48.790557861328125], "right_hand": [510.59393310546875, 384.38818359375, 30.0496826171875, 38.9127197265625]}]}