{"image_path": "/daintlab/home/rilab/github/frankmocap_notebooks/images/1X5A1788/scene_00000180.jpg", "body_bbox_list": [[482, 261, 182, 324]], "hand_bbox_list": [{"left_hand": [609.1349487304688, 346.0809326171875, 34.81500244140625, 46.387542724609375], "right_hand": [502.71527099609375, 351.5028991699219, 31.9835205078125, 43.2247314453125]}]}