{"image_path": "/daintlab/home/rilab/github/frankmocap_notebooks/images/1X5A1788/scene_00000154.jpg", "body_bbox_list": [[482, 171, 182, 419]], "hand_bbox_list": [{"left_hand": [608.49609375, 255.8413543701172, 32.03070068359375, 40.27375793457031], "right_hand": [495.0220642089844, 258.7413024902344, 30.653350830078125, 41.797607421875]}]}