{"image_path": "/daintlab/home/rilab/github/frankmocap_notebooks/images/1X5A1788/scene_00000541.jpg", "body_bbox_list": [[482, 219, 182, 368]], "hand_bbox_list": [{"left_hand": [607.0294799804688, 312.3600769042969, 29.69866943359375, 46.447601318359375], "right_hand": [510.0318298339844, 308.9824523925781, 27.856048583984375, 46.404541015625]}]}