{"image_path": "/daintlab/home/rilab/github/frankmocap_notebooks/images/1X5A1788/scene_00000176.jpg", "body_bbox_list": [[487, 250, 177, 336]], "hand_bbox_list": [{"left_hand": [606.7837524414062, 330.6459045410156, 34.05316162109375, 44.123077392578125], "right_hand": null}]}