{"image_path": "/daintlab/home/rilab/github/frankmocap_notebooks/images/1X5A1788/scene_00000407.jpg", "body_bbox_list": [[482, 177, 177, 407]], "hand_bbox_list": [{"left_hand": [605.6373901367188, 262.150634765625, 34.476318359375, 48.337646484375], "right_hand": [506.4678649902344, 261.45849609375, 28.256988525390625, 44.486663818359375]}]}