{"image_path": "/daintlab/home/rilab/github/frankmocap_notebooks/images/1X5A1788/scene_00000645.jpg", "body_bbox_list": [[488, 292, 170, 292]], "hand_bbox_list": [{"left_hand": [611.6690063476562, 377.5016784667969, 31.12762451171875, 39.5709228515625], "right_hand": [507.96478271484375, 372.8297424316406, 29.90948486328125, 40.69110107421875]}]}