{"image_path": "/daintlab/home/rilab/github/frankmocap_notebooks/images/1X5A1788/scene_00000128.jpg", "body_bbox_list": [[482, 124, 177, 463]], "hand_bbox_list": [{"left_hand": [614.510986328125, 197.86007690429688, 30.43402099609375, 40.9609375], "right_hand": [489.31707763671875, 198.5611572265625, 35.5645751953125, 43.39598083496094]}]}