{"image_path": "/daintlab/home/rilab/github/frankmocap_notebooks/images/1X5A1788/scene_00000146.jpg", "body_bbox_list": [[488, 151, 170, 434]], "hand_bbox_list": [{"left_hand": [610.6385498046875, 237.1503143310547, 31.373779296875, 39.52043151855469], "right_hand": [492.7853088378906, 232.66802978515625, 33.832733154296875, 45.35369873046875]}]}