{"image_path": "/daintlab/home/rilab/github/frankmocap_notebooks/images/1X5A1788/scene_00000294.jpg", "body_bbox_list": [[493, 93, 160, 495]], "hand_bbox_list": [{"left_hand": [607.5559692382812, 158.48849487304688, 33.3603515625, 49.10639953613281], "right_hand": [507.63568115234375, 151.66661071777344, 27.539306640625, 49.904388427734375]}]}