{"image_path": "/daintlab/home/rilab/github/frankmocap_notebooks/images/1X5A1788/scene_00000727.jpg", "body_bbox_list": [[493, 93, 165, 495]], "hand_bbox_list": [{"left_hand": [611.4937744140625, 169.83131408691406, 27.47357177734375, 44.83714294433594], "right_hand": [511.5275573730469, 166.6527862548828, 28.500640869140625, 44.59101867675781]}]}