{"image_path": "/daintlab/home/rilab/github/frankmocap_notebooks/images/1X5A1788/scene_00000759.jpg", "body_bbox_list": [[482, 151, 177, 434]], "hand_bbox_list": [{"left_hand": [607.116455078125, 243.38980102539062, 31.21893310546875, 45.32275390625], "right_hand": [506.46234130859375, 240.43310546875, 29.54541015625, 44.996826171875]}]}