{"image_path": "/daintlab/home/rilab/github/frankmocap_notebooks/images/1X5A1788/scene_00000302.jpg", "body_bbox_list": [[493, 93, 165, 495]], "hand_bbox_list": [{"left_hand": [611.06005859375, 160.6753387451172, 29.4583740234375, 47.782318115234375], "right_hand": [508.2867126464844, 156.4766845703125, 28.554412841796875, 48.16978454589844]}]}