{"image_path": "/daintlab/home/rilab/github/frankmocap_notebooks/images/1X5A1788/scene_00000693.jpg", "body_bbox_list": [[482, 166, 177, 419]], "hand_bbox_list": [{"left_hand": [610.3839111328125, 260.51934814453125, 30.84478759765625, 42.10272216796875], "right_hand": [507.8291931152344, 258.3333435058594, 30.277923583984375, 39.37811279296875]}]}