{"image_path": "/daintlab/home/rilab/github/frankmocap_notebooks/images/1X5A1788/scene_00000660.jpg", "body_bbox_list": [[482, 287, 182, 297]], "hand_bbox_list": [{"left_hand": [606.726318359375, 378.9715881347656, 31.66302490234375, 39.486053466796875], "right_hand": [507.0045166015625, 373.8651428222656, 30.26519775390625, 39.77618408203125]}]}