{"image_path": "/daintlab/home/rilab/github/frankmocap_notebooks/images/1X5A1788/scene_00000220.jpg", "body_bbox_list": [[482, 250, 182, 336]], "hand_bbox_list": [{"left_hand": [607.8422241210938, 333.27880859375, 33.931396484375, 46.516143798828125], "right_hand": [504.9793395996094, 331.23187255859375, 32.516754150390625, 45.833038330078125]}]}