{"image_path": "/daintlab/home/rilab/github/frankmocap_notebooks/images/1X5A1788/scene_00000184.jpg", "body_bbox_list": [[482, 276, 177, 309]], "hand_bbox_list": [{"left_hand": [613.0791625976562, 364.1133728027344, 30.19793701171875, 46.208282470703125], "right_hand": [503.12432861328125, 369.0032958984375, 31.69122314453125, 43.622711181640625]}]}