{"image_path": "/daintlab/home/rilab/github/frankmocap_notebooks/images/1X5A1788/scene_00000596.jpg", "body_bbox_list": [[493, 103, 165, 485]], "hand_bbox_list": [{"left_hand": [610.2537841796875, 178.5078582763672, 30.7286376953125, 42.54438781738281], "right_hand": [502.67950439453125, 168.50860595703125, 28.56427001953125, 46.250091552734375]}]}