{"image_path": "/daintlab/home/rilab/github/frankmocap_notebooks/images/1X5A1788/scene_00000702.jpg", "body_bbox_list": [[482, 140, 177, 446]], "hand_bbox_list": [{"left_hand": [607.1254272460938, 230.51336669921875, 27.49786376953125, 44.31561279296875], "right_hand": [506.10540771484375, 228.59657287597656, 29.67706298828125, 40.39183044433594]}]}