{"image_path": "/daintlab/home/rilab/github/frankmocap_notebooks/images/1X5A1788/scene_00000570.jpg", "body_bbox_list": [[493, 109, 170, 478]], "hand_bbox_list": [{"left_hand": [613.0224609375, 194.8957061767578, 28.12017822265625, 45.57328796386719], "right_hand": [515.6101684570312, 191.5688018798828, 27.1673583984375, 44.29826354980469]}]}