{"image_path": "/daintlab/home/rilab/github/frankmocap_notebooks/images/1X5A1788/scene_00000575.jpg", "body_bbox_list": [[493, 93, 160, 495]], "hand_bbox_list": [{"left_hand": [606.9214477539062, 160.77171325683594, 31.63336181640625, 47.24940490722656], "right_hand": [506.46673583984375, 158.30072021484375, 31.234130859375, 48.720703125]}]}