{"image_path": "/daintlab/home/rilab/github/frankmocap_notebooks/images/1X5A1788/scene_00000158.jpg", "body_bbox_list": [[482, 182, 182, 407]], "hand_bbox_list": [{"left_hand": [608.8203735351562, 265.6499938964844, 32.5797119140625, 40.006866455078125], "right_hand": null}]}