{"image_path": "/daintlab/home/rilab/github/frankmocap_notebooks/images/1X5A1788/scene_00000081.jpg", "body_bbox_list": [[488, 98, 170, 490]], "hand_bbox_list": [{"left_hand": [623.561767578125, 234.95094299316406, 35.111083984375, 43.94813537597656], "right_hand": [483.4106750488281, 237.82305908203125, 36.506988525390625, 44.08990478515625]}]}