{"image_path": "/daintlab/home/rilab/github/frankmocap_notebooks/images/1X5A1788/scene_00000137.jpg", "body_bbox_list": [[487, 130, 177, 456]], "hand_bbox_list": [{"left_hand": [611.1016845703125, 213.97509765625, 30.9835205078125, 40.73406982421875], "right_hand": [490.4891662597656, 212.88677978515625, 34.930694580078125, 43.232818603515625]}]}