{"image_path": "/daintlab/home/rilab/github/frankmocap_notebooks/images/1X5A1788/scene_00000017.jpg", "body_bbox_list": [[487, 98, 187, 490]], "hand_bbox_list": [{"left_hand": [638.9124145507812, 361.3036804199219, 36.53009033203125, 50.973236083984375], "right_hand": [485.7883605957031, 359.65972900390625, 34.848297119140625, 49.223419189453125]}]}