{"image_path": "/daintlab/home/rilab/github/frankmocap_notebooks/images/1X5A1788/scene_00000586.jpg", "body_bbox_list": [[493, 93, 160, 495]], "hand_bbox_list": [{"left_hand": [611.433349609375, 156.1465606689453, 28.53594970703125, 46.31561279296875], "right_hand": [504.9306335449219, 151.3251495361328, 25.612335205078125, 46.7659912109375]}]}