{"image_path": "/daintlab/home/rilab/github/frankmocap_notebooks/images/1X5A1788/scene_00000275.jpg", "body_bbox_list": [[483, 124, 170, 463]], "hand_bbox_list": [{"left_hand": [601.7900390625, 192.54811096191406, 29.7926025390625, 46.963592529296875], "right_hand": [493.3404846191406, 186.12313842773438, 35.004608154296875, 48.64952087402344]}]}