{"image_path": "/daintlab/home/rilab/github/frankmocap_notebooks/images/1X5A1788/scene_00000893.jpg", "body_bbox_list": [[487, 98, 182, 490]], "hand_bbox_list": [{"left_hand": [648.82763671875, 351.76165771484375, 23.73956298828125, 58.229278564453125], "right_hand": [488.6820373535156, 350.96875, 23.373748779296875, 58.286407470703125]}]}