{"image_path": "/daintlab/home/rilab/github/frankmocap_notebooks/images/1X5A1788/scene_00000057.jpg", "body_bbox_list": [[482, 93, 192, 495]], "hand_bbox_list": [{"left_hand": [641.5703735351562, 359.1260070800781, 34.98834228515625, 50.203948974609375], "right_hand": [483.74945068359375, 359.8318786621094, 36.01727294921875, 49.816253662109375]}]}