{"image_path": "/daintlab/home/rilab/github/frankmocap_notebooks/images/1X5A1788/scene_00000511.jpg", "body_bbox_list": [[488, 297, 170, 287]], "hand_bbox_list": [{"left_hand": [605.2462768554688, 385.43243408203125, 33.75494384765625, 49.338226318359375], "right_hand": [508.63714599609375, 387.2977294921875, 28.22772216796875, 44.418212890625]}]}