{"image_path": "/daintlab/home/rilab/github/frankmocap_notebooks/images/1X5A1788/scene_00000580.jpg", "body_bbox_list": [[493, 93, 160, 495]], "hand_bbox_list": [{"left_hand": [611.6849975585938, 152.09776306152344, 27.45849609375, 45.5745849609375], "right_hand": [505.79290771484375, 149.05941772460938, 26.48150634765625, 47.347442626953125]}]}