{"image_path": "/daintlab/home/rilab/github/frankmocap_notebooks/images/1X5A1788/scene_00000536.jpg", "body_bbox_list": [[482, 234, 182, 353]], "hand_bbox_list": [{"left_hand": [605.066650390625, 326.1449890136719, 33.52398681640625, 47.141448974609375], "right_hand": [507.0106506347656, 324.4726867675781, 29.924407958984375, 43.83380126953125]}]}