{"image_path": "/daintlab/home/rilab/github/frankmocap_notebooks/images/1X5A1788/scene_00000547.jpg", "body_bbox_list": [[482, 203, 187, 385]], "hand_bbox_list": [{"left_hand": [607.8535766601562, 290.4180908203125, 34.67962646484375, 49.61383056640625], "right_hand": [512.5809326171875, 290.72418212890625, 28.7154541015625, 45.584014892578125]}]}