{"image_path": "/daintlab/home/rilab/github/frankmocap_notebooks/images/1X5A1788/scene_00000193.jpg", "body_bbox_list": [[488, 292, 170, 292]], "hand_bbox_list": [{"left_hand": [610.8013305664062, 385.0213623046875, 33.8626708984375, 46.065460205078125], "right_hand": [503.8907165527344, 388.7107238769531, 31.844940185546875, 40.44219970703125]}]}