{"image_path": "/daintlab/home/rilab/github/frankmocap_notebooks/images/1X5A1788/scene_00000563.jpg", "body_bbox_list": [[492, 145, 177, 441]], "hand_bbox_list": [{"left_hand": [611.7239990234375, 234.34695434570312, 33.619384765625, 50.60479736328125], "right_hand": [516.7726440429688, 234.6004180908203, 27.69580078125, 45.63041687011719]}]}