{"image_path": "/daintlab/home/rilab/github/frankmocap_notebooks/images/1X5A1788/scene_00000306.jpg", "body_bbox_list": [[493, 103, 165, 485]], "hand_bbox_list": [{"left_hand": [610.9271850585938, 167.77882385253906, 28.8182373046875, 47.56932067871094], "right_hand": [506.51727294921875, 162.9988250732422, 29.28564453125, 48.480438232421875]}]}