{"image_path": "/daintlab/home/rilab/github/frankmocap_notebooks/images/1X5A1788/scene_00000463.jpg", "body_bbox_list": [[493, 114, 170, 473]], "hand_bbox_list": [{"left_hand": [609.30078125, 201.91156005859375, 33.33013916015625, 46.881317138671875], "right_hand": [508.9216003417969, 197.5921173095703, 28.982391357421875, 47.83587646484375]}]}