{"image_path": "/daintlab/home/rilab/github/frankmocap_notebooks/images/1X5A1788/scene_00000115.jpg", "body_bbox_list": [[493, 103, 165, 485]], "hand_bbox_list": [{"left_hand": [615.7127685546875, 174.4140167236328, 31.96185302734375, 39.040069580078125], "right_hand": [487.809814453125, 177.55496215820312, 34.54669189453125, 38.44920349121094]}]}