{"image_path": "/daintlab/home/rilab/github/frankmocap_notebooks/images/1X5A1788/scene_00000630.jpg", "body_bbox_list": [[482, 235, 177, 346]], "hand_bbox_list": [{"left_hand": [606.5789794921875, 326.2812194824219, 31.2291259765625, 38.46221923828125], "right_hand": [506.4668273925781, 316.3105163574219, 28.040863037109375, 43.82208251953125]}]}