{"image_path": "/daintlab/home/rilab/github/frankmocap_notebooks/images/1X5A1788/scene_00000273.jpg", "body_bbox_list": [[483, 130, 170, 456]], "hand_bbox_list": [{"left_hand": [603.7072143554688, 201.1644287109375, 29.10833740234375, 46.2479248046875], "right_hand": [497.2139587402344, 193.4049530029297, 29.058868408203125, 48.09211730957031]}]}