{"image_path": "/daintlab/home/rilab/github/frankmocap_notebooks/images/1X5A1788/scene_00000823.jpg", "body_bbox_list": [[482, 255, 177, 331]], "hand_bbox_list": [{"left_hand": [604.4086303710938, 343.623046875, 29.7135009765625, 49.378021240234375], "right_hand": [511.3636474609375, 345.4649963378906, 27.77825927734375, 43.362823486328125]}]}