{"image_path": "/daintlab/home/rilab/github/frankmocap_notebooks/images/1X5A1788/scene_00000039.jpg", "body_bbox_list": [[482, 93, 192, 495]], "hand_bbox_list": [{"left_hand": [646.2986450195312, 358.5799560546875, 34.95892333984375, 50.010467529296875], "right_hand": [481.4443359375, 360.0040283203125, 34.5096435546875, 49.301239013671875]}]}