{"image_path": "/daintlab/home/rilab/github/frankmocap_notebooks/images/1X5A1788/scene_00000423.jpg", "body_bbox_list": [[482, 130, 177, 456]], "hand_bbox_list": [{"left_hand": [604.6959838867188, 216.01068115234375, 32.8968505859375, 46.797760009765625], "right_hand": [501.95751953125, 211.16368103027344, 30.21026611328125, 45.34223937988281]}]}