{"image_path": "/daintlab/home/rilab/github/frankmocap_notebooks/images/1X5A1788/scene_00000691.jpg", "body_bbox_list": [[482, 172, 182, 412]], "hand_bbox_list": [{"left_hand": [611.0549926757812, 269.0135192871094, 30.99322509765625, 40.9908447265625], "right_hand": [507.6953125, 263.2828369140625, 29.83111572265625, 40.6947021484375]}]}