{"image_path": "/daintlab/home/rilab/github/frankmocap_notebooks/images/1X5A1788/scene_00000811.jpg", "body_bbox_list": [[482, 282, 177, 302]], "hand_bbox_list": [{"left_hand": [597.3373413085938, 368.67437744140625, 34.2445068359375, 50.232818603515625], "right_hand": [508.29473876953125, 372.0548095703125, 27.9088134765625, 43.93182373046875]}]}