{"image_path": "/daintlab/home/rilab/github/frankmocap_notebooks/images/1X5A1788/scene_00000831.jpg", "body_bbox_list": [[482, 229, 177, 358]], "hand_bbox_list": [{"left_hand": [607.1215209960938, 321.52337646484375, 28.41143798828125, 53.141448974609375], "right_hand": [509.0032653808594, 328.746337890625, 30.895355224609375, 38.567352294921875]}]}