{"image_path": "/daintlab/home/rilab/github/frankmocap_notebooks/images/1X5A1788/scene_00000260.jpg", "body_bbox_list": [[482, 161, 177, 424]], "hand_bbox_list": [{"left_hand": [606.7960815429688, 238.15472412109375, 32.691650390625, 45.687225341796875], "right_hand": [500.8219299316406, 236.10745239257812, 31.023712158203125, 44.35833740234375]}]}