{"image_path": "/daintlab/home/rilab/github/frankmocap_notebooks/images/1X5A1788/scene_00000812.jpg", "body_bbox_list": [[482, 276, 177, 309]], "hand_bbox_list": [{"left_hand": [597.787353515625, 365.1941223144531, 33.48779296875, 49.828216552734375], "right_hand": [507.8350830078125, 371.2218322753906, 29.41607666015625, 39.768035888671875]}]}