{"image_path": "/daintlab/home/rilab/github/frankmocap_notebooks/images/1X5A1788/scene_00000699.jpg", "body_bbox_list": [[482, 151, 177, 434]], "hand_bbox_list": [{"left_hand": [609.877685546875, 241.28761291503906, 30.26031494140625, 43.75196838378906], "right_hand": [505.3295593261719, 235.98159790039062, 30.729705810546875, 42.542236328125]}]}