{"image_path": "/daintlab/home/rilab/github/frankmocap_notebooks/images/1X5A1788/scene_00000900.jpg", "body_bbox_list": [[493, 98, 170, 490]], "hand_bbox_list": [{"left_hand": [637.9835205078125, 355.5193786621094, 24.03924560546875, 54.759735107421875], "right_hand": [496.940185546875, 356.3966064453125, 21.71160888671875, 54.28802490234375]}]}