{"image_path": "/daintlab/home/rilab/github/frankmocap_notebooks/images/1X5A1788/scene_00000130.jpg", "body_bbox_list": [[482, 124, 177, 463]], "hand_bbox_list": [{"left_hand": [614.4786376953125, 202.60218811035156, 30.12005615234375, 42.245208740234375], "right_hand": [489.17999267578125, 202.93359375, 35.29852294921875, 43.74928283691406]}]}