{"image_path": "/daintlab/home/rilab/github/frankmocap_notebooks/images/1X5A1788/scene_00000473.jpg", "body_bbox_list": [[487, 151, 177, 434]], "hand_bbox_list": [{"left_hand": [608.8091430664062, 243.5330810546875, 32.69384765625, 47.236602783203125], "right_hand": [506.47625732421875, 245.043701171875, 28.10382080078125, 45.169158935546875]}]}