{"image_path": "/daintlab/home/rilab/github/frankmocap_notebooks/images/1X5A1788/scene_00000674.jpg", "body_bbox_list": [[482, 234, 182, 353]], "hand_bbox_list": [{"left_hand": [611.52880859375, 328.5738525390625, 31.03350830078125, 40.986297607421875], "right_hand": [511.0258483886719, 319.59796142578125, 28.319671630859375, 44.03173828125]}]}