{"image_path": "/daintlab/home/rilab/github/frankmocap_notebooks/images/1X5A1788/scene_00000401.jpg", "body_bbox_list": [[482, 198, 182, 385]], "hand_bbox_list": [{"left_hand": [606.9921875, 284.9176940917969, 34.170654296875, 47.90631103515625], "right_hand": [506.84661865234375, 284.5625, 29.81280517578125, 41.713958740234375]}]}