{"image_path": "/daintlab/home/rilab/github/frankmocap_notebooks/images/1X5A1788/scene_00000159.jpg", "body_bbox_list": [[482, 187, 182, 402]], "hand_bbox_list": [{"left_hand": [610.813720703125, 269.4869384765625, 31.45965576171875, 41.917083740234375], "right_hand": [496.7347106933594, 273.5349426269531, 31.155853271484375, 40.034637451171875]}]}