{"image_path": "/daintlab/home/rilab/github/frankmocap_notebooks/images/1X5A1788/scene_00000793.jpg", "body_bbox_list": [[482, 292, 177, 292]], "hand_bbox_list": [{"left_hand": [598.271484375, 375.3282470703125, 33.6461181640625, 50.418212890625], "right_hand": [508.03826904296875, 383.5990295410156, 29.45941162109375, 39.08905029296875]}]}