{"image_path": "/daintlab/home/rilab/github/frankmocap_notebooks/images/1X5A1788/scene_00000453.jpg", "body_bbox_list": [[488, 93, 165, 495]], "hand_bbox_list": [{"left_hand": [608.0222778320312, 165.64698791503906, 27.249267578125, 49.322418212890625], "right_hand": [508.3437805175781, 160.64334106445312, 28.318511962890625, 48.71211242675781]}]}