{"image_path": "/daintlab/home/rilab/github/frankmocap_notebooks/images/1X5A1788/scene_00000397.jpg", "body_bbox_list": [[482, 213, 182, 375]], "hand_bbox_list": [{"left_hand": [605.3194580078125, 303.6998291015625, 34.70111083984375, 48.826141357421875], "right_hand": [507.4188537597656, 298.8149108886719, 28.179351806640625, 44.9342041015625]}]}