{"image_path": "/daintlab/home/rilab/github/frankmocap_notebooks/images/1X5A1788/scene_00000567.jpg", "body_bbox_list": [[498, 124, 170, 463]], "hand_bbox_list": [{"left_hand": [614.364013671875, 215.61859130859375, 28.47320556640625, 47.867279052734375], "right_hand": [518.11181640625, 212.32861328125, 27.59857177734375, 45.9442138671875]}]}