{"image_path": "/daintlab/home/rilab/github/frankmocap_notebooks/images/1X5A1788/scene_00000622.jpg", "body_bbox_list": [[482, 193, 177, 390]], "hand_bbox_list": [{"left_hand": [606.6472778320312, 279.1261291503906, 30.13214111328125, 39.164581298828125], "right_hand": [504.229248046875, 271.2626953125, 28.73193359375, 43.144622802734375]}]}