{"image_path": "/daintlab/home/rilab/github/frankmocap_notebooks/images/1X5A1788/scene_00000608.jpg", "body_bbox_list": [[483, 130, 170, 456]], "hand_bbox_list": [{"left_hand": [609.1171875, 213.60841369628906, 29.7691650390625, 41.64698791503906], "right_hand": [500.3000183105469, 208.9874725341797, 30.259979248046875, 43.04100036621094]}]}