{"image_path": "/daintlab/home/rilab/github/frankmocap_notebooks/images/1X5A1788/scene_00000839.jpg", "body_bbox_list": [[487, 198, 177, 385]], "hand_bbox_list": [{"left_hand": [608.4915161132812, 289.628173828125, 29.77386474609375, 48.62017822265625], "right_hand": [513.3098754882812, 291.4040222167969, 28.93231201171875, 43.071441650390625]}]}