{"image_path": "/daintlab/home/rilab/github/frankmocap_notebooks/images/1X5A1788/scene_00000259.jpg", "body_bbox_list": [[482, 166, 177, 419]], "hand_bbox_list": [{"left_hand": [607.4754638671875, 242.14205932617188, 32.37872314453125, 44.913848876953125], "right_hand": [498.0240478515625, 237.4366912841797, 35.2222900390625, 45.96913146972656]}]}