{"image_path": "/daintlab/home/rilab/github/frankmocap_notebooks/images/1X5A1788/scene_00000892.jpg", "body_bbox_list": [[487, 103, 182, 485]], "hand_bbox_list": [{"left_hand": [649.0215454101562, 349.9295654296875, 24.30218505859375, 59.358062744140625], "right_hand": [489.1180114746094, 348.5289001464844, 23.051544189453125, 59.45013427734375]}]}