{"image_path": "/daintlab/home/rilab/github/frankmocap_notebooks/images/1X5A1788/scene_00000686.jpg", "body_bbox_list": [[482, 187, 182, 397]], "hand_bbox_list": [{"left_hand": [612.0521850585938, 283.5174560546875, 29.95751953125, 41.469329833984375], "right_hand": [507.1607971191406, 277.6496276855469, 30.252166748046875, 40.145599365234375]}]}