{"image_path": "/daintlab/home/rilab/github/frankmocap_notebooks/images/1X5A1788/scene_00000550.jpg", "body_bbox_list": [[482, 193, 182, 390]], "hand_bbox_list": [{"left_hand": [613.5728149414062, 282.70184326171875, 28.85955810546875, 47.0506591796875], "right_hand": [514.0413208007812, 281.9999694824219, 28.19586181640625, 46.198822021484375]}]}