{"image_path": "/daintlab/home/rilab/github/frankmocap_notebooks/images/1X5A1788/scene_00000245.jpg", "body_bbox_list": [[487, 187, 177, 397]], "hand_bbox_list": [{"left_hand": [611.8741455078125, 263.51300048828125, 32.01019287109375, 42.716827392578125], "right_hand": null}]}