{"image_path": "/daintlab/home/rilab/github/frankmocap_notebooks/images/1X5A1788/scene_00000729.jpg", "body_bbox_list": [[493, 98, 165, 490]], "hand_bbox_list": [{"left_hand": [609.9795532226562, 171.99624633789062, 25.9034423828125, 44.7152099609375], "right_hand": [508.8584899902344, 166.82852172851562, 32.317474365234375, 46.00767517089844]}]}