{"image_path": "/daintlab/home/rilab/github/frankmocap_notebooks/images/1X5A1788/scene_00000278.jpg", "body_bbox_list": [[483, 109, 170, 478]], "hand_bbox_list": [{"left_hand": [604.2906494140625, 180.75485229492188, 29.31640625, 48.82075500488281], "right_hand": [499.7449035644531, 175.5020751953125, 28.366851806640625, 49.05024719238281]}]}