{"image_path": "/daintlab/home/rilab/github/frankmocap_notebooks/images/1X5A1788/scene_00000749.jpg", "body_bbox_list": [[482, 130, 177, 456]], "hand_bbox_list": [{"left_hand": [610.9379272460938, 222.89035034179688, 28.7105712890625, 42.75628662109375], "right_hand": [509.6566467285156, 215.1891326904297, 27.556182861328125, 45.68589782714844]}]}