{"image_path": "/daintlab/home/rilab/github/frankmocap_notebooks/images/1X5A1788/scene_00000620.jpg", "body_bbox_list": [[482, 182, 177, 402]], "hand_bbox_list": [{"left_hand": [606.314208984375, 269.1518249511719, 30.18133544921875, 39.995513916015625], "right_hand": [502.6429138183594, 262.6463317871094, 30.506988525390625, 41.128173828125]}]}