{"image_path": "/daintlab/home/rilab/github/frankmocap_notebooks/images/1X5A1788/scene_00000891.jpg", "body_bbox_list": [[487, 103, 182, 485]], "hand_bbox_list": [{"left_hand": [648.5723876953125, 347.8520812988281, 24.7984619140625, 58.530120849609375], "right_hand": [488.75164794921875, 345.0354919433594, 26.76580810546875, 61.352081298828125]}]}