{"image_path": "/daintlab/home/rilab/github/frankmocap_notebooks/images/1X5A1788/scene_00000189.jpg", "body_bbox_list": [[488, 292, 170, 292]], "hand_bbox_list": [{"left_hand": [611.3073120117188, 385.8321533203125, 33.65167236328125, 46.0794677734375], "right_hand": [505.3651123046875, 389.05743408203125, 31.5679931640625, 39.85125732421875]}]}