{"image_path": "/daintlab/home/rilab/github/frankmocap_notebooks/images/1X5A1788/scene_00000844.jpg", "body_bbox_list": [[482, 187, 177, 397]], "hand_bbox_list": [{"left_hand": [608.1183471679688, 274.4104919433594, 28.6346435546875, 48.545257568359375], "right_hand": [509.8294982910156, 276.73626708984375, 30.572113037109375, 40.3739013671875]}]}