{"image_path": "/daintlab/home/rilab/github/frankmocap_notebooks/images/1X5A1788/scene_00000202.jpg", "body_bbox_list": [[482, 287, 182, 297]], "hand_bbox_list": [{"left_hand": [611.9896850585938, 377.0740051269531, 31.087158203125, 47.620147705078125], "right_hand": [504.0849914550781, 381.5486755371094, 31.689666748046875, 41.471923828125]}]}