{"image_path": "/daintlab/home/rilab/github/frankmocap_notebooks/images/1X5A1788/scene_00000513.jpg", "body_bbox_list": [[482, 297, 177, 287]], "hand_bbox_list": [{"left_hand": [604.4754028320312, 385.25592041015625, 34.0228271484375, 48.878082275390625], "right_hand": [508.3766784667969, 387.03765869140625, 28.283050537109375, 44.50994873046875]}]}