{"image_path": "/daintlab/home/rilab/github/frankmocap_notebooks/images/1X5A1788/scene_00000121.jpg", "body_bbox_list": [[488, 109, 170, 478]], "hand_bbox_list": [{"left_hand": [616.7334594726562, 184.9279022216797, 30.4156494140625, 40.367828369140625], "right_hand": [488.9285888671875, 186.7961883544922, 36.043212890625, 40.93644714355469]}]}