{"image_path": "/daintlab/home/rilab/github/frankmocap_notebooks/images/1X5A1788/scene_00000233.jpg", "body_bbox_list": [[482, 213, 182, 375]], "hand_bbox_list": [{"left_hand": [611.4343872070312, 288.2200927734375, 32.325439453125, 43.347808837890625], "right_hand": [503.8923645019531, 285.73895263671875, 32.791534423828125, 45.192596435546875]}]}