{"image_path": "/daintlab/home/rilab/github/frankmocap_notebooks/images/1X5A1788/scene_00000767.jpg", "body_bbox_list": [[487, 177, 177, 407]], "hand_bbox_list": [{"left_hand": [607.4667358398438, 265.9537048339844, 29.32220458984375, 49.856048583984375], "right_hand": [507.81890869140625, 268.9854431152344, 28.868896484375, 41.475067138671875]}]}