{"image_path": "/daintlab/home/rilab/github/frankmocap_notebooks/images/1X5A1788/scene_00000677.jpg", "body_bbox_list": [[482, 214, 177, 368]], "hand_bbox_list": [{"left_hand": [609.8563842773438, 312.1373596191406, 30.798095703125, 41.97039794921875], "right_hand": [507.3834533691406, 306.49078369140625, 29.886810302734375, 40.60333251953125]}]}