{"image_path": "/daintlab/home/rilab/github/frankmocap_notebooks/images/1X5A1788/scene_00000712.jpg", "body_bbox_list": [[493, 103, 165, 485]], "hand_bbox_list": [{"left_hand": [611.4528198242188, 187.44976806640625, 27.3338623046875, 43.27510070800781], "right_hand": [508.4549255371094, 182.5472869873047, 28.911712646484375, 42.217437744140625]}]}