{"image_path": "/daintlab/home/rilab/github/frankmocap_notebooks/images/1X5A1789/scene_00000040.jpg", "body_bbox_list": [[462, 98, 192, 490]], "hand_bbox_list": [{"left_hand": [630.690185546875, 357.4320983886719, 27.98126220703125, 46.010009765625], "right_hand": [464.76251220703125, 358.2104187011719, 28.916015625, 46.444915771484375]}]}