{"image_path": "/daintlab/home/rilab/github/frankmocap_notebooks/images/1X5A1789/scene_00000609.jpg", "body_bbox_list": [[468, 276, 165, 309]], "hand_bbox_list": [{"left_hand": [585.3923950195312, 377.3620910644531, 29.886474609375, 38.80755615234375], "right_hand": [472.8283996582031, 378.91802978515625, 27.7255859375, 35.203857421875]}]}