{"image_path": "/daintlab/home/rilab/github/frankmocap_notebooks/images/1X5A1789/scene_00000806.jpg", "body_bbox_list": [[473, 93, 155, 490]], "hand_bbox_list": [{"left_hand": [596.4132080078125, 155.7888946533203, 23.13299560546875, 46.425323486328125], "right_hand": [478.3258972167969, 157.48226928710938, 25.860260009765625, 45.22776794433594]}]}