{"image_path": "/daintlab/home/rilab/github/frankmocap_notebooks/images/1X5A1789/scene_00000153.jpg", "body_bbox_list": [[462, 292, 177, 292]], "hand_bbox_list": [{"left_hand": [596.3196411132812, 365.2862854003906, 27.8094482421875, 42.046875], "right_hand": [468.23101806640625, 373.9704895019531, 25.845672607421875, 40.294525146484375]}]}