{"image_path": "/daintlab/home/rilab/github/frankmocap_notebooks/images/1X5A1789/scene_00000501.jpg", "body_bbox_list": [[473, 93, 160, 495]], "hand_bbox_list": [{"left_hand": [603.5679321289062, 174.1070098876953, 23.25750732421875, 47.66221618652344], "right_hand": [478.7862243652344, 175.74098205566406, 24.24261474609375, 41.67164611816406]}]}