{"image_path": "/daintlab/home/rilab/github/frankmocap_notebooks/images/1X5A1789/scene_00000439.jpg", "body_bbox_list": [[473, 298, 165, 280]], "hand_bbox_list": [{"left_hand": [592.0379638671875, 389.74212646484375, 29.37322998046875, 36.989044189453125], "right_hand": [477.06390380859375, 383.6275939941406, 26.48236083984375, 40.657745361328125]}]}