{"image_path": "/daintlab/home/rilab/github/frankmocap_notebooks/images/1X5A1789/scene_00000114.jpg", "body_bbox_list": [[468, 124, 165, 463]], "hand_bbox_list": [{"left_hand": [600.4448852539062, 195.19488525390625, 24.52581787109375, 40.13713073730469], "right_hand": [468.2886657714844, 194.88031005859375, 26.117828369140625, 42.56141662597656]}]}