{"image_path": "/daintlab/home/rilab/github/frankmocap_notebooks/images/1X5A1789/scene_00000830.jpg", "body_bbox_list": [[462, 98, 187, 490]], "hand_bbox_list": [{"left_hand": [633.7339477539062, 337.9245910644531, 20.91510009765625, 57.463165283203125], "right_hand": [471.55072021484375, 334.42840576171875, 19.198455810546875, 59.0289306640625]}]}