{"image_path": "/daintlab/home/rilab/github/frankmocap_notebooks/images/1X5A1789/scene_00000686.jpg", "body_bbox_list": [[473, 109, 160, 473]], "hand_bbox_list": [{"left_hand": [599.2353515625, 202.0333709716797, 23.25384521484375, 42.72682189941406], "right_hand": [481.2744140625, 199.699462890625, 24.32476806640625, 42.24385070800781]}]}