{"image_path": "/daintlab/home/rilab/github/frankmocap_notebooks/images/1X5A1789/scene_00000459.jpg", "body_bbox_list": [[473, 276, 165, 309]], "hand_bbox_list": [{"left_hand": [592.2970581054688, 369.7420349121094, 28.68084716796875, 38.43353271484375], "right_hand": [474.5494384765625, 363.19580078125, 27.6531982421875, 40.865966796875]}]}