{"image_path": "/daintlab/home/rilab/github/frankmocap_notebooks/images/1X5A1789/scene_00000851.jpg", "body_bbox_list": [[467, 98, 182, 490]], "hand_bbox_list": [{"left_hand": [625.4629516601562, 360.3182373046875, 31.4375, 38.250885009765625], "right_hand": [470.05450439453125, 356.78277587890625, 30.08319091796875, 54.1246337890625]}]}