{"image_path": "/daintlab/home/rilab/github/frankmocap_notebooks/images/1X5A1789/scene_00000359.jpg", "body_bbox_list": [[473, 93, 160, 495]], "hand_bbox_list": [{"left_hand": [594.790771484375, 172.71031188964844, 25.05548095703125, 42.97877502441406], "right_hand": [476.0256652832031, 170.7821044921875, 24.88897705078125, 41.936920166015625]}]}