{"image_path": "/daintlab/home/rilab/github/frankmocap_notebooks/images/1X5A1789/scene_00000685.jpg", "body_bbox_list": [[473, 109, 160, 473]], "hand_bbox_list": [{"left_hand": [599.8302001953125, 197.7097930908203, 22.50994873046875, 42.813751220703125], "right_hand": [481.5860595703125, 197.36798095703125, 24.55340576171875, 41.24916076660156]}]}