{"image_path": "/daintlab/home/rilab/github/frankmocap_notebooks/images/1X5A1789/scene_00000410.jpg", "body_bbox_list": [[473, 193, 165, 390]], "hand_bbox_list": [{"left_hand": [602.06982421875, 276.1097717285156, 24.597900390625, 41.7994384765625], "right_hand": [478.58294677734375, 280.3177490234375, 24.616302490234375, 40.414642333984375]}]}