{"image_path": "/daintlab/home/rilab/github/frankmocap_notebooks/images/1X5A1789/scene_00000073.jpg", "body_bbox_list": [[468, 98, 170, 485]], "hand_bbox_list": [{"left_hand": [610.9443359375, 230.00555419921875, 24.24365234375, 41.2247314453125], "right_hand": [469.61572265625, 235.4553985595703, 30.230743408203125, 40.72041320800781]}]}