{"image_path": "/daintlab/home/rilab/github/frankmocap_notebooks/images/1X5A1789/scene_00000018.jpg", "body_bbox_list": [[462, 93, 192, 495]], "hand_bbox_list": [{"left_hand": [631.4510498046875, 359.0481262207031, 31.592529296875, 38.63787841796875], "right_hand": [459.9422302246094, 358.86199951171875, 33.6376953125, 40.433258056640625]}]}