{"image_path": "/daintlab/home/rilab/github/frankmocap_notebooks/images/1X5A1789/scene_00000091.jpg", "body_bbox_list": [[473, 103, 165, 485]], "hand_bbox_list": [{"left_hand": [609.892822265625, 153.4557342529297, 25.33551025390625, 41.30638122558594], "right_hand": [468.88604736328125, 157.4368133544922, 26.394073486328125, 45.86244201660156]}]}