{"image_path": "/daintlab/home/rilab/github/frankmocap_notebooks/images/1X5A1789/scene_00000846.jpg", "body_bbox_list": [[467, 98, 177, 490]], "hand_bbox_list": [{"left_hand": [630.69384765625, 358.3533020019531, 17.71429443359375, 57.012542724609375], "right_hand": [472.82781982421875, 356.85809326171875, 22.052520751953125, 56.43646240234375]}]}