{"image_path": "/daintlab/home/rilab/github/frankmocap_notebooks/images/1X5A1789/scene_00000567.jpg", "body_bbox_list": [[468, 250, 160, 336]], "hand_bbox_list": [{"left_hand": [590.3094482421875, 349.101318359375, 28.8885498046875, 36.92425537109375], "right_hand": [470.9104919433594, 353.70166015625, 27.680389404296875, 36.243194580078125]}]}