{"image_path": "/daintlab/home/rilab/github/frankmocap_notebooks/images/1X5A1789/scene_00000103.jpg", "body_bbox_list": [[473, 104, 160, 478]], "hand_bbox_list": [{"left_hand": [607.4235229492188, 164.3315887451172, 24.20684814453125, 41.14857482910156], "right_hand": [468.7935791015625, 166.81407165527344, 26.325347900390625, 43.09489440917969]}]}