{"image_path": "/daintlab/home/rilab/github/frankmocap_notebooks/images/1X5A1789/scene_00000633.jpg", "body_bbox_list": [[468, 187, 170, 402]], "hand_bbox_list": [{"left_hand": [596.0709228515625, 282.2580261230469, 26.94384765625, 43.712127685546875], "right_hand": null}]}