{"image_path": "/daintlab/home/rilab/github/frankmocap_notebooks/images/1X5A1789/scene_00000852.jpg", "body_bbox_list": [[467, 93, 187, 495]], "hand_bbox_list": [{"left_hand": [625.6292724609375, 360.47906494140625, 31.8623046875, 37.95703125], "right_hand": [470.70135498046875, 359.11517333984375, 28.060943603515625, 48.41766357421875]}]}