{"image_path": "/daintlab/home/rilab/github/frankmocap_notebooks/images/1X5A1789/scene_00000284.jpg", "body_bbox_list": [[468, 276, 170, 309]], "hand_bbox_list": [{"left_hand": [591.7283325195312, 356.994384765625, 28.85589599609375, 39.89849853515625], "right_hand": [471.4449768066406, 357.5621032714844, 24.4371337890625, 40.29486083984375]}]}