{"image_path": "/daintlab/home/rilab/github/frankmocap_notebooks/images/1X5A1789/scene_00000246.jpg", "body_bbox_list": [[468, 109, 160, 478]], "hand_bbox_list": [{"left_hand": [595.3120727539062, 189.75753784179688, 24.17376708984375, 44.07234191894531], "right_hand": [472.4217529296875, 194.6732177734375, 24.3697509765625, 39.921112060546875]}]}