{"image_path": "/daintlab/home/rilab/github/frankmocap_notebooks/images/1X5A1789/scene_00000350.jpg", "body_bbox_list": [[468, 114, 170, 478]], "hand_bbox_list": [{"left_hand": [594.7405395507812, 201.294189453125, 25.0020751953125, 43.932373046875], "right_hand": [478.4280700683594, 201.96324157714844, 25.08660888671875, 42.26853942871094]}]}