{"image_path": "/daintlab/home/rilab/github/frankmocap_notebooks/images/1X5A1789/scene_00000614.jpg", "body_bbox_list": [[468, 271, 170, 314]], "hand_bbox_list": [{"left_hand": [586.55615234375, 360.83062744140625, 27.52838134765625, 42.58697509765625], "right_hand": [473.54388427734375, 364.25213623046875, 29.364959716796875, 36.263702392578125]}]}