{"image_path": "/daintlab/home/rilab/github/frankmocap_notebooks/images/1X5A1789/scene_00000563.jpg", "body_bbox_list": [[468, 229, 160, 358]], "hand_bbox_list": [{"left_hand": [592.2482299804688, 335.12744140625, 29.46148681640625, 36.56494140625], "right_hand": [471.3933410644531, 338.1846923828125, 27.432586669921875, 35.943328857421875]}]}