{"image_path": "/daintlab/home/rilab/github/frankmocap_notebooks/images/1X5A1789/scene_00000217.jpg", "body_bbox_list": [[468, 93, 160, 495]], "hand_bbox_list": [{"left_hand": [592.526123046875, 163.41305541992188, 23.53643798828125, 43.84455871582031], "right_hand": [468.83251953125, 164.97686767578125, 25.467803955078125, 44.26948547363281]}]}