{"image_path": "/daintlab/home/rilab/github/frankmocap_notebooks/images/1X5A1789/scene_00000534.jpg", "body_bbox_list": [[468, 109, 165, 473]], "hand_bbox_list": [{"left_hand": [596.6692504882812, 199.43458557128906, 24.6375732421875, 43.80891418457031], "right_hand": [477.4708251953125, 194.5317840576172, 25.40802001953125, 41.77082824707031]}]}