{"image_path": "/daintlab/home/rilab/github/frankmocap_notebooks/images/1X5A1789/scene_00000606.jpg", "body_bbox_list": [[468, 292, 165, 292]], "hand_bbox_list": [{"left_hand": [584.9967041015625, 386.9725341796875, 29.9486083984375, 39.425933837890625], "right_hand": [473.80712890625, 390.8361511230469, 27.006744384765625, 34.52178955078125]}]}