{"image_path": "/daintlab/home/rilab/github/frankmocap_notebooks/images/1X5A1789/scene_00000825.jpg", "body_bbox_list": [[468, 98, 170, 490]], "hand_bbox_list": [{"left_hand": [624.2595825195312, 300.9758605957031, 22.076904296875, 51.834014892578125], "right_hand": [470.7179260253906, 297.7206726074219, 23.06280517578125, 51.046661376953125]}]}