{"image_path": "/daintlab/home/rilab/github/frankmocap_notebooks/images/1X5A1789/scene_00000660.jpg", "body_bbox_list": [[473, 93, 160, 495]], "hand_bbox_list": [{"left_hand": [599.0368041992188, 172.09738159179688, 23.55419921875, 43.456939697265625], "right_hand": [478.83917236328125, 170.87301635742188, 24.576629638671875, 42.83985900878906]}]}