{"image_path": "/daintlab/home/rilab/github/frankmocap_notebooks/images/1X5A1789/scene_00000768.jpg", "body_bbox_list": [[468, 234, 160, 353]], "hand_bbox_list": [{"left_hand": [582.4069213867188, 348.8421630859375, 27.9263916015625, 44.71246337890625], "right_hand": [467.9671325683594, 349.66162109375, 28.59393310546875, 36.38671875]}]}