{"image_path": "/daintlab/home/rilab/github/frankmocap_notebooks/images/1X5A1789/scene_00000543.jpg", "body_bbox_list": [[468, 135, 160, 446]], "hand_bbox_list": [{"left_hand": [591.0255126953125, 237.6538848876953, 27.607177734375, 40.23988342285156], "right_hand": [468.79931640625, 242.76089477539062, 27.410614013671875, 39.7666015625]}]}