{"image_path": "/daintlab/home/rilab/github/frankmocap_notebooks/images/1X5A1789/scene_00000057.jpg", "body_bbox_list": [[462, 98, 182, 490]], "hand_bbox_list": [{"left_hand": [618.7501220703125, 319.6130065917969, 29.60174560546875, 56.70379638671875], "right_hand": [465.4201965332031, 327.833251953125, 28.58502197265625, 51.230682373046875]}]}