{"image_path": "/daintlab/home/rilab/github/frankmocap_notebooks/images/1X5A1789/scene_00000715.jpg", "body_bbox_list": [[468, 208, 165, 375]], "hand_bbox_list": [{"left_hand": [588.8883056640625, 306.74224853515625, 28.73150634765625, 41.846832275390625], "right_hand": [470.6289978027344, 309.2950134277344, 27.4075927734375, 38.3402099609375]}]}