{"image_path": "/daintlab/home/rilab/github/frankmocap_notebooks/images/1X5A1789/scene_00000295.jpg", "body_bbox_list": [[467, 292, 177, 287]], "hand_bbox_list": [{"left_hand": [590.110107421875, 371.51507568359375, 28.6214599609375, 41.13104248046875], "right_hand": [473.4817199707031, 372.7159423828125, 24.996337890625, 40.78704833984375]}]}