{"image_path": "/daintlab/home/rilab/github/frankmocap_notebooks/images/1X5A1789/scene_00000798.jpg", "body_bbox_list": [[473, 93, 160, 495]], "hand_bbox_list": [{"left_hand": [596.4623413085938, 171.25341796875, 23.63818359375, 46.09765625], "right_hand": [479.74554443359375, 173.0489959716797, 24.113311767578125, 42.54731750488281]}]}