{"image_path": "/daintlab/home/rilab/github/frankmocap_notebooks/images/1X5A1789/scene_00000816.jpg", "body_bbox_list": [[468, 98, 165, 490]], "hand_bbox_list": [{"left_hand": [597.5022583007812, 191.86056518554688, 25.35650634765625, 42.556427001953125], "right_hand": [478.647216796875, 195.78269958496094, 25.5721435546875, 42.87004089355469]}]}