{"image_path": "/daintlab/home/rilab/github/frankmocap_notebooks/images/1X5A1789/scene_00000102.jpg", "body_bbox_list": [[468, 104, 170, 478]], "hand_bbox_list": [{"left_hand": [606.267822265625, 161.2754669189453, 25.12310791015625, 42.37001037597656], "right_hand": [468.7619934082031, 165.87721252441406, 26.0550537109375, 43.20036315917969]}]}