{"image_path": "/daintlab/home/rilab/github/frankmocap_notebooks/images/1X5A1789/scene_00000321.jpg", "body_bbox_list": [[468, 250, 170, 336]], "hand_bbox_list": [{"left_hand": [587.9678344726562, 332.2769470214844, 29.3804931640625, 39.8916015625], "right_hand": [469.9292907714844, 331.82598876953125, 25.912506103515625, 40.052093505859375]}]}