{"image_path": "/daintlab/home/rilab/github/frankmocap_notebooks/images/1X5A1789/scene_00000394.jpg", "body_bbox_list": [[468, 145, 170, 441]], "hand_bbox_list": [{"left_hand": [605.7693481445312, 225.51544189453125, 24.32928466796875, 40.70672607421875], "right_hand": [478.7239685058594, 225.182373046875, 24.53936767578125, 40.149322509765625]}]}