{"image_path": "/daintlab/home/rilab/github/frankmocap_notebooks/images/1X5A1789/scene_00000228.jpg", "body_bbox_list": [[473, 98, 155, 490]], "hand_bbox_list": [{"left_hand": [597.4132080078125, 162.90980529785156, 23.2166748046875, 42.620819091796875], "right_hand": [475.06707763671875, 165.18295288085938, 25.89697265625, 43.20790100097656]}]}