{"image_path": "/daintlab/home/rilab/github/frankmocap_notebooks/images/1X5A1789/scene_00000710.jpg", "body_bbox_list": [[468, 187, 165, 397]], "hand_bbox_list": [{"left_hand": [591.2710571289062, 286.9459533691406, 26.80340576171875, 41.66961669921875], "right_hand": null}]}