{"image_path": "/daintlab/home/rilab/github/frankmocap_notebooks/images/1X5A1789/scene_00000810.jpg", "body_bbox_list": [[473, 93, 160, 495]], "hand_bbox_list": [{"left_hand": [595.8026733398438, 158.64984130859375, 23.02178955078125, 46.9256591796875], "right_hand": [479.1732482910156, 159.0105743408203, 24.701171875, 44.9288330078125]}]}