{"image_path": "/daintlab/home/rilab/github/frankmocap_notebooks/images/1X5A1789/scene_00000684.jpg", "body_bbox_list": [[478, 109, 155, 473]], "hand_bbox_list": [{"left_hand": [601.851318359375, 194.29168701171875, 22.76824951171875, 45.1270751953125], "right_hand": [481.84344482421875, 190.2443389892578, 25.097564697265625, 43.9619140625]}]}