{"image_path": "/daintlab/home/rilab/github/frankmocap_notebooks/images/1X5A1789/scene_00000352.jpg", "body_bbox_list": [[473, 109, 165, 478]], "hand_bbox_list": [{"left_hand": [594.5885620117188, 193.8760223388672, 25.35760498046875, 43.071502685546875], "right_hand": [479.42376708984375, 194.15476989746094, 24.5828857421875, 42.106048583984375]}]}