{"image_path": "/daintlab/home/rilab/github/frankmocap_notebooks/images/1X5A1789/scene_00000076.jpg", "body_bbox_list": [[473, 98, 165, 490]], "hand_bbox_list": [{"left_hand": [609.8848876953125, 205.69662475585938, 23.15283203125, 41.81150817871094], "right_hand": [468.3686218261719, 214.61077880859375, 29.24273681640625, 39.32063293457031]}]}