{"image_path": "/daintlab/home/rilab/github/frankmocap_notebooks/images/1X5A1789/scene_00000160.jpg", "body_bbox_list": [[468, 297, 170, 287]], "hand_bbox_list": [{"left_hand": [599.3773803710938, 379.7790832519531, 27.41680908203125, 41.0765380859375], "right_hand": null}]}