{"image_path": "/daintlab/home/rilab/github/frankmocap_notebooks/images/1X5A1789/scene_00000533.jpg", "body_bbox_list": [[468, 109, 165, 478]], "hand_bbox_list": [{"left_hand": [598.0770263671875, 199.12899780273438, 24.030517578125, 43.38285827636719], "right_hand": [477.98492431640625, 191.79100036621094, 25.138763427734375, 41.33447265625]}]}