{"image_path": "/daintlab/home/rilab/github/frankmocap_notebooks/images/1X5A1789/scene_00000238.jpg", "body_bbox_list": [[473, 98, 155, 490]], "hand_bbox_list": [{"left_hand": [599.6131591796875, 167.42648315429688, 22.81561279296875, 40.18177795410156], "right_hand": [476.12811279296875, 166.5040740966797, 25.173248291015625, 42.44148254394531]}]}