{"image_path": "/daintlab/home/rilab/github/frankmocap_notebooks/images/1X5A1789/scene_00000462.jpg", "body_bbox_list": [[468, 271, 170, 314]], "hand_bbox_list": [{"left_hand": [592.40283203125, 362.30450439453125, 29.02520751953125, 38.167144775390625], "right_hand": null}]}