{"image_path": "/daintlab/home/rilab/github/frankmocap_notebooks/images/1X5A1789/scene_00000251.jpg", "body_bbox_list": [[463, 130, 170, 456]], "hand_bbox_list": [{"left_hand": [593.27197265625, 206.91409301757812, 25.24163818359375, 44.517608642578125], "right_hand": [471.927490234375, 211.4439697265625, 25.083709716796875, 40.52653503417969]}]}