{"image_path": "/daintlab/home/rilab/github/frankmocap_notebooks/images/1X5A1789/scene_00000301.jpg", "body_bbox_list": [[468, 292, 170, 287]], "hand_bbox_list": [{"left_hand": [588.8673706054688, 378.0416259765625, 29.5736083984375, 39.736083984375], "right_hand": null}]}