{"image_path": "/daintlab/home/rilab/github/frankmocap_notebooks/images/1X5A1789/scene_00000012.jpg", "body_bbox_list": [[462, 93, 192, 495]], "hand_bbox_list": [{"left_hand": [631.6307373046875, 359.7914123535156, 32.21392822265625, 38.93756103515625], "right_hand": [458.5663146972656, 357.866943359375, 34.239715576171875, 45.65045166015625]}]}