{"image_path": "/daintlab/home/rilab/github/frankmocap_notebooks/images/1X5A1789/scene_00000345.jpg", "body_bbox_list": [[468, 140, 170, 451]], "hand_bbox_list": [{"left_hand": [594.0801391601562, 225.1011962890625, 25.3438720703125, 41.927886962890625], "right_hand": [476.1463317871094, 224.31893920898438, 25.525390625, 41.14697265625]}]}