{"image_path": "/daintlab/home/rilab/github/frankmocap_notebooks/images/1X5A1789/scene_00000711.jpg", "body_bbox_list": [[468, 193, 165, 390]], "hand_bbox_list": [{"left_hand": [591.434326171875, 291.78314208984375, 26.32965087890625, 42.06414794921875], "right_hand": [471.8421630859375, 291.8394470214844, 27.39227294921875, 39.1304931640625]}]}