{"image_path": "/daintlab/home/rilab/github/frankmocap_notebooks/images/1X5A1789/scene_00000522.jpg", "body_bbox_list": [[473, 98, 160, 490]], "hand_bbox_list": [{"left_hand": [598.8455810546875, 173.26690673828125, 23.86810302734375, 42.749481201171875], "right_hand": [477.6015930175781, 171.96804809570312, 25.370330810546875, 42.065704345703125]}]}