{"image_path": "/daintlab/home/rilab/github/frankmocap_notebooks/images/1X5A1789/scene_00000800.jpg", "body_bbox_list": [[473, 98, 160, 485]], "hand_bbox_list": [{"left_hand": [596.5067138671875, 163.8131561279297, 23.06207275390625, 46.23797607421875], "right_hand": [480.2474670410156, 165.38998413085938, 24.17401123046875, 43.75883483886719]}]}