{"image_path": "/daintlab/home/rilab/github/frankmocap_notebooks/images/1X5A1789/scene_00000390.jpg", "body_bbox_list": [[473, 130, 165, 451]], "hand_bbox_list": [{"left_hand": [604.24365234375, 208.8436279296875, 24.23651123046875, 43.694793701171875], "right_hand": [477.6011657714844, 208.7832794189453, 25.199188232421875, 41.7291259765625]}]}