{"image_path": "/daintlab/home/rilab/github/frankmocap_notebooks/images/1X5A1789/scene_00000631.jpg", "body_bbox_list": [[473, 192, 170, 397]], "hand_bbox_list": [{"left_hand": [595.302490234375, 293.3231201171875, 27.5137939453125, 40.00335693359375], "right_hand": [477.38824462890625, 290.97991943359375, 26.246124267578125, 41.20037841796875]}]}