{"image_path": "/daintlab/home/rilab/github/frankmocap_notebooks/images/1X5A1789/scene_00000578.jpg", "body_bbox_list": [[473, 292, 160, 292]], "hand_bbox_list": [{"left_hand": [589.0441284179688, 387.9938659667969, 29.668701171875, 37.695556640625], "right_hand": [475.7781677246094, 393.7775573730469, 27.85821533203125, 35.755889892578125]}]}