{"image_path": "/daintlab/home/rilab/github/frankmocap_notebooks/images/1X5A1789/scene_00000731.jpg", "body_bbox_list": [[468, 287, 170, 297]], "hand_bbox_list": [{"left_hand": [586.5689697265625, 378.9707946777344, 26.21795654296875, 44.024322509765625], "right_hand": [474.8607482910156, 384.5116882324219, 26.991943359375, 39.405181884765625]}]}