{"image_path": "/daintlab/home/rilab/github/frankmocap_notebooks/images/1X5A1789/scene_00000257.jpg", "body_bbox_list": [[468, 156, 165, 429]], "hand_bbox_list": [{"left_hand": [594.7182006835938, 231.61651611328125, 24.34552001953125, 43.631500244140625], "right_hand": [473.8685607910156, 234.97555541992188, 25.962188720703125, 41.91058349609375]}]}