{"image_path": "/daintlab/home/rilab/github/frankmocap_notebooks/images/1X5A1789/scene_00000282.jpg", "body_bbox_list": [[467, 271, 177, 314]], "hand_bbox_list": [{"left_hand": [591.7099609375, 346.5246887207031, 26.94244384765625, 42.918701171875], "right_hand": [471.185302734375, 350.31793212890625, 25.449066162109375, 40.191192626953125]}]}