{"image_path": "/daintlab/home/rilab/github/frankmocap_notebooks/images/1X5A1789/scene_00000531.jpg", "body_bbox_list": [[473, 104, 160, 478]], "hand_bbox_list": [{"left_hand": [597.6403198242188, 194.1668701171875, 24.0601806640625, 41.869384765625], "right_hand": [477.4239196777344, 186.74302673339844, 24.765716552734375, 42.20069885253906]}]}