{"image_path": "/daintlab/home/rilab/github/frankmocap_notebooks/images/1X5A1789/scene_00000443.jpg", "body_bbox_list": [[473, 298, 165, 280]], "hand_bbox_list": [{"left_hand": [591.8027954101562, 392.3434753417969, 29.479248046875, 37.786346435546875], "right_hand": [475.5849609375, 386.2846374511719, 26.86376953125, 40.190887451171875]}]}