{"image_path": "/daintlab/home/rilab/github/frankmocap_notebooks/images/1X5A1789/scene_00000028.jpg", "body_bbox_list": [[456, 93, 204, 495]], "hand_bbox_list": [{"left_hand": [637.465576171875, 357.44891357421875, 30.44989013671875, 39.091766357421875], "right_hand": [455.9723205566406, 353.2682189941406, 29.12384033203125, 45.48712158203125]}]}