{"image_path": "/daintlab/home/rilab/github/frankmocap_notebooks/images/1X5A1789/scene_00000758.jpg", "body_bbox_list": [[468, 282, 165, 302]], "hand_bbox_list": [{"left_hand": [583.0202026367188, 388.3598327636719, 27.72711181640625, 42.6053466796875], "right_hand": [470.7572021484375, 391.179443359375, 29.3309326171875, 36.440887451171875]}]}