{"image_path": "/daintlab/home/rilab/github/frankmocap_notebooks/images/1X5A1789/scene_00000423.jpg", "body_bbox_list": [[462, 255, 177, 331]], "hand_bbox_list": [{"left_hand": [592.9361572265625, 342.3133544921875, 28.527587890625, 40.222747802734375], "right_hand": [473.73919677734375, 342.9798278808594, 25.403350830078125, 39.762237548828125]}]}