{"image_path": "/daintlab/home/rilab/github/frankmocap_notebooks/images/1X5A1789/scene_00000605.jpg", "body_bbox_list": [[468, 292, 165, 292]], "hand_bbox_list": [{"left_hand": [584.768310546875, 390.14410400390625, 30.1055908203125, 38.948211669921875], "right_hand": [474.99298095703125, 391.4085388183594, 27.327301025390625, 37.274261474609375]}]}