{"image_path": "/daintlab/home/rilab/github/frankmocap_notebooks/images/1X5A1789/scene_00000233.jpg", "body_bbox_list": [[473, 93, 155, 495]], "hand_bbox_list": [{"left_hand": [599.0008544921875, 161.63314819335938, 23.1785888671875, 42.2987060546875], "right_hand": [475.33087158203125, 162.6427001953125, 25.052032470703125, 43.610443115234375]}]}