{"image_path": "/daintlab/home/rilab/github/frankmocap_notebooks/images/1X5A1789/scene_00000623.jpg", "body_bbox_list": [[468, 229, 165, 358]], "hand_bbox_list": [{"left_hand": [589.293701171875, 332.7723083496094, 29.4547119140625, 39.15234375], "right_hand": [472.5041198730469, 330.44989013671875, 28.88433837890625, 37.18701171875]}]}