{"image_path": "/daintlab/home/rilab/github/frankmocap_notebooks/images/1X5A1789/scene_00000491.jpg", "body_bbox_list": [[468, 109, 165, 478]], "hand_bbox_list": [{"left_hand": [598.5088500976562, 205.01393127441406, 25.199462890625, 45.095794677734375], "right_hand": [478.0460205078125, 200.9825439453125, 25.8031005859375, 43.23915100097656]}]}