{"image_path": "/daintlab/home/rilab/github/frankmocap_notebooks/images/1X5A1789/scene_00000363.jpg", "body_bbox_list": [[473, 93, 155, 495]], "hand_bbox_list": [{"left_hand": [595.5853881835938, 161.7809600830078, 24.0517578125, 43.14117431640625], "right_hand": [474.73236083984375, 165.42381286621094, 25.946868896484375, 43.29353332519531]}]}