{"image_path": "/daintlab/home/rilab/github/frankmocap_notebooks/images/1X5A1789/scene_00000693.jpg", "body_bbox_list": [[468, 130, 165, 451]], "hand_bbox_list": [{"left_hand": [595.67236328125, 226.90362548828125, 24.6710205078125, 43.436553955078125], "right_hand": [477.7406311035156, 226.07669067382812, 24.883270263671875, 40.3463134765625]}]}