{"image_path": "/daintlab/home/rilab/github/frankmocap_notebooks/images/1X5A1789/scene_00000080.jpg", "body_bbox_list": [[473, 104, 165, 478]], "hand_bbox_list": [{"left_hand": [609.2575073242188, 176.5661163330078, 23.9962158203125, 37.60905456542969], "right_hand": [470.2380676269531, 181.94725036621094, 28.88861083984375, 40.36639404296875]}]}