{"image_path": "/daintlab/home/rilab/github/frankmocap_notebooks/images/1X5A1789/scene_00000397.jpg", "body_bbox_list": [[473, 151, 160, 434]], "hand_bbox_list": [{"left_hand": [605.7786865234375, 232.5404815673828, 23.7962646484375, 43.20536804199219], "right_hand": [479.14764404296875, 231.45274353027344, 24.6343994140625, 42.15165710449219]}]}