{"image_path": "/daintlab/home/rilab/github/frankmocap_notebooks/images/1X5A1789/scene_00000516.jpg", "body_bbox_list": [[473, 93, 160, 495]], "hand_bbox_list": [{"left_hand": [601.4102783203125, 173.3175048828125, 23.13525390625, 42.58741760253906], "right_hand": [477.797119140625, 172.0196533203125, 25.328704833984375, 41.86564636230469]}]}