{"image_path": "/daintlab/home/rilab/github/frankmocap_notebooks/images/1X5A1789/scene_00000827.jpg", "body_bbox_list": [[462, 98, 182, 490]], "hand_bbox_list": [{"left_hand": [628.3093872070312, 316.1182556152344, 21.9146728515625, 51.300537109375], "right_hand": [470.2402038574219, 314.8816223144531, 21.91497802734375, 52.96527099609375]}]}