{"image_path": "/daintlab/home/rilab/github/frankmocap_notebooks/images/1X5A1789/scene_00000032.jpg", "body_bbox_list": [[462, 98, 192, 490]], "hand_bbox_list": [{"left_hand": [630.044921875, 358.96337890625, 31.02447509765625, 39.71746826171875], "right_hand": [461.3376159667969, 359.371826171875, 32.937255859375, 41.159576416015625]}]}