{"image_path": "/daintlab/home/rilab/github/frankmocap_notebooks/images/1X5A1789/scene_00000186.jpg", "body_bbox_list": [[463, 229, 170, 358]], "hand_bbox_list": [{"left_hand": [594.0875854492188, 308.72918701171875, 26.03875732421875, 44.379364013671875], "right_hand": [466.544921875, 310.3314514160156, 25.97052001953125, 38.323760986328125]}]}