{"image_path": "/daintlab/home/rilab/github/frankmocap_notebooks/images/1X5A1789/scene_00000249.jpg", "body_bbox_list": [[468, 124, 160, 463]], "hand_bbox_list": [{"left_hand": [594.6359252929688, 199.18283081054688, 24.252685546875, 44.52250671386719], "right_hand": [471.8585510253906, 202.96392822265625, 24.90191650390625, 40.69383239746094]}]}