{"image_path": "/daintlab/home/rilab/github/frankmocap_notebooks/images/1X5A1789/scene_00000083.jpg", "body_bbox_list": [[473, 98, 165, 490]], "hand_bbox_list": [{"left_hand": [608.8348388671875, 162.64059448242188, 25.24334716796875, 39.68952941894531], "right_hand": [470.64788818359375, 163.53404235839844, 28.680877685546875, 43.518096923828125]}]}