{"image_path": "/daintlab/home/rilab/github/frankmocap_notebooks/images/1X5A1789/scene_00000334.jpg", "body_bbox_list": [[467, 193, 177, 390]], "hand_bbox_list": [{"left_hand": [592.3184814453125, 284.38134765625, 26.88385009765625, 43.576568603515625], "right_hand": [472.7410888671875, 285.7120056152344, 26.35357666015625, 39.5665283203125]}]}