{"image_path": "/daintlab/home/rilab/github/frankmocap_notebooks/images/1X5A1789/scene_00000450.jpg", "body_bbox_list": [[468, 292, 170, 292]], "hand_bbox_list": [{"left_hand": [591.310546875, 388.6353454589844, 29.0028076171875, 36.846527099609375], "right_hand": null}]}