{"image_path": "/daintlab/home/rilab/github/frankmocap_notebooks/images/1X5A1789/scene_00000814.jpg", "body_bbox_list": [[473, 98, 160, 490]], "hand_bbox_list": [{"left_hand": [595.3229370117188, 173.64317321777344, 22.75958251953125, 42.72187805175781], "right_hand": [480.0289611816406, 175.42840576171875, 25.52978515625, 44.980682373046875]}]}