{"image_path": "/daintlab/home/rilab/github/frankmocap_notebooks/images/1X5A1789/scene_00000492.jpg", "body_bbox_list": [[468, 109, 165, 478]], "hand_bbox_list": [{"left_hand": [597.9993896484375, 200.37530517578125, 27.4195556640625, 43.22517395019531], "right_hand": [478.3135681152344, 198.57989501953125, 25.05279541015625, 40.10443115234375]}]}