{"image_path": "/daintlab/home/rilab/github/frankmocap_notebooks/images/1X5A1789/scene_00000127.jpg", "body_bbox_list": [[463, 166, 170, 419]], "hand_bbox_list": [{"left_hand": [598.0640869140625, 239.47427368164062, 24.25885009765625, 42.451202392578125], "right_hand": [468.1461486816406, 241.49659729003906, 26.3199462890625, 42.66462707519531]}]}