{"image_path": "/daintlab/home/rilab/github/frankmocap_notebooks/images/1X5A1789/scene_00000154.jpg", "body_bbox_list": [[467, 292, 177, 292]], "hand_bbox_list": [{"left_hand": [595.7625122070312, 367.6910705566406, 26.2412109375, 43.47332763671875], "right_hand": null}]}