{"image_path": "/daintlab/home/rilab/github/frankmocap_notebooks/images/1X5A1789/scene_00000362.jpg", "body_bbox_list": [[473, 93, 155, 495]], "hand_bbox_list": [{"left_hand": [596.49658203125, 163.7564239501953, 24.36773681640625, 43.766204833984375], "right_hand": [472.4720458984375, 166.31082153320312, 25.76934814453125, 43.21101379394531]}]}