{"image_path": "/daintlab/home/rilab/github/frankmocap_notebooks/images/1X5A1789/scene_00000472.jpg", "body_bbox_list": [[462, 229, 182, 358]], "hand_bbox_list": [{"left_hand": [594.439697265625, 324.7326965332031, 28.5279541015625, 39.462554931640625], "right_hand": null}]}