{"image_path": "/daintlab/home/rilab/github/frankmocap_notebooks/images/1X5A1789/scene_00000380.jpg", "body_bbox_list": [[473, 109, 160, 478]], "hand_bbox_list": [{"left_hand": [599.242431640625, 184.2823944091797, 22.989501953125, 41.9908447265625], "right_hand": [475.5409851074219, 180.7284393310547, 25.212066650390625, 41.934844970703125]}]}