{"image_path": "/daintlab/home/rilab/github/frankmocap_notebooks/images/1X5A1789/scene_00000092.jpg", "body_bbox_list": [[473, 103, 165, 485]], "hand_bbox_list": [{"left_hand": [609.5042724609375, 153.62481689453125, 25.6201171875, 41.501678466796875], "right_hand": [468.86102294921875, 157.42881774902344, 26.37188720703125, 45.79005432128906]}]}