{"image_path": "/daintlab/home/rilab/github/frankmocap_notebooks/images/1X5A1789/scene_00000007.jpg", "body_bbox_list": [[461, 98, 199, 490]], "hand_bbox_list": [{"left_hand": [632.2164916992188, 359.77978515625, 32.845947265625, 38.90234375], "right_hand": [458.53460693359375, 357.9725341796875, 34.1658935546875, 45.23468017578125]}]}