{"image_path": "/daintlab/home/rilab/github/frankmocap_notebooks/images/1X5A1789/scene_00000434.jpg", "body_bbox_list": [[473, 298, 165, 280]], "hand_bbox_list": [{"left_hand": [592.8361206054688, 389.77960205078125, 29.17596435546875, 36.7823486328125], "right_hand": [477.8894348144531, 384.32391357421875, 25.91656494140625, 38.65167236328125]}]}