{"image_path": "/daintlab/home/rilab/github/frankmocap_notebooks/images/1X5A1789/scene_00000417.jpg", "body_bbox_list": [[468, 229, 170, 358]], "hand_bbox_list": [{"left_hand": [595.1779174804688, 309.9844665527344, 26.095458984375, 42.767333984375], "right_hand": [474.4032287597656, 315.0532531738281, 25.660430908203125, 41.1214599609375]}]}