{"image_path": "/daintlab/home/rilab/github/frankmocap_notebooks/images/1X5A1789/scene_00000118.jpg", "body_bbox_list": [[468, 135, 165, 451]], "hand_bbox_list": [{"left_hand": [597.6663208007812, 210.7029266357422, 24.0635986328125, 40.76776123046875], "right_hand": [464.8525390625, 212.578857421875, 28.20556640625, 38.467926025390625]}]}