{"image_path": "/daintlab/home/rilab/github/frankmocap_notebooks/images/1X5A1789/scene_00000775.jpg", "body_bbox_list": [[463, 203, 165, 385]], "hand_bbox_list": [{"left_hand": [583.5642700195312, 311.69622802734375, 26.9749755859375, 44.60272216796875], "right_hand": [469.15582275390625, 314.7635498046875, 29.6905517578125, 36.665771484375]}]}