{"image_path": "/daintlab/home/rilab/github/frankmocap_notebooks/images/1X5A1789/scene_00000190.jpg", "body_bbox_list": [[462, 208, 177, 380]], "hand_bbox_list": [{"left_hand": [598.1389770507812, 292.599365234375, 25.47491455078125, 44.365936279296875], "right_hand": [469.3188781738281, 293.33831787109375, 25.222503662109375, 39.89208984375]}]}