{"image_path": "/daintlab/home/rilab/github/frankmocap_notebooks/images/1X5A1789/scene_00000180.jpg", "body_bbox_list": [[463, 255, 170, 331]], "hand_bbox_list": [{"left_hand": [591.013916015625, 326.056396484375, 27.11956787109375, 43.848388671875], "right_hand": [464.309814453125, 330.17279052734375, 26.796478271484375, 39.534332275390625]}]}