{"image_path": "/daintlab/home/rilab/github/frankmocap_notebooks/images/1X5A1789/scene_00000781.jpg", "body_bbox_list": [[468, 166, 165, 419]], "hand_bbox_list": [{"left_hand": [586.8529663085938, 273.3136291503906, 27.99298095703125, 41.231292724609375], "right_hand": [472.33746337890625, 274.5664978027344, 27.012237548828125, 38.414459228515625]}]}