{"image_path": "/daintlab/home/rilab/github/frankmocap_notebooks/images/1X5A1789/scene_00000166.jpg", "body_bbox_list": [[468, 297, 170, 287]], "hand_bbox_list": [{"left_hand": [599.0162353515625, 378.5384216308594, 25.44281005859375, 44.500213623046875], "right_hand": null}]}