{"image_path": "/daintlab/home/rilab/github/frankmocap_notebooks/images/1X5A1789/scene_00000573.jpg", "body_bbox_list": [[473, 271, 160, 314]], "hand_bbox_list": [{"left_hand": [589.9857177734375, 372.9656677246094, 29.35516357421875, 37.402130126953125], "right_hand": [474.3773498535156, 377.0405578613281, 27.8594970703125, 37.791412353515625]}]}