{"image_path": "/daintlab/home/rilab/github/frankmocap_notebooks/images/1X5A1789/scene_00000853.jpg", "body_bbox_list": [[467, 93, 187, 495]], "hand_bbox_list": [{"left_hand": [625.9630737304688, 361.0473937988281, 32.0133056640625, 38.45391845703125], "right_hand": [470.5870361328125, 359.2064514160156, 28.252532958984375, 48.3184814453125]}]}