{"image_path": "/daintlab/home/rilab/github/frankmocap_notebooks/images/1X5A1789/scene_00000458.jpg", "body_bbox_list": [[473, 276, 165, 309]], "hand_bbox_list": [{"left_hand": [591.5382690429688, 373.01751708984375, 30.0706787109375, 37.40447998046875], "right_hand": [474.24029541015625, 367.0565490722656, 27.90985107421875, 37.452484130859375]}]}