{"image_path": "/daintlab/home/rilab/github/frankmocap_notebooks/images/1X5A1789/scene_00000006.jpg", "body_bbox_list": [[461, 98, 199, 490]], "hand_bbox_list": [{"left_hand": [632.3675537109375, 359.9019775390625, 32.568359375, 38.76361083984375], "right_hand": [458.93157958984375, 359.54345703125, 32.284515380859375, 40.7347412109375]}]}