{"image_path": "/daintlab/home/rilab/github/frankmocap_notebooks/images/1X5A1789/scene_00000108.jpg", "body_bbox_list": [[473, 109, 165, 473]], "hand_bbox_list": [{"left_hand": [605.83837890625, 173.449462890625, 25.637451171875, 43.07725524902344], "right_hand": [469.7413024902344, 176.9925994873047, 28.23388671875, 40.358245849609375]}]}