{"image_path": "/daintlab/home/rilab/github/frankmocap_notebooks/images/1X5A1789/scene_00000822.jpg", "body_bbox_list": [[473, 98, 160, 490]], "hand_bbox_list": [{"left_hand": [614.7955322265625, 264.46600341796875, 26.4158935546875, 45.6893310546875], "right_hand": [472.9134216308594, 269.036865234375, 25.880523681640625, 43.77978515625]}]}