{"image_path": "/daintlab/home/rilab/github/frankmocap_notebooks/images/1X5A1789/scene_00000202.jpg", "body_bbox_list": [[468, 151, 165, 434]], "hand_bbox_list": [{"left_hand": [598.1876831054688, 227.1139678955078, 24.7215576171875, 43.45967102050781], "right_hand": [468.8943176269531, 228.6691131591797, 26.10137939453125, 42.49421691894531]}]}