{"image_path": "/daintlab/home/rilab/github/frankmocap_notebooks/images/1X5A1789/scene_00000794.jpg", "body_bbox_list": [[468, 103, 165, 485]], "hand_bbox_list": [{"left_hand": [597.9055786132812, 191.74383544921875, 26.7978515625, 43.14564514160156], "right_hand": [481.2085266113281, 192.24899291992188, 24.594635009765625, 43.38392639160156]}]}