{"image_path": "/daintlab/home/rilab/github/frankmocap_notebooks/images/1X5A1789/scene_00000128.jpg", "body_bbox_list": [[463, 172, 170, 412]], "hand_bbox_list": [{"left_hand": [598.7211303710938, 241.99778747558594, 23.722412109375, 41.23683166503906], "right_hand": [468.78057861328125, 245.38140869140625, 26.29754638671875, 41.518646240234375]}]}