{"image_path": "/daintlab/home/rilab/github/frankmocap_notebooks/images/1X5A1789/scene_00000022.jpg", "body_bbox_list": [[462, 93, 192, 495]], "hand_bbox_list": [{"left_hand": [631.8365478515625, 355.28216552734375, 32.09814453125, 39.914886474609375], "right_hand": [457.04498291015625, 355.47918701171875, 31.18939208984375, 42.712646484375]}]}