{"image_path": "/daintlab/home/rilab/github/frankmocap_notebooks/images/1X5A1789/scene_00000482.jpg", "body_bbox_list": [[468, 166, 165, 419]], "hand_bbox_list": [{"left_hand": [599.5772705078125, 261.8280334472656, 26.0975341796875, 43.02655029296875], "right_hand": [478.58538818359375, 259.12493896484375, 25.362945556640625, 40.963897705078125]}]}