{"image_path": "/daintlab/home/rilab/github/frankmocap_notebooks/images/1X5A1789/scene_00000561.jpg", "body_bbox_list": [[468, 224, 165, 358]], "hand_bbox_list": [{"left_hand": [592.20166015625, 324.19671630859375, 26.41998291015625, 42.775909423828125], "right_hand": [471.6836242675781, 330.4524230957031, 27.074615478515625, 36.783538818359375]}]}