{"image_path": "/daintlab/home/rilab/github/frankmocap_notebooks/images/1X5A1789/scene_00000489.jpg", "body_bbox_list": [[468, 124, 165, 463]], "hand_bbox_list": [{"left_hand": [596.9552612304688, 213.7933807373047, 24.82061767578125, 44.98298645019531], "right_hand": [478.37994384765625, 212.33734130859375, 25.9056396484375, 41.91526794433594]}]}