{"image_path": "/daintlab/home/rilab/github/frankmocap_notebooks/images/1X5A1789/scene_00000644.jpg", "body_bbox_list": [[468, 135, 165, 456]], "hand_bbox_list": [{"left_hand": [593.9173583984375, 229.45433044433594, 26.70635986328125, 43.37031555175781], "right_hand": [475.6258239746094, 228.57188415527344, 26.085052490234375, 43.58680725097656]}]}