{"image_path": "/daintlab/home/rilab/github/frankmocap_notebooks/images/1X5A1789/scene_00000780.jpg", "body_bbox_list": [[463, 172, 170, 412]], "hand_bbox_list": [{"left_hand": [586.4374389648438, 279.28436279296875, 28.38995361328125, 41.824798583984375], "right_hand": [472.4344177246094, 282.516845703125, 26.88885498046875, 36.744659423828125]}]}