{"image_path": "/daintlab/home/rilab/github/frankmocap_notebooks/images/1X5A1789/scene_00000093.jpg", "body_bbox_list": [[473, 103, 165, 485]], "hand_bbox_list": [{"left_hand": [609.5755004882812, 153.8380584716797, 25.556884765625, 41.41925048828125], "right_hand": [468.8623046875, 157.553955078125, 26.48309326171875, 45.67878723144531]}]}