{"image_path": "/daintlab/home/rilab/github/frankmocap_notebooks/images/1X5A1789/scene_00000020.jpg", "body_bbox_list": [[462, 93, 192, 495]], "hand_bbox_list": [{"left_hand": [631.4417724609375, 358.5860900878906, 32.0672607421875, 38.8721923828125], "right_hand": [459.74432373046875, 358.4820251464844, 33.78607177734375, 40.713287353515625]}]}