{"image_path": "/daintlab/home/rilab/github/frankmocap_notebooks/images/1X5A1789/scene_00000659.jpg", "body_bbox_list": [[473, 93, 160, 495]], "hand_bbox_list": [{"left_hand": [598.6895141601562, 172.60726928710938, 24.09246826171875, 43.73393249511719], "right_hand": [478.6839904785156, 172.81361389160156, 24.340576171875, 42.90570068359375]}]}