{"image_path": "/daintlab/home/rilab/github/frankmocap_notebooks/images/1X5A1789/scene_00000256.jpg", "body_bbox_list": [[468, 151, 165, 434]], "hand_bbox_list": [{"left_hand": [594.27001953125, 228.29855346679688, 24.81903076171875, 42.859527587890625], "right_hand": [472.9347229003906, 231.4047393798828, 25.77484130859375, 40.45610046386719]}]}