{"image_path": "/daintlab/home/rilab/github/frankmocap_notebooks/images/1X5A1789/scene_00000265.jpg", "body_bbox_list": [[468, 192, 170, 397]], "hand_bbox_list": [{"left_hand": [590.4008178710938, 269.6222229003906, 26.11505126953125, 43.02410888671875], "right_hand": [471.79815673828125, 266.009033203125, 26.1046142578125, 43.06793212890625]}]}