{"image_path": "/daintlab/home/rilab/github/frankmocap_notebooks/images/1X5A1789/scene_00000663.jpg", "body_bbox_list": [[473, 93, 160, 495]], "hand_bbox_list": [{"left_hand": [600.7674560546875, 173.39553833007812, 23.02191162109375, 44.8558349609375], "right_hand": [481.0020446777344, 172.55104064941406, 24.227935791015625, 44.305755615234375]}]}