{"image_path": "/daintlab/home/rilab/github/frankmocap_notebooks/images/1X5A1789/scene_00000804.jpg", "body_bbox_list": [[473, 93, 160, 490]], "hand_bbox_list": [{"left_hand": [596.7496948242188, 156.8627471923828, 24.03204345703125, 48.08961486816406], "right_hand": [480.1923522949219, 157.35984802246094, 25.140655517578125, 44.75067138671875]}]}