{"image_path": "/daintlab/home/rilab/github/frankmocap_notebooks/images/1X5A1789/scene_00000474.jpg", "body_bbox_list": [[473, 219, 165, 368]], "hand_bbox_list": [{"left_hand": [595.37548828125, 318.4708251953125, 27.89874267578125, 38.968780517578125], "right_hand": [474.44940185546875, 315.944580078125, 25.98187255859375, 37.98260498046875]}]}