{"image_path": "/daintlab/home/rilab/github/frankmocap_notebooks/images/1X5A1789/scene_00000438.jpg", "body_bbox_list": [[473, 298, 165, 280]], "hand_bbox_list": [{"left_hand": [592.4661865234375, 389.6504821777344, 29.2911376953125, 36.382965087890625], "right_hand": [477.5402526855469, 383.72674560546875, 26.14825439453125, 38.53460693359375]}]}