{"image_path": "/daintlab/home/rilab/github/frankmocap_notebooks/images/1X5A1789/scene_00000741.jpg", "body_bbox_list": [[473, 298, 160, 280]], "hand_bbox_list": [{"left_hand": [585.4359130859375, 396.6663818359375, 29.6436767578125, 42.599945068359375], "right_hand": [475.3775634765625, 403.0916748046875, 27.609588623046875, 36.540008544921875]}]}