{"image_path": "/daintlab/home/rilab/github/frankmocap_notebooks/images/1X5A1789/scene_00000835.jpg", "body_bbox_list": [[462, 98, 187, 490]], "hand_bbox_list": [{"left_hand": [634.145751953125, 352.4853515625, 20.421142578125, 58.838287353515625], "right_hand": [471.818115234375, 351.80645751953125, 23.267822265625, 60.260894775390625]}]}