{"image_path": "/daintlab/home/rilab/github/frankmocap_notebooks/images/1X5A1789/scene_00000669.jpg", "body_bbox_list": [[473, 93, 160, 495]], "hand_bbox_list": [{"left_hand": [601.9766845703125, 173.59124755859375, 23.68597412109375, 43.32798767089844], "right_hand": [480.6390686035156, 169.1763153076172, 25.53424072265625, 44.06459045410156]}]}