{"image_path": "/daintlab/home/rilab/github/frankmocap_notebooks/images/1X5A1789/scene_00000441.jpg", "body_bbox_list": [[473, 298, 165, 280]], "hand_bbox_list": [{"left_hand": [592.0150146484375, 390.2845458984375, 29.05914306640625, 38.297760009765625], "right_hand": [476.0097961425781, 385.630615234375, 26.74859619140625, 40.623687744140625]}]}