{"image_path": "/daintlab/home/rilab/github/frankmocap_notebooks/images/1X5A1789/scene_00000169.jpg", "body_bbox_list": [[468, 297, 170, 287]], "hand_bbox_list": [{"left_hand": [597.6712646484375, 376.6585998535156, 26.7723388671875, 45.3385009765625], "right_hand": null}]}