{"image_path": "/daintlab/home/rilab/github/frankmocap_notebooks/images/1X5A1789/scene_00000409.jpg", "body_bbox_list": [[468, 187, 170, 397]], "hand_bbox_list": [{"left_hand": [602.1305541992188, 271.1646423339844, 26.4315185546875, 41.645416259765625], "right_hand": [478.6939392089844, 275.31427001953125, 25.031097412109375, 40.162567138671875]}]}