{"image_path": "/daintlab/home/rilab/github/frankmocap_notebooks/images/1X5A1789/scene_00000756.jpg", "body_bbox_list": [[468, 292, 165, 292]], "hand_bbox_list": [{"left_hand": [583.9908447265625, 391.66375732421875, 26.97442626953125, 43.860931396484375], "right_hand": [471.7540283203125, 395.6487731933594, 28.956298828125, 36.99627685546875]}]}