{"image_path": "/daintlab/home/rilab/github/frankmocap_notebooks/images/1X5A1789/scene_00000499.jpg", "body_bbox_list": [[468, 93, 165, 495]], "hand_bbox_list": [{"left_hand": [601.8336181640625, 184.0818328857422, 24.81341552734375, 42.35853576660156], "right_hand": [478.1072082519531, 180.6045379638672, 24.955841064453125, 41.628387451171875]}]}