{"image_path": "/daintlab/home/rilab/github/frankmocap_notebooks/images/1X5A1789/scene_00000106.jpg", "body_bbox_list": [[473, 109, 160, 478]], "hand_bbox_list": [{"left_hand": [607.4697875976562, 170.00489807128906, 25.1749267578125, 42.11601257324219], "right_hand": [469.5529479980469, 172.811767578125, 28.09405517578125, 39.67387390136719]}]}