{"image_path": "/daintlab/home/rilab/github/frankmocap_notebooks/images/1X5A1789/scene_00000456.jpg", "body_bbox_list": [[473, 282, 165, 302]], "hand_bbox_list": [{"left_hand": [591.3547973632812, 375.9434509277344, 29.4688720703125, 37.725372314453125], "right_hand": [473.8914794921875, 370.6771240234375, 27.04473876953125, 37.478546142578125]}]}