{"image_path": "/daintlab/home/rilab/github/frankmocap_notebooks/images/1X5A1789/scene_00000053.jpg", "body_bbox_list": [[462, 98, 187, 490]], "hand_bbox_list": [{"left_hand": [620.85888671875, 336.0876770019531, 30.79693603515625, 57.243072509765625], "right_hand": [464.91522216796875, 340.9978942871094, 27.763275146484375, 50.6417236328125]}]}