{"image_path": "/daintlab/home/rilab/github/frankmocap_notebooks/images/1X5A1789/scene_00000679.jpg", "body_bbox_list": [[473, 103, 160, 485]], "hand_bbox_list": [{"left_hand": [602.1116333007812, 185.2589569091797, 22.10528564453125, 45.41755676269531], "right_hand": [481.3702087402344, 182.5699462890625, 25.330780029296875, 41.63862609863281]}]}