{"image_path": "/daintlab/home/rilab/github/frankmocap_notebooks/images/1X5A1789/scene_00000749.jpg", "body_bbox_list": [[473, 303, 160, 275]], "hand_bbox_list": [{"left_hand": [585.9136352539062, 400.1236877441406, 26.954833984375, 43.094329833984375], "right_hand": [475.4482116699219, 407.143798828125, 27.587188720703125, 37.31182861328125]}]}