{"image_path": "/daintlab/home/rilab/github/frankmocap_notebooks/images/1X5A1789/scene_00000382.jpg", "body_bbox_list": [[473, 109, 160, 473]], "hand_bbox_list": [{"left_hand": [599.239013671875, 188.6628875732422, 22.14697265625, 43.763763427734375], "right_hand": [475.5129699707031, 186.4108428955078, 24.9219970703125, 42.886474609375]}]}