{"image_path": "/daintlab/home/rilab/github/frankmocap_notebooks/images/1X5A1789/scene_00000117.jpg", "body_bbox_list": [[468, 130, 170, 456]], "hand_bbox_list": [{"left_hand": [598.2450561523438, 205.0908966064453, 23.76141357421875, 40.351715087890625], "right_hand": [466.4466247558594, 208.21929931640625, 25.767181396484375, 41.095062255859375]}]}