{"image_path": "/daintlab/home/rilab/github/frankmocap_notebooks/images/1X5A1789/scene_00000553.jpg", "body_bbox_list": [[468, 187, 160, 397]], "hand_bbox_list": [{"left_hand": [593.218505859375, 289.8710632324219, 26.2655029296875, 41.80975341796875], "right_hand": [471.4181213378906, 295.2370300292969, 27.70599365234375, 36.2625732421875]}]}