{"image_path": "/daintlab/home/rilab/github/frankmocap_notebooks/images/1X5A1789/scene_00000688.jpg", "body_bbox_list": [[473, 119, 160, 463]], "hand_bbox_list": [{"left_hand": [598.2848510742188, 211.11012268066406, 23.17669677734375, 44.39967346191406], "right_hand": [478.9610595703125, 206.86663818359375, 25.04766845703125, 42.98271179199219]}]}