{"image_path": "/daintlab/home/rilab/github/frankmocap_notebooks/images/1X5A1789/scene_00000277.jpg", "body_bbox_list": [[462, 250, 177, 336]], "hand_bbox_list": [{"left_hand": [590.3663940429688, 325.3544616699219, 28.484375, 41.9361572265625], "right_hand": [468.2633361816406, 327.24652099609375, 26.131378173828125, 39.1143798828125]}]}