{"image_path": "/daintlab/home/rilab/github/frankmocap_notebooks/images/1X5A1789/scene_00000361.jpg", "body_bbox_list": [[473, 93, 155, 495]], "hand_bbox_list": [{"left_hand": [595.116943359375, 165.8629150390625, 25.2279052734375, 42.28436279296875], "right_hand": [472.85662841796875, 166.7233428955078, 25.91259765625, 43.14942932128906]}]}