{"image_path": "/daintlab/home/rilab/github/frankmocap_notebooks/images/1X5A1789/scene_00000650.jpg", "body_bbox_list": [[468, 109, 165, 478]], "hand_bbox_list": [{"left_hand": [593.0254516601562, 198.53970336914062, 25.5751953125, 44.69050598144531], "right_hand": [478.48382568359375, 200.09036254882812, 24.973846435546875, 42.03923034667969]}]}