{"image_path": "/daintlab/home/rilab/github/frankmocap_notebooks/images/1X5A1789/scene_00000157.jpg", "body_bbox_list": [[468, 297, 170, 287]], "hand_bbox_list": [{"left_hand": [598.663818359375, 377.03778076171875, 25.950927734375, 45.04315185546875], "right_hand": null}]}