{"image_path": "/daintlab/home/rilab/github/frankmocap_notebooks/images/1X5A1789/scene_00000124.jpg", "body_bbox_list": [[463, 156, 170, 429]], "hand_bbox_list": [{"left_hand": [596.7047729492188, 229.94688415527344, 23.9561767578125, 40.26420593261719], "right_hand": [467.5640563964844, 234.24688720703125, 27.7080078125, 37.5838623046875]}]}