{"image_path": "/daintlab/home/rilab/github/frankmocap_notebooks/images/1X5A1789/scene_00000497.jpg", "body_bbox_list": [[468, 98, 165, 490]], "hand_bbox_list": [{"left_hand": [601.4223022460938, 187.85536193847656, 24.60931396484375, 43.02336120605469], "right_hand": [478.65789794921875, 184.78955078125, 25.11004638671875, 40.45524597167969]}]}