{"image_path": "/daintlab/home/rilab/github/frankmocap_notebooks/images/1X5A1789/scene_00000300.jpg", "body_bbox_list": [[462, 292, 177, 292]], "hand_bbox_list": [{"left_hand": [588.9434814453125, 375.8516540527344, 29.05438232421875, 41.09515380859375], "right_hand": null}]}