{"image_path": "/daintlab/home/rilab/github/frankmocap_notebooks/images/1X5A1789/scene_00000427.jpg", "body_bbox_list": [[462, 271, 177, 314]], "hand_bbox_list": [{"left_hand": [591.8163452148438, 363.43658447265625, 29.39520263671875, 38.843170166015625], "right_hand": null}]}