{"image_path": "/daintlab/home/rilab/github/frankmocap_notebooks/images/1X5A1789/scene_00000360.jpg", "body_bbox_list": [[473, 93, 160, 495]], "hand_bbox_list": [{"left_hand": [594.7515258789062, 168.39002990722656, 25.12567138671875, 41.960235595703125], "right_hand": [475.3133239746094, 169.10374450683594, 24.8341064453125, 42.833770751953125]}]}