{"image_path": "/daintlab/home/rilab/github/frankmocap_notebooks/images/1X5A1789/scene_00000626.jpg", "body_bbox_list": [[468, 213, 170, 375]], "hand_bbox_list": [{"left_hand": [591.2752075195312, 318.2018737792969, 29.052978515625, 39.857574462890625], "right_hand": [473.0054626464844, 317.4901428222656, 28.04833984375, 37.622344970703125]}]}