{"image_path": "/daintlab/home/rilab/github/frankmocap_notebooks/images/1X5A1789/scene_00000630.jpg", "body_bbox_list": [[473, 198, 165, 390]], "hand_bbox_list": [{"left_hand": [593.905029296875, 299.55145263671875, 27.54547119140625, 39.920806884765625], "right_hand": [475.7874450683594, 299.6271667480469, 28.2501220703125, 36.805694580078125]}]}