{"image_path": "/daintlab/home/rilab/github/frankmocap_notebooks/images/1X5A1789/scene_00000195.jpg", "body_bbox_list": [[462, 187, 177, 402]], "hand_bbox_list": [{"left_hand": [597.6033325195312, 270.87158203125, 25.91552734375, 40.844879150390625], "right_hand": [471.0880126953125, 268.70111083984375, 26.687469482421875, 40.906494140625]}]}