{"image_path": "/daintlab/home/rilab/github/frankmocap_notebooks/images/1X5A1789/scene_00000378.jpg", "body_bbox_list": [[473, 103, 160, 485]], "hand_bbox_list": [{"left_hand": [599.29443359375, 174.55099487304688, 22.42236328125, 40.5308837890625], "right_hand": [475.2572021484375, 173.10882568359375, 25.77215576171875, 43.66203308105469]}]}