{"image_path": "/daintlab/home/rilab/github/frankmocap_notebooks/images/1X5A1789/scene_00000828.jpg", "body_bbox_list": [[467, 103, 177, 485]], "hand_bbox_list": [{"left_hand": [630.2875366210938, 323.6979064941406, 22.32220458984375, 52.3291015625], "right_hand": [470.67132568359375, 322.7662048339844, 21.073974609375, 54.843597412109375]}]}