{"image_path": "/daintlab/home/rilab/github/frankmocap_notebooks/images/1X5A1789/scene_00000141.jpg", "body_bbox_list": [[468, 234, 165, 353]], "hand_bbox_list": [{"left_hand": [595.5809326171875, 310.244384765625, 25.43115234375, 44.15411376953125], "right_hand": [465.552978515625, 316.88592529296875, 28.78448486328125, 38.412017822265625]}]}