{"image_path": "/daintlab/home/rilab/github/frankmocap_notebooks/images/1X5A1789/scene_00000765.jpg", "body_bbox_list": [[468, 250, 165, 336]], "hand_bbox_list": [{"left_hand": [582.41796875, 361.0204772949219, 27.00970458984375, 42.930145263671875], "right_hand": [469.2253723144531, 362.1682434082031, 29.0447998046875, 37.04541015625]}]}