{"image_path": "/daintlab/home/rilab/github/frankmocap_notebooks/images/1X5A1789/scene_00000216.jpg", "body_bbox_list": [[468, 93, 160, 495]], "hand_bbox_list": [{"left_hand": [592.6350708007812, 165.5316619873047, 23.6976318359375, 43.284637451171875], "right_hand": [468.7022705078125, 165.7405242919922, 25.6478271484375, 44.21427917480469]}]}