{"image_path": "/daintlab/home/rilab/github/frankmocap_notebooks/images/1X5A1789/scene_00000026.jpg", "body_bbox_list": [[446, 93, 214, 490]], "hand_bbox_list": [{"left_hand": [640.5271606445312, 349.91363525390625, 30.47039794921875, 39.52935791015625], "right_hand": [443.77294921875, 346.6662902832031, 28.662353515625, 45.80718994140625]}]}