{"image_path": "/daintlab/home/rilab/github/frankmocap_notebooks/images/1X5A1789/scene_00000348.jpg", "body_bbox_list": [[468, 124, 170, 468]], "hand_bbox_list": [{"left_hand": [594.2310180664062, 211.09042358398438, 24.9576416015625, 41.816558837890625], "right_hand": [477.8507080078125, 211.01882934570312, 25.011322021484375, 41.11167907714844]}]}