{"image_path": "/daintlab/home/rilab/github/frankmocap_notebooks/images/1X5A1789/scene_00000751.jpg", "body_bbox_list": [[473, 298, 160, 280]], "hand_bbox_list": [{"left_hand": [585.7080688476562, 399.8755187988281, 27.2852783203125, 42.585235595703125], "right_hand": [475.058837890625, 405.45623779296875, 27.740264892578125, 36.4805908203125]}]}