{"image_path": "/daintlab/home/rilab/github/frankmocap_notebooks/images/1X5A1789/scene_00000425.jpg", "body_bbox_list": [[467, 271, 177, 314]], "hand_bbox_list": [{"left_hand": [592.6513061523438, 353.01806640625, 28.64166259765625, 39.488983154296875], "right_hand": [474.7435607910156, 350.11676025390625, 25.43115234375, 42.951141357421875]}]}