{"image_path": "/daintlab/home/rilab/github/frankmocap_notebooks/images/1X5A1789/scene_00000503.jpg", "body_bbox_list": [[473, 93, 160, 495]], "hand_bbox_list": [{"left_hand": [603.0927124023438, 173.38088989257812, 23.91204833984375, 43.01966857910156], "right_hand": [478.8373718261719, 172.32931518554688, 24.70208740234375, 41.966400146484375]}]}