{"image_path": "/daintlab/home/rilab/github/frankmocap_notebooks/images/1X5A1789/scene_00000537.jpg", "body_bbox_list": [[468, 114, 165, 473]], "hand_bbox_list": [{"left_hand": [595.642578125, 208.32955932617188, 25.1322021484375, 43.53120422363281], "right_hand": [476.6509094238281, 206.37991333007812, 25.022674560546875, 42.39306640625]}]}