{"image_path": "/daintlab/home/rilab/github/frankmocap_notebooks/images/1X5A1789/scene_00000150.jpg", "body_bbox_list": [[462, 276, 177, 309]], "hand_bbox_list": [{"left_hand": [593.6785278320312, 354.2577209472656, 26.460205078125, 44.36077880859375], "right_hand": [467.4493713378906, 362.8428649902344, 25.899505615234375, 38.67864990234375]}]}