{"image_path": "/daintlab/home/rilab/github/frankmocap_notebooks/images/1X5A1789/scene_00000557.jpg", "body_bbox_list": [[468, 203, 165, 380]], "hand_bbox_list": [{"left_hand": [592.4177856445312, 307.95941162109375, 28.87078857421875, 37.559417724609375], "right_hand": [470.30548095703125, 312.4969482421875, 28.87384033203125, 37.229522705078125]}]}