{"image_path": "/daintlab/home/rilab/github/frankmocap_notebooks/images/1X5A1789/scene_00000087.jpg", "body_bbox_list": [[473, 103, 165, 485]], "hand_bbox_list": [{"left_hand": [609.6838989257812, 151.86416625976562, 25.69525146484375, 42.349853515625], "right_hand": [470.2316589355469, 155.39752197265625, 26.65740966796875, 44.089080810546875]}]}