{"image_path": "/daintlab/home/rilab/github/frankmocap_notebooks/images/1X5A1789/scene_00000241.jpg", "body_bbox_list": [[468, 103, 165, 485]], "hand_bbox_list": [{"left_hand": [596.7479248046875, 175.0502166748047, 24.04058837890625, 40.89476013183594], "right_hand": [475.3704833984375, 173.120849609375, 24.63983154296875, 43.563232421875]}]}