{"image_path": "/daintlab/home/rilab/github/frankmocap_notebooks/images/1X5A1789/scene_00000258.jpg", "body_bbox_list": [[463, 161, 165, 424]], "hand_bbox_list": [{"left_hand": [593.0806274414062, 237.3234405517578, 24.64532470703125, 41.73036193847656], "right_hand": [474.102783203125, 239.20584106445312, 25.67303466796875, 41.254486083984375]}]}