{"image_path": "/daintlab/home/rilab/github/frankmocap_notebooks/images/1X5A1789/scene_00000562.jpg", "body_bbox_list": [[468, 229, 160, 358]], "hand_bbox_list": [{"left_hand": [593.0632934570312, 330.0682373046875, 28.056640625, 38.682342529296875], "right_hand": [471.0868225097656, 335.80560302734375, 28.153717041015625, 35.870880126953125]}]}