{"image_path": "/daintlab/home/rilab/github/frankmocap_notebooks/images/1X5A1789/scene_00000647.jpg", "body_bbox_list": [[468, 119, 165, 468]], "hand_bbox_list": [{"left_hand": [592.2318115234375, 210.83901977539062, 26.64093017578125, 43.86181640625], "right_hand": [475.6764831542969, 213.39129638671875, 27.03338623046875, 43.526336669921875]}]}