{"image_path": "/daintlab/home/rilab/github/frankmocap_notebooks/images/1X5A1789/scene_00000148.jpg", "body_bbox_list": [[462, 271, 177, 314]], "hand_bbox_list": [{"left_hand": [594.0950927734375, 347.4158020019531, 26.16595458984375, 43.400238037109375], "right_hand": [466.55426025390625, 352.6716613769531, 26.662384033203125, 38.977447509765625]}]}