{"image_path": "/daintlab/home/rilab/github/frankmocap_notebooks/images/1X5A1789/scene_00000267.jpg", "body_bbox_list": [[468, 198, 165, 390]], "hand_bbox_list": [{"left_hand": [591.7344360351562, 276.87066650390625, 26.3680419921875, 42.15594482421875], "right_hand": [471.1069030761719, 275.32806396484375, 26.239654541015625, 41.31072998046875]}]}