{"image_path": "/daintlab/home/rilab/github/frankmocap_notebooks/images/1X5A1789/scene_00000580.jpg", "body_bbox_list": [[473, 297, 160, 287]], "hand_bbox_list": [{"left_hand": [587.2095336914062, 390.6581726074219, 28.40216064453125, 39.74029541015625], "right_hand": [476.3092346191406, 397.1931457519531, 26.62646484375, 38.58831787109375]}]}