{"image_path": "/daintlab/home/rilab/github/frankmocap_notebooks/images/1X5A1789/scene_00000178.jpg", "body_bbox_list": [[463, 261, 165, 324]], "hand_bbox_list": [{"left_hand": [590.9122924804688, 337.41961669921875, 27.4903564453125, 44.558380126953125], "right_hand": [465.0944519042969, 341.6708068847656, 25.723114013671875, 40.39068603515625]}]}