{"image_path": "/daintlab/home/rilab/github/frankmocap_notebooks/images/1X5A1789/scene_00000405.jpg", "body_bbox_list": [[473, 172, 165, 412]], "hand_bbox_list": [{"left_hand": [602.5248413085938, 258.5647888183594, 26.48779296875, 43.290283203125], "right_hand": [478.6895446777344, 260.15740966796875, 25.243316650390625, 39.9232177734375]}]}