{"image_path": "/daintlab/home/rilab/github/frankmocap_notebooks/images/1X5A1789/scene_00000188.jpg", "body_bbox_list": [[462, 219, 177, 368]], "hand_bbox_list": [{"left_hand": [595.17333984375, 300.00811767578125, 26.07733154296875, 42.9730224609375], "right_hand": [468.2212829589844, 300.3545227050781, 25.94488525390625, 40.689208984375]}]}