{"image_path": "/daintlab/home/rilab/github/frankmocap_notebooks/images/1X5A1789/scene_00000697.jpg", "body_bbox_list": [[468, 146, 165, 434]], "hand_bbox_list": [{"left_hand": [595.3486938476562, 236.43299865722656, 23.94171142578125, 43.29756164550781], "right_hand": [476.0960388183594, 239.1073455810547, 25.690521240234375, 39.94853210449219]}]}