{"image_path": "/daintlab/home/rilab/github/frankmocap_notebooks/images/1X5A1789/scene_00000665.jpg", "body_bbox_list": [[473, 93, 160, 495]], "hand_bbox_list": [{"left_hand": [602.9707641601562, 173.57313537597656, 22.66986083984375, 44.342864990234375], "right_hand": [480.0833740234375, 171.75437927246094, 24.40576171875, 42.314422607421875]}]}