{"image_path": "/daintlab/home/rilab/github/frankmocap_notebooks/images/1X5A1789/scene_00000460.jpg", "body_bbox_list": [[462, 276, 177, 309]], "hand_bbox_list": [{"left_hand": [592.5151977539062, 365.15081787109375, 26.44830322265625, 42.444061279296875], "right_hand": [474.54931640625, 362.3844299316406, 27.393951416015625, 38.286529541015625]}]}