{"image_path": "/daintlab/home/rilab/github/frankmocap_notebooks/images/1X5A1789/scene_00000419.jpg", "body_bbox_list": [[468, 234, 170, 353]], "hand_bbox_list": [{"left_hand": [595.2614135742188, 319.72564697265625, 25.81683349609375, 42.604705810546875], "right_hand": null}]}