{"image_path": "/daintlab/home/rilab/github/frankmocap_notebooks/images/1X5A1789/scene_00000795.jpg", "body_bbox_list": [[473, 103, 160, 485]], "hand_bbox_list": [{"left_hand": [598.4015502929688, 184.8011474609375, 22.85552978515625, 44.70234680175781], "right_hand": [480.77838134765625, 188.13885498046875, 25.386810302734375, 42.130157470703125]}]}