{"image_path": "/daintlab/home/rilab/github/frankmocap_notebooks/images/1X5A1789/scene_00000376.jpg", "body_bbox_list": [[473, 98, 160, 490]], "hand_bbox_list": [{"left_hand": [599.3571166992188, 167.41659545898438, 22.6114501953125, 41.573516845703125], "right_hand": [475.602783203125, 166.5538787841797, 25.532867431640625, 42.56010437011719]}]}