{"image_path": "/daintlab/home/rilab/github/frankmocap_notebooks/images/1X5A1789/scene_00000704.jpg", "body_bbox_list": [[468, 161, 170, 424]], "hand_bbox_list": [{"left_hand": [592.1929931640625, 260.40228271484375, 26.62542724609375, 42.0263671875], "right_hand": [473.1913146972656, 260.3581237792969, 25.916351318359375, 40.67083740234375]}]}