{"image_path": "/daintlab/home/rilab/github/frankmocap_notebooks/images/1X5A1789/scene_00000052.jpg", "body_bbox_list": [[462, 98, 187, 490]], "hand_bbox_list": [{"left_hand": [624.4421997070312, 341.7203063964844, 28.5882568359375, 51.657012939453125], "right_hand": [465.6213073730469, 344.458251953125, 27.707366943359375, 49.89984130859375]}]}