{"image_path": "/daintlab/home/rilab/github/frankmocap_notebooks/images/1X5A1789/scene_00000059.jpg", "body_bbox_list": [[467, 98, 177, 490]], "hand_bbox_list": [{"left_hand": [617.4555053710938, 309.6607360839844, 26.83447265625, 52.277557373046875], "right_hand": [466.5363464355469, 318.3143310546875, 30.208770751953125, 52.7950439453125]}]}