{"image_path": "/daintlab/home/rilab/github/frankmocap_notebooks/images/1X5A1789/scene_00000140.jpg", "body_bbox_list": [[462, 229, 177, 358]], "hand_bbox_list": [{"left_hand": [596.7109985351562, 306.4271240234375, 24.88409423828125, 41.872039794921875], "right_hand": [466.02020263671875, 311.88079833984375, 28.610626220703125, 38.196197509765625]}]}