{"image_path": "/daintlab/home/rilab/github/frankmocap_notebooks/images/1X5A1789/scene_00000090.jpg", "body_bbox_list": [[473, 103, 165, 485]], "hand_bbox_list": [{"left_hand": [610.2291259765625, 153.02415466308594, 25.10174560546875, 41.74473571777344], "right_hand": [469.1251220703125, 158.01268005371094, 26.158538818359375, 45.20262145996094]}]}