{"image_path": "/daintlab/home/rilab/github/frankmocap_notebooks/images/1X5A1789/scene_00000415.jpg", "body_bbox_list": [[468, 213, 170, 375]], "hand_bbox_list": [{"left_hand": [597.794921875, 300.5472412109375, 28.6268310546875, 42.62646484375], "right_hand": [475.9983825683594, 307.26861572265625, 25.57232666015625, 40.033905029296875]}]}