{"image_path": "/daintlab/home/rilab/github/frankmocap_notebooks/images/1X5A1789/scene_00000303.jpg", "body_bbox_list": [[468, 292, 170, 292]], "hand_bbox_list": [{"left_hand": [588.3369140625, 378.99725341796875, 29.7850341796875, 38.9630126953125], "right_hand": [471.2495422363281, 379.5804443359375, 26.470703125, 38.71307373046875]}]}