{"image_path": "/daintlab/home/rilab/github/frankmocap_notebooks/images/1X5A1789/scene_00000783.jpg", "body_bbox_list": [[463, 161, 165, 424]], "hand_bbox_list": [{"left_hand": [588.4483032226562, 260.23492431640625, 28.53240966796875, 44.059783935546875], "right_hand": null}]}