{"image_path": "/daintlab/home/rilab/github/frankmocap_notebooks/images/1X5A1789/scene_00000809.jpg", "body_bbox_list": [[473, 93, 160, 495]], "hand_bbox_list": [{"left_hand": [595.3965454101562, 157.9204864501953, 23.4815673828125, 46.59062194824219], "right_hand": [478.8597412109375, 157.73587036132812, 25.076202392578125, 44.60810852050781]}]}