{"image_path": "/daintlab/home/rilab/github/frankmocap_notebooks/images/1X5A1789/scene_00000652.jpg", "body_bbox_list": [[468, 103, 165, 485]], "hand_bbox_list": [{"left_hand": [594.9201049804688, 191.8945770263672, 24.1021728515625, 43.84907531738281], "right_hand": [478.113037109375, 190.20050048828125, 25.1712646484375, 42.13783264160156]}]}