{"image_path": "/daintlab/home/rilab/github/frankmocap_notebooks/images/1X5A1789/scene_00000812.jpg", "body_bbox_list": [[473, 93, 155, 495]], "hand_bbox_list": [{"left_hand": [596.1007690429688, 164.9286651611328, 22.6190185546875, 45.28999328613281], "right_hand": [479.8177185058594, 164.64146423339844, 23.914093017578125, 44.773834228515625]}]}