{"image_path": "/daintlab/home/rilab/github/frankmocap_notebooks/images/1X5A1789/scene_00000618.jpg", "body_bbox_list": [[468, 250, 165, 336]], "hand_bbox_list": [{"left_hand": [588.4212036132812, 351.121826171875, 29.52520751953125, 38.989166259765625], "right_hand": [472.5915222167969, 349.9454345703125, 29.092803955078125, 37.777069091796875]}]}