{"image_path": "/daintlab/home/rilab/github/frankmocap_notebooks/images/1X5A1789/scene_00000313.jpg", "body_bbox_list": [[463, 276, 170, 309]], "hand_bbox_list": [{"left_hand": [585.5538940429688, 360.62957763671875, 29.6171875, 39.7236328125], "right_hand": [468.2923583984375, 360.6596374511719, 25.78619384765625, 39.862030029296875]}]}