{"image_path": "/daintlab/home/rilab/github/frankmocap_notebooks/images/1X5A1789/scene_00000682.jpg", "body_bbox_list": [[473, 103, 160, 485]], "hand_bbox_list": [{"left_hand": [602.4988403320312, 189.1061553955078, 22.712890625, 46.54853820800781], "right_hand": [482.0379943847656, 186.83668518066406, 24.78851318359375, 43.20457458496094]}]}