{"image_path": "/daintlab/home/rilab/github/frankmocap_notebooks/images/1X5A1789/scene_00000400.jpg", "body_bbox_list": [[473, 166, 165, 419]], "hand_bbox_list": [{"left_hand": [605.0219116210938, 244.0303192138672, 25.345458984375, 41.97230529785156], "right_hand": [480.6393737792969, 242.16567993164062, 25.35382080078125, 43.03057861328125]}]}