{"image_path": "/daintlab/home/rilab/github/frankmocap_notebooks/images/1X5A1789/scene_00000680.jpg", "body_bbox_list": [[473, 103, 160, 485]], "hand_bbox_list": [{"left_hand": [602.1683959960938, 186.58761596679688, 22.23907470703125, 44.59881591796875], "right_hand": [481.0592956542969, 184.4818115234375, 25.454193115234375, 43.16404724121094]}]}