{"image_path": "/daintlab/home/rilab/github/frankmocap_notebooks/images/1X5A1789/scene_00000666.jpg", "body_bbox_list": [[473, 93, 160, 495]], "hand_bbox_list": [{"left_hand": [602.0836791992188, 173.8021240234375, 22.76324462890625, 43.65956115722656], "right_hand": [480.76861572265625, 172.4609832763672, 24.397003173828125, 44.12919616699219]}]}