{"image_path": "/daintlab/home/rilab/github/frankmocap_notebooks/images/1X5A1789/scene_00000743.jpg", "body_bbox_list": [[473, 303, 165, 275]], "hand_bbox_list": [{"left_hand": [586.2938842773438, 398.2407531738281, 29.04022216796875, 42.147186279296875], "right_hand": [475.8730163574219, 404.5261535644531, 27.14208984375, 36.552764892578125]}]}