{"image_path": "/daintlab/home/rilab/github/frankmocap_notebooks/images/1X5A1789/scene_00000181.jpg", "body_bbox_list": [[463, 250, 170, 336]], "hand_bbox_list": [{"left_hand": [590.7500610351562, 322.4685363769531, 27.2462158203125, 44.509796142578125], "right_hand": [463.6073913574219, 325.53851318359375, 27.883941650390625, 38.52203369140625]}]}