{"image_path": "/daintlab/home/rilab/github/frankmocap_notebooks/images/1X5A1789/scene_00000023.jpg", "body_bbox_list": [[456, 93, 204, 495]], "hand_bbox_list": [{"left_hand": [632.7583618164062, 352.5480651855469, 32.4459228515625, 39.48681640625], "right_hand": [455.9784851074219, 350.0988464355469, 28.153411865234375, 44.73681640625]}]}