{"image_path": "/daintlab/home/rilab/github/frankmocap_notebooks/images/1X5A1789/scene_00000132.jpg", "body_bbox_list": [[463, 187, 170, 397]], "hand_bbox_list": [{"left_hand": [598.000732421875, 264.5120849609375, 24.72357177734375, 42.743560791015625], "right_hand": [469.4952697753906, 267.145751953125, 27.8458251953125, 38.604644775390625]}]}