{"image_path": "/daintlab/home/rilab/github/frankmocap_notebooks/images/1X5A1789/scene_00000227.jpg", "body_bbox_list": [[473, 98, 155, 490]], "hand_bbox_list": [{"left_hand": [597.537109375, 162.0817413330078, 23.5452880859375, 42.49334716796875], "right_hand": [474.716796875, 164.76889038085938, 25.12847900390625, 43.042205810546875]}]}