{"image_path": "/daintlab/home/rilab/github/frankmocap_notebooks/images/1X5A1789/scene_00000063.jpg", "body_bbox_list": [[467, 98, 177, 490]], "hand_bbox_list": [{"left_hand": [615.269775390625, 289.1468505859375, 25.8314208984375, 51.575592041015625], "right_hand": [469.8787841796875, 299.8388366699219, 27.093780517578125, 50.486663818359375]}]}