{"image_path": "/daintlab/home/rilab/github/frankmocap_notebooks/images/1X5A1789/scene_00000725.jpg", "body_bbox_list": [[468, 255, 165, 331]], "hand_bbox_list": [{"left_hand": [584.07861328125, 356.050048828125, 30.46221923828125, 40.433380126953125], "right_hand": [471.44024658203125, 361.18060302734375, 27.77825927734375, 36.42620849609375]}]}