{"image_path": "/daintlab/home/rilab/github/frankmocap_notebooks/images/1X5A1789/scene_00000833.jpg", "body_bbox_list": [[462, 98, 192, 490]], "hand_bbox_list": [{"left_hand": [635.0350952148438, 347.2385559082031, 20.225830078125, 59.6307373046875], "right_hand": [471.30291748046875, 348.11328125, 22.2347412109375, 60.18359375]}]}