{"image_path": "/daintlab/home/rilab/github/frankmocap_notebooks/images/1X5A1789/scene_00000657.jpg", "body_bbox_list": [[468, 93, 160, 495]], "hand_bbox_list": [{"left_hand": [598.6013793945312, 174.4718475341797, 23.427001953125, 42.82069396972656], "right_hand": [477.66448974609375, 174.12472534179688, 24.91668701171875, 42.95750427246094]}]}