{"image_path": "/daintlab/home/rilab/github/frankmocap_notebooks/images/1X5A1789/scene_00000112.jpg", "body_bbox_list": [[468, 124, 170, 463]], "hand_bbox_list": [{"left_hand": [601.7578735351562, 188.48297119140625, 26.0791015625, 38.73594665527344], "right_hand": [469.3275146484375, 190.8790740966797, 28.129486083984375, 38.672210693359375]}]}