{"image_path": "/home/hyem/workspace/frankmocap_notebooks/images/D9H-eRIROA/scene_00009382.jpg", "body_bbox_list": [[446, 212, 335, 408]], "hand_bbox_list": [{"left_hand": [556.2884521484375, 530.4127807617188, 71.5955810546875, 84.30499267578125], "right_hand": [556.2884521484375, 530.4127807617188, 71.5955810546875, 84.30499267578125]}]}