{"image_path": "/home/hyem/workspace/frankmocap_notebooks/images/D9H-eRIROA/scene_00005865.jpg", "body_bbox_list": [[522, 160, 148, 457]], "hand_bbox_list": [{"left_hand": [615.4268188476562, 289.2352600097656, 16.27203369140625, 12.4267578125], "right_hand": [527.7601928710938, 266.3146667480469, 33.63861083984375, 36.56439208984375]}]}