{"image_path": "/home/hyem/workspace/frankmocap_notebooks/images/D9H-eRIROA/scene_00005660.jpg", "body_bbox_list": [[532, 153, 185, 470], [754, 109, 112, 457]], "hand_bbox_list": [{"left_hand": [701.7709350585938, 356.8352966308594, 27.1246337890625, 43.704132080078125], "right_hand": [599.7369995117188, 279.2811279296875, 38.7374267578125, 35.299285888671875]}, {"left_hand": null, "right_hand": null}]}