{"image_path": "/home/hyem/workspace/frankmocap_notebooks/images/D9H-eRIROA/scene_00001042.jpg", "body_bbox_list": [[544, 152, 155, 484], [376, 103, 142, 458]], "hand_bbox_list": [{"left_hand": [633.4572143554688, 232.85250854492188, 51.90478515625, 53.05206298828125], "right_hand": [593.8191528320312, 253.012939453125, 41.1114501953125, 43.420196533203125]}, {"left_hand": null, "right_hand": null}]}