{"image_path": "/home/hyem/workspace/frankmocap_notebooks/images/D9H-eRIROA/scene_00005588.jpg", "body_bbox_list": [[475, 182, 321, 457]], "hand_bbox_list": [{"left_hand": [779.6367797851562, 175.44992065429688, 53.701171875, 40.96234130859375], "right_hand": [554.8424682617188, 374.6061096191406, 51.81134033203125, 48.17254638671875]}]}