{"image_path": "/home/hyem/workspace/frankmocap_notebooks/images/D9H-eRIROA/scene_00005907.jpg", "body_bbox_list": [[534, 171, 142, 446], [720, 113, 129, 354]], "hand_bbox_list": [{"left_hand": [651.5940551757812, 398.4079284667969, 24.16796875, 32.763336181640625], "right_hand": [540.5185546875, 407.8563232421875, 21.256103515625, 27.8262939453125]}, {"left_hand": null, "right_hand": null}]}