{"image_path": "/home/hyem/workspace/frankmocap_notebooks/images/D9H-eRIROA/scene_00002337.jpg", "body_bbox_list": [[467, 176, 259, 446], [734, 125, 180, 346]], "hand_bbox_list": [{"left_hand": [680.48876953125, 367.47998046875, 41.93780517578125, 33.91839599609375], "right_hand": [467.22125244140625, 213.417236328125, 32.40008544921875, 41.30145263671875]}, {"left_hand": null, "right_hand": null}]}