{"image_path": "/home/hyem/workspace/frankmocap_notebooks/images/D9H-eRIROA/scene_00007219.jpg", "body_bbox_list": [[468, 150, 229, 544]], "hand_bbox_list": [{"left_hand": [450.02008056640625, 184.44488525390625, 38.542572021484375, 35.73970031738281], "right_hand": [450.02008056640625, 184.44488525390625, 38.542572021484375, 35.73970031738281]}]}