{"image_path": "/home/hyem/workspace/frankmocap_notebooks/images/D9H-eRIROA/scene_00004367.jpg", "body_bbox_list": [[563, 165, 235, 452], [750, 123, 210, 148]], "hand_bbox_list": [{"left_hand": [784.0744018554688, 307.46087646484375, 33.9979248046875, 40.257415771484375], "right_hand": [583.4055786132812, 298.4968566894531, 34.11895751953125, 32.556915283203125]}, {"left_hand": null, "right_hand": null}]}