{"image_path": "/home/hyem/workspace/frankmocap_notebooks/images/D9H-eRIROA/scene_00000875.jpg", "body_bbox_list": [[538, 146, 156, 495], [370, 95, 148, 378]], "hand_bbox_list": [{"left_hand": [597.4207763671875, 284.75244140625, 34.61480712890625, 43.47015380859375], "right_hand": [597.4207763671875, 284.75244140625, 34.61480712890625, 43.47015380859375]}, {"left_hand": null, "right_hand": null}]}