{"image_path": "/home/hyem/workspace/frankmocap_notebooks/images/D9H-eRIROA/scene_00002363.jpg", "body_bbox_list": [[441, 176, 310, 452]], "hand_bbox_list": [{"left_hand": [719.0772094726562, 295.4644470214844, 35.20806884765625, 48.47808837890625], "right_hand": [443.6614685058594, 335.08050537109375, 36.439544677734375, 44.222686767578125]}]}