{"image_path": "/home/hyem/workspace/frankmocap_notebooks/images/D9H-eRIROA/scene_00005651.jpg", "body_bbox_list": [[568, 153, 124, 470]], "hand_bbox_list": [{"left_hand": [673.1808471679688, 355.1570739746094, 27.22528076171875, 41.9908447265625], "right_hand": [608.07177734375, 191.8559112548828, 34.57757568359375, 35.9603271484375]}]}