{"image_path": "/home/hyem/workspace/frankmocap_notebooks/images/D9H-eRIROA/scene_00005393.jpg", "body_bbox_list": [[457, 126, 346, 552]], "hand_bbox_list": [{"left_hand": [529.9013671875, 404.5498352050781, 77.64324951171875, 69.6461181640625], "right_hand": [467.3226623535156, 474.3329162597656, 72.33145141601562, 82.77981567382812]}]}