{"image_path": "/home/hyem/workspace/frankmocap_notebooks/images/D9H-eRIROA/scene_00002158.jpg", "body_bbox_list": [[506, 177, 259, 433]], "hand_bbox_list": [{"left_hand": [725.5275268554688, 324.21875, 43.36895751953125, 48.230865478515625], "right_hand": [511.6826477050781, 331.9779357910156, 44.012664794921875, 45.446075439453125]}]}