{"image_path": "/home/hyem/workspace/frankmocap_notebooks/images/D9H-eRIROA/scene_00007331.jpg", "body_bbox_list": [[487, 217, 286, 433], [770, 165, 254, 334]], "hand_bbox_list": [{"left_hand": [698.5796508789062, 343.123291015625, 43.10565185546875, 47.231842041015625], "right_hand": [506.8127746582031, 344.49017333984375, 50.384429931640625, 50.140777587890625]}, {"left_hand": null, "right_hand": null}]}