{"image_path": "/home/hyem/workspace/frankmocap_notebooks/images/D9H-eRIROA/scene_00006872.jpg", "body_bbox_list": [[474, 81, 340, 558]], "hand_bbox_list": [{"left_hand": [583.0687866210938, 413.99261474609375, 112.6768798828125, 125.900146484375], "right_hand": [583.0687866210938, 413.99261474609375, 112.6768798828125, 125.900146484375]}]}