{"image_path": "/home/hyem/workspace/frankmocap_notebooks/images/D9H-eRIROA/scene_00002351.jpg", "body_bbox_list": [[452, 171, 311, 457]], "hand_bbox_list": [{"left_hand": [732.9246826171875, 256.24053955078125, 47.34759521484375, 54.275787353515625], "right_hand": [445.0936584472656, 261.9775085449219, 36.13775634765625, 57.587127685546875]}]}