{"image_path": "/home/hyem/workspace/frankmocap_notebooks/images/D9H-eRIROA/scene_00001580.jpg", "body_bbox_list": [[530, 146, 234, 490], [792, 162, 137, 408]], "hand_bbox_list": [{"left_hand": [744.4009399414062, 296.91497802734375, 37.26776123046875, 45.50823974609375], "right_hand": [525.5859985351562, 279.102294921875, 35.7896728515625, 50.593719482421875]}, {"left_hand": null, "right_hand": null}]}