{"image_path": "/home/hyem/workspace/frankmocap_notebooks/images/D9H-eRIROA/scene_00002727.jpg", "body_bbox_list": [[498, 200, 292, 433], [741, 199, 161, 311]], "hand_bbox_list": [{"left_hand": [678.41162109375, 391.7660217285156, 31.65673828125, 32.85968017578125], "right_hand": [508.00262451171875, 405.3099670410156, 35.059326171875, 36.777069091796875]}, {"left_hand": null, "right_hand": null}]}