{"image_path": "/home/hyem/workspace/frankmocap_notebooks/images/D9H-eRIROA/scene_00003426.jpg", "body_bbox_list": [[555, 154, 161, 457], [712, 119, 180, 235]], "hand_bbox_list": [{"left_hand": [698.4957885742188, 253.4649200439453, 32.2698974609375, 36.09370422363281], "right_hand": [591.304931640625, 289.53143310546875, 41.47222900390625, 35.51629638671875]}, {"left_hand": null, "right_hand": null}]}