{"image_path": "/home/hyem/workspace/frankmocap_notebooks/images/D9H-eRIROA/scene_00008820.jpg", "body_bbox_list": [[495, 159, 248, 481]], "hand_bbox_list": [{"left_hand": [645.1948852539062, 246.07025146484375, 50.9815673828125, 42.00738525390625], "right_hand": [490.1385192871094, 328.4259948730469, 38.992156982421875, 42.935211181640625]}]}