{"image_path": "/home/hyem/workspace/frankmocap_notebooks/images/D9H-eRIROA/scene_00008589.jpg", "body_bbox_list": [[436, 152, 191, 495], [676, 121, 88, 321]], "hand_bbox_list": [{"left_hand": [596.2792358398438, 307.47381591796875, 45.80401611328125, 32.758087158203125], "right_hand": [472.71832275390625, 265.8676452636719, 44.60284423828125, 36.30474853515625]}, {"left_hand": null, "right_hand": null}]}