{"image_path": "/home/hyem/workspace/frankmocap_notebooks/images/D9H-eRIROA/scene_00000991.jpg", "body_bbox_list": [[549, 140, 162, 508], [389, 98, 105, 451]], "hand_bbox_list": [{"left_hand": [596.6472778320312, 297.0592346191406, 50.35113525390625, 42.0450439453125], "right_hand": [596.6472778320312, 297.0592346191406, 50.35113525390625, 42.0450439453125]}, {"left_hand": null, "right_hand": null}]}