{"image_path": "/home/hyem/workspace/frankmocap_notebooks/images/D9H-eRIROA/scene_00009232.jpg", "body_bbox_list": [[359, 88, 390, 538]], "hand_bbox_list": [{"left_hand": [534.8426513671875, 431.82012939453125, 90.45294189453125, 80.85919189453125], "right_hand": [500.873046875, 402.7611389160156, 73.03729248046875, 69.09176635742188]}]}