{"image_path": "/home/hyem/workspace/frankmocap_notebooks/images/D9H-eRIROA/scene_00004769.jpg", "body_bbox_list": [[517, 194, 243, 433], [815, 148, 137, 334]], "hand_bbox_list": [{"left_hand": [740.5347900390625, 356.513671875, 26.5953369140625, 32.16015625], "right_hand": [737.5709228515625, 332.295166015625, 23.09710693359375, 29.110015869140625]}, {"left_hand": null, "right_hand": null}]}