{"image_path": "/home/hyem/workspace/frankmocap_notebooks/images/D9H-eRIROA/scene_00000961.jpg", "body_bbox_list": [[565, 134, 180, 520], [365, 88, 137, 403]], "hand_bbox_list": [{"left_hand": [626.6531372070312, 288.7251892089844, 52.8560791015625, 42.547943115234375], "right_hand": [626.6531372070312, 288.7251892089844, 52.8560791015625, 42.547943115234375]}, {"left_hand": null, "right_hand": null}]}