{"image_path": "/home/hyem/workspace/frankmocap_notebooks/images/D9H-eRIROA/scene_00001319.jpg", "body_bbox_list": [[539, 165, 148, 446], [429, 122, 104, 408]], "hand_bbox_list": [{"left_hand": [592.2208862304688, 291.5971374511719, 42.82684326171875, 34.944610595703125], "right_hand": [592.2208862304688, 291.5971374511719, 42.82684326171875, 34.944610595703125]}, {"left_hand": null, "right_hand": null}]}