{"image_path": "/home/hyem/workspace/frankmocap_notebooks/images/D9H-eRIROA/scene_00007465.jpg", "body_bbox_list": [[495, 188, 259, 440], [671, 140, 210, 384]], "hand_bbox_list": [{"left_hand": [492.50140380859375, 322.7325134277344, 20.36077880859375, 25.0477294921875], "right_hand": [492.50140380859375, 322.7325134277344, 20.36077880859375, 25.0477294921875]}, {"left_hand": null, "right_hand": null}]}