{"image_path": "/home/hyem/workspace/frankmocap_notebooks/images/D9H-eRIROA/scene_00003120.jpg", "body_bbox_list": [[545, 165, 243, 457], [784, 106, 204, 378]], "hand_bbox_list": [{"left_hand": [758.6072998046875, 192.9498291015625, 36.66796875, 38.11578369140625], "right_hand": [549.7550659179688, 211.57733154296875, 30.22808837890625, 31.468582153320312]}, {"left_hand": null, "right_hand": null}]}