{"image_path": "/home/hyem/workspace/frankmocap_notebooks/images/D9H-eRIROA/scene_00002035.jpg", "body_bbox_list": [[568, 171, 129, 440]], "hand_bbox_list": [{"left_hand": [678.268798828125, 404.19390869140625, 24.30572509765625, 39.1146240234375], "right_hand": [570.5226440429688, 414.869384765625, 27.35699462890625, 36.66058349609375]}]}