{"image_path": "/home/hyem/workspace/frankmocap_notebooks/images/D9H-eRIROA/scene_00009085.jpg", "body_bbox_list": [[421, 100, 384, 620]], "hand_bbox_list": [{"left_hand": [743.5975952148438, 446.9298400878906, 65.73052978515625, 83.32968139648438], "right_hand": [410.34967041015625, 442.02789306640625, 59.039703369140625, 78.923583984375]}]}