{"image_path": "/home/hyem/workspace/frankmocap_notebooks/images/D9H-eRIROA/scene_00002038.jpg", "body_bbox_list": [[562, 189, 148, 427], [773, 217, 74, 185]], "hand_bbox_list": [{"left_hand": [675.2598266601562, 414.6143493652344, 29.958984375, 34.566619873046875], "right_hand": [563.4525146484375, 423.80633544921875, 32.738525390625, 34.8759765625]}, {"left_hand": null, "right_hand": null}]}