{"image_path": "/home/hyem/workspace/frankmocap_notebooks/images/D9H-eRIROA/scene_00005789.jpg", "body_bbox_list": [[499, 168, 161, 514]], "hand_bbox_list": [{"left_hand": [536.7516479492188, 197.03546142578125, 28.8997802734375, 32.51597595214844], "right_hand": [486.4969787597656, 227.39308166503906, 34.638885498046875, 43.47602844238281]}]}