{"image_path": "/home/hyem/workspace/frankmocap_notebooks/images/D9H-eRIROA/scene_00001521.jpg", "body_bbox_list": [[573, 148, 148, 458], [778, 124, 75, 354], [753, 346, 18, 191]], "hand_bbox_list": [{"left_hand": [666.7193603515625, 277.39642333984375, 32.3487548828125, 40.987457275390625], "right_hand": [608.027099609375, 288.2499084472656, 32.3702392578125, 34.01934814453125]}, {"left_hand": null, "right_hand": null}, {"left_hand": null, "right_hand": null}]}