{"image_path": "/home/hyem/workspace/frankmocap_notebooks/images/D9H-eRIROA/scene_00009676.jpg", "body_bbox_list": [[91, 95, 341, 620]], "hand_bbox_list": [{"left_hand": [247.0624237060547, 306.7051696777344, 60.49845886230469, 80.07537841796875], "right_hand": null}]}