{"image_path": "/home/hyem/workspace/frankmocap_notebooks/images/D9H-eRIROA/scene_00008414.jpg", "body_bbox_list": [[524, 152, 229, 484], [800, 180, 105, 242]], "hand_bbox_list": [{"left_hand": [652.7002563476562, 263.336181640625, 48.2164306640625, 43.490264892578125], "right_hand": [543.4393310546875, 330.36651611328125, 31.73187255859375, 42.1317138671875]}, {"left_hand": null, "right_hand": null}]}