{"image_path": "/home/hyem/workspace/frankmocap_notebooks/images/D9H-eRIROA/scene_00004468.jpg", "body_bbox_list": [[512, 241, 248, 384], [801, 209, 80, 223]], "hand_bbox_list": [{"left_hand": null, "right_hand": [662.9876708984375, 452.60235595703125, 30.6072998046875, 28.5286865234375]}, {"left_hand": null, "right_hand": null}]}