{"image_path": "/home/hyem/workspace/frankmocap_notebooks/images/D9H-eRIROA/scene_00007654.jpg", "body_bbox_list": [[431, 164, 291, 465], [754, 122, 112, 403]], "hand_bbox_list": [{"left_hand": [625.6260375976562, 253.08189392089844, 49.8319091796875, 43.96519470214844], "right_hand": [405.094970703125, 227.5171356201172, 53.0601806640625, 53.67271423339844]}, {"left_hand": null, "right_hand": null}]}