{"image_path": "/home/hyem/workspace/frankmocap_notebooks/images/D9H-eRIROA/scene_00006221.jpg", "body_bbox_list": [[544, 164, 161, 465], [754, 130, 129, 365]], "hand_bbox_list": [{"left_hand": [692.7819213867188, 373.4178466796875, 26.1822509765625, 45.61334228515625], "right_hand": [551.952392578125, 412.6781005859375, 22.05572509765625, 27.62921142578125]}, {"left_hand": null, "right_hand": null}]}