{"image_path": "/home/hyem/workspace/frankmocap_notebooks/images/D9H-eRIROA/scene_00004785.jpg", "body_bbox_list": [[538, 193, 161, 441], [718, 139, 167, 414]], "hand_bbox_list": [{"left_hand": [575.7965698242188, 353.8233947753906, 32.006591796875, 30.69573974609375], "right_hand": [537.2833251953125, 360.27716064453125, 29.4019775390625, 30.639373779296875]}, {"left_hand": null, "right_hand": null}]}