{"image_path": "/home/hyem/workspace/frankmocap_notebooks/images/D9H-eRIROA/scene_00001310.jpg", "body_bbox_list": [[545, 165, 148, 446]], "hand_bbox_list": [{"left_hand": [590.535400390625, 333.9468688964844, 36.3438720703125, 30.993865966796875], "right_hand": [590.535400390625, 333.9468688964844, 36.3438720703125, 30.993865966796875]}]}