{"image_path": "/home/hyem/workspace/frankmocap_notebooks/images/D9H-eRIROA/scene_00002710.jpg", "body_bbox_list": [[486, 164, 210, 465], [706, 111, 180, 403]], "hand_bbox_list": [{"left_hand": [655.6834106445312, 302.58782958984375, 33.7501220703125, 39.144866943359375], "right_hand": [492.1797180175781, 396.6279602050781, 35.095611572265625, 33.69927978515625]}, {"left_hand": null, "right_hand": null}]}