{"image_path": "/home/hyem/workspace/frankmocap_notebooks/images/D9H-eRIROA/scene_00006392.jpg", "body_bbox_list": [[537, 147, 192, 476], [736, 103, 137, 452]], "hand_bbox_list": [{"left_hand": [635.461181640625, 262.3731689453125, 52.24212646484375, 43.9891357421875], "right_hand": [574.4890747070312, 266.0771789550781, 50.420654296875, 37.110931396484375]}, {"left_hand": null, "right_hand": null}]}