{"image_path": "/home/hyem/workspace/frankmocap_notebooks/images/D9H-eRIROA/scene_00006944.jpg", "body_bbox_list": [[539, 171, 143, 446], [733, 126, 75, 440]], "hand_bbox_list": [{"left_hand": [583.1422729492188, 319.67926025390625, 43.0313720703125, 27.919921875], "right_hand": [583.1422729492188, 319.67926025390625, 43.0313720703125, 27.919921875]}, {"left_hand": null, "right_hand": null}]}