{"image_path": "/home/hyem/workspace/frankmocap_notebooks/images/D9H-eRIROA/scene_00005683.jpg", "body_bbox_list": [[513, 153, 234, 465]], "hand_bbox_list": [{"left_hand": [736.114501953125, 122.02153778076172, 38.4967041015625, 50.555213928222656], "right_hand": [563.7188720703125, 335.6177062988281, 48.61297607421875, 34.689178466796875]}]}