{"image_path": "/home/hyem/workspace/frankmocap_notebooks/images/D9H-eRIROA/scene_00006041.jpg", "body_bbox_list": [[735, 126, 173, 446], [535, 168, 129, 514], [826, 344, 13, 235]], "hand_bbox_list": [{"left_hand": null, "right_hand": null}, {"left_hand": [577.3894653320312, 232.4279327392578, 29.54296875, 28.055679321289062], "right_hand": [527.5391235351562, 240.5767364501953, 30.89501953125, 38.60255432128906]}, {"left_hand": null, "right_hand": null}]}