{"image_path": "/home/hyem/workspace/frankmocap_notebooks/images/D9H-eRIROA/scene_00007416.jpg", "body_bbox_list": [[477, 194, 272, 433], [672, 147, 192, 353], [784, 335, 80, 180]], "hand_bbox_list": [{"left_hand": [477.43438720703125, 335.35888671875, 27.282073974609375, 30.027374267578125], "right_hand": [477.43438720703125, 335.35888671875, 27.282073974609375, 30.027374267578125]}, {"left_hand": null, "right_hand": null}, {"left_hand": null, "right_hand": null}]}