{"image_path": "/home/hyem/workspace/frankmocap_notebooks/images/D9H-eRIROA/scene_00008505.jpg", "body_bbox_list": [[526, 153, 191, 476], [724, 100, 167, 509]], "hand_bbox_list": [{"left_hand": [700.3151245117188, 401.7374572753906, 28.997802734375, 39.851959228515625], "right_hand": [526.012939453125, 398.33245849609375, 31.90277099609375, 42.484283447265625]}, {"left_hand": null, "right_hand": null}]}