{"image_path": "/home/hyem/workspace/frankmocap_notebooks/images/D9H-eRIROA/scene_00006402.jpg", "body_bbox_list": [[707, 107, 172, 484], [544, 147, 172, 476]], "hand_bbox_list": [{"left_hand": null, "right_hand": null}, {"left_hand": [637.2337646484375, 251.8860321044922, 49.6072998046875, 39.85200500488281], "right_hand": [578.96044921875, 254.85476684570312, 45.83306884765625, 39.955322265625]}]}