{"image_path": "/home/hyem/workspace/frankmocap_notebooks/images/D9H-eRIROA/scene_00009482.jpg", "body_bbox_list": [[364, 100, 397, 620]], "hand_bbox_list": [{"left_hand": [656.1934814453125, 245.47323608398438, 69.245849609375, 65.80862426757812], "right_hand": [335.0638427734375, 288.11981201171875, 71.3758544921875, 68.26629638671875]}]}