{"image_path": "/home/hyem/workspace/frankmocap_notebooks/images/D9H-eRIROA/scene_00009341.jpg", "body_bbox_list": [[396, 89, 316, 631]], "hand_bbox_list": [{"left_hand": [549.052978515625, 457.26934814453125, 80.50433349609375, 66.790771484375], "right_hand": [468.24908447265625, 430.0196838378906, 90.20147705078125, 72.2232666015625]}]}