{"image_path": "/home/hyem/workspace/frankmocap_notebooks/images/D9H-eRIROA/scene_00002618.jpg", "body_bbox_list": [[544, 147, 172, 471], [742, 169, 142, 365], [780, 322, 32, 211], [836, 180, 50, 124]], "hand_bbox_list": [{"left_hand": [680.1337890625, 350.56402587890625, 34.4990234375, 44.121856689453125], "right_hand": [560.1055297851562, 352.6331787109375, 34.29498291015625, 39.010894775390625]}, {"left_hand": null, "right_hand": null}, {"left_hand": null, "right_hand": null}, {"left_hand": null, "right_hand": null}]}