{"image_path": "/home/hyem/workspace/frankmocap_notebooks/images/D9H-eRIROA/scene_00009615.jpg", "body_bbox_list": [[80, 98, 346, 552]], "hand_bbox_list": [{"left_hand": [238.62489318847656, 306.2033996582031, 61.78193664550781, 80.8568115234375], "right_hand": null}]}