{"image_path": "/home/hyem/workspace/frankmocap_notebooks/images/D9H-eRIROA/scene_00005577.jpg", "body_bbox_list": [[495, 164, 248, 476], [820, 210, 137, 75]], "hand_bbox_list": [{"left_hand": [732.0145263671875, 227.4912567138672, 52.36016845703125, 45.73023986816406], "right_hand": [523.1304931640625, 218.97799682617188, 39.73675537109375, 49.8421630859375]}, {"left_hand": null, "right_hand": null}]}