{"image_path": "/home/hyem/workspace/frankmocap_notebooks/images/D9H-eRIROA/scene_00007722.jpg", "body_bbox_list": [[508, 141, 210, 489]], "hand_bbox_list": [{"left_hand": [600.9677124023438, 137.3855743408203, 43.51739501953125, 33.03611755371094], "right_hand": null}]}