{"image_path": "/home/hyem/workspace/frankmocap_notebooks/images/D9H-eRIROA/scene_00003715.jpg", "body_bbox_list": [[602, 160, 124, 440], [719, 131, 148, 340], [791, 141, 61, 235]], "hand_bbox_list": [{"left_hand": [703.382568359375, 383.0311584472656, 25.49188232421875, 31.699676513671875], "right_hand": [607.6482543945312, 389.1153869628906, 33.12255859375, 37.041595458984375]}, {"left_hand": null, "right_hand": null}, {"left_hand": null, "right_hand": null}]}