{"image_path": "/home/hyem/workspace/frankmocap_notebooks/images/D9H-eRIROA/scene_00005248.jpg", "body_bbox_list": [[483, 170, 283, 465]], "hand_bbox_list": [{"left_hand": [758.583984375, 312.5967712402344, 31.1639404296875, 33.406982421875], "right_hand": [701.471923828125, 293.9902648925781, 33.377685546875, 34.030853271484375]}]}