{"image_path": "/home/hyem/workspace/frankmocap_notebooks/images/D9H-eRIROA/scene_00003125.jpg", "body_bbox_list": [[558, 163, 229, 490], [795, 176, 80, 199], [871, 189, 137, 44]], "hand_bbox_list": [{"left_hand": [762.7459106445312, 198.4488525390625, 36.69696044921875, 39.5250244140625], "right_hand": [560.3963012695312, 207.98304748535156, 30.91607666015625, 31.319595336914062]}, {"left_hand": null, "right_hand": null}, {"left_hand": null, "right_hand": null}]}