{"image_path": "/home/hyem/workspace/frankmocap_notebooks/images/D9H-eRIROA/scene_00005212.jpg", "body_bbox_list": [[455, 175, 260, 465], [667, 122, 191, 408]], "hand_bbox_list": [{"left_hand": [478.5306091308594, 278.0597839355469, 35.482818603515625, 37.71630859375], "right_hand": [446.19720458984375, 299.6629638671875, 32.223541259765625, 31.413055419921875]}, {"left_hand": null, "right_hand": null}]}