{"image_path": "/home/hyem/workspace/frankmocap_notebooks/images/D9H-eRIROA/scene_00004662.jpg", "body_bbox_list": [[455, 170, 243, 465], [713, 108, 155, 465], [837, 204, 36, 99]], "hand_bbox_list": [{"left_hand": [640.8485717773438, 340.6318359375, 42.7781982421875, 31.38116455078125], "right_hand": [453.9480285644531, 370.50201416015625, 31.60577392578125, 43.893280029296875]}, {"left_hand": null, "right_hand": null}, {"left_hand": null, "right_hand": null}]}