{"image_path": "/home/hyem/workspace/frankmocap_notebooks/images/D9H-eRIROA/scene_00000996.jpg", "body_bbox_list": [[544, 146, 161, 495], [389, 98, 105, 457], [386, 198, 44, 105]], "hand_bbox_list": [{"left_hand": [607.7862548828125, 308.5494079589844, 38.9234619140625, 33.368682861328125], "right_hand": [589.4356689453125, 304.2109375, 41.55279541015625, 37.303314208984375]}, {"left_hand": null, "right_hand": null}, {"left_hand": null, "right_hand": null}]}