{"image_path": "/home/hyem/workspace/frankmocap_notebooks/images/D9H-eRIROA/scene_00003209.jpg", "body_bbox_list": [[483, 152, 266, 484]], "hand_bbox_list": [{"left_hand": [734.9668579101562, 213.13055419921875, 35.29034423828125, 35.236663818359375], "right_hand": [473.59564208984375, 216.82090759277344, 35.615142822265625, 37.30882263183594]}]}