{"image_path": "/home/hyem/workspace/frankmocap_notebooks/images/D9H-eRIROA/scene_00004967.jpg", "body_bbox_list": [[521, 164, 167, 465], [749, 97, 105, 481], [825, 179, 37, 143]], "hand_bbox_list": [{"left_hand": [651.0216674804688, 362.3255310058594, 34.5574951171875, 39.671112060546875], "right_hand": [532.1246337890625, 359.0301513671875, 29.22320556640625, 37.85711669921875]}, {"left_hand": null, "right_hand": null}, {"left_hand": null, "right_hand": null}]}