{"image_path": "/home/hyem/workspace/frankmocap_notebooks/images/D9H-eRIROA/scene_00002232.jpg", "body_bbox_list": [[717, 108, 180, 476], [567, 147, 148, 471]], "hand_bbox_list": [{"left_hand": null, "right_hand": null}, {"left_hand": [706.483642578125, 379.0160217285156, 36.8956298828125, 32.635009765625], "right_hand": [570.579345703125, 401.80218505859375, 33.3643798828125, 38.8812255859375]}]}