{"image_path": "/home/hyem/workspace/frankmocap_notebooks/images/D9H-eRIROA/scene_00003940.jpg", "body_bbox_list": [[513, 128, 229, 514]], "hand_bbox_list": [{"left_hand": [678.3182373046875, 124.91455078125, 29.223876953125, 32.22908020019531], "right_hand": [523.94873046875, 182.140869140625, 25.93658447265625, 25.180572509765625]}]}