{"image_path": "/home/hyem/workspace/frankmocap_notebooks/images/D9H-eRIROA/scene_00001835.jpg", "body_bbox_list": [[521, 165, 173, 452], [727, 102, 99, 465]], "hand_bbox_list": [{"left_hand": [656.3358764648438, 373.8271789550781, 34.08502197265625, 39.172271728515625], "right_hand": [507.1614685058594, 306.1144104003906, 34.256500244140625, 34.48779296875]}, {"left_hand": null, "right_hand": null}]}