{"image_path": "/home/hyem/workspace/frankmocap_notebooks/images/D9H-eRIROA/scene_00002665.jpg", "body_bbox_list": [[525, 164, 210, 471], [722, 112, 199, 260]], "hand_bbox_list": [{"left_hand": [661.5845947265625, 327.2681884765625, 31.01849365234375, 35.21295166015625], "right_hand": [538.0012817382812, 363.4420166015625, 28.431640625, 34.583984375]}, {"left_hand": null, "right_hand": null}]}