{"image_path": "/home/hyem/workspace/frankmocap_notebooks/images/D9H-eRIROA/scene_00003064.jpg", "body_bbox_list": [[579, 123, 254, 514], [768, 152, 191, 371]], "hand_bbox_list": [{"left_hand": [598.8629150390625, 131.70260620117188, 58.08538818359375, 33.82582092285156], "right_hand": [614.7319946289062, 409.1841125488281, 28.4488525390625, 27.705169677734375]}, {"left_hand": null, "right_hand": null}]}