{"image_path": "/home/hyem/workspace/frankmocap_notebooks/images/D9H-eRIROA/scene_00003338.jpg", "body_bbox_list": [[489, 159, 259, 464], [735, 173, 156, 397]], "hand_bbox_list": [{"left_hand": [743.3956298828125, 248.88832092285156, 28.03765869140625, 38.06877136230469], "right_hand": [480.3599853515625, 262.8020324707031, 36.479248046875, 33.365997314453125]}, {"left_hand": null, "right_hand": null}]}