{"image_path": "/home/hyem/workspace/frankmocap_notebooks/images/D9H-eRIROA/scene_00000620.jpg", "body_bbox_list": [[371, 121, 383, 568]], "hand_bbox_list": [{"left_hand": [523.8468017578125, 448.03839111328125, 99.3253173828125, 90.0675048828125], "right_hand": [523.8468017578125, 448.03839111328125, 99.3253173828125, 90.0675048828125]}]}