{"image_path": "/home/hyem/workspace/frankmocap_notebooks/images/D9H-eRIROA/scene_00005276.jpg", "body_bbox_list": [[461, 164, 254, 471], [660, 117, 199, 408]], "hand_bbox_list": [{"left_hand": [506.39013671875, 304.5604248046875, 39.9169921875, 35.07757568359375], "right_hand": [456.19854736328125, 306.5703125, 30.32147216796875, 30.07879638671875]}, {"left_hand": null, "right_hand": null}]}