{"image_path": "/home/hyem/workspace/frankmocap_notebooks/images/D9H-eRIROA/scene_00007985.jpg", "body_bbox_list": [[514, 147, 204, 476]], "hand_bbox_list": [{"left_hand": [683.154296875, 346.2755432128906, 31.98004150390625, 29.618804931640625], "right_hand": [520.412841796875, 359.17315673828125, 25.24395751953125, 29.666656494140625]}]}