{"image_path": "/home/hyem/workspace/frankmocap_notebooks/images/D9H-eRIROA/scene_00005043.jpg", "body_bbox_list": [[536, 170, 199, 465], [817, 124, 88, 354]], "hand_bbox_list": [{"left_hand": [726.3160400390625, 342.7839660644531, 27.9666748046875, 35.253173828125], "right_hand": [632.9451293945312, 286.66412353515625, 41.44622802734375, 37.040802001953125]}, {"left_hand": null, "right_hand": null}]}