{"image_path": "/home/hyem/workspace/frankmocap_notebooks/images/D9H-eRIROA/scene_00003021.jpg", "body_bbox_list": [[495, 148, 259, 446], [745, 116, 192, 173]], "hand_bbox_list": [{"left_hand": [715.9398193359375, 341.2959899902344, 38.2073974609375, 49.902587890625], "right_hand": [499.281982421875, 324.0663146972656, 33.0223388671875, 46.054443359375]}, {"left_hand": null, "right_hand": null}]}