{"image_path": "/home/hyem/workspace/frankmocap_notebooks/images/D9H-eRIROA/scene_00002431.jpg", "body_bbox_list": [[536, 146, 210, 501], [760, 103, 224, 441]], "hand_bbox_list": [{"left_hand": [721.8243408203125, 357.85577392578125, 33.01776123046875, 41.8519287109375], "right_hand": [537.2801513671875, 360.0034484863281, 36.2860107421875, 40.861114501953125]}, {"left_hand": null, "right_hand": null}]}