{"image_path": "/home/hyem/workspace/frankmocap_notebooks/images/D9H-eRIROA/scene_00007681.jpg", "body_bbox_list": [[513, 159, 229, 470], [741, 115, 161, 321]], "hand_bbox_list": [{"left_hand": [637.8198852539062, 268.0265197753906, 49.0452880859375, 41.498138427734375], "right_hand": [571.5542602539062, 261.9909362792969, 45.0350341796875, 46.814361572265625]}, {"left_hand": null, "right_hand": null}]}