{"image_path": "/home/hyem/workspace/frankmocap_notebooks/images/D9H-eRIROA/scene_00008966.jpg", "body_bbox_list": [[544, 134, 172, 525]], "hand_bbox_list": [{"left_hand": [579.3782348632812, 327.0592956542969, 52.449462890625, 30.145721435546875], "right_hand": [579.3782348632812, 327.0592956542969, 52.449462890625, 30.145721435546875]}]}