{"image_path": "/home/hyem/workspace/frankmocap_notebooks/images/D9H-eRIROA/scene_00005155.jpg", "body_bbox_list": [[452, 182, 316, 452], [659, 123, 235, 378]], "hand_bbox_list": [{"left_hand": [438.8759460449219, 282.8080139160156, 40.849822998046875, 52.959259033203125], "right_hand": [438.8759460449219, 282.8080139160156, 40.849822998046875, 52.959259033203125]}, {"left_hand": null, "right_hand": null}]}