{"image_path": "/home/hyem/workspace/frankmocap_notebooks/images/D9H-eRIROA/scene_00000873.jpg", "body_bbox_list": [[538, 146, 156, 495], [369, 96, 156, 365]], "hand_bbox_list": [{"left_hand": [598.5972290039062, 292.2784729003906, 37.71728515625, 41.56475830078125], "right_hand": [598.5972290039062, 292.2784729003906, 37.71728515625, 41.56475830078125]}, {"left_hand": null, "right_hand": null}]}