{"image_path": "/home/hyem/workspace/frankmocap_notebooks/images/D9H-eRIROA/scene_00001183.jpg", "body_bbox_list": [[357, 133, 327, 533]], "hand_bbox_list": [{"left_hand": [553.6328735351562, 300.16278076171875, 108.64739990234375, 110.2147216796875], "right_hand": [459.15057373046875, 525.34912109375, 117.74664306640625, 85.88311767578125]}]}