{"image_path": "/home/hyem/workspace/frankmocap_notebooks/images/D9H-eRIROA/scene_00008733.jpg", "body_bbox_list": [[724, 85, 167, 471], [556, 146, 148, 490]], "hand_bbox_list": [{"left_hand": null, "right_hand": null}, {"left_hand": [649.2090454101562, 352.60223388671875, 34.51715087890625, 54.4571533203125], "right_hand": [589.3606567382812, 352.6040954589844, 37.386962890625, 43.724700927734375]}]}