{"image_path": "/home/hyem/workspace/frankmocap_notebooks/images/D9H-eRIROA/scene_00008056.jpg", "body_bbox_list": [[523, 169, 248, 484], [795, 102, 199, 471]], "hand_bbox_list": [{"left_hand": [732.9430541992188, 245.09945678710938, 34.3983154296875, 39.0635986328125], "right_hand": [519.4815673828125, 222.2024688720703, 32.159912109375, 35.47135925292969]}, {"left_hand": null, "right_hand": null}]}