{"image_path": "/home/hyem/workspace/frankmocap_notebooks/images/D9H-eRIROA/scene_00002014.jpg", "body_bbox_list": [[554, 147, 180, 465], [712, 109, 185, 446]], "hand_bbox_list": [{"left_hand": [701.0438232421875, 383.574462890625, 31.998779296875, 42.287384033203125], "right_hand": [559.2616577148438, 386.95465087890625, 33.2547607421875, 37.945953369140625]}, {"left_hand": null, "right_hand": null}]}