{"image_path": "/home/hyem/workspace/frankmocap_notebooks/images/D9H-eRIROA/scene_00002443.jpg", "body_bbox_list": [[527, 147, 161, 465]], "hand_bbox_list": [{"left_hand": [625.0311279296875, 300.5315856933594, 41.23663330078125, 36.346771240234375], "right_hand": [591.7084350585938, 318.1085205078125, 32.8890380859375, 32.215423583984375]}]}