{"image_path": "/home/hyem/workspace/frankmocap_notebooks/images/D9H-eRIROA/scene_00007993.jpg", "body_bbox_list": [[534, 164, 142, 476], [739, 202, 80, 1]], "hand_bbox_list": [{"left_hand": [656.8806762695312, 404.9480895996094, 19.841796875, 46.042999267578125], "right_hand": [547.03955078125, 420.668701171875, 21.1304931640625, 28.503448486328125]}, {"left_hand": null, "right_hand": null}]}