{"image_path": "/home/hyem/workspace/frankmocap_notebooks/images/D9H-eRIROA/scene_00007386.jpg", "body_bbox_list": [[534, 193, 259, 441], [862, 207, 99, 143]], "hand_bbox_list": [{"left_hand": [769.6864624023438, 370.4760437011719, 29.13525390625, 28.829132080078125], "right_hand": [758.6243896484375, 332.03265380859375, 23.9334716796875, 30.73944091796875]}, {"left_hand": null, "right_hand": null}]}