{"image_path": "/home/hyem/workspace/frankmocap_notebooks/images/D9H-eRIROA/scene_00005242.jpg", "body_bbox_list": [[549, 188, 173, 451], [769, 142, 155, 335]], "hand_bbox_list": [{"left_hand": [709.6461181640625, 325.8241271972656, 32.167236328125, 33.881561279296875], "right_hand": [639.2911376953125, 317.4355163574219, 36.93536376953125, 33.796722412109375]}, {"left_hand": null, "right_hand": null}]}