{"image_path": "/home/hyem/workspace/frankmocap_notebooks/images/D9H-eRIROA/scene_00007595.jpg", "body_bbox_list": [[745, 124, 180, 484], [566, 189, 167, 432]], "hand_bbox_list": [{"left_hand": null, "right_hand": null}, {"left_hand": [712.091064453125, 324.5610046386719, 36.75958251953125, 36.164825439453125], "right_hand": [607.8921508789062, 315.9156799316406, 40.5982666015625, 31.369384765625]}]}