{"image_path": "/home/hyem/workspace/frankmocap_notebooks/images/D9H-eRIROA/scene_00003914.jpg", "body_bbox_list": [[551, 170, 242, 465], [773, 195, 74, 167]], "hand_bbox_list": [{"left_hand": [720.4537353515625, 384.92706298828125, 23.615478515625, 31.879638671875], "right_hand": [547.928466796875, 233.78404235839844, 38.6273193359375, 40.40354919433594]}, {"left_hand": null, "right_hand": null}]}