{"image_path": "/home/hyem/workspace/frankmocap_notebooks/images/D9H-eRIROA/scene_00009082.jpg", "body_bbox_list": [[457, 106, 340, 614]], "hand_bbox_list": [{"left_hand": [629.2023315429688, 453.3048400878906, 66.948486328125, 66.78549194335938], "right_hand": [552.7288818359375, 441.5743408203125, 79.183349609375, 76.72833251953125]}]}