{"image_path": "/home/hyem/workspace/frankmocap_notebooks/images/D9H-eRIROA/scene_00008364.jpg", "body_bbox_list": [[561, 153, 167, 476], [764, 111, 137, 408]], "hand_bbox_list": [{"left_hand": [673.7006225585938, 261.0155029296875, 35.34869384765625, 41.418212890625], "right_hand": [557.0750122070312, 261.5732116699219, 35.89605712890625, 40.555389404296875]}, {"left_hand": null, "right_hand": null}]}