{"image_path": "/home/hyem/workspace/frankmocap_notebooks/images/D9H-eRIROA/scene_00006287.jpg", "body_bbox_list": [[513, 153, 229, 465], [729, 110, 167, 427]], "hand_bbox_list": [{"left_hand": [646.0682373046875, 256.2435607910156, 44.93084716796875, 39.534423828125], "right_hand": [573.7581176757812, 261.1415710449219, 49.40228271484375, 37.910064697265625]}, {"left_hand": null, "right_hand": null}]}