{"image_path": "/home/hyem/workspace/frankmocap_notebooks/images/D9H-eRIROA/scene_00009688.jpg", "body_bbox_list": [[91, 99, 341, 539]], "hand_bbox_list": [{"left_hand": [248.1333770751953, 310.1121826171875, 60.79777526855469, 79.04144287109375], "right_hand": null}]}