{"image_path": "/home/hyem/workspace/frankmocap_notebooks/images/D9H-eRIROA/scene_00000856.jpg", "body_bbox_list": [[562, 140, 148, 508]], "hand_bbox_list": [{"left_hand": [606.1847534179688, 264.1777648925781, 33.46673583984375, 45.342132568359375], "right_hand": [606.1847534179688, 264.1777648925781, 33.46673583984375, 45.342132568359375]}]}