{"image_path": "/home/hyem/workspace/frankmocap_notebooks/images/D9H-eRIROA/scene_00008859.jpg", "body_bbox_list": [[538, 158, 156, 495]], "hand_bbox_list": [{"left_hand": [664.5176391601562, 378.4609375, 34.3040771484375, 46.65667724609375], "right_hand": [596.7392578125, 304.69549560546875, 51.1024169921875, 47.17230224609375]}]}