{"image_path": "/home/hyem/workspace/frankmocap_notebooks/images/D9H-eRIROA/scene_00006317.jpg", "body_bbox_list": [[518, 165, 229, 457], [753, 111, 148, 408]], "hand_bbox_list": [{"left_hand": [642.9274291992188, 269.132080078125, 44.24993896484375, 36.50042724609375], "right_hand": [581.9544067382812, 269.60491943359375, 46.73468017578125, 35.578887939453125]}, {"left_hand": null, "right_hand": null}]}