{"image_path": "/home/hyem/workspace/frankmocap_notebooks/images/D9H-eRIROA/scene_00007462.jpg", "body_bbox_list": [[520, 194, 180, 433], [713, 145, 161, 402]], "hand_bbox_list": [{"left_hand": [532.7587890625, 343.02972412109375, 35.14886474609375, 42.4302978515625], "right_hand": [532.7587890625, 343.02972412109375, 35.14886474609375, 42.4302978515625]}, {"left_hand": null, "right_hand": null}]}