{"image_path": "/home/hyem/workspace/frankmocap_notebooks/images/D9H-eRIROA/scene_00005997.jpg", "body_bbox_list": [[475, 153, 192, 465], [699, 106, 205, 378], [788, 133, 112, 173]], "hand_bbox_list": [{"left_hand": [604.83056640625, 344.132568359375, 36.19207763671875, 39.444610595703125], "right_hand": [474.8905944824219, 353.505615234375, 34.050750732421875, 41.2333984375]}, {"left_hand": null, "right_hand": null}, {"left_hand": null, "right_hand": null}]}