{"image_path": "/home/hyem/workspace/frankmocap_notebooks/images/D9H-eRIROA/scene_00005136.jpg", "body_bbox_list": [[537, 146, 192, 484], [747, 80, 148, 476]], "hand_bbox_list": [{"left_hand": [680.7717895507812, 312.117919921875, 31.35675048828125, 34.786407470703125], "right_hand": [559.9027709960938, 319.5082702636719, 35.41796875, 28.35650634765625]}, {"left_hand": null, "right_hand": null}]}