{"image_path": "/home/hyem/workspace/frankmocap_notebooks/images/D9H-eRIROA/scene_00009425.jpg", "body_bbox_list": [[472, 71, 243, 649]], "hand_bbox_list": [{"left_hand": [577.0372924804688, 589.3214721679688, 62.71075439453125, 62.67877197265625], "right_hand": [535.6918334960938, 572.3806762695312, 72.96099853515625, 87.216064453125]}]}