{"image_path": "/home/hyem/workspace/frankmocap_notebooks/images/D9H-eRIROA/scene_00001907.jpg", "body_bbox_list": [[560, 188, 185, 446], [810, 141, 118, 235]], "hand_bbox_list": [{"left_hand": [733.5011596679688, 389.21759033203125, 27.3380126953125, 41.502716064453125], "right_hand": [557.2313842773438, 421.1054992675781, 30.98602294921875, 29.662261962890625]}, {"left_hand": null, "right_hand": null}]}