{"image_path": "/home/hyem/workspace/frankmocap_notebooks/images/D9H-eRIROA/scene_00001315.jpg", "body_bbox_list": [[538, 165, 156, 446], [423, 122, 105, 403]], "hand_bbox_list": [{"left_hand": [590.4989624023438, 293.8594970703125, 39.59930419921875, 34.129669189453125], "right_hand": [590.4989624023438, 293.8594970703125, 39.59930419921875, 34.129669189453125]}, {"left_hand": null, "right_hand": null}]}