{"image_path": "/home/hyem/workspace/frankmocap_notebooks/images/D9H-eRIROA/scene_00005304.jpg", "body_bbox_list": [[604, 146, 204, 484]], "hand_bbox_list": [{"left_hand": [792.4327392578125, 126.3521728515625, 37.86181640625, 41.4793701171875], "right_hand": [599.3877563476562, 320.4851379394531, 39.6226806640625, 42.3148193359375]}]}