{"image_path": "/home/hyem/workspace/frankmocap_notebooks/images/D9H-eRIROA/scene_00001956.jpg", "body_bbox_list": [[555, 152, 156, 495], [747, 106, 137, 384], [776, 368, 1, 181]], "hand_bbox_list": [{"left_hand": [672.1431274414062, 400.1938781738281, 35.259521484375, 40.03570556640625], "right_hand": [558.2341918945312, 406.50372314453125, 28.21783447265625, 39.087005615234375]}, {"left_hand": null, "right_hand": null}, {"left_hand": null, "right_hand": null}]}