{"image_path": "/home/hyem/workspace/frankmocap_notebooks/images/D9H-eRIROA/scene_00002978.jpg", "body_bbox_list": [[563, 161, 129, 421], [685, 135, 137, 242]], "hand_bbox_list": [{"left_hand": [669.519775390625, 399.7749938964844, 25.27471923828125, 35.39178466796875], "right_hand": [564.7363891601562, 395.6495056152344, 31.5421142578125, 33.21136474609375]}, {"left_hand": null, "right_hand": null}]}