{"image_path": "/home/hyem/workspace/frankmocap_notebooks/images/D9H-eRIROA/scene_00009549.jpg", "body_bbox_list": [[16, 86, 390, 582]], "hand_bbox_list": [{"left_hand": [191.06512451171875, 321.1891784667969, 63.96588134765625, 90.00662231445312], "right_hand": null}]}