{"image_path": "/home/hyem/workspace/frankmocap_notebooks/images/D9H-eRIROA/scene_00005076.jpg", "body_bbox_list": [[455, 175, 248, 465], [667, 121, 180, 433]], "hand_bbox_list": [{"left_hand": [505.2145080566406, 314.1043701171875, 49.087799072265625, 38.808563232421875], "right_hand": [437.77239990234375, 290.5758972167969, 34.779296875, 41.3218994140625]}, {"left_hand": null, "right_hand": null}]}