{"image_path": "/home/hyem/workspace/frankmocap_notebooks/images/D9H-eRIROA/scene_00002931.jpg", "body_bbox_list": [[606, 146, 161, 484], [841, 125, 62, 234]], "hand_bbox_list": [{"left_hand": [751.0053100585938, 391.3938293457031, 26.1614990234375, 41.555267333984375], "right_hand": [616.274169921875, 401.7646484375, 32.994384765625, 33.293670654296875]}, {"left_hand": null, "right_hand": null}]}