{"image_path": "/home/hyem/workspace/frankmocap_notebooks/images/D9H-eRIROA/scene_00007719.jpg", "body_bbox_list": [[508, 112, 210, 508]], "hand_bbox_list": [{"left_hand": [611.5776977539062, 91.81195068359375, 29.6573486328125, 38.307708740234375], "right_hand": [543.3448486328125, 96.85796356201172, 40.9169921875, 50.32508087158203]}]}