{"image_path": "/home/hyem/workspace/frankmocap_notebooks/images/D9H-eRIROA/scene_00005260.jpg", "body_bbox_list": [[729, 131, 162, 458], [544, 188, 161, 451]], "hand_bbox_list": [{"left_hand": null, "right_hand": null}, {"left_hand": [621.74072265625, 321.38330078125, 35.95684814453125, 35.0294189453125], "right_hand": [558.493896484375, 305.72003173828125, 34.83905029296875, 34.8486328125]}]}