{"image_path": "/home/hyem/workspace/frankmocap_notebooks/images/D9H-eRIROA/scene_00006770.jpg", "body_bbox_list": [[389, 93, 471, 563]], "hand_bbox_list": [{"left_hand": [826.3342895507812, 326.42230224609375, 66.74102783203125, 101.264892578125], "right_hand": [363.5746154785156, 349.4412841796875, 64.70339965820312, 106.45516967773438]}]}