{"image_path": "/home/hyem/workspace/frankmocap_notebooks/images/D9H-eRIROA/scene_00008720.jpg", "body_bbox_list": [[579, 153, 148, 470], [754, 110, 112, 427]], "hand_bbox_list": [{"left_hand": [647.8045654296875, 309.98370361328125, 34.32122802734375, 39.703887939453125], "right_hand": [615.0125122070312, 309.8668212890625, 37.933349609375, 34.61175537109375]}, {"left_hand": null, "right_hand": null}]}