{"image_path": "/home/hyem/workspace/frankmocap_notebooks/images/D9H-eRIROA/scene_00008592.jpg", "body_bbox_list": [[460, 152, 148, 495], [665, 115, 93, 321]], "hand_bbox_list": [{"left_hand": [588.11669921875, 247.10325622558594, 49.2213134765625, 51.39268493652344], "right_hand": [465.3841857910156, 218.1283416748047, 49.931854248046875, 51.43898010253906]}, {"left_hand": null, "right_hand": null}]}