{"image_path": "/home/hyem/workspace/frankmocap_notebooks/images/D9H-eRIROA/scene_00002768.jpg", "body_bbox_list": [[576, 188, 204, 446], [763, 132, 167, 422]], "hand_bbox_list": [{"left_hand": [719.51171875, 385.3712463378906, 31.48455810546875, 38.52630615234375], "right_hand": [598.33154296875, 436.275634765625, 32.70147705078125, 24.724456787109375]}, {"left_hand": null, "right_hand": null}]}