{"image_path": "/home/hyem/workspace/frankmocap_notebooks/images/D9H-eRIROA/scene_00007909.jpg", "body_bbox_list": [[467, 91, 365, 600]], "hand_bbox_list": [{"left_hand": [623.851318359375, 398.8346862792969, 92.25634765625, 91.40069580078125], "right_hand": [623.851318359375, 398.8346862792969, 92.25634765625, 91.40069580078125]}]}