{"image_path": "/home/hyem/workspace/frankmocap_notebooks/images/D9H-eRIROA/scene_00006489.jpg", "body_bbox_list": [[542, 182, 204, 440], [918, 240, 99, 26]], "hand_bbox_list": [{"left_hand": [641.931640625, 187.3858184814453, 59.23773193359375, 67.49525451660156], "right_hand": [537.4075927734375, 227.051513671875, 32.17974853515625, 51.5797119140625]}, {"left_hand": null, "right_hand": null}]}