{"image_path": "/home/hyem/workspace/frankmocap_notebooks/images/D9H-eRIROA/scene_00005264.jpg", "body_bbox_list": [[498, 182, 191, 457], [696, 128, 161, 408]], "hand_bbox_list": [{"left_hand": [538.6109619140625, 307.60406494140625, 36.404052734375, 37.7528076171875], "right_hand": [492.6646423339844, 309.5205078125, 33.780792236328125, 30.837554931640625]}, {"left_hand": null, "right_hand": null}]}