{"image_path": "/home/hyem/workspace/frankmocap_notebooks/images/D9H-eRIROA/scene_00000980.jpg", "body_bbox_list": [[561, 140, 172, 514], [383, 95, 129, 389]], "hand_bbox_list": [{"left_hand": [616.925537109375, 294.3704528808594, 51.968505859375, 44.432098388671875], "right_hand": [616.925537109375, 294.3704528808594, 51.968505859375, 44.432098388671875]}, {"left_hand": null, "right_hand": null}]}