{"image_path": "/home/hyem/workspace/frankmocap_notebooks/images/D9H-eRIROA/scene_00009464.jpg", "body_bbox_list": [[393, 89, 384, 631]], "hand_bbox_list": [{"left_hand": [639.2327270507812, 113.81990814208984, 84.7435302734375, 115.76728057861328], "right_hand": [398.92327880859375, 155.6059112548828, 63.124053955078125, 117.39057922363281]}]}