{"image_path": "/home/hyem/workspace/frankmocap_notebooks/images/D9H-eRIROA/scene_00001644.jpg", "body_bbox_list": [[724, 102, 155, 465], [549, 165, 156, 452]], "hand_bbox_list": [{"left_hand": null, "right_hand": null}, {"left_hand": [677.7769165039062, 344.75830078125, 42.66436767578125, 49.47607421875], "right_hand": [551.2091064453125, 328.8971252441406, 34.5128173828125, 39.188079833984375]}]}