{"image_path": "/home/hyem/workspace/frankmocap_notebooks/images/D9H-eRIROA/scene_00009063.jpg", "body_bbox_list": [[447, 89, 316, 631]], "hand_bbox_list": [{"left_hand": [580.3981323242188, 394.55621337890625, 90.436279296875, 77.77142333984375], "right_hand": [491.8596496582031, 273.1224060058594, 99.31753540039062, 85.81393432617188]}]}