{"image_path": "/home/hyem/workspace/frankmocap_notebooks/images/D9H-eRIROA/scene_00005250.jpg", "body_bbox_list": [[482, 170, 291, 465]], "hand_bbox_list": [{"left_hand": [762.1463623046875, 309.710205078125, 31.72650146484375, 33.883544921875], "right_hand": [699.8978881835938, 292.6996765136719, 35.60638427734375, 35.6517333984375]}]}