{"image_path": "/home/hyem/workspace/frankmocap_notebooks/images/D9H-eRIROA/scene_00004688.jpg", "body_bbox_list": [[519, 176, 199, 452], [683, 128, 192, 402]], "hand_bbox_list": [{"left_hand": [524.7955322265625, 323.1191711425781, 27.0167236328125, 28.39056396484375], "right_hand": [524.7955322265625, 323.1191711425781, 27.0167236328125, 28.39056396484375]}, {"left_hand": null, "right_hand": null}]}