{"image_path": "/home/hyem/workspace/frankmocap_notebooks/images/D9H-eRIROA/scene_00001518.jpg", "body_bbox_list": [[572, 154, 156, 457], [743, 104, 118, 433]], "hand_bbox_list": [{"left_hand": [655.792236328125, 301.20318603515625, 38.07232666015625, 32.350555419921875], "right_hand": [623.0678100585938, 299.4465026855469, 34.8194580078125, 33.51580810546875]}, {"left_hand": null, "right_hand": null}]}