{"image_path": "/home/hyem/workspace/frankmocap_notebooks/images/D9H-eRIROA/scene_00002763.jpg", "body_bbox_list": [[564, 193, 216, 441], [769, 150, 155, 403]], "hand_bbox_list": [{"left_hand": [711.6939697265625, 387.63348388671875, 30.69366455078125, 38.638946533203125], "right_hand": [591.6552124023438, 442.11285400390625, 31.60784912109375, 23.007354736328125]}, {"left_hand": null, "right_hand": null}]}