{"image_path": "/home/hyem/workspace/frankmocap_notebooks/images/D9H-eRIROA/scene_00002414.jpg", "body_bbox_list": [[782, 83, 242, 509], [587, 152, 199, 489]], "hand_bbox_list": [{"left_hand": null, "right_hand": null}, {"left_hand": [721.6478271484375, 344.2956848144531, 46.7393798828125, 50.809112548828125], "right_hand": [599.5262451171875, 373.912841796875, 37.7625732421875, 38.31768798828125]}]}