{"image_path": "/home/hyem/workspace/frankmocap_notebooks/images/D9H-eRIROA/scene_00005996.jpg", "body_bbox_list": [[688, 108, 216, 465], [481, 153, 186, 465]], "hand_bbox_list": [{"left_hand": null, "right_hand": null}, {"left_hand": [619.68603515625, 365.94439697265625, 33.8673095703125, 39.530487060546875], "right_hand": [479.3060302734375, 369.88897705078125, 33.475341796875, 40.10736083984375]}]}