{"image_path": "/home/hyem/workspace/frankmocap_notebooks/images/D9H-eRIROA/scene_00003762.jpg", "body_bbox_list": [[493, 160, 297, 451], [748, 124, 248, 253], [808, 200, 173, 56]], "hand_bbox_list": [{"left_hand": [778.9662475585938, 240.80746459960938, 30.65338134765625, 54.170989990234375], "right_hand": [490.3341369628906, 234.78262329101562, 25.260894775390625, 55.296600341796875]}, {"left_hand": null, "right_hand": null}, {"left_hand": null, "right_hand": null}]}