{"image_path": "/home/hyem/workspace/frankmocap_notebooks/images/D9H-eRIROA/scene_00008288.jpg", "body_bbox_list": [[490, 211, 229, 427], [690, 159, 173, 346]], "hand_bbox_list": [{"left_hand": [536.138427734375, 366.11474609375, 30.781005859375, 32.341766357421875], "right_hand": [536.138427734375, 366.11474609375, 30.781005859375, 32.341766357421875]}, {"left_hand": null, "right_hand": null}]}