{"image_path": "/home/hyem/workspace/frankmocap_notebooks/images/D9H-eRIROA/scene_00002110.jpg", "body_bbox_list": [[583, 146, 167, 501], [792, 89, 137, 267]], "hand_bbox_list": [{"left_hand": [695.4345092773438, 299.65142822265625, 49.7138671875, 46.12786865234375], "right_hand": [640.9837036132812, 366.51470947265625, 43.4256591796875, 46.2288818359375]}, {"left_hand": null, "right_hand": null}]}