{"image_path": "/home/hyem/workspace/frankmocap_notebooks/images/D9H-eRIROA/scene_00004820.jpg", "body_bbox_list": [[483, 188, 278, 446], [666, 148, 199, 346]], "hand_bbox_list": [{"left_hand": [477.90802001953125, 311.3504638671875, 47.2689208984375, 27.815673828125], "right_hand": [511.75848388671875, 344.589599609375, 31.2916259765625, 32.309417724609375]}, {"left_hand": null, "right_hand": null}]}