{"image_path": "/home/hyem/workspace/frankmocap_notebooks/images/D9H-eRIROA/scene_00006682.jpg", "body_bbox_list": [[533, 153, 166, 465], [727, 117, 93, 272], [815, 357, 1, 180]], "hand_bbox_list": [{"left_hand": [672.3687133789062, 406.7379150390625, 22.68707275390625, 47.910400390625], "right_hand": [547.3900756835938, 393.4232177734375, 21.6923828125, 51.2049560546875]}, {"left_hand": null, "right_hand": null}, {"left_hand": null, "right_hand": null}]}