{"image_path": "/home/hyem/workspace/frankmocap_notebooks/images/D9H-eRIROA/scene_00007815.jpg", "body_bbox_list": [[444, 126, 384, 563]], "hand_bbox_list": [{"left_hand": [578.681884765625, 495.2735595703125, 100.33270263671875, 92.489990234375], "right_hand": [578.681884765625, 495.2735595703125, 100.33270263671875, 92.489990234375]}]}