{"image_path": "/home/hyem/workspace/frankmocap_notebooks/images/D9H-eRIROA/scene_00007432.jpg", "body_bbox_list": [[470, 188, 292, 440], [641, 135, 248, 360]], "hand_bbox_list": [{"left_hand": [463.5278625488281, 328.46453857421875, 38.997222900390625, 31.97760009765625], "right_hand": [463.5278625488281, 328.46453857421875, 38.997222900390625, 31.97760009765625]}, {"left_hand": null, "right_hand": null}]}