{"image_path": "/home/hyem/workspace/frankmocap_notebooks/images/D9H-eRIROA/scene_00007832.jpg", "body_bbox_list": [[400, 97, 370, 582]], "hand_bbox_list": [{"left_hand": [647.0517578125, 419.451416015625, 148.55426025390625, 63.907440185546875], "right_hand": [361.7838439941406, 414.8948059082031, 140.17379760742188, 63.59783935546875]}]}