{"image_path": "/home/hyem/workspace/frankmocap_notebooks/images/D9H-eRIROA/scene_00001826.jpg", "body_bbox_list": [[526, 154, 186, 457], [725, 103, 137, 446], [824, 203, 56, 118], [748, 352, 6, 185]], "hand_bbox_list": [{"left_hand": [678.9102172851562, 367.51953125, 32.98516845703125, 38.967254638671875], "right_hand": [506.4417724609375, 308.32049560546875, 38.58331298828125, 34.95343017578125]}, {"left_hand": null, "right_hand": null}, {"left_hand": null, "right_hand": null}, {"left_hand": null, "right_hand": null}]}