{"image_path": "/home/hyem/workspace/frankmocap_notebooks/images/D9H-eRIROA/scene_00001587.jpg", "body_bbox_list": [[733, 89, 199, 520], [561, 146, 161, 490]], "hand_bbox_list": [{"left_hand": null, "right_hand": null}, {"left_hand": [691.1266479492188, 302.6231689453125, 38.37945556640625, 32.716522216796875], "right_hand": [554.248291015625, 314.2451171875, 31.55792236328125, 32.5963134765625]}]}