{"image_path": "/home/hyem/workspace/frankmocap_notebooks/images/D9H-eRIROA/scene_00003239.jpg", "body_bbox_list": [[524, 170, 223, 465]], "hand_bbox_list": [{"left_hand": [687.3478393554688, 224.142333984375, 26.8023681640625, 32.588592529296875], "right_hand": [519.284912109375, 232.7254180908203, 34.04888916015625, 31.475479125976562]}]}