{"image_path": "/home/hyem/workspace/frankmocap_notebooks/images/D9H-eRIROA/scene_00004252.jpg", "body_bbox_list": [[523, 142, 248, 481], [761, 118, 199, 254]], "hand_bbox_list": [{"left_hand": [673.013671875, 242.2444305419922, 52.71685791015625, 39.45954895019531], "right_hand": [532.4406127929688, 239.49847412109375, 43.0078125, 33.84930419921875]}, {"left_hand": null, "right_hand": null}]}