{"image_path": "/home/hyem/workspace/frankmocap_notebooks/images/D9H-eRIROA/scene_00004310.jpg", "body_bbox_list": [[736, 101, 142, 484], [550, 153, 137, 476]], "hand_bbox_list": [{"left_hand": null, "right_hand": null}, {"left_hand": [563.2561645507812, 232.9322967529297, 29.3521728515625, 34.00172424316406], "right_hand": [536.0930786132812, 244.5823516845703, 26.5230712890625, 36.41221618652344]}]}