{"image_path": "/home/hyem/workspace/frankmocap_notebooks/images/D9H-eRIROA/scene_00003143.jpg", "body_bbox_list": [[552, 170, 229, 476], [845, 183, 88, 50]], "hand_bbox_list": [{"left_hand": [764.4857788085938, 188.90789794921875, 28.91644287109375, 35.386138916015625], "right_hand": [552.8687744140625, 208.19837951660156, 38.32098388671875, 27.732421875]}, {"left_hand": null, "right_hand": null}]}