{"image_path": "/home/hyem/workspace/frankmocap_notebooks/images/D9H-eRIROA/scene_00001740.jpg", "body_bbox_list": [[573, 169, 142, 484], [769, 112, 155, 389]], "hand_bbox_list": [{"left_hand": [679.638427734375, 412.0864562988281, 35.660400390625, 37.498199462890625], "right_hand": [581.3693237304688, 412.7835693359375, 20.75286865234375, 37.571136474609375]}, {"left_hand": null, "right_hand": null}]}