{"image_path": "/home/hyem/workspace/frankmocap_notebooks/images/D9H-eRIROA/scene_00001929.jpg", "body_bbox_list": [[779, 120, 191, 446], [565, 171, 180, 446]], "hand_bbox_list": [{"left_hand": null, "right_hand": null}, {"left_hand": [693.2850952148438, 269.2209167480469, 38.86724853515625, 35.56884765625], "right_hand": [573.6444702148438, 413.3160705566406, 20.5064697265625, 32.16522216796875]}]}