{"image_path": "/home/hyem/workspace/frankmocap_notebooks/images/D9H-eRIROA/scene_00006428.jpg", "body_bbox_list": [[537, 153, 192, 470], [724, 111, 155, 414]], "hand_bbox_list": [{"left_hand": [630.38037109375, 264.8070068359375, 50.75830078125, 42.401702880859375], "right_hand": [573.7762451171875, 261.87530517578125, 47.370849609375, 39.065093994140625]}, {"left_hand": null, "right_hand": null}]}