{"image_path": "/home/hyem/workspace/frankmocap_notebooks/images/D9H-eRIROA/scene_00003699.jpg", "body_bbox_list": [[591, 166, 123, 433]], "hand_bbox_list": [{"left_hand": [698.295654296875, 387.894287109375, 25.49371337890625, 40.0572509765625], "right_hand": [591.1207885742188, 380.36761474609375, 32.83746337890625, 38.01678466796875]}]}