{"image_path": "/home/hyem/workspace/frankmocap_notebooks/images/D9H-eRIROA/scene_00009292.jpg", "body_bbox_list": [[476, 94, 297, 626]], "hand_bbox_list": [{"left_hand": [576.3865966796875, 436.25238037109375, 80.43572998046875, 42.2943115234375], "right_hand": [551.2994384765625, 400.97454833984375, 81.5479736328125, 74.1268310546875]}]}