{"image_path": "/home/hyem/workspace/frankmocap_notebooks/images/D9H-eRIROA/scene_00003769.jpg", "body_bbox_list": [[499, 177, 267, 428], [739, 140, 210, 248]], "hand_bbox_list": [{"left_hand": [721.6868896484375, 360.3318176269531, 34.25152587890625, 44.00067138671875], "right_hand": [510.81988525390625, 328.62835693359375, 35.7955322265625, 48.7490234375]}, {"left_hand": null, "right_hand": null}]}