{"image_path": "/home/hyem/workspace/frankmocap_notebooks/images/D9H-eRIROA/scene_00007890.jpg", "body_bbox_list": [[456, 102, 365, 595]], "hand_bbox_list": [{"left_hand": [592.3534545898438, 485.23468017578125, 91.4552001953125, 77.0906982421875], "right_hand": [583.1567993164062, 472.0205078125, 93.56719970703125, 54.45867919921875]}]}