{"image_path": "/home/hyem/workspace/frankmocap_notebooks/images/D9H-eRIROA/scene_00006185.jpg", "body_bbox_list": [[538, 165, 161, 452], [702, 125, 143, 465]], "hand_bbox_list": [{"left_hand": [651.7998657226562, 348.459716796875, 37.73187255859375, 27.279327392578125], "right_hand": [526.0313110351562, 345.8521728515625, 36.55291748046875, 30.2772216796875]}, {"left_hand": null, "right_hand": null}]}