{"image_path": "/home/hyem/workspace/frankmocap_notebooks/images/D9H-eRIROA/scene_00005005.jpg", "body_bbox_list": [[466, 170, 272, 465], [673, 121, 173, 321], [790, 317, 74, 204]], "hand_bbox_list": [{"left_hand": [446.56103515625, 327.9100646972656, 43.32843017578125, 38.315643310546875], "right_hand": [446.56103515625, 327.9100646972656, 43.32843017578125, 38.315643310546875]}, {"left_hand": null, "right_hand": null}, {"left_hand": null, "right_hand": null}]}