{"image_path": "/home/hyem/workspace/frankmocap_notebooks/images/D9H-eRIROA/scene_00007881.jpg", "body_bbox_list": [[428, 97, 354, 582]], "hand_bbox_list": [{"left_hand": [672.3043212890625, 344.2534484863281, 81.4437255859375, 79.87399291992188], "right_hand": [489.70721435546875, 503.0530090332031, 108.7890625, 103.52163696289062]}]}