{"image_path": "/home/hyem/workspace/frankmocap_notebooks/images/D9H-eRIROA/scene_00002034.jpg", "body_bbox_list": [[567, 165, 137, 446], [774, 191, 50, 1]], "hand_bbox_list": [{"left_hand": [682.1559448242188, 393.35284423828125, 28.98712158203125, 40.823150634765625], "right_hand": [568.5120239257812, 406.2729797363281, 30.21661376953125, 35.556915283203125]}, {"left_hand": null, "right_hand": null}]}