{"image_path": "/home/hyem/workspace/frankmocap_notebooks/images/D9H-eRIROA/scene_00005521.jpg", "body_bbox_list": [[472, 211, 260, 422], [655, 163, 192, 383]], "hand_bbox_list": [{"left_hand": [499.6633605957031, 334.7457275390625, 31.156951904296875, 33.726806640625], "right_hand": [466.09588623046875, 339.8365783691406, 30.575042724609375, 30.937530517578125]}, {"left_hand": null, "right_hand": null}]}