{"image_path": "/home/hyem/workspace/frankmocap_notebooks/images/D9H-eRIROA/scene_00009659.jpg", "body_bbox_list": [[91, 98, 341, 558]], "hand_bbox_list": [{"left_hand": [246.31207275390625, 306.21771240234375, 60.988128662109375, 80.69381713867188], "right_hand": null}]}