{"image_path": "/home/hyem/workspace/frankmocap_notebooks/images/D9H-eRIROA/scene_00005200.jpg", "body_bbox_list": [[472, 170, 243, 470], [684, 122, 173, 408]], "hand_bbox_list": [{"left_hand": [500.527587890625, 295.6622009277344, 33.6553955078125, 36.34857177734375], "right_hand": [459.9046325683594, 297.2844543457031, 29.873809814453125, 31.56011962890625]}, {"left_hand": null, "right_hand": null}]}