{"image_path": "/home/hyem/workspace/frankmocap_notebooks/images/D9H-eRIROA/scene_00002972.jpg", "body_bbox_list": [[522, 167, 148, 414]], "hand_bbox_list": [{"left_hand": null, "right_hand": [520.1827392578125, 373.44921875, 29.673583984375, 31.859405517578125]}]}