{"image_path": "/home/hyem/workspace/frankmocap_notebooks/images/D9H-eRIROA/scene_00007390.jpg", "body_bbox_list": [[486, 193, 327, 441]], "hand_bbox_list": [{"left_hand": [773.98486328125, 368.3344421386719, 33.90283203125, 30.106414794921875], "right_hand": [758.9528198242188, 339.1506042480469, 23.355224609375, 30.896087646484375]}]}