{"image_path": "/home/hyem/workspace/frankmocap_notebooks/images/D9H-eRIROA/scene_00008762.jpg", "body_bbox_list": [[520, 145, 180, 514], [765, 72, 124, 408]], "hand_bbox_list": [{"left_hand": [634.052978515625, 318.2223815917969, 34.323486328125, 38.573333740234375], "right_hand": [595.410400390625, 321.5511474609375, 41.32464599609375, 37.96136474609375]}, {"left_hand": null, "right_hand": null}]}