{"image_path": "/home/hyem/workspace/frankmocap_notebooks/images/D9H-eRIROA/scene_00009393.jpg", "body_bbox_list": [[459, 77, 303, 544]], "hand_bbox_list": [{"left_hand": [561.7132568359375, 459.9816589355469, 74.22528076171875, 74.29666137695312], "right_hand": [561.7132568359375, 459.9816589355469, 74.22528076171875, 74.29666137695312]}]}