{"image_path": "/home/hyem/workspace/frankmocap_notebooks/images/D9H-eRIROA/scene_00003238.jpg", "body_bbox_list": [[524, 170, 223, 465]], "hand_bbox_list": [{"left_hand": [686.4769287109375, 223.60195922851562, 27.0130615234375, 32.57196044921875], "right_hand": [518.3626708984375, 232.46072387695312, 34.3740234375, 31.120574951171875]}]}