{"image_path": "/home/hyem/workspace/frankmocap_notebooks/images/D9H-eRIROA/scene_00001772.jpg", "body_bbox_list": [[572, 147, 161, 465], [752, 103, 161, 446], [775, 364, 37, 172], [847, 209, 50, 94]], "hand_bbox_list": [{"left_hand": [686.195556640625, 327.9345397949219, 42.52252197265625, 29.8487548828125], "right_hand": [605.5523681640625, 312.72930908203125, 45.71490478515625, 40.1295166015625]}, {"left_hand": null, "right_hand": null}, {"left_hand": null, "right_hand": null}, {"left_hand": null, "right_hand": null}]}