{"image_path": "/home/hyem/workspace/frankmocap_notebooks/images/D9H-eRIROA/scene_00009684.jpg", "body_bbox_list": [[91, 95, 341, 620]], "hand_bbox_list": [{"left_hand": [248.21701049804688, 310.64306640625, 60.131866455078125, 78.158447265625], "right_hand": null}]}