{"image_path": "/home/hyem/workspace/frankmocap_notebooks/images/D9H-eRIROA/scene_00003955.jpg", "body_bbox_list": [[520, 167, 180, 533]], "hand_bbox_list": [{"left_hand": [512.898193359375, 185.7019805908203, 39.9168701171875, 34.6431884765625], "right_hand": null}]}