{"image_path": "/home/hyem/workspace/frankmocap_notebooks/images/D9H-eRIROA/scene_00001284.jpg", "body_bbox_list": [[546, 146, 235, 501]], "hand_bbox_list": [{"left_hand": [763.1996459960938, 379.44000244140625, 43.9298095703125, 40.122161865234375], "right_hand": [540.507568359375, 359.9063720703125, 39.82073974609375, 42.712432861328125]}]}