{"image_path": "/home/hyem/workspace/frankmocap_notebooks/images/D9H-eRIROA/scene_00006724.jpg", "body_bbox_list": [[396, 100, 310, 509]], "hand_bbox_list": [{"left_hand": [541.7822875976562, 402.8402099609375, 98.2017822265625, 88.46759033203125], "right_hand": [541.7822875976562, 402.8402099609375, 98.2017822265625, 88.46759033203125]}]}