{"image_path": "/home/hyem/workspace/frankmocap_notebooks/images/D9H-eRIROA/scene_00003918.jpg", "body_bbox_list": [[558, 170, 234, 465], [772, 132, 104, 310]], "hand_bbox_list": [{"left_hand": [723.924072265625, 380.13824462890625, 27.05950927734375, 36.08917236328125], "right_hand": [552.5687866210938, 232.2344970703125, 38.17987060546875, 38.548065185546875]}, {"left_hand": null, "right_hand": null}]}