{"image_path": "/home/hyem/workspace/frankmocap_notebooks/images/D9H-eRIROA/scene_00000901.jpg", "body_bbox_list": [[533, 152, 166, 484], [375, 101, 161, 378]], "hand_bbox_list": [{"left_hand": [599.8948364257812, 304.9346008300781, 45.99298095703125, 40.111541748046875], "right_hand": [599.8948364257812, 304.9346008300781, 45.99298095703125, 40.111541748046875]}, {"left_hand": null, "right_hand": null}]}