{"image_path": "/home/hyem/workspace/frankmocap_notebooks/images/D9H-eRIROA/scene_00007076.jpg", "body_bbox_list": [[520, 193, 186, 441], [872, 235, 124, 278]], "hand_bbox_list": [{"left_hand": null, "right_hand": [568.450439453125, 439.5189208984375, 17.529296875, 22.181365966796875]}, {"left_hand": null, "right_hand": null}]}