{"image_path": "/home/hyem/workspace/frankmocap_notebooks/images/D9H-eRIROA/scene_00008484.jpg", "body_bbox_list": [[532, 146, 180, 484], [772, 115, 88, 440]], "hand_bbox_list": [{"left_hand": [685.509765625, 407.6442565917969, 24.35369873046875, 39.27734375], "right_hand": [549.0297241210938, 403.51025390625, 23.56103515625, 37.20806884765625]}, {"left_hand": null, "right_hand": null}]}