{"image_path": "/home/hyem/workspace/frankmocap_notebooks/images/D9H-eRIROA/scene_00005154.jpg", "body_bbox_list": [[459, 188, 303, 446], [653, 130, 229, 365]], "hand_bbox_list": [{"left_hand": [446.24444580078125, 283.6131591796875, 34.173736572265625, 41.9227294921875], "right_hand": [446.24444580078125, 283.6131591796875, 34.173736572265625, 41.9227294921875]}, {"left_hand": null, "right_hand": null}]}