{"image_path": "/home/hyem/workspace/frankmocap_notebooks/images/D9H-eRIROA/scene_00008750.jpg", "body_bbox_list": [[521, 141, 162, 500], [760, 102, 112, 365]], "hand_bbox_list": [{"left_hand": [639.8154907226562, 340.8493347167969, 40.29095458984375, 52.529815673828125], "right_hand": [580.4384765625, 341.7762451171875, 44.3511962890625, 42.903533935546875]}, {"left_hand": null, "right_hand": null}]}