{"image_path": "/home/hyem/workspace/frankmocap_notebooks/images/D9H-eRIROA/scene_00007461.jpg", "body_bbox_list": [[521, 194, 173, 433], [718, 149, 167, 321]], "hand_bbox_list": [{"left_hand": [545.410888671875, 352.0934753417969, 45.531005859375, 34.581329345703125], "right_hand": [545.410888671875, 352.0934753417969, 45.531005859375, 34.581329345703125]}, {"left_hand": null, "right_hand": null}]}