{"image_path": "/home/hyem/workspace/frankmocap_notebooks/images/D9H-eRIROA/scene_00003394.jpg", "body_bbox_list": [[495, 164, 259, 465], [774, 211, 156, 45]], "hand_bbox_list": [{"left_hand": [734.6277465820312, 234.95652770996094, 34.44989013671875, 36.38420104980469], "right_hand": [495.72979736328125, 239.41909790039062, 36.603271484375, 36.15118408203125]}, {"left_hand": null, "right_hand": null}]}