{"image_path": "/home/hyem/workspace/frankmocap_notebooks/images/D9H-eRIROA/scene_00002795.jpg", "body_bbox_list": [[461, 171, 248, 457], [700, 115, 192, 310]], "hand_bbox_list": [{"left_hand": [690.6478271484375, 354.8276062011719, 31.42523193359375, 43.528350830078125], "right_hand": [461.8721008300781, 366.87884521484375, 33.02984619140625, 37.23162841796875]}, {"left_hand": null, "right_hand": null}]}