{"image_path": "/home/hyem/workspace/frankmocap_notebooks/images/D9H-eRIROA/scene_00007737.jpg", "body_bbox_list": [[526, 147, 186, 476], [737, 102, 118, 359], [832, 346, 1, 180]], "hand_bbox_list": [{"left_hand": [683.2275390625, 404.7444152832031, 22.55230712890625, 38.351898193359375], "right_hand": [545.2953491210938, 399.5121154785156, 22.7940673828125, 36.530517578125]}, {"left_hand": null, "right_hand": null}, {"left_hand": null, "right_hand": null}]}