{"image_path": "/home/hyem/workspace/frankmocap_notebooks/images/D9H-eRIROA/scene_00008524.jpg", "body_bbox_list": [[538, 146, 173, 484], [748, 103, 113, 458], [837, 202, 25, 136]], "hand_bbox_list": [{"left_hand": [620.0508422851562, 383.011474609375, 47.3572998046875, 47.977325439453125], "right_hand": [592.1524658203125, 392.30914306640625, 35.5185546875, 39.58575439453125]}, {"left_hand": null, "right_hand": null}, {"left_hand": null, "right_hand": null}]}