{"image_path": "/home/hyem/workspace/frankmocap_notebooks/images/D9H-eRIROA/scene_00004519.jpg", "body_bbox_list": [[500, 65, 243, 557]], "hand_bbox_list": [{"left_hand": [661.1573486328125, 47.31857681274414, 54.51025390625, 53.14706039428711], "right_hand": [502.0538635253906, 107.61050415039062, 39.092315673828125, 39.232025146484375]}]}