{"image_path": "/home/hyem/workspace/frankmocap_notebooks/images/D9H-eRIROA/scene_00001890.jpg", "body_bbox_list": [[573, 176, 148, 452], [796, 124, 56, 248]], "hand_bbox_list": [{"left_hand": [709.041259765625, 400.8197937011719, 25.33392333984375, 44.618255615234375], "right_hand": [582.2928466796875, 414.6094665527344, 36.52752685546875, 42.380157470703125]}, {"left_hand": null, "right_hand": null}]}