{"image_path": "/home/hyem/workspace/frankmocap_notebooks/images/D9H-eRIROA/scene_00002044.jpg", "body_bbox_list": [[505, 142, 278, 465], [755, 97, 234, 346]], "hand_bbox_list": [{"left_hand": [763.1760864257812, 270.8193664550781, 39.87060546875, 54.52435302734375], "right_hand": [501.6695251464844, 296.7759094238281, 40.256683349609375, 48.075042724609375]}, {"left_hand": null, "right_hand": null}]}