{"image_path": "/home/hyem/workspace/frankmocap_notebooks/images/D9H-eRIROA/scene_00005181.jpg", "body_bbox_list": [[470, 170, 292, 465]], "hand_bbox_list": [{"left_hand": [748.4690551757812, 312.81756591796875, 30.553466796875, 31.240966796875], "right_hand": [693.7074584960938, 300.6282043457031, 36.78546142578125, 33.7005615234375]}]}