{"image_path": "/home/hyem/workspace/frankmocap_notebooks/images/D9H-eRIROA/scene_00008595.jpg", "body_bbox_list": [[460, 151, 143, 508], [654, 125, 104, 223]], "hand_bbox_list": [{"left_hand": [581.306640625, 249.6492156982422, 49.44329833984375, 56.48918151855469], "right_hand": [453.685546875, 228.77835083007812, 49.48974609375, 55.05926513671875]}, {"left_hand": null, "right_hand": null}]}