{"image_path": "/home/hyem/workspace/frankmocap_notebooks/images/D9H-eRIROA/scene_00001052.jpg", "body_bbox_list": [[556, 146, 148, 495], [412, 107, 99, 354], [418, 339, 69, 205]], "hand_bbox_list": [{"left_hand": [625.6870727539062, 252.01217651367188, 28.2930908203125, 40.115570068359375], "right_hand": [587.3703002929688, 244.6649627685547, 42.31829833984375, 48.64775085449219]}, {"left_hand": null, "right_hand": null}, {"left_hand": null, "right_hand": null}]}