{"image_path": "/home/hyem/workspace/frankmocap_notebooks/images/D9H-eRIROA/scene_00005742.jpg", "body_bbox_list": [[467, 112, 253, 508]], "hand_bbox_list": [{"left_hand": [681.3928833007812, 94.71436309814453, 34.2513427734375, 40.906837463378906], "right_hand": [454.0142822265625, 324.0657043457031, 33.863006591796875, 40.4783935546875]}]}