{"image_path": "/home/hyem/workspace/frankmocap_notebooks/images/D9H-eRIROA/scene_00007562.jpg", "body_bbox_list": [[519, 146, 199, 495], [758, 115, 172, 327]], "hand_bbox_list": [{"left_hand": [652.476806640625, 237.63836669921875, 43.81915283203125, 44.442779541015625], "right_hand": [557.5075073242188, 239.5294647216797, 39.5048828125, 38.96870422363281]}, {"left_hand": null, "right_hand": null}]}