{"image_path": "/home/hyem/workspace/frankmocap_notebooks/images/D9H-eRIROA/scene_00009550.jpg", "body_bbox_list": [[22, 85, 384, 595]], "hand_bbox_list": [{"left_hand": [196.1932373046875, 320.1526184082031, 62.82373046875, 84.41571044921875], "right_hand": null}]}