{"image_path": "/home/hyem/workspace/frankmocap_notebooks/images/D9H-eRIROA/scene_00003722.jpg", "body_bbox_list": [[592, 166, 99, 433], [768, 140, 56, 148]], "hand_bbox_list": [{"left_hand": [615.9449462890625, 345.85052490234375, 36.04571533203125, 31.776763916015625], "right_hand": [615.9449462890625, 345.85052490234375, 36.04571533203125, 31.776763916015625]}, {"left_hand": null, "right_hand": null}]}