{"image_path": "/home/hyem/workspace/frankmocap_notebooks/images/D9H-eRIROA/scene_00002875.jpg", "body_bbox_list": [[512, 164, 248, 465], [768, 116, 186, 297]], "hand_bbox_list": [{"left_hand": [741.0458984375, 308.7779846191406, 35.96820068359375, 42.45263671875], "right_hand": [516.0626831054688, 275.7908935546875, 32.22113037109375, 31.7275390625]}, {"left_hand": null, "right_hand": null}]}