{"image_path": "/home/hyem/workspace/frankmocap_notebooks/images/D9H-eRIROA/scene_00005749.jpg", "body_bbox_list": [[472, 147, 248, 476]], "hand_bbox_list": [{"left_hand": [691.4873046875, 155.9547576904297, 29.6192626953125, 33.80976867675781], "right_hand": [458.50677490234375, 328.9187316894531, 35.390869140625, 42.714019775390625]}]}