{"image_path": "/home/hyem/workspace/frankmocap_notebooks/images/D9H-eRIROA/scene_00003686.jpg", "body_bbox_list": [[541, 160, 229, 451], [763, 137, 167, 216], [805, 207, 123, 143]], "hand_bbox_list": [{"left_hand": [753.0612182617188, 370.24908447265625, 37.974853515625, 41.97802734375], "right_hand": [544.1989135742188, 370.37139892578125, 28.324462890625, 43.477630615234375]}, {"left_hand": null, "right_hand": null}, {"left_hand": null, "right_hand": null}]}