{"image_path": "/home/hyem/workspace/frankmocap_notebooks/images/D9H-eRIROA/scene_00005180.jpg", "body_bbox_list": [[476, 170, 286, 465]], "hand_bbox_list": [{"left_hand": [746.906494140625, 312.8454895019531, 29.78057861328125, 31.653411865234375], "right_hand": [692.4039916992188, 300.1109619140625, 36.38482666015625, 34.53656005859375]}]}