{"image_path": "/home/hyem/workspace/frankmocap_notebooks/images/D9H-eRIROA/scene_00003552.jpg", "body_bbox_list": [[536, 164, 199, 465]], "hand_bbox_list": [{"left_hand": [710.1766967773438, 256.4646911621094, 32.90545654296875, 38.8157958984375], "right_hand": [536.3619384765625, 243.9224090576172, 35.53179931640625, 45.27314758300781]}]}