{"image_path": "/home/hyem/workspace/frankmocap_notebooks/images/D9H-eRIROA/scene_00003543.jpg", "body_bbox_list": [[544, 160, 172, 451]], "hand_bbox_list": [{"left_hand": [715.7123413085938, 272.0036926269531, 31.65484619140625, 27.942138671875], "right_hand": [542.5094604492188, 248.09873962402344, 35.72906494140625, 37.96879577636719]}]}