{"image_path": "/home/hyem/workspace/frankmocap_notebooks/images/D9H-eRIROA/scene_00005596.jpg", "body_bbox_list": [[581, 135, 210, 501]], "hand_bbox_list": [{"left_hand": [770.8887939453125, 121.7563247680664, 42.0848388671875, 35.821617126464844], "right_hand": [598.63623046875, 283.3487548828125, 49.65472412109375, 53.163360595703125]}]}