{"image_path": "/home/hyem/workspace/frankmocap_notebooks/images/D9H-eRIROA/scene_00001150.jpg", "body_bbox_list": [[400, 102, 365, 595]], "hand_bbox_list": [{"left_hand": [623.5728149414062, 273.56072998046875, 115.91644287109375, 120.09878540039062], "right_hand": [473.6099853515625, 467.0915222167969, 129.0443115234375, 110.15335083007812]}]}