{"image_path": "/home/hyem/workspace/frankmocap_notebooks/images/D9H-eRIROA/scene_00005402.jpg", "body_bbox_list": [[393, 121, 384, 557]], "hand_bbox_list": [{"left_hand": [708.2568359375, 480.5120544433594, 68.0589599609375, 66.11038208007812], "right_hand": [589.8518676757812, 420.4410400390625, 59.618896484375, 71.46383666992188]}]}