{"image_path": "/home/hyem/workspace/frankmocap_notebooks/images/D9H-eRIROA/scene_00007529.jpg", "body_bbox_list": [[497, 158, 199, 500]], "hand_bbox_list": [{"left_hand": [571.0239868164062, 184.53457641601562, 46.704345703125, 33.16288757324219], "right_hand": [494.29132080078125, 207.96139526367188, 34.74456787109375, 42.988861083984375]}]}