{"image_path": "/home/hyem/workspace/frankmocap_notebooks/images/D9H-eRIROA/scene_00002986.jpg", "body_bbox_list": [[568, 154, 118, 452], [756, 137, 69, 216]], "hand_bbox_list": [{"left_hand": [617.2317504882812, 344.226806640625, 39.5997314453125, 34.489654541015625], "right_hand": [617.2317504882812, 344.226806640625, 39.5997314453125, 34.489654541015625]}, {"left_hand": null, "right_hand": null}]}