{"image_path": "/home/hyem/workspace/frankmocap_notebooks/images/D9H-eRIROA/scene_00007813.jpg", "body_bbox_list": [[444, 126, 384, 552]], "hand_bbox_list": [{"left_hand": [582.1354370117188, 499.0376892089844, 99.434326171875, 91.45755004882812], "right_hand": [582.1354370117188, 499.0376892089844, 99.434326171875, 91.45755004882812]}]}