{"image_path": "/home/hyem/workspace/frankmocap_notebooks/images/D9H-eRIROA/scene_00004345.jpg", "body_bbox_list": [[570, 171, 205, 446]], "hand_bbox_list": [{"left_hand": [762.8800048828125, 241.9605712890625, 30.5548095703125, 34.907684326171875], "right_hand": [572.4736328125, 247.10797119140625, 33.0166015625, 38.168609619140625]}]}