{"image_path": "/home/hyem/workspace/frankmocap_notebooks/images/D9H-eRIROA/scene_00003217.jpg", "body_bbox_list": [[490, 164, 229, 471], [724, 158, 161, 365]], "hand_bbox_list": [{"left_hand": [708.7240600585938, 187.20272827148438, 32.7142333984375, 35.7606201171875], "right_hand": [487.1358642578125, 216.19212341308594, 32.51995849609375, 34.376373291015625]}, {"left_hand": null, "right_hand": null}]}