{"image_path": "/home/hyem/workspace/frankmocap_notebooks/images/D9H-eRIROA/scene_00001647.jpg", "body_bbox_list": [[544, 160, 161, 457], [774, 178, 50, 397], [830, 191, 50, 118]], "hand_bbox_list": [{"left_hand": [676.4739990234375, 344.4925537109375, 39.705078125, 50.318359375], "right_hand": [550.4564208984375, 333.2241516113281, 34.78631591796875, 41.5767822265625]}, {"left_hand": null, "right_hand": null}, {"left_hand": null, "right_hand": null}]}