{"image_path": "/home/hyem/workspace/frankmocap_notebooks/images/D9H-eRIROA/scene_00005273.jpg", "body_bbox_list": [[453, 164, 292, 471], [660, 124, 205, 365]], "hand_bbox_list": [{"left_hand": [462.5826110839844, 283.2234191894531, 40.136749267578125, 37.660614013671875], "right_hand": [439.8846435546875, 304.80169677734375, 29.06549072265625, 29.24090576171875]}, {"left_hand": null, "right_hand": null}]}