{"image_path": "/home/hyem/workspace/frankmocap_notebooks/images/D9H-eRIROA/scene_00008681.jpg", "body_bbox_list": [[567, 163, 148, 495], [789, 115, 93, 327]], "hand_bbox_list": [{"left_hand": [657.6710815429688, 288.9114685058594, 45.14044189453125, 47.740203857421875], "right_hand": [613.8876953125, 291.6283264160156, 40.5303955078125, 38.5355224609375]}, {"left_hand": null, "right_hand": null}]}