{"image_path": "/home/hyem/workspace/frankmocap_notebooks/images/D9H-eRIROA/scene_00004760.jpg", "body_bbox_list": [[538, 188, 173, 440], [724, 131, 161, 335]], "hand_bbox_list": [{"left_hand": [615.848876953125, 352.5037536621094, 37.44317626953125, 32.37255859375], "right_hand": [542.5238647460938, 342.460693359375, 33.024169921875, 31.501800537109375]}, {"left_hand": null, "right_hand": null}]}