{"image_path": "/home/hyem/workspace/frankmocap_notebooks/images/D9H-eRIROA/scene_00006016.jpg", "body_bbox_list": [[755, 131, 229, 452], [535, 186, 123, 500]], "hand_bbox_list": [{"left_hand": null, "right_hand": null}, {"left_hand": [540.4855346679688, 305.2191467285156, 39.59521484375, 39.24041748046875], "right_hand": [505.0793151855469, 309.0049743652344, 46.444305419921875, 37.472808837890625]}]}