{"image_path": "/home/hyem/workspace/frankmocap_notebooks/images/D9H-eRIROA/scene_00007671.jpg", "body_bbox_list": [[507, 159, 229, 464], [735, 121, 167, 327]], "hand_bbox_list": [{"left_hand": [633.6415405273438, 270.78118896484375, 48.467041015625, 40.112823486328125], "right_hand": [567.9698486328125, 265.7252197265625, 43.9573974609375, 46.684814453125]}, {"left_hand": null, "right_hand": null}]}