{"image_path": "/home/hyem/workspace/frankmocap_notebooks/images/D9H-eRIROA/scene_00004460.jpg", "body_bbox_list": [[512, 229, 253, 397], [734, 182, 180, 316]], "hand_bbox_list": [{"left_hand": [659.234375, 427.0577087402344, 33.74871826171875, 39.771484375], "right_hand": [607.3990478515625, 379.00177001953125, 34.96478271484375, 31.513885498046875]}, {"left_hand": null, "right_hand": null}]}