{"image_path": "/home/hyem/workspace/frankmocap_notebooks/images/D9H-eRIROA/scene_00006992.jpg", "body_bbox_list": [[544, 142, 167, 476], [725, 102, 137, 465]], "hand_bbox_list": [{"left_hand": [687.04541015625, 389.966796875, 25.14361572265625, 37.084228515625], "right_hand": [565.0619506835938, 389.3336486816406, 29.86578369140625, 28.173004150390625]}, {"left_hand": null, "right_hand": null}]}