{"image_path": "/home/hyem/workspace/frankmocap_notebooks/images/D9H-eRIROA/scene_00003029.jpg", "body_bbox_list": [[483, 171, 278, 451], [737, 135, 259, 259]], "hand_bbox_list": [{"left_hand": [717.8789672851562, 213.9257354736328, 47.7713623046875, 53.82972717285156], "right_hand": [480.8025207519531, 236.96287536621094, 33.179534912109375, 43.23521423339844]}, {"left_hand": null, "right_hand": null}]}