{"image_path": "/home/hyem/workspace/frankmocap_notebooks/images/D9H-eRIROA/scene_00007071.jpg", "body_bbox_list": [[520, 171, 186, 457], [734, 118, 186, 248]], "hand_bbox_list": [{"left_hand": [637.661865234375, 396.3460388183594, 46.9132080078125, 50.044586181640625], "right_hand": [547.8265991210938, 416.6201477050781, 23.520751953125, 28.90313720703125]}, {"left_hand": null, "right_hand": null}]}