{"image_path": "/home/hyem/workspace/frankmocap_notebooks/images/D9H-eRIROA/scene_00004171.jpg", "body_bbox_list": [[512, 211, 248, 422], [813, 205, 61, 192]], "hand_bbox_list": [{"left_hand": [644.2833251953125, 440.5201110839844, 29.93084716796875, 25.79132080078125], "right_hand": [644.2833251953125, 440.5201110839844, 29.93084716796875, 25.79132080078125]}, {"left_hand": null, "right_hand": null}]}