{"image_path": "/home/hyem/workspace/frankmocap_notebooks/images/D9H-eRIROA/scene_00003548.jpg", "body_bbox_list": [[548, 171, 186, 457]], "hand_bbox_list": [{"left_hand": [719.4873657226562, 276.2607421875, 29.49737548828125, 30.814788818359375], "right_hand": [547.0177612304688, 249.34446716308594, 32.64080810546875, 38.61912536621094]}]}