{"image_path": "/home/hyem/workspace/frankmocap_notebooks/images/D9H-eRIROA/scene_00003004.jpg", "body_bbox_list": [[493, 142, 291, 470], [742, 107, 248, 242]], "hand_bbox_list": [{"left_hand": [766.8472900390625, 293.5535583496094, 28.7703857421875, 50.90679931640625], "right_hand": [491.8298034667969, 279.59771728515625, 38.835235595703125, 50.73150634765625]}, {"left_hand": null, "right_hand": null}]}