{"image_path": "/home/hyem/workspace/frankmocap_notebooks/images/D9H-eRIROA/scene_00006262.jpg", "body_bbox_list": [[419, 159, 327, 464], [723, 110, 180, 427]], "hand_bbox_list": [{"left_hand": [635.782470703125, 246.34962463378906, 50.8465576171875, 47.71528625488281], "right_hand": [382.520751953125, 234.43701171875, 58.084686279296875, 50.745880126953125]}, {"left_hand": null, "right_hand": null}]}