{"image_path": "/home/hyem/workspace/frankmocap_notebooks/images/D9H-eRIROA/scene_00003002.jpg", "body_bbox_list": [[494, 143, 272, 457], [758, 108, 172, 223], [799, 180, 118, 118]], "hand_bbox_list": [{"left_hand": [737.6710205078125, 335.45074462890625, 31.5247802734375, 49.974884033203125], "right_hand": [500.42425537109375, 324.7681884765625, 36.52056884765625, 51.1036376953125]}, {"left_hand": null, "right_hand": null}, {"left_hand": null, "right_hand": null}]}