{"image_path": "/home/hyem/workspace/frankmocap_notebooks/images/D9H-eRIROA/scene_00001030.jpg", "body_bbox_list": [[538, 159, 167, 476], [375, 102, 156, 465]], "hand_bbox_list": [{"left_hand": [637.4942626953125, 241.5742645263672, 43.903076171875, 44.54624938964844], "right_hand": [567.4716186523438, 236.76083374023438, 45.75616455078125, 51.520050048828125]}, {"left_hand": null, "right_hand": null}]}