{"image_path": "/home/hyem/workspace/frankmocap_notebooks/images/D9H-eRIROA/scene_00003288.jpg", "body_bbox_list": [[531, 176, 215, 458], [724, 189, 155, 291]], "hand_bbox_list": [{"left_hand": [722.0673217773438, 219.7093963623047, 30.668212890625, 37.21260070800781], "right_hand": [527.4505004882812, 236.6409149169922, 35.54608154296875, 34.20344543457031]}, {"left_hand": null, "right_hand": null}]}