{"image_path": "/home/hyem/workspace/frankmocap_notebooks/images/D9H-eRIROA/scene_00000655.jpg", "body_bbox_list": [[372, 114, 359, 582]], "hand_bbox_list": [{"left_hand": [610.3619995117188, 477.8143615722656, 80.12542724609375, 113.22671508789062], "right_hand": [377.30572509765625, 324.4195861816406, 105.27972412109375, 93.63766479492188]}]}