{"image_path": "/home/hyem/workspace/frankmocap_notebooks/images/D9H-eRIROA/scene_00006766.jpg", "body_bbox_list": [[312, 75, 563, 587]], "hand_bbox_list": [{"left_hand": [840.5531616210938, 270.8718566894531, 76.4210205078125, 104.4844970703125], "right_hand": [286.02777099609375, 295.70257568359375, 66.09262084960938, 107.56454467773438]}]}