{"image_path": "/home/hyem/workspace/frankmocap_notebooks/images/D9H-eRIROA/scene_00003080.jpg", "body_bbox_list": [[579, 164, 243, 465], [786, 110, 155, 433]], "hand_bbox_list": [{"left_hand": [639.4042358398438, 189.3968048095703, 53.2823486328125, 50.11778259277344], "right_hand": [600.1676635742188, 372.3385925292969, 36.92047119140625, 34.098419189453125]}, {"left_hand": null, "right_hand": null}]}