{"image_path": "/home/hyem/workspace/frankmocap_notebooks/images/D9H-eRIROA/scene_00008169.jpg", "body_bbox_list": [[506, 189, 242, 427], [735, 133, 173, 302]], "hand_bbox_list": [{"left_hand": [605.5528564453125, 335.4462890625, 34.05828857421875, 41.24114990234375], "right_hand": [564.9869384765625, 303.9264221191406, 19.26129150390625, 49.266845703125]}, {"left_hand": null, "right_hand": null}]}