{"image_path": "/home/hyem/workspace/frankmocap_notebooks/images/D9H-eRIROA/scene_00004394.jpg", "body_bbox_list": [[520, 168, 192, 525]], "hand_bbox_list": [{"left_hand": [525.2573852539062, 212.57382202148438, 26.949951171875, 30.21112060546875], "right_hand": [592.7427978515625, 206.10133361816406, 22.700927734375, 23.591094970703125]}]}