{"image_path": "/home/hyem/workspace/frankmocap_notebooks/images/D9H-eRIROA/scene_00005466.jpg", "body_bbox_list": [[502, 193, 211, 446], [679, 208, 167, 242], [767, 149, 80, 186], [814, 353, 37, 166]], "hand_bbox_list": [{"left_hand": [522.5313720703125, 296.2590026855469, 29.8695068359375, 34.99676513671875], "right_hand": [502.64910888671875, 321.9487609863281, 28.21527099609375, 30.325042724609375]}, {"left_hand": null, "right_hand": null}, {"left_hand": null, "right_hand": null}, {"left_hand": null, "right_hand": null}]}