{"image_path": "/home/hyem/workspace/frankmocap_notebooks/images/D9H-eRIROA/scene_00009323.jpg", "body_bbox_list": [[402, 82, 327, 638]], "hand_bbox_list": [{"left_hand": [508.5201416015625, 436.1946105957031, 84.274658203125, 73.66229248046875], "right_hand": [508.5201416015625, 436.1946105957031, 84.274658203125, 73.66229248046875]}]}