{"image_path": "/home/hyem/workspace/frankmocap_notebooks/images/D9H-eRIROA/scene_00003610.jpg", "body_bbox_list": [[525, 171, 210, 457], [708, 132, 142, 433]], "hand_bbox_list": [{"left_hand": [621.271484375, 324.9161071777344, 37.65850830078125, 39.080902099609375], "right_hand": [586.1949462890625, 333.4451599121094, 39.555908203125, 37.149200439453125]}, {"left_hand": null, "right_hand": null}]}