{"image_path": "/home/hyem/workspace/frankmocap_notebooks/images/D9H-eRIROA/scene_00007758.jpg", "body_bbox_list": [[496, 159, 229, 464], [716, 108, 199, 470]], "hand_bbox_list": [{"left_hand": [712.8013916015625, 386.8121032714844, 33.4012451171875, 42.33233642578125], "right_hand": [495.89959716796875, 397.08795166015625, 33.12744140625, 43.46917724609375]}, {"left_hand": null, "right_hand": null}]}