{"image_path": "/home/hyem/workspace/frankmocap_notebooks/images/D9H-eRIROA/scene_00004336.jpg", "body_bbox_list": [[559, 171, 199, 446]], "hand_bbox_list": [{"left_hand": [749.5428466796875, 244.79075622558594, 31.85675048828125, 34.81135559082031], "right_hand": [569.0675048828125, 264.6667175292969, 35.86114501953125, 38.875091552734375]}]}