{"image_path": "/home/hyem/workspace/frankmocap_notebooks/images/D9H-eRIROA/scene_00002019.jpg", "body_bbox_list": [[580, 147, 129, 465], [749, 130, 94, 235]], "hand_bbox_list": [{"left_hand": null, "right_hand": [585.75244140625, 387.92730712890625, 15.31280517578125, 36.994384765625]}, {"left_hand": null, "right_hand": null}]}