{"image_path": "/home/hyem/workspace/frankmocap_notebooks/images/D9H-eRIROA/scene_00000678.jpg", "body_bbox_list": [[395, 90, 465, 625]], "hand_bbox_list": [{"left_hand": [609.3711547851562, 399.2020263671875, 115.6041259765625, 95.53750610351562], "right_hand": [529.9737548828125, 455.9968566894531, 128.11114501953125, 118.43630981445312]}]}