{"image_path": "/home/hyem/workspace/frankmocap_notebooks/images/D9H-eRIROA/scene_00004431.jpg", "body_bbox_list": [[605, 139, 191, 544]], "hand_bbox_list": [{"left_hand": [790.4649658203125, 143.6076202392578, 42.0902099609375, 31.48919677734375], "right_hand": [794.5194091796875, 286.6702575683594, 35.5963134765625, 28.99658203125]}]}