{"image_path": "/home/hyem/workspace/frankmocap_notebooks/images/D9H-eRIROA/scene_00008328.jpg", "body_bbox_list": [[557, 153, 253, 476]], "hand_bbox_list": [{"left_hand": [795.3374633789062, 297.0431823730469, 51.42266845703125, 46.178558349609375], "right_hand": [580.0830688476562, 407.4110412597656, 39.984619140625, 38.810333251953125]}]}