{"image_path": "/home/hyem/workspace/frankmocap_notebooks/images/D9H-eRIROA/scene_00001045.jpg", "body_bbox_list": [[544, 152, 155, 489], [383, 103, 129, 452]], "hand_bbox_list": [{"left_hand": [657.9935913085938, 259.5834655761719, 37.99139404296875, 40.68560791015625], "right_hand": [600.4434204101562, 236.84498596191406, 40.16400146484375, 50.26225280761719]}, {"left_hand": null, "right_hand": null}]}