{"image_path": "/home/hyem/workspace/frankmocap_notebooks/images/D9H-eRIROA/scene_00006825.jpg", "body_bbox_list": [[425, 130, 297, 590], [757, 47, 185, 457]], "hand_bbox_list": [{"left_hand": [659.1614990234375, 376.34307861328125, 104.47052001953125, 89.3349609375], "right_hand": [524.1512451171875, 366.2572326660156, 88.6029052734375, 68.21475219726562]}, {"left_hand": null, "right_hand": null}]}