{"image_path": "/home/hyem/workspace/frankmocap_notebooks/images/D9H-eRIROA/scene_00001245.jpg", "body_bbox_list": [[420, 95, 403, 620]], "hand_bbox_list": [{"left_hand": [615.2040405273438, 485.7005310058594, 81.414794921875, 64.23806762695312], "right_hand": [573.9107666015625, 501.8240661621094, 98.75994873046875, 66.06491088867188]}]}