{"image_path": "/home/hyem/workspace/frankmocap_notebooks/images/D9H-eRIROA/scene_00004805.jpg", "body_bbox_list": [[465, 188, 291, 446], [666, 140, 210, 389]], "hand_bbox_list": [{"left_hand": [460.8023681640625, 310.3777770996094, 20.828277587890625, 23.472930908203125], "right_hand": [502.2387390136719, 345.51470947265625, 30.109222412109375, 31.79278564453125]}, {"left_hand": null, "right_hand": null}]}