{"image_path": "/home/hyem/workspace/frankmocap_notebooks/images/D9H-eRIROA/scene_00004998.jpg", "body_bbox_list": [[475, 176, 180, 458], [714, 109, 136, 440], [753, 321, 13, 224]], "hand_bbox_list": [{"left_hand": [571.54931640625, 355.3899230957031, 42.14013671875, 39.58013916015625], "right_hand": [458.2366027832031, 327.3583679199219, 31.77447509765625, 36.2169189453125]}, {"left_hand": null, "right_hand": null}, {"left_hand": null, "right_hand": null}]}