{"image_path": "/home/hyem/workspace/frankmocap_notebooks/images/D9H-eRIROA/scene_00003436.jpg", "body_bbox_list": [[567, 148, 148, 458], [755, 109, 99, 457]], "hand_bbox_list": [{"left_hand": [632.725830078125, 257.4991149902344, 53.7003173828125, 45.93896484375], "right_hand": [602.6237182617188, 304.5873107910156, 47.94708251953125, 38.761383056640625]}, {"left_hand": null, "right_hand": null}]}