{"image_path": "/home/hyem/workspace/frankmocap_notebooks/images/D9H-eRIROA/scene_00003572.jpg", "body_bbox_list": [[525, 171, 216, 451], [719, 136, 148, 229]], "hand_bbox_list": [{"left_hand": [708.8443603515625, 315.5147399902344, 30.33251953125, 40.5775146484375], "right_hand": [533.03271484375, 394.8973388671875, 38.57135009765625, 41.702880859375]}, {"left_hand": null, "right_hand": null}]}