{"image_path": "/home/hyem/workspace/frankmocap_notebooks/images/D9H-eRIROA/scene_00006067.jpg", "body_bbox_list": [[538, 153, 167, 465], [726, 119, 129, 229]], "hand_bbox_list": [{"left_hand": [662.0638427734375, 261.18402099609375, 34.63922119140625, 39.759246826171875], "right_hand": [538.2781372070312, 251.85772705078125, 34.1510009765625, 47.90179443359375]}, {"left_hand": null, "right_hand": null}]}