{"image_path": "/home/hyem/workspace/frankmocap_notebooks/images/D9H-eRIROA/scene_00005151.jpg", "body_bbox_list": [[460, 188, 278, 446], [660, 128, 210, 397], [725, 342, 137, 148]], "hand_bbox_list": [{"left_hand": [461.1828308105469, 289.0698547363281, 33.18975830078125, 37.546417236328125], "right_hand": [435.75531005859375, 324.8756103515625, 29.4429931640625, 28.974853515625]}, {"left_hand": null, "right_hand": null}, {"left_hand": null, "right_hand": null}]}