{"image_path": "/home/hyem/workspace/frankmocap_notebooks/images/D9H-eRIROA/scene_00009767.jpg", "body_bbox_list": [[91, 99, 346, 539]], "hand_bbox_list": [{"left_hand": [249.27560424804688, 309.96075439453125, 59.171875, 80.451904296875], "right_hand": null}]}