{"image_path": "/home/hyem/workspace/frankmocap_notebooks/images/D9H-eRIROA/scene_00004456.jpg", "body_bbox_list": [[512, 212, 253, 414], [712, 169, 191, 365]], "hand_bbox_list": [{"left_hand": [634.061279296875, 462.0050354003906, 30.132080078125, 35.89544677734375], "right_hand": [562.4593505859375, 389.13250732421875, 29.27325439453125, 34.562103271484375]}, {"left_hand": null, "right_hand": null}]}