{"image_path": "/home/hyem/workspace/frankmocap_notebooks/images/D9H-eRIROA/scene_00007507.jpg", "body_bbox_list": [[553, 112, 210, 508]], "hand_bbox_list": [{"left_hand": [735.361328125, 111.67522430419922, 50.79803466796875, 49.20702362060547], "right_hand": null}]}