{"image_path": "/home/hyem/workspace/frankmocap_notebooks/images/D9H-eRIROA/scene_00008847.jpg", "body_bbox_list": [[489, 176, 254, 458]], "hand_bbox_list": [{"left_hand": [627.7623291015625, 247.05172729492188, 53.7200927734375, 48.041259765625], "right_hand": [486.27374267578125, 357.2322692871094, 38.39752197265625, 48.936798095703125]}]}