{"image_path": "/home/hyem/workspace/frankmocap_notebooks/images/D9H-eRIROA/scene_00001022.jpg", "body_bbox_list": [[533, 152, 172, 484], [377, 103, 124, 452]], "hand_bbox_list": [{"left_hand": [653.6196899414062, 257.6656799316406, 32.42913818359375, 40.626220703125], "right_hand": [553.7880249023438, 258.2347106933594, 43.73101806640625, 46.72589111328125]}, {"left_hand": null, "right_hand": null}]}