{"image_path": "/home/hyem/workspace/frankmocap_notebooks/images/D9H-eRIROA/scene_00004203.jpg", "body_bbox_list": [[499, 211, 273, 422], [754, 174, 259, 243]], "hand_bbox_list": [{"left_hand": [743.4108276367188, 372.6101379394531, 41.26885986328125, 51.8841552734375], "right_hand": [498.7563781738281, 380.8147888183594, 41.389739990234375, 39.437744140625]}, {"left_hand": null, "right_hand": null}]}