{"image_path": "/home/hyem/workspace/frankmocap_notebooks/images/D9H-eRIROA/scene_00008817.jpg", "body_bbox_list": [[495, 164, 242, 476]], "hand_bbox_list": [{"left_hand": [639.831298828125, 222.92112731933594, 53.4512939453125, 45.91084289550781], "right_hand": [491.3261413574219, 339.87506103515625, 35.571197509765625, 43.458099365234375]}]}