{"image_path": "/home/hyem/workspace/frankmocap_notebooks/images/D9H-eRIROA/scene_00001100.jpg", "body_bbox_list": [[421, 126, 384, 563]], "hand_bbox_list": [{"left_hand": [549.9812622070312, 478.3938903808594, 89.75408935546875, 91.28005981445312], "right_hand": [524.5007934570312, 488.0601806640625, 82.32061767578125, 76.39447021484375]}]}