{"image_path": "/home/hyem/workspace/frankmocap_notebooks/images/D9H-eRIROA/scene_00009073.jpg", "body_bbox_list": [[458, 100, 327, 620]], "hand_bbox_list": [{"left_hand": [593.8248901367188, 385.72442626953125, 71.0653076171875, 81.4952392578125], "right_hand": [593.8248901367188, 385.72442626953125, 71.0653076171875, 81.4952392578125]}]}