{"image_path": "/home/hyem/workspace/frankmocap_notebooks/images/D9H-eRIROA/scene_00009566.jpg", "body_bbox_list": [[51, 93, 365, 568]], "hand_bbox_list": [{"left_hand": [215.38284301757812, 309.44952392578125, 60.284637451171875, 85.675537109375], "right_hand": null}]}