{"image_path": "/home/hyem/workspace/frankmocap_notebooks/images/D9H-eRIROA/scene_00003867.jpg", "body_bbox_list": [[551, 188, 254, 451]], "hand_bbox_list": [{"left_hand": [749.0947265625, 226.2805938720703, 32.21807861328125, 38.95109558105469], "right_hand": [538.9910888671875, 248.0229949951172, 38.65924072265625, 37.52943420410156]}]}