{"image_path": "/home/hyem/workspace/frankmocap_notebooks/images/D9H-eRIROA/scene_00003504.jpg", "body_bbox_list": [[567, 154, 137, 457], [720, 109, 129, 446]], "hand_bbox_list": [{"left_hand": [651.8392944335938, 246.56996154785156, 32.18695068359375, 37.08338928222656], "right_hand": [578.2664794921875, 250.94805908203125, 30.89129638671875, 36.15936279296875]}, {"left_hand": null, "right_hand": null}]}