{"image_path": "/home/hyem/workspace/frankmocap_notebooks/images/D9H-eRIROA/scene_00004075.jpg", "body_bbox_list": [[489, 223, 254, 409], [740, 182, 180, 210]], "hand_bbox_list": [{"left_hand": [667.28564453125, 418.3048095703125, 32.142333984375, 36.4306640625], "right_hand": [603.9186401367188, 414.6169128417969, 35.47271728515625, 39.0079345703125]}, {"left_hand": null, "right_hand": null}]}