{"image_path": "/home/hyem/workspace/frankmocap_notebooks/images/D9H-eRIROA/scene_00006244.jpg", "body_bbox_list": [[542, 153, 210, 470], [752, 122, 161, 403]], "hand_bbox_list": [{"left_hand": [653.8612060546875, 254.84915161132812, 45.13641357421875, 44.03466796875], "right_hand": [550.5423583984375, 391.8874206542969, 26.41162109375, 36.03631591796875]}, {"left_hand": null, "right_hand": null}]}