{"image_path": "/home/hyem/workspace/frankmocap_notebooks/images/D9H-eRIROA/scene_00002873.jpg", "body_bbox_list": [[517, 171, 243, 457], [769, 109, 167, 440], [839, 181, 99, 88]], "hand_bbox_list": [{"left_hand": [741.25634765625, 313.07635498046875, 35.8133544921875, 41.733062744140625], "right_hand": [519.3353271484375, 270.5429382324219, 31.54010009765625, 33.09710693359375]}, {"left_hand": null, "right_hand": null}, {"left_hand": null, "right_hand": null}]}