{"image_path": "/home/hyem/workspace/frankmocap_notebooks/images/D9H-eRIROA/scene_00006769.jpg", "body_bbox_list": [[366, 86, 495, 576]], "hand_bbox_list": [{"left_hand": [827.4204711914062, 298.7078857421875, 67.58428955078125, 101.4503173828125], "right_hand": [345.3514099121094, 319.31085205078125, 60.964630126953125, 108.12484741210938]}]}