{"image_path": "/home/hyem/workspace/frankmocap_notebooks/images/D9H-eRIROA/scene_00001086.jpg", "body_bbox_list": [[330, 108, 544, 611]], "hand_bbox_list": [{"left_hand": [793.9923095703125, 343.08270263671875, 81.423095703125, 104.82449340820312], "right_hand": [334.0260314941406, 335.5861511230469, 82.61990356445312, 94.43325805664062]}]}