{"image_path": "/home/hyem/workspace/frankmocap_notebooks/images/D9H-eRIROA/scene_00003847.jpg", "body_bbox_list": [[563, 175, 235, 465]], "hand_bbox_list": [{"left_hand": [738.9290161132812, 243.97323608398438, 32.81597900390625, 37.80743408203125], "right_hand": [544.3365478515625, 256.235107421875, 42.55828857421875, 39.737518310546875]}]}