{"image_path": "/home/hyem/workspace/frankmocap_notebooks/images/D9H-eRIROA/scene_00005080.jpg", "body_bbox_list": [[442, 170, 292, 470], [660, 122, 205, 403]], "hand_bbox_list": [{"left_hand": [466.05810546875, 302.81390380859375, 51.1641845703125, 38.927276611328125], "right_hand": [423.2235412597656, 273.4363098144531, 37.74658203125, 42.057525634765625]}, {"left_hand": null, "right_hand": null}]}