{"image_path": "/home/hyem/workspace/frankmocap_notebooks/images/D9H-eRIROA/scene_00007059.jpg", "body_bbox_list": [[458, 152, 310, 484]], "hand_bbox_list": [{"left_hand": [724.638916015625, 192.18899536132812, 46.438232421875, 59.758056640625], "right_hand": [461.9693908691406, 210.41635131835938, 27.96875, 52.730499267578125]}]}