{"image_path": "/home/hyem/workspace/frankmocap_notebooks/images/D9H-eRIROA/scene_00005219.jpg", "body_bbox_list": [[467, 193, 253, 446], [666, 146, 199, 389]], "hand_bbox_list": [{"left_hand": [479.9066467285156, 286.7232666015625, 39.086517333984375, 37.8045654296875], "right_hand": [453.595458984375, 310.26275634765625, 30.940826416015625, 30.9609375]}, {"left_hand": null, "right_hand": null}]}