{"image_path": "/home/hyem/workspace/frankmocap_notebooks/images/D9H-eRIROA/scene_00000502.jpg", "body_bbox_list": [[396, 103, 310, 576]], "hand_bbox_list": [{"left_hand": [562.5216674804688, 481.18084716796875, 109.408447265625, 105.81683349609375], "right_hand": [453.4286804199219, 383.1446838378906, 129.40481567382812, 126.53643798828125]}]}