{"image_path": "/home/hyem/workspace/frankmocap_notebooks/images/D9H-eRIROA/scene_00008064.jpg", "body_bbox_list": [[550, 163, 278, 490]], "hand_bbox_list": [{"left_hand": [814.5291748046875, 272.8600769042969, 35.00567626953125, 37.36383056640625], "right_hand": [552.5792236328125, 186.25222778320312, 32.64984130859375, 34.46343994140625]}]}