{"image_path": "/home/hyem/workspace/frankmocap_notebooks/images/D9H-eRIROA/scene_00005311.jpg", "body_bbox_list": [[585, 146, 248, 490]], "hand_bbox_list": [{"left_hand": [801.8182373046875, 140.1640167236328, 55.91229248046875, 28.427078247070312], "right_hand": [578.5853881835938, 320.047607421875, 45.7191162109375, 54.362701416015625]}]}