{"image_path": "/home/hyem/workspace/frankmocap_notebooks/images/D9H-eRIROA/scene_00007767.jpg", "body_bbox_list": [[504, 146, 162, 484], [722, 109, 75, 457], [755, 187, 88, 88]], "hand_bbox_list": [{"left_hand": null, "right_hand": [532.2978515625, 357.4233703613281, 29.68585205078125, 37.280487060546875]}, {"left_hand": null, "right_hand": null}, {"left_hand": null, "right_hand": null}]}