{"image_path": "/home/hyem/workspace/frankmocap_notebooks/images/D9H-eRIROA/scene_00002457.jpg", "body_bbox_list": [[563, 154, 129, 446]], "hand_bbox_list": [{"left_hand": [650.5660400390625, 320.4101867675781, 32.5501708984375, 38.630462646484375], "right_hand": [619.24658203125, 325.09844970703125, 34.01983642578125, 33.70587158203125]}]}