{"image_path": "/home/hyem/workspace/frankmocap_notebooks/images/D9H-eRIROA/scene_00003553.jpg", "body_bbox_list": [[525, 153, 210, 476]], "hand_bbox_list": [{"left_hand": [709.9086303710938, 243.84678649902344, 32.91064453125, 38.56446838378906], "right_hand": [528.0330200195312, 248.58946228027344, 34.55120849609375, 45.47273254394531]}]}