{"image_path": "/home/hyem/workspace/frankmocap_notebooks/images/D9H-eRIROA/scene_00003383.jpg", "body_bbox_list": [[495, 153, 253, 470]], "hand_bbox_list": [{"left_hand": [735.8270263671875, 230.09255981445312, 33.083740234375, 39.0587158203125], "right_hand": [484.4634094238281, 249.9587860107422, 38.838165283203125, 37.87458801269531]}]}