{"image_path": "/home/hyem/workspace/frankmocap_notebooks/images/D9H-eRIROA/scene_00004485.jpg", "body_bbox_list": [[511, 212, 267, 414]], "hand_bbox_list": [{"left_hand": [742.396240234375, 325.0274963378906, 34.9322509765625, 54.324615478515625], "right_hand": [509.8400573730469, 357.589599609375, 32.495697021484375, 40.1468505859375]}]}