{"image_path": "/home/hyem/workspace/frankmocap_notebooks/images/D9H-eRIROA/scene_00003371.jpg", "body_bbox_list": [[500, 153, 254, 470], [715, 116, 224, 427]], "hand_bbox_list": [{"left_hand": [739.3867797851562, 226.16751098632812, 34.28741455078125, 39.168548583984375], "right_hand": [494.8568115234375, 231.77703857421875, 37.77044677734375, 38.943878173828125]}, {"left_hand": null, "right_hand": null}]}