{"image_path": "/home/hyem/workspace/frankmocap_notebooks/images/D9H-eRIROA/scene_00004462.jpg", "body_bbox_list": [[512, 229, 253, 397], [769, 200, 155, 185]], "hand_bbox_list": [{"left_hand": [684.3329467773438, 347.3927001953125, 34.05780029296875, 35.669189453125], "right_hand": [638.959716796875, 457.2539978027344, 33.15478515625, 35.756622314453125]}, {"left_hand": null, "right_hand": null}]}