{"image_path": "/home/hyem/workspace/frankmocap_notebooks/images/D9H-eRIROA/scene_00007141.jpg", "body_bbox_list": [[558, 159, 223, 476]], "hand_bbox_list": [{"left_hand": [737.2759399414062, 217.96519470214844, 29.35284423828125, 33.51654052734375], "right_hand": [555.534423828125, 225.01535034179688, 35.84466552734375, 33.115570068359375]}]}