{"image_path": "/home/hyem/workspace/frankmocap_notebooks/images/D9H-eRIROA/scene_00002380.jpg", "body_bbox_list": [[456, 146, 371, 495]], "hand_bbox_list": [{"left_hand": [592.0052490234375, 157.14051818847656, 53.416015625, 30.8446044921875], "right_hand": [461.5242004394531, 208.57711791992188, 49.574462890625, 45.6881103515625]}]}