{"image_path": "/home/hyem/workspace/frankmocap_notebooks/images/D9H-eRIROA/scene_00004208.jpg", "body_bbox_list": [[494, 188, 272, 446]], "hand_bbox_list": [{"left_hand": [731.1812133789062, 155.46133422851562, 34.03094482421875, 51.21778869628906], "right_hand": [494.6618347167969, 164.04904174804688, 35.176422119140625, 58.88575744628906]}]}