{"image_path": "/home/hyem/workspace/frankmocap_notebooks/images/D9H-eRIROA/scene_00005929.jpg", "body_bbox_list": [[528, 169, 148, 489], [726, 102, 129, 471]], "hand_bbox_list": [{"left_hand": [656.5473022460938, 406.22210693359375, 26.7310791015625, 35.16839599609375], "right_hand": [526.034423828125, 400.4198303222656, 30.3338623046875, 35.51947021484375]}, {"left_hand": null, "right_hand": null}]}