{"image_path": "/home/hyem/workspace/frankmocap_notebooks/images/D9H-eRIROA/scene_00007205.jpg", "body_bbox_list": [[521, 126, 156, 569]], "hand_bbox_list": [{"left_hand": [490.4091491699219, 116.8840560913086, 49.302886962890625, 46.543479919433594], "right_hand": [519.46533203125, 192.22183227539062, 33.03106689453125, 27.746078491210938]}]}