{"image_path": "/home/hyem/workspace/frankmocap_notebooks/images/D9H-eRIROA/scene_00005905.jpg", "body_bbox_list": [[539, 171, 137, 446], [716, 107, 99, 365]], "hand_bbox_list": [{"left_hand": [651.8609008789062, 397.76727294921875, 19.16375732421875, 31.33685302734375], "right_hand": [543.8380737304688, 403.0782470703125, 18.6885986328125, 26.69781494140625]}, {"left_hand": null, "right_hand": null}]}