{"image_path": "/home/hyem/workspace/frankmocap_notebooks/images/D9H-eRIROA/scene_00005497.jpg", "body_bbox_list": [[495, 188, 242, 446], [810, 154, 112, 199]], "hand_bbox_list": [{"left_hand": [698.2993774414062, 323.46356201171875, 31.2847900390625, 30.04376220703125], "right_hand": [685.625244140625, 303.05157470703125, 35.4268798828125, 32.252471923828125]}, {"left_hand": null, "right_hand": null}]}