{"image_path": "/home/hyem/workspace/frankmocap_notebooks/images/D9H-eRIROA/scene_00005893.jpg", "body_bbox_list": [[527, 147, 167, 471], [701, 101, 162, 484], [795, 181, 69, 105]], "hand_bbox_list": [{"left_hand": [673.8938598632812, 327.8383483886719, 29.0098876953125, 28.783355712890625], "right_hand": [523.193603515625, 331.9084167480469, 30.3822021484375, 34.5804443359375]}, {"left_hand": null, "right_hand": null}, {"left_hand": null, "right_hand": null}]}