{"image_path": "/home/hyem/workspace/frankmocap_notebooks/images/D9H-eRIROA/scene_00005425.jpg", "body_bbox_list": [[465, 115, 291, 557]], "hand_bbox_list": [{"left_hand": [501.79962158203125, 340.241943359375, 64.0369873046875, 61.42242431640625], "right_hand": [420.035400390625, 505.0197448730469, 72.35189819335938, 79.21029663085938]}]}