{"image_path": "/home/hyem/workspace/frankmocap_notebooks/images/D9H-eRIROA/scene_00001469.jpg", "body_bbox_list": [[565, 153, 192, 470], [759, 136, 148, 223], [835, 198, 80, 99]], "hand_bbox_list": [{"left_hand": [682.7846069335938, 310.3441162109375, 45.7930908203125, 44.10894775390625], "right_hand": [585.5580444335938, 324.53094482421875, 35.76531982421875, 42.6490478515625]}, {"left_hand": null, "right_hand": null}, {"left_hand": null, "right_hand": null}]}