{"image_path": "/home/hyem/workspace/frankmocap_notebooks/images/D9H-eRIROA/scene_00007384.jpg", "body_bbox_list": [[576, 200, 199, 433], [838, 207, 113, 278]], "hand_bbox_list": [{"left_hand": [758.3600463867188, 379.38226318359375, 28.04571533203125, 28.50323486328125], "right_hand": [731.0684814453125, 350.39752197265625, 27.5880126953125, 33.328704833984375]}, {"left_hand": null, "right_hand": null}]}