{"image_path": "/home/hyem/workspace/frankmocap_notebooks/images/D9H-eRIROA/scene_00001898.jpg", "body_bbox_list": [[566, 176, 162, 452], [808, 115, 55, 446]], "hand_bbox_list": [{"left_hand": [712.7168579101562, 392.1913757324219, 25.70843505859375, 40.356781005859375], "right_hand": [569.3215942382812, 420.0249328613281, 33.37969970703125, 35.26995849609375]}, {"left_hand": null, "right_hand": null}]}