{"image_path": "/home/hyem/workspace/frankmocap_notebooks/images/D9H-eRIROA/scene_00008984.jpg", "body_bbox_list": [[572, 145, 161, 514], [394, 181, 123, 94]], "hand_bbox_list": [{"left_hand": [654.211669921875, 291.0765380859375, 40.90362548828125, 52.813201904296875], "right_hand": [654.211669921875, 291.0765380859375, 40.90362548828125, 52.813201904296875]}, {"left_hand": null, "right_hand": null}]}