{"image_path": "/home/hyem/workspace/frankmocap_notebooks/images/D9H-eRIROA/scene_00002999.jpg", "body_bbox_list": [[513, 171, 229, 451]], "hand_bbox_list": [{"left_hand": [708.0427856445312, 388.5450134277344, 29.0806884765625, 44.495147705078125], "right_hand": [519.677978515625, 382.63824462890625, 30.20587158203125, 48.264892578125]}]}