{"image_path": "/home/hyem/workspace/frankmocap_notebooks/images/D9H-eRIROA/scene_00005691.jpg", "body_bbox_list": [[542, 142, 216, 481]], "hand_bbox_list": [{"left_hand": [738.8067016601562, 137.5575714111328, 40.8282470703125, 39.3861083984375], "right_hand": [556.3258666992188, 314.2128601074219, 52.7999267578125, 51.46502685546875]}]}