{"image_path": "/home/hyem/workspace/frankmocap_notebooks/images/D9H-eRIROA/scene_00007369.jpg", "body_bbox_list": [[485, 188, 341, 440], [703, 139, 242, 397]], "hand_bbox_list": [{"left_hand": [477.71484375, 299.0707092285156, 26.431121826171875, 29.980010986328125], "right_hand": [551.7821655273438, 374.22003173828125, 31.889404296875, 36.353240966796875]}, {"left_hand": null, "right_hand": null}]}