{"image_path": "/home/hyem/workspace/frankmocap_notebooks/images/D9H-eRIROA/scene_00007199.jpg", "body_bbox_list": [[507, 134, 229, 520]], "hand_bbox_list": [{"left_hand": [724.2771606445312, 134.82638549804688, 28.5411376953125, 27.477767944335938], "right_hand": [568.8848876953125, 180.20574951171875, 32.87060546875, 32.41865539550781]}]}