{"image_path": "/home/hyem/workspace/frankmocap_notebooks/images/D9H-eRIROA/scene_00007138.jpg", "body_bbox_list": [[559, 152, 199, 484]], "hand_bbox_list": [{"left_hand": [744.2486572265625, 205.59812927246094, 29.35528564453125, 34.96836853027344], "right_hand": [549.471435546875, 213.31321716308594, 35.30218505859375, 32.07389831542969]}]}