{"image_path": "/home/hyem/workspace/frankmocap_notebooks/images/D9H-eRIROA/scene_00005652.jpg", "body_bbox_list": [[563, 159, 129, 464]], "hand_bbox_list": [{"left_hand": [671.0924682617188, 357.47711181640625, 29.9168701171875, 40.74169921875], "right_hand": [605.478271484375, 192.86859130859375, 35.9805908203125, 34.43647766113281]}]}