{"image_path": "/home/hyem/workspace/frankmocap_notebooks/images/D9H-eRIROA/scene_00003164.jpg", "body_bbox_list": [[551, 181, 254, 471]], "hand_bbox_list": [{"left_hand": [731.87060546875, 186.1683349609375, 27.686279296875, 36.725250244140625], "right_hand": [550.4068603515625, 230.57725524902344, 30.38800048828125, 26.216751098632812]}]}