{"image_path": "/home/hyem/workspace/frankmocap_notebooks/images/D9H-eRIROA/scene_00001226.jpg", "body_bbox_list": [[412, 120, 335, 582]], "hand_bbox_list": [{"left_hand": [594.1649169921875, 468.4454345703125, 38.64154052734375, 102.58966064453125], "right_hand": [553.9957885742188, 463.0, 56.2449951171875, 110.69464111328125]}]}