{"image_path": "/home/hyem/workspace/frankmocap_notebooks/images/D9H-eRIROA/scene_00005633.jpg", "body_bbox_list": [[629, 141, 137, 495]], "hand_bbox_list": [{"left_hand": [747.5950317382812, 417.7347717285156, 25.29559326171875, 43.461395263671875], "right_hand": [688.7166137695312, 352.1795349121094, 37.460693359375, 41.095306396484375]}]}