{"image_path": "/home/hyem/workspace/frankmocap_notebooks/images/D9H-eRIROA/scene_00004859.jpg", "body_bbox_list": [[574, 159, 242, 470]], "hand_bbox_list": [{"left_hand": [797.3484497070312, 147.69142150878906, 42.15411376953125, 42.40771484375], "right_hand": [567.1408081054688, 312.7109375, 47.448974609375, 54.58575439453125]}]}