{"image_path": "/home/hyem/workspace/frankmocap_notebooks/images/D9H-eRIROA/scene_00002236.jpg", "body_bbox_list": [[585, 153, 112, 465], [750, 184, 80, 155]], "hand_bbox_list": [{"left_hand": [630.2826538085938, 343.61383056640625, 34.133056640625, 31.43707275390625], "right_hand": [630.2826538085938, 343.61383056640625, 34.133056640625, 31.43707275390625]}, {"left_hand": null, "right_hand": null}]}