{"image_path": "/home/hyem/workspace/frankmocap_notebooks/images/D9H-eRIROA/scene_00006972.jpg", "body_bbox_list": [[573, 146, 148, 484], [769, 171, 155, 322]], "hand_bbox_list": [{"left_hand": [698.5255737304688, 406.2438049316406, 34.02197265625, 36.6634521484375], "right_hand": [572.0841064453125, 388.5696105957031, 30.07501220703125, 31.998565673828125]}, {"left_hand": null, "right_hand": null}]}