{"image_path": "/home/hyem/workspace/frankmocap_notebooks/images/D9H-eRIROA/scene_00009624.jpg", "body_bbox_list": [[86, 98, 346, 552]], "hand_bbox_list": [{"left_hand": [240.6061553955078, 307.153076171875, 60.33775329589844, 78.70407104492188], "right_hand": null}]}