{"image_path": "/home/hyem/workspace/frankmocap_notebooks/images/D9H-eRIROA/scene_00003137.jpg", "body_bbox_list": [[558, 169, 234, 484]], "hand_bbox_list": [{"left_hand": [774.7445678710938, 196.00352478027344, 35.02862548828125, 37.94944763183594], "right_hand": [557.9190673828125, 205.9764862060547, 36.38690185546875, 29.926513671875]}]}