{"image_path": "/home/hyem/workspace/frankmocap_notebooks/images/D9H-eRIROA/scene_00008454.jpg", "body_bbox_list": [[519, 182, 199, 446]], "hand_bbox_list": [{"left_hand": [688.3309326171875, 216.88209533691406, 33.60009765625, 54.38249206542969], "right_hand": [688.3309326171875, 216.88209533691406, 33.60009765625, 54.38249206542969]}]}