{"image_path": "/home/hyem/workspace/frankmocap_notebooks/images/D9H-eRIROA/scene_00003457.jpg", "body_bbox_list": [[567, 154, 148, 457], [743, 103, 123, 452]], "hand_bbox_list": [{"left_hand": [632.712158203125, 259.7647399902344, 42.3992919921875, 34.357513427734375], "right_hand": [614.678466796875, 284.7919616699219, 38.587890625, 35.121978759765625]}, {"left_hand": null, "right_hand": null}]}