{"image_path": "/home/hyem/workspace/frankmocap_notebooks/images/D9H-eRIROA/scene_00002966.jpg", "body_bbox_list": [[528, 166, 142, 422]], "hand_bbox_list": [{"left_hand": [651.9819946289062, 377.0737609863281, 23.196533203125, 33.663818359375], "right_hand": [531.6345825195312, 370.92333984375, 32.3878173828125, 25.991119384765625]}]}