{"image_path": "/home/hyem/workspace/frankmocap_notebooks/images/D9H-eRIROA/scene_00008621.jpg", "body_bbox_list": [[521, 142, 167, 481], [721, 191, 88, 1]], "hand_bbox_list": [{"left_hand": [667.756591796875, 403.7225036621094, 22.294189453125, 42.3367919921875], "right_hand": [525.558837890625, 403.88848876953125, 25.283203125, 39.67230224609375]}, {"left_hand": null, "right_hand": null}]}