{"image_path": "/home/hyem/workspace/frankmocap_notebooks/images/D9H-eRIROA/scene_00007334.jpg", "body_bbox_list": [[488, 240, 278, 409], [784, 192, 210, 359]], "hand_bbox_list": [{"left_hand": [682.583984375, 461.0391845703125, 53.25006103515625, 49.967620849609375], "right_hand": [536.9075927734375, 447.45654296875, 43.0655517578125, 34.052642822265625]}, {"left_hand": null, "right_hand": null}]}