{"image_path": "/home/hyem/workspace/frankmocap_notebooks/images/D9H-eRIROA/scene_00005981.jpg", "body_bbox_list": [[539, 169, 143, 500], [724, 111, 167, 408]], "hand_bbox_list": [{"left_hand": [639.93017578125, 425.6288146972656, 35.93121337890625, 40.706787109375], "right_hand": [538.8111572265625, 402.043212890625, 27.7138671875, 34.772674560546875]}, {"left_hand": null, "right_hand": null}]}