{"image_path": "/home/hyem/workspace/frankmocap_notebooks/images/D9H-eRIROA/scene_00005500.jpg", "body_bbox_list": [[525, 193, 205, 446], [747, 137, 148, 316]], "hand_bbox_list": [{"left_hand": [655.1387939453125, 330.1273498535156, 33.34185791015625, 30.561614990234375], "right_hand": [602.1253662109375, 322.7038879394531, 38.1461181640625, 32.007904052734375]}, {"left_hand": null, "right_hand": null}]}