{"image_path": "/home/hyem/workspace/frankmocap_notebooks/images/D9H-eRIROA/scene_00001554.jpg", "body_bbox_list": [[550, 146, 143, 484], [730, 103, 132, 452]], "hand_bbox_list": [{"left_hand": [626.9070434570312, 279.7657775878906, 53.0965576171875, 44.1810302734375], "right_hand": [594.560791015625, 317.27490234375, 45.08477783203125, 28.34429931640625]}, {"left_hand": null, "right_hand": null}]}