{"image_path": "/home/hyem/workspace/frankmocap_notebooks/images/D9H-eRIROA/scene_00006396.jpg", "body_bbox_list": [[543, 147, 180, 476], [743, 104, 129, 427], [824, 193, 45, 69]], "hand_bbox_list": [{"left_hand": [636.9308471679688, 258.3387756347656, 48.8834228515625, 39.728271484375], "right_hand": [574.9212646484375, 260.88409423828125, 45.6104736328125, 40.0794677734375]}, {"left_hand": null, "right_hand": null}, {"left_hand": null, "right_hand": null}]}