{"image_path": "/home/hyem/workspace/frankmocap_notebooks/images/D9H-eRIROA/scene_00001378.jpg", "body_bbox_list": [[544, 141, 161, 500], [782, 173, 129, 273]], "hand_bbox_list": [{"left_hand": [648.4943237304688, 287.7964782714844, 37.78680419921875, 37.01788330078125], "right_hand": [561.5105590820312, 375.74444580078125, 31.65362548828125, 39.6815185546875]}, {"left_hand": null, "right_hand": null}]}