{"image_path": "/home/hyem/workspace/frankmocap_notebooks/images/D9H-eRIROA/scene_00003393.jpg", "body_bbox_list": [[500, 153, 254, 476], [774, 211, 156, 45]], "hand_bbox_list": [{"left_hand": [737.6976318359375, 234.72222900390625, 34.3154296875, 36.529571533203125], "right_hand": [497.93084716796875, 239.68304443359375, 35.7978515625, 35.889129638671875]}, {"left_hand": null, "right_hand": null}]}