{"image_path": "/home/hyem/workspace/frankmocap_notebooks/images/D9H-eRIROA/scene_00008827.jpg", "body_bbox_list": [[489, 164, 259, 471], [766, 174, 99, 1]], "hand_bbox_list": [{"left_hand": [647.4881591796875, 264.49591064453125, 55.58856201171875, 56.660430908203125], "right_hand": [479.4172058105469, 311.8343811035156, 45.264312744140625, 49.795135498046875]}, {"left_hand": null, "right_hand": null}]}