{"image_path": "/home/hyem/workspace/frankmocap_notebooks/images/D9H-eRIROA/scene_00004063.jpg", "body_bbox_list": [[495, 218, 248, 414], [729, 169, 156, 354]], "hand_bbox_list": [{"left_hand": [614.4358520507812, 446.0023193359375, 30.65557861328125, 33.66802978515625], "right_hand": [566.5662841796875, 379.2052917480469, 22.261962890625, 32.26470947265625]}, {"left_hand": null, "right_hand": null}]}