{"image_path": "/home/hyem/workspace/frankmocap_notebooks/images/D9H-eRIROA/scene_00007027.jpg", "body_bbox_list": [[556, 171, 137, 440], [772, 122, 88, 302]], "hand_bbox_list": [{"left_hand": [670.0247192382812, 405.7633056640625, 25.29656982421875, 40.58465576171875], "right_hand": [563.145263671875, 415.2658996582031, 25.6431884765625, 36.721343994140625]}, {"left_hand": null, "right_hand": null}]}