{"image_path": "/home/hyem/workspace/frankmocap_notebooks/images/D9H-eRIROA/scene_00000976.jpg", "body_bbox_list": [[566, 140, 167, 514], [370, 94, 143, 273]], "hand_bbox_list": [{"left_hand": [621.0353393554688, 302.82806396484375, 49.52935791015625, 42.767120361328125], "right_hand": [621.0353393554688, 302.82806396484375, 49.52935791015625, 42.767120361328125]}, {"left_hand": null, "right_hand": null}]}