{"image_path": "/home/hyem/workspace/frankmocap_notebooks/images/D9H-eRIROA/scene_00002869.jpg", "body_bbox_list": [[512, 171, 242, 457], [770, 116, 148, 432]], "hand_bbox_list": [{"left_hand": [743.0466918945312, 316.1123352050781, 33.40325927734375, 40.638763427734375], "right_hand": [521.193603515625, 265.6998596191406, 31.50299072265625, 32.11492919921875]}, {"left_hand": null, "right_hand": null}]}