{"image_path": "/home/hyem/workspace/frankmocap_notebooks/images/D9H-eRIROA/scene_00004604.jpg", "body_bbox_list": [[406, 105, 471, 533]], "hand_bbox_list": [{"left_hand": [739.2755737304688, 329.031982421875, 91.6864013671875, 73.89154052734375], "right_hand": [408.32342529296875, 325.3428955078125, 88.45697021484375, 68.07778930664062]}]}