{"image_path": "/home/hyem/workspace/frankmocap_notebooks/images/D9H-eRIROA/scene_00003316.jpg", "body_bbox_list": [[531, 176, 215, 458]], "hand_bbox_list": [{"left_hand": [730.1514282226562, 208.6186065673828, 32.2469482421875, 37.6744384765625], "right_hand": [530.9066162109375, 239.7722625732422, 33.00006103515625, 32.00663757324219]}]}