{"image_path": "/home/hyem/workspace/frankmocap_notebooks/images/D9H-eRIROA/scene_00009058.jpg", "body_bbox_list": [[549, 147, 162, 476], [398, 107, 155, 360]], "hand_bbox_list": [{"left_hand": [618.0982055664062, 330.7336120605469, 51.01959228515625, 35.770721435546875], "right_hand": [587.8240966796875, 285.5389709472656, 51.642333984375, 42.679931640625]}, {"left_hand": null, "right_hand": null}]}