{"image_path": "/home/hyem/workspace/frankmocap_notebooks/images/D9H-eRIROA/scene_00009617.jpg", "body_bbox_list": [[80, 98, 346, 558]], "hand_bbox_list": [{"left_hand": [238.9318389892578, 306.2477111816406, 61.51841735839844, 80.60958862304688], "right_hand": null}]}