{"image_path": "/home/hyem/workspace/frankmocap_notebooks/images/D9H-eRIROA/scene_00004750.jpg", "body_bbox_list": [[469, 189, 327, 432], [716, 188, 199, 327]], "hand_bbox_list": [{"left_hand": [466.2710876464844, 316.7763671875, 27.4354248046875, 29.15081787109375], "right_hand": [466.2710876464844, 316.7763671875, 27.4354248046875, 29.15081787109375]}, {"left_hand": null, "right_hand": null}]}