{"image_path": "/home/hyem/workspace/frankmocap_notebooks/images/D9H-eRIROA/scene_00009303.jpg", "body_bbox_list": [[442, 94, 303, 626]], "hand_bbox_list": [{"left_hand": [572.8864135742188, 470.6775817871094, 70.62982177734375, 35.68145751953125], "right_hand": [531.7584228515625, 429.13909912109375, 80.183349609375, 72.10452270507812]}]}