{"image_path": "/home/hyem/workspace/frankmocap_notebooks/images/D9H-eRIROA/scene_00004802.jpg", "body_bbox_list": [[459, 188, 297, 446], [653, 140, 224, 378]], "hand_bbox_list": [{"left_hand": [451.3250427246094, 308.81072998046875, 22.903167724609375, 22.45654296875], "right_hand": [495.5087890625, 346.1191711425781, 30.29034423828125, 31.5013427734375]}, {"left_hand": null, "right_hand": null}]}