{"image_path": "/home/hyem/workspace/frankmocap_notebooks/images/D9H-eRIROA/scene_00001906.jpg", "body_bbox_list": [[560, 188, 180, 440], [811, 128, 105, 397]], "hand_bbox_list": [{"left_hand": [728.2299194335938, 395.8795471191406, 27.45391845703125, 40.31561279296875], "right_hand": [557.47265625, 421.5457458496094, 31.84869384765625, 30.99334716796875]}, {"left_hand": null, "right_hand": null}]}