{"image_path": "/home/hyem/workspace/frankmocap_notebooks/images/D9H-eRIROA/scene_00004290.jpg", "body_bbox_list": [[735, 101, 173, 484], [549, 146, 167, 484], [836, 185, 61, 137]], "hand_bbox_list": [{"left_hand": null, "right_hand": null}, {"left_hand": [694.077880859375, 356.1767883300781, 30.29241943359375, 48.7484130859375], "right_hand": [585.6459350585938, 308.9239196777344, 40.01068115234375, 38.779388427734375]}, {"left_hand": null, "right_hand": null}]}