{"image_path": "/home/hyem/workspace/frankmocap_notebooks/images/D9H-eRIROA/scene_00002178.jpg", "body_bbox_list": [[567, 153, 148, 465], [726, 103, 112, 441]], "hand_bbox_list": [{"left_hand": [687.95361328125, 379.9833068847656, 22.90863037109375, 33.62420654296875], "right_hand": null}, {"left_hand": null, "right_hand": null}]}