{"image_path": "/home/hyem/workspace/frankmocap_notebooks/images/D9H-eRIROA/scene_00003459.jpg", "body_bbox_list": [[567, 154, 148, 457], [743, 103, 123, 452], [759, 317, 1, 216]], "hand_bbox_list": [{"left_hand": [633.5848999023438, 256.5592956542969, 40.70343017578125, 36.687286376953125], "right_hand": [609.65380859375, 279.5127868652344, 40.29559326171875, 36.8128662109375]}, {"left_hand": null, "right_hand": null}, {"left_hand": null, "right_hand": null}]}