{"image_path": "/home/hyem/workspace/frankmocap_notebooks/images/D9H-eRIROA/scene_00004829.jpg", "body_bbox_list": [[495, 182, 259, 452], [683, 125, 181, 476]], "hand_bbox_list": [{"left_hand": [555.417236328125, 388.64837646484375, 35.14849853515625, 35.322235107421875], "right_hand": [492.1782531738281, 360.5573425292969, 31.272369384765625, 37.767242431640625]}, {"left_hand": null, "right_hand": null}]}