{"image_path": "/home/hyem/workspace/frankmocap_notebooks/images/D9H-eRIROA/scene_00006551.jpg", "body_bbox_list": [[468, 176, 234, 441]], "hand_bbox_list": [{"left_hand": [695.9149169921875, 267.133544921875, 40.18157958984375, 38.524932861328125], "right_hand": [440.46917724609375, 319.59991455078125, 42.537933349609375, 39.253204345703125]}]}