{"image_path": "/home/hyem/workspace/frankmocap_notebooks/images/D9H-eRIROA/scene_00001439.jpg", "body_bbox_list": [[540, 153, 242, 470]], "hand_bbox_list": [{"left_hand": [706.9292602539062, 192.3443603515625, 49.9656982421875, 41.01100158691406], "right_hand": [549.1751708984375, 196.6263427734375, 48.02935791015625, 43.055908203125]}]}