{"image_path": "/home/hyem/workspace/frankmocap_notebooks/images/D9H-eRIROA/scene_00007885.jpg", "body_bbox_list": [[464, 104, 321, 568]], "hand_bbox_list": [{"left_hand": [638.0485229492188, 358.7855529785156, 87.505615234375, 72.78533935546875], "right_hand": [538.5012817382812, 538.5264892578125, 113.25286865234375, 68.10809326171875]}]}