{"image_path": "/home/hyem/workspace/frankmocap_notebooks/images/D9H-eRIROA/scene_00003890.jpg", "body_bbox_list": [[533, 176, 267, 458]], "hand_bbox_list": [{"left_hand": [759.9996948242188, 223.36228942871094, 33.2171630859375, 38.50733947753906], "right_hand": [521.8057250976562, 235.25680541992188, 38.58868408203125, 38.311981201171875]}]}