{"image_path": "/home/hyem/workspace/frankmocap_notebooks/images/D9H-eRIROA/scene_00007298.jpg", "body_bbox_list": [[488, 269, 278, 384], [817, 226, 99, 223]], "hand_bbox_list": [{"left_hand": [703.2316284179688, 335.80859375, 28.310546875, 35.06964111328125], "right_hand": [627.9144897460938, 514.212890625, 29.73345947265625, 24.69610595703125]}, {"left_hand": null, "right_hand": null}]}