{"image_path": "/home/hyem/workspace/frankmocap_notebooks/images/D9H-eRIROA/scene_00001912.jpg", "body_bbox_list": [[571, 146, 186, 484], [804, 95, 148, 384]], "hand_bbox_list": [{"left_hand": [736.6411743164062, 308.5233154296875, 32.24114990234375, 37.843475341796875], "right_hand": [577.2760009765625, 380.4082336425781, 21.72027587890625, 28.49505615234375]}, {"left_hand": null, "right_hand": null}]}