{"image_path": "/home/hyem/workspace/frankmocap_notebooks/images/D9H-eRIROA/scene_00008422.jpg", "body_bbox_list": [[513, 153, 229, 476], [770, 122, 137, 403]], "hand_bbox_list": [{"left_hand": [644.0132446289062, 258.24176025390625, 47.25848388671875, 43.310333251953125], "right_hand": [563.513427734375, 259.7416687011719, 46.1732177734375, 47.02691650390625]}, {"left_hand": null, "right_hand": null}]}