{"image_path": "/home/hyem/workspace/frankmocap_notebooks/images/D9H-eRIROA/scene_00002329.jpg", "body_bbox_list": [[467, 176, 253, 446], [729, 125, 167, 346]], "hand_bbox_list": [{"left_hand": [690.3411254882812, 374.75274658203125, 34.70635986328125, 33.293670654296875], "right_hand": [467.13958740234375, 211.22422790527344, 33.266265869140625, 37.72760009765625]}, {"left_hand": null, "right_hand": null}]}