{"image_path": "/home/hyem/workspace/frankmocap_notebooks/images/D9H-eRIROA/scene_00006302.jpg", "body_bbox_list": [[518, 153, 224, 470], [735, 115, 156, 451]], "hand_bbox_list": [{"left_hand": [644.4144287109375, 256.4302062988281, 48.0877685546875, 42.310546875], "right_hand": [577.642822265625, 262.2829284667969, 48.84600830078125, 35.095306396484375]}, {"left_hand": null, "right_hand": null}]}