{"image_path": "/home/hyem/workspace/frankmocap_notebooks/images/D9H-eRIROA/scene_00002245.jpg", "body_bbox_list": [[585, 147, 118, 471], [754, 104, 112, 433]], "hand_bbox_list": [{"left_hand": [626.746826171875, 380.9664306640625, 36.52288818359375, 32.723358154296875], "right_hand": [612.8729248046875, 382.5472412109375, 47.7276611328125, 45.6475830078125]}, {"left_hand": null, "right_hand": null}]}