{"image_path": "/home/hyem/workspace/frankmocap_notebooks/images/D9H-eRIROA/scene_00006342.jpg", "body_bbox_list": [[536, 171, 199, 451], [742, 128, 148, 397]], "hand_bbox_list": [{"left_hand": [648.6907348632812, 270.6900634765625, 43.3116455078125, 35.0712890625], "right_hand": [579.746337890625, 270.53857421875, 43.69525146484375, 36.472869873046875]}, {"left_hand": null, "right_hand": null}]}