{"image_path": "/home/hyem/workspace/frankmocap_notebooks/images/D9H-eRIROA/scene_00008784.jpg", "body_bbox_list": [[549, 145, 167, 509]], "hand_bbox_list": [{"left_hand": [664.6607666015625, 327.32635498046875, 37.8980712890625, 41.710540771484375], "right_hand": [580.8611450195312, 326.7945251464844, 40.17724609375, 37.72442626953125]}]}