{"image_path": "/home/hyem/workspace/frankmocap_notebooks/images/D9H-eRIROA/scene_00003333.jpg", "body_bbox_list": [[518, 171, 224, 457], [737, 131, 129, 458]], "hand_bbox_list": [{"left_hand": [714.7921142578125, 360.2591552734375, 32.22991943359375, 43.898681640625], "right_hand": [525.8977661132812, 374.7671203613281, 35.8314208984375, 41.901153564453125]}, {"left_hand": null, "right_hand": null}]}