{"image_path": "/home/hyem/workspace/frankmocap_notebooks/images/D9H-eRIROA/scene_00009448.jpg", "body_bbox_list": [[382, 94, 378, 626]], "hand_bbox_list": [{"left_hand": [697.3089599609375, 384.2201843261719, 60.9278564453125, 66.984130859375], "right_hand": [361.126708984375, 433.3551940917969, 64.8189697265625, 65.7669677734375]}]}