{"image_path": "/home/hyem/workspace/frankmocap_notebooks/images/D9H-eRIROA/scene_00002352.jpg", "body_bbox_list": [[452, 171, 316, 457]], "hand_bbox_list": [{"left_hand": [733.443115234375, 255.22760009765625, 47.41845703125, 55.70831298828125], "right_hand": [444.4732360839844, 261.7989807128906, 35.7427978515625, 57.824188232421875]}]}