{"image_path": "/home/hyem/workspace/frankmocap_notebooks/images/D9H-eRIROA/scene_00006701.jpg", "body_bbox_list": [[346, 117, 427, 525]], "hand_bbox_list": [{"left_hand": [725.9166259765625, 567.192626953125, 52.4036865234375, 95.1829833984375], "right_hand": [358.0496520996094, 570.281494140625, 70.57583618164062, 86.460205078125]}]}