{"image_path": "/home/hyem/workspace/frankmocap_notebooks/images/D9H-eRIROA/scene_00006151.jpg", "body_bbox_list": [[706, 130, 191, 465], [544, 176, 172, 441]], "hand_bbox_list": [{"left_hand": null, "right_hand": [701.3015747070312, 401.0798645019531, 35.580322265625, 36.116424560546875]}, {"left_hand": [701.3015747070312, 401.0798645019531, 35.580322265625, 36.116424560546875], "right_hand": [551.901611328125, 370.94232177734375, 32.65521240234375, 34.809417724609375]}]}