{"image_path": "/home/hyem/workspace/frankmocap_notebooks/images/D9H-eRIROA/scene_00006079.jpg", "body_bbox_list": [[549, 147, 156, 471], [696, 112, 167, 384]], "hand_bbox_list": [{"left_hand": [666.3838500976562, 257.4244689941406, 35.17889404296875, 38.2420654296875], "right_hand": [543.8720092773438, 252.49850463867188, 36.23431396484375, 40.250732421875]}, {"left_hand": null, "right_hand": null}]}