{"image_path": "/home/hyem/workspace/frankmocap_notebooks/images/D9H-eRIROA/scene_00004774.jpg", "body_bbox_list": [[488, 194, 278, 433], [837, 135, 148, 360]], "hand_bbox_list": [{"left_hand": [742.4096069335938, 349.68878173828125, 31.79205322265625, 36.419586181640625], "right_hand": [755.3939819335938, 333.51678466796875, 19.1624755859375, 27.302825927734375]}, {"left_hand": null, "right_hand": null}]}