{"image_path": "/home/hyem/workspace/frankmocap_notebooks/images/D9H-eRIROA/scene_00005982.jpg", "body_bbox_list": [[533, 169, 155, 495], [718, 117, 161, 402]], "hand_bbox_list": [{"left_hand": [646.5274658203125, 419.9688415527344, 35.819091796875, 40.01678466796875], "right_hand": [538.8341674804688, 400.9798278808594, 29.3251953125, 35.102386474609375]}, {"left_hand": null, "right_hand": null}]}