{"image_path": "/home/hyem/workspace/frankmocap_notebooks/images/D9H-eRIROA/scene_00006261.jpg", "body_bbox_list": [[441, 153, 310, 465], [712, 110, 191, 427]], "hand_bbox_list": [{"left_hand": [635.512939453125, 247.11019897460938, 52.25665283203125, 47.2796630859375], "right_hand": [404.0012512207031, 247.58615112304688, 55.739410400390625, 47.296600341796875]}, {"left_hand": null, "right_hand": null}]}