{"image_path": "/home/hyem/workspace/frankmocap_notebooks/images/D9H-eRIROA/scene_00008200.jpg", "body_bbox_list": [[493, 218, 286, 408], [761, 181, 205, 223]], "hand_bbox_list": [{"left_hand": [712.0653076171875, 326.8343200683594, 38.5135498046875, 52.0035400390625], "right_hand": [524.562744140625, 316.63104248046875, 35.3775634765625, 45.813446044921875]}, {"left_hand": null, "right_hand": null}]}