{"image_path": "/home/hyem/workspace/frankmocap_notebooks/images/D9H-eRIROA/scene_00000601.jpg", "body_bbox_list": [[428, 90, 370, 619]], "hand_bbox_list": [{"left_hand": [565.4902954101562, 387.54656982421875, 79.576904296875, 116.996337890625], "right_hand": [565.4902954101562, 387.54656982421875, 79.576904296875, 116.996337890625]}]}