{"image_path": "/home/hyem/workspace/frankmocap_notebooks/images/D9H-eRIROA/scene_00009179.jpg", "body_bbox_list": [[477, 101, 278, 501]], "hand_bbox_list": [{"left_hand": [527.8529663085938, 408.5751037597656, 77.71014404296875, 79.20794677734375], "right_hand": [527.8529663085938, 408.5751037597656, 77.71014404296875, 79.20794677734375]}]}