{"image_path": "/home/hyem/workspace/frankmocap_notebooks/images/D9H-eRIROA/scene_00000805.jpg", "body_bbox_list": [[449, 120, 278, 576]], "hand_bbox_list": [{"left_hand": [575.6068115234375, 657.9927978515625, 48.26171875, 59.53485107421875], "right_hand": [555.2072143554688, 657.5240478515625, 50.805908203125, 60.4013671875]}]}