{"image_path": "/home/hyem/workspace/frankmocap_notebooks/images/D9H-eRIROA/scene_00000920.jpg", "body_bbox_list": [[538, 146, 167, 501], [346, 100, 186, 397]], "hand_bbox_list": [{"left_hand": [655.0715942382812, 276.6413269042969, 42.97906494140625, 44.716400146484375], "right_hand": [548.0276489257812, 269.1668701171875, 45.363037109375, 48.18609619140625]}, {"left_hand": null, "right_hand": null}]}