{"image_path": "/home/hyem/workspace/frankmocap_notebooks/images/D9H-eRIROA/scene_00000746.jpg", "body_bbox_list": [[354, 121, 378, 568]], "hand_bbox_list": [{"left_hand": [603.3422241210938, 296.2115478515625, 106.79974365234375, 113.41665649414062], "right_hand": [395.2260437011719, 289.7758483886719, 118.44485473632812, 109.170654296875]}]}