{"image_path": "/home/hyem/workspace/frankmocap_notebooks/images/D9H-eRIROA/scene_00006722.jpg", "body_bbox_list": [[404, 94, 278, 626]], "hand_bbox_list": [{"left_hand": [545.9072875976562, 399.2598876953125, 111.5028076171875, 78.94857788085938], "right_hand": [545.9072875976562, 399.2598876953125, 111.5028076171875, 78.94857788085938]}]}