{"image_path": "/home/hyem/workspace/frankmocap_notebooks/images/D9H-eRIROA/scene_00003951.jpg", "body_bbox_list": [[474, 138, 216, 557]], "hand_bbox_list": [{"left_hand": [444.1644287109375, 136.49571228027344, 41.31768798828125, 41.08204650878906], "right_hand": null}]}