{"image_path": "/home/hyem/workspace/frankmocap_notebooks/images/D9H-eRIROA/scene_00003018.jpg", "body_bbox_list": [[513, 183, 234, 422], [734, 147, 180, 224]], "hand_bbox_list": [{"left_hand": [704.6111450195312, 389.24920654296875, 37.27716064453125, 43.216522216796875], "right_hand": [526.0430297851562, 369.244384765625, 30.66534423828125, 39.918853759765625]}, {"left_hand": null, "right_hand": null}]}