{"image_path": "/home/hyem/workspace/frankmocap_notebooks/images/D9H-eRIROA/scene_00008530.jpg", "body_bbox_list": [[495, 147, 248, 476], [741, 114, 172, 470], [835, 195, 74, 156]], "hand_bbox_list": [{"left_hand": [729.360595703125, 373.5096130371094, 29.27630615234375, 41.031036376953125], "right_hand": [490.75518798828125, 362.8509826660156, 28.9725341796875, 44.337646484375]}, {"left_hand": null, "right_hand": null}, {"left_hand": null, "right_hand": null}]}