{"image_path": "/home/hyem/workspace/frankmocap_notebooks/images/D9H-eRIROA/scene_00007541.jpg", "body_bbox_list": [[782, 101, 253, 495], [580, 172, 129, 528], [876, 126, 172, 210]], "hand_bbox_list": [{"left_hand": null, "right_hand": null}, {"left_hand": [650.7843627929688, 386.69122314453125, 48.06005859375, 43.454071044921875], "right_hand": [559.4863891601562, 372.00927734375, 37.4207763671875, 34.841705322265625]}, {"left_hand": null, "right_hand": null}]}