{"image_path": "/home/hyem/workspace/frankmocap_notebooks/images/D9H-eRIROA/scene_00008341.jpg", "body_bbox_list": [[778, 109, 210, 446], [562, 178, 148, 533]], "hand_bbox_list": [{"left_hand": null, "right_hand": null}, {"left_hand": [612.4298706054688, 353.3126220703125, 52.16839599609375, 44.970062255859375], "right_hand": [543.1057739257812, 364.1913146972656, 44.3721923828125, 37.34649658203125]}]}