{"image_path": "/home/hyem/workspace/frankmocap_notebooks/images/D9H-eRIROA/scene_00005953.jpg", "body_bbox_list": [[739, 119, 199, 476], [522, 179, 148, 508]], "hand_bbox_list": [{"left_hand": null, "right_hand": null}, {"left_hand": [548.3505249023438, 338.88189697265625, 43.868408203125, 38.700531005859375], "right_hand": [500.3014221191406, 301.69476318359375, 33.257354736328125, 31.479827880859375]}]}