{"image_path": "/home/hyem/workspace/frankmocap_notebooks/images/D9H-eRIROA/scene_00008757.jpg", "body_bbox_list": [[521, 141, 162, 500], [754, 166, 123, 315]], "hand_bbox_list": [{"left_hand": [636.1987915039062, 333.1082763671875, 41.11822509765625, 46.78814697265625], "right_hand": [588.614013671875, 341.04949951171875, 44.8321533203125, 43.626922607421875]}, {"left_hand": null, "right_hand": null}]}