{"image_path": "/home/hyem/workspace/frankmocap_notebooks/images/D9H-eRIROA/scene_00008306.jpg", "body_bbox_list": [[442, 164, 292, 465]], "hand_bbox_list": [{"left_hand": [708.4501342773438, 211.5202178955078, 37.02386474609375, 37.718597412109375], "right_hand": [510.86407470703125, 281.1429443359375, 57.79364013671875, 45.51275634765625]}]}