{"image_path": "/home/hyem/workspace/frankmocap_notebooks/images/D9H-eRIROA/scene_00009574.jpg", "body_bbox_list": [[57, 92, 359, 581]], "hand_bbox_list": [{"left_hand": [217.19029235839844, 312.5450439453125, 62.83961486816406, 78.80606079101562], "right_hand": null}]}