{"image_path": "/home/hyem/workspace/frankmocap_notebooks/images/D9H-eRIROA/scene_00004303.jpg", "body_bbox_list": [[550, 153, 143, 476], [747, 101, 137, 495]], "hand_bbox_list": [{"left_hand": [691.060791015625, 213.46978759765625, 37.61749267578125, 33.20512390136719], "right_hand": [545.6604614257812, 230.26197814941406, 33.32177734375, 40.12937927246094]}, {"left_hand": null, "right_hand": null}]}