{"image_path": "/home/hyem/workspace/frankmocap_notebooks/images/D9H-eRIROA/scene_00004569.jpg", "body_bbox_list": [[265, 76, 606, 551]], "hand_bbox_list": [{"left_hand": [773.3916015625, 4.536262035369873, 85.6876220703125, 92.52340698242188], "right_hand": [276.5738220214844, 34.02834701538086, 78.67041015625, 103.94137573242188]}]}