{"image_path": "/home/hyem/workspace/frankmocap_notebooks/images/D9H-eRIROA/scene_00004685.jpg", "body_bbox_list": [[488, 188, 278, 440], [681, 140, 224, 378]], "hand_bbox_list": [{"left_hand": [478.4435729980469, 324.0655212402344, 27.386688232421875, 24.644775390625], "right_hand": [544.1780395507812, 357.8153381347656, 27.97894287109375, 36.271636962890625]}, {"left_hand": null, "right_hand": null}]}