{"image_path": "/home/hyem/workspace/frankmocap_notebooks/images/D9H-eRIROA/scene_00009477.jpg", "body_bbox_list": [[393, 94, 378, 626]], "hand_bbox_list": [{"left_hand": [629.3886108398438, 110.00164031982422, 88.39599609375, 118.85857391357422], "right_hand": [394.87017822265625, 155.63653564453125, 63.049285888671875, 119.05081176757812]}]}