{"image_path": "/home/hyem/workspace/frankmocap_notebooks/images/D9H-eRIROA/scene_00001007.jpg", "body_bbox_list": [[514, 159, 204, 481]], "hand_bbox_list": [{"left_hand": null, "right_hand": [509.647705078125, 285.1124267578125, 29.88677978515625, 37.111297607421875]}]}