{"image_path": "/home/hyem/workspace/frankmocap_notebooks/images/D9H-eRIROA/scene_00008625.jpg", "body_bbox_list": [[533, 147, 166, 476], [773, 185, 69, 1]], "hand_bbox_list": [{"left_hand": [683.9781494140625, 385.1094665527344, 21.3328857421875, 41.847930908203125], "right_hand": [530.712158203125, 387.90673828125, 35.569580078125, 40.558746337890625]}, {"left_hand": null, "right_hand": null}]}