{"image_path": "/home/hyem/workspace/frankmocap_notebooks/images/D9H-eRIROA/scene_00002473.jpg", "body_bbox_list": [[545, 177, 148, 433]], "hand_bbox_list": [{"left_hand": [677.2455444335938, 405.8526306152344, 23.02899169921875, 43.473388671875], "right_hand": [555.0611572265625, 424.5672912597656, 33.7342529296875, 35.75799560546875]}]}