{"image_path": "/home/hyem/workspace/frankmocap_notebooks/images/D9H-eRIROA/scene_00004128.jpg", "body_bbox_list": [[513, 171, 229, 457], [745, 118, 186, 254]], "hand_bbox_list": [{"left_hand": [642.6512451171875, 279.4068908691406, 35.72479248046875, 35.071014404296875], "right_hand": [555.686279296875, 400.7890625, 21.3472900390625, 26.531768798828125]}, {"left_hand": null, "right_hand": null}]}