{"image_path": "/home/hyem/workspace/frankmocap_notebooks/images/D9H-eRIROA/scene_00005784.jpg", "body_bbox_list": [[499, 162, 161, 520]], "hand_bbox_list": [{"left_hand": [540.9583129882812, 190.98130798339844, 30.56182861328125, 32.96257019042969], "right_hand": [486.07318115234375, 221.5428009033203, 34.88031005859375, 43.08717346191406]}]}