{"image_path": "/home/hyem/workspace/frankmocap_notebooks/images/D9H-eRIROA/scene_00008838.jpg", "body_bbox_list": [[478, 170, 242, 470]], "hand_bbox_list": [{"left_hand": [608.5853271484375, 173.5097198486328, 49.978515625, 38.64628601074219], "right_hand": [470.92437744140625, 381.8180236816406, 34.516357421875, 48.570343017578125]}]}