{"image_path": "/home/hyem/workspace/frankmocap_notebooks/images/D9H-eRIROA/scene_00007761.jpg", "body_bbox_list": [[454, 159, 279, 464], [691, 109, 267, 457]], "hand_bbox_list": [{"left_hand": [719.044189453125, 343.4189758300781, 50.12841796875, 31.679351806640625], "right_hand": [440.42718505859375, 386.1717529296875, 39.63861083984375, 40.81427001953125]}, {"left_hand": null, "right_hand": null}]}