{"image_path": "/home/hyem/workspace/frankmocap_notebooks/images/D9H-eRIROA/scene_00000809.jpg", "body_bbox_list": [[429, 97, 335, 588]], "hand_bbox_list": [{"left_hand": [545.9846801757812, 609.2369384765625, 70.165771484375, 104.6221923828125], "right_hand": [545.9846801757812, 609.2369384765625, 70.165771484375, 104.6221923828125]}]}