{"image_path": "/home/hyem/workspace/frankmocap_notebooks/images/D9H-eRIROA/scene_00006977.jpg", "body_bbox_list": [[763, 84, 156, 484], [567, 142, 148, 481]], "hand_bbox_list": [{"left_hand": null, "right_hand": null}, {"left_hand": [680.3816528320312, 391.411376953125, 36.35693359375, 31.937103271484375], "right_hand": [568.3191528320312, 388.9700012207031, 31.7193603515625, 31.77960205078125]}]}