{"image_path": "/home/hyem/workspace/frankmocap_notebooks/images/D9H-eRIROA/scene_00004698.jpg", "body_bbox_list": [[579, 211, 142, 422], [799, 160, 112, 327]], "hand_bbox_list": [{"left_hand": [703.573486328125, 381.1025695800781, 29.8558349609375, 30.583587646484375], "right_hand": [641.4480590820312, 376.26611328125, 33.0213623046875, 30.720458984375]}, {"left_hand": null, "right_hand": null}]}