{"image_path": "/home/hyem/workspace/frankmocap_notebooks/images/D9H-eRIROA/scene_00001503.jpg", "body_bbox_list": [[596, 159, 124, 464], [748, 110, 118, 433]], "hand_bbox_list": [{"left_hand": [630.7811889648438, 286.62445068359375, 37.23577880859375, 38.75537109375], "right_hand": [630.7811889648438, 286.62445068359375, 37.23577880859375, 38.75537109375]}, {"left_hand": null, "right_hand": null}]}