{"image_path": "/home/hyem/workspace/frankmocap_notebooks/images/D9H-eRIROA/scene_00004127.jpg", "body_bbox_list": [[513, 171, 229, 457], [752, 117, 172, 272]], "hand_bbox_list": [{"left_hand": [657.50244140625, 262.16278076171875, 37.77996826171875, 34.68499755859375], "right_hand": [556.8482055664062, 401.19476318359375, 21.6541748046875, 25.43878173828125]}, {"left_hand": null, "right_hand": null}]}