{"image_path": "/home/hyem/workspace/frankmocap_notebooks/images/D9H-eRIROA/scene_00001068.jpg", "body_bbox_list": [[543, 146, 180, 501], [359, 102, 143, 365]], "hand_bbox_list": [{"left_hand": [611.5379638671875, 289.05621337890625, 52.196044921875, 39.108856201171875], "right_hand": [611.5379638671875, 289.05621337890625, 52.196044921875, 39.108856201171875]}, {"left_hand": null, "right_hand": null}]}