{"image_path": "/home/hyem/workspace/frankmocap_notebooks/images/D9H-eRIROA/scene_00007381.jpg", "body_bbox_list": [[601, 206, 142, 427], [840, 214, 80, 253]], "hand_bbox_list": [{"left_hand": [726.2633056640625, 398.78179931640625, 25.88616943359375, 28.56744384765625], "right_hand": [657.924560546875, 394.02362060546875, 29.3519287109375, 32.1593017578125]}, {"left_hand": null, "right_hand": null}]}