{"image_path": "/home/hyem/workspace/frankmocap_notebooks/images/D9H-eRIROA/scene_00004142.jpg", "body_bbox_list": [[512, 193, 248, 441], [747, 134, 148, 379]], "hand_bbox_list": [{"left_hand": [633.7748413085938, 436.0537414550781, 31.16107177734375, 33.3880615234375], "right_hand": [513.7222290039062, 340.96533203125, 31.32745361328125, 35.499969482421875]}, {"left_hand": null, "right_hand": null}]}