{"image_path": "/home/hyem/workspace/frankmocap_notebooks/images/D9H-eRIROA/scene_00004044.jpg", "body_bbox_list": [[488, 147, 267, 465]], "hand_bbox_list": [{"left_hand": [679.129150390625, 137.4208221435547, 37.67572021484375, 35.182159423828125], "right_hand": [555.131103515625, 225.94143676757812, 31.447021484375, 33.754669189453125]}]}