{"image_path": "/home/hyem/workspace/frankmocap_notebooks/images/D9H-eRIROA/scene_00008305.jpg", "body_bbox_list": [[454, 153, 273, 470]], "hand_bbox_list": [{"left_hand": [702.3234252929688, 200.8643798828125, 34.71551513671875, 43.39115905761719], "right_hand": [509.96478271484375, 251.59593200683594, 50.42572021484375, 52.20896911621094]}]}