{"image_path": "/home/hyem/workspace/frankmocap_notebooks/images/D9H-eRIROA/scene_00006306.jpg", "body_bbox_list": [[513, 153, 234, 470], [729, 109, 167, 452]], "hand_bbox_list": [{"left_hand": [644.6248168945312, 249.4059295654297, 48.174072265625, 42.70677185058594], "right_hand": [577.8573608398438, 253.96856689453125, 48.30596923828125, 35.460052490234375]}, {"left_hand": null, "right_hand": null}]}