{"image_path": "/home/hyem/workspace/frankmocap_notebooks/images/D9H-eRIROA/scene_00004271.jpg", "body_bbox_list": [[757, 101, 185, 490], [608, 147, 123, 476]], "hand_bbox_list": [{"left_hand": null, "right_hand": null}, {"left_hand": [705.9273681640625, 355.2521057128906, 27.635009765625, 35.80548095703125], "right_hand": null}]}