{"image_path": "/home/hyem/workspace/frankmocap_notebooks/images/D9H-eRIROA/scene_00004723.jpg", "body_bbox_list": [[520, 193, 186, 441], [724, 170, 161, 341]], "hand_bbox_list": [{"left_hand": [604.3703002929688, 360.1214599609375, 36.78240966796875, 31.51025390625], "right_hand": [507.1298828125, 335.86138916015625, 36.18310546875, 33.833251953125]}, {"left_hand": null, "right_hand": null}]}