{"image_path": "/home/hyem/workspace/frankmocap_notebooks/images/D9H-eRIROA/scene_00004684.jpg", "body_bbox_list": [[469, 194, 316, 433], [675, 146, 242, 378]], "hand_bbox_list": [{"left_hand": [466.0843811035156, 325.0487365722656, 29.624481201171875, 22.246856689453125], "right_hand": [466.0843811035156, 325.0487365722656, 29.624481201171875, 22.246856689453125]}, {"left_hand": null, "right_hand": null}]}