{"image_path": "/home/hyem/workspace/frankmocap_notebooks/images/D9H-eRIROA/scene_00003760.jpg", "body_bbox_list": [[486, 177, 322, 433]], "hand_bbox_list": [{"left_hand": [781.4989013671875, 212.20306396484375, 28.08349609375, 51.1937255859375], "right_hand": [493.6060485839844, 209.85508728027344, 36.128692626953125, 44.27922058105469]}]}