{"image_path": "/home/hyem/workspace/frankmocap_notebooks/images/D9H-eRIROA/scene_00007535.jpg", "body_bbox_list": [[545, 191, 148, 501], [802, 204, 185, 205]], "hand_bbox_list": [{"left_hand": [562.3362426757812, 243.87489318847656, 42.228759765625, 34.52717590332031], "right_hand": [532.4429931640625, 260.044677734375, 28.60662841796875, 43.586181640625]}, {"left_hand": null, "right_hand": null}]}