{"image_path": "/home/hyem/workspace/frankmocap_notebooks/images/D9H-eRIROA/scene_00003296.jpg", "body_bbox_list": [[542, 170, 199, 465]], "hand_bbox_list": [{"left_hand": [718.9774780273438, 208.71157836914062, 31.4171142578125, 36.49420166015625], "right_hand": [536.5546264648438, 243.30116271972656, 35.660400390625, 34.63505554199219]}]}