{"image_path": "/home/hyem/workspace/frankmocap_notebooks/images/D9H-eRIROA/scene_00005262.jpg", "body_bbox_list": [[713, 131, 161, 441], [527, 188, 156, 451]], "hand_bbox_list": [{"left_hand": null, "right_hand": null}, {"left_hand": [578.6563720703125, 318.7168884277344, 37.593505859375, 36.076171875], "right_hand": [523.1112670898438, 311.12957763671875, 30.03143310546875, 31.4544677734375]}]}