{"image_path": "/home/hyem/workspace/frankmocap_notebooks/images/D9H-eRIROA/scene_00005507.jpg", "body_bbox_list": [[495, 200, 242, 433], [671, 151, 199, 390]], "hand_bbox_list": [{"left_hand": [502.3611145019531, 309.8427429199219, 26.796112060546875, 29.74969482421875], "right_hand": [495.9110107421875, 337.02435302734375, 32.458740234375, 30.295074462890625]}, {"left_hand": null, "right_hand": null}]}