{"image_path": "/home/hyem/workspace/frankmocap_notebooks/images/D9H-eRIROA/scene_00008803.jpg", "body_bbox_list": [[501, 152, 230, 489]], "hand_bbox_list": [{"left_hand": [616.8577270507812, 175.8332977294922, 59.41705322265625, 37.338653564453125], "right_hand": [504.1474914550781, 352.4499816894531, 37.990203857421875, 43.472991943359375]}]}