{"image_path": "/home/hyem/workspace/frankmocap_notebooks/images/D9H-eRIROA/scene_00005708.jpg", "body_bbox_list": [[483, 94, 278, 532]], "hand_bbox_list": [{"left_hand": [741.9027099609375, 64.24091339111328, 31.67864990234375, 56.932334899902344], "right_hand": [459.1209716796875, 331.5725402832031, 54.8463134765625, 36.775360107421875]}]}