{"image_path": "/home/hyem/workspace/frankmocap_notebooks/images/D9H-eRIROA/scene_00002089.jpg", "body_bbox_list": [[549, 142, 156, 476], [755, 178, 88, 291]], "hand_bbox_list": [{"left_hand": [683.2132568359375, 399.55487060546875, 26.86492919921875, 45.299530029296875], "right_hand": [553.6346435546875, 405.7505798339844, 28.4266357421875, 29.838104248046875]}, {"left_hand": null, "right_hand": null}]}