{"image_path": "/home/hyem/workspace/frankmocap_notebooks/images/D9H-eRIROA/scene_00006842.jpg", "body_bbox_list": [[493, 117, 302, 508]], "hand_bbox_list": [{"left_hand": [651.0663452148438, 432.8133239746094, 83.84783935546875, 76.67303466796875], "right_hand": [602.9951782226562, 463.0831604003906, 86.55181884765625, 52.059234619140625]}]}