{"image_path": "/home/hyem/workspace/frankmocap_notebooks/images/D9H-eRIROA/scene_00001189.jpg", "body_bbox_list": [[375, 145, 302, 514]], "hand_bbox_list": [{"left_hand": [512.1153564453125, 504.1212158203125, 92.0223388671875, 110.448974609375], "right_hand": [451.7675476074219, 517.2859497070312, 86.43338012695312, 91.4326171875]}]}