{"image_path": "/home/hyem/workspace/frankmocap_notebooks/images/D9H-eRIROA/scene_00001687.jpg", "body_bbox_list": [[544, 182, 172, 457], [802, 201, 44, 155]], "hand_bbox_list": [{"left_hand": [696.5830688476562, 409.0003662109375, 28.7001953125, 49.559234619140625], "right_hand": [544.6000366210938, 416.58123779296875, 31.52288818359375, 33.86932373046875]}, {"left_hand": null, "right_hand": null}]}