{"image_path": "/home/hyem/workspace/frankmocap_notebooks/images/D9H-eRIROA/scene_00002099.jpg", "body_bbox_list": [[573, 145, 137, 509], [789, 178, 99, 297]], "hand_bbox_list": [{"left_hand": [650.8150024414062, 342.7561950683594, 43.4586181640625, 45.475738525390625], "right_hand": [629.9008178710938, 292.2082214355469, 48.81646728515625, 46.259521484375]}, {"left_hand": null, "right_hand": null}]}