{"image_path": "/home/hyem/workspace/frankmocap_notebooks/images/D9H-eRIROA/scene_00003165.jpg", "body_bbox_list": [[557, 181, 248, 471]], "hand_bbox_list": [{"left_hand": [738.210205078125, 189.5526885986328, 24.635009765625, 37.6390380859375], "right_hand": [551.4323120117188, 230.77276611328125, 31.9525146484375, 28.37841796875]}]}