{"image_path": "/home/hyem/workspace/frankmocap_notebooks/images/D9H-eRIROA/scene_00009161.jpg", "body_bbox_list": [[482, 94, 291, 626]], "hand_bbox_list": [{"left_hand": [601.274169921875, 439.5060729980469, 67.3173828125, 66.1025390625], "right_hand": [592.2474365234375, 432.702392578125, 57.913330078125, 55.827423095703125]}]}