{"image_path": "/home/hyem/workspace/frankmocap_notebooks/images/D9H-eRIROA/scene_00006705.jpg", "body_bbox_list": [[201, 117, 655, 525]], "hand_bbox_list": [{"left_hand": [813.1275634765625, 452.0491943359375, 101.64434814453125, 83.57940673828125], "right_hand": [158.8454132080078, 524.9139404296875, 84.09664916992188, 92.19757080078125]}]}