{"image_path": "/home/hyem/workspace/frankmocap_notebooks/images/D9H-eRIROA/scene_00008334.jpg", "body_bbox_list": [[515, 174, 180, 495], [791, 105, 167, 414]], "hand_bbox_list": [{"left_hand": [580.9544677734375, 233.51242065429688, 34.30804443359375, 31.471099853515625], "right_hand": [503.72344970703125, 245.3284149169922, 32.90826416015625, 37.19343566894531]}, {"left_hand": null, "right_hand": null}]}