{"image_path": "/home/hyem/workspace/frankmocap_notebooks/images/D9H-eRIROA/scene_00001948.jpg", "body_bbox_list": [[741, 107, 161, 484], [562, 163, 142, 484]], "hand_bbox_list": [{"left_hand": null, "right_hand": null}, {"left_hand": [664.6010131835938, 407.54132080078125, 35.55303955078125, 39.748016357421875], "right_hand": [562.8528442382812, 416.6208190917969, 24.133544921875, 36.613067626953125]}]}