{"image_path": "/home/hyem/workspace/frankmocap_notebooks/images/D9H-eRIROA/scene_00004327.jpg", "body_bbox_list": [[564, 153, 211, 465]], "hand_bbox_list": [{"left_hand": [770.0138549804688, 294.8546142578125, 30.6358642578125, 33.967041015625], "right_hand": [580.6751708984375, 281.0235290527344, 34.78045654296875, 33.763519287109375]}]}