{"image_path": "/home/hyem/workspace/frankmocap_notebooks/images/D9H-eRIROA/scene_00009461.jpg", "body_bbox_list": [[393, 89, 378, 631]], "hand_bbox_list": [{"left_hand": [644.166015625, 113.25634002685547, 82.475830078125, 116.18521881103516], "right_hand": [396.44482421875, 155.8498992919922, 63.30035400390625, 117.16307067871094]}]}