{"image_path": "/home/hyem/workspace/frankmocap_notebooks/images/D9H-eRIROA/scene_00002758.jpg", "body_bbox_list": [[564, 193, 216, 441], [763, 150, 156, 414]], "hand_bbox_list": [{"left_hand": [708.8259887695312, 389.6659240722656, 30.7769775390625, 34.39617919921875], "right_hand": [586.1702270507812, 444.4334411621094, 34.54205322265625, 22.57427978515625]}, {"left_hand": null, "right_hand": null}]}