{"image_path": "/home/hyem/workspace/frankmocap_notebooks/images/D9H-eRIROA/scene_00000939.jpg", "body_bbox_list": [[561, 140, 155, 508]], "hand_bbox_list": [{"left_hand": [605.3597412109375, 275.9666748046875, 45.88812255859375, 47.449798583984375], "right_hand": [605.3597412109375, 275.9666748046875, 45.88812255859375, 47.449798583984375]}]}