{"image_path": "/home/hyem/workspace/frankmocap_notebooks/images/D9H-eRIROA/scene_00008586.jpg", "body_bbox_list": [[424, 158, 216, 489], [658, 113, 129, 489], [717, 132, 68, 180]], "hand_bbox_list": [{"left_hand": [584.3858032226562, 358.8260803222656, 43.3070068359375, 48.60186767578125], "right_hand": [470.2117919921875, 321.3924255371094, 42.05401611328125, 47.244537353515625]}, {"left_hand": null, "right_hand": null}, {"left_hand": null, "right_hand": null}]}