{"image_path": "/home/hyem/workspace/frankmocap_notebooks/images/D9H-eRIROA/scene_00008999.jpg", "body_bbox_list": [[572, 146, 167, 495], [429, 109, 104, 322]], "hand_bbox_list": [{"left_hand": [652.62939453125, 345.3634338378906, 46.26220703125, 45.98431396484375], "right_hand": [606.965087890625, 286.4842224121094, 51.0823974609375, 43.84014892578125]}, {"left_hand": null, "right_hand": null}]}