{"image_path": "/home/hyem/workspace/frankmocap_notebooks/images/D9H-eRIROA/scene_00000677.jpg", "body_bbox_list": [[389, 89, 465, 631]], "hand_bbox_list": [{"left_hand": [611.424072265625, 427.96868896484375, 112.6007080078125, 96.6256103515625], "right_hand": [542.4363403320312, 464.05230712890625, 126.01287841796875, 112.2969970703125]}]}