{"image_path": "/home/hyem/workspace/frankmocap_notebooks/images/D9H-eRIROA/scene_00009661.jpg", "body_bbox_list": [[91, 98, 341, 558]], "hand_bbox_list": [{"left_hand": [246.34445190429688, 306.3054504394531, 61.41778564453125, 80.66424560546875], "right_hand": null}]}