{"image_path": "/home/hyem/workspace/frankmocap_notebooks/images/D9H-eRIROA/scene_00006441.jpg", "body_bbox_list": [[543, 147, 180, 476], [724, 109, 155, 440]], "hand_bbox_list": [{"left_hand": [627.8059692382812, 265.64874267578125, 51.9903564453125, 44.5399169921875], "right_hand": [567.3423461914062, 275.6853942871094, 47.0430908203125, 40.27197265625]}, {"left_hand": null, "right_hand": null}]}