{"image_path": "/home/hyem/workspace/frankmocap_notebooks/images/D9H-eRIROA/scene_00004784.jpg", "body_bbox_list": [[544, 193, 161, 441], [753, 144, 148, 421]], "hand_bbox_list": [{"left_hand": [599.569091796875, 360.1742858886719, 36.46173095703125, 32.9161376953125], "right_hand": [549.3673706054688, 360.4626159667969, 29.2784423828125, 29.600921630859375]}, {"left_hand": null, "right_hand": null}]}