{"image_path": "/home/hyem/workspace/frankmocap_notebooks/images/D9H-eRIROA/scene_00000516.jpg", "body_bbox_list": [[360, 121, 354, 568], [774, 309, 167, 12]], "hand_bbox_list": [{"left_hand": [511.19415283203125, 465.81256103515625, 91.72259521484375, 93.873291015625], "right_hand": [463.0597839355469, 484.2152404785156, 119.61831665039062, 111.98410034179688]}, {"left_hand": null, "right_hand": null}]}