{"image_path": "/home/hyem/workspace/frankmocap_notebooks/images/D9H-eRIROA/scene_00000837.jpg", "body_bbox_list": [[566, 134, 173, 514], [365, 83, 142, 273]], "hand_bbox_list": [{"left_hand": [644.3063354492188, 291.92694091796875, 43.99896240234375, 47.57275390625], "right_hand": [644.3063354492188, 291.92694091796875, 43.99896240234375, 47.57275390625]}, {"left_hand": null, "right_hand": null}]}