{"image_path": "/home/hyem/workspace/frankmocap_notebooks/images/D9H-eRIROA/scene_00003788.jpg", "body_bbox_list": [[533, 200, 172, 421], [699, 163, 216, 242]], "hand_bbox_list": [{"left_hand": [628.3773803710938, 366.28802490234375, 48.9530029296875, 50.145355224609375], "right_hand": [548.2831420898438, 434.45819091796875, 30.55303955078125, 29.26507568359375]}, {"left_hand": null, "right_hand": null}]}