{"image_path": "/home/hyem/workspace/frankmocap_notebooks/images/D9H-eRIROA/scene_00001784.jpg", "body_bbox_list": [[550, 147, 148, 471], [731, 102, 118, 471]], "hand_bbox_list": [{"left_hand": [656.3429565429688, 237.55503845214844, 34.33575439453125, 38.71876525878906], "right_hand": [562.8383178710938, 284.2310485839844, 42.12652587890625, 41.719146728515625]}, {"left_hand": null, "right_hand": null}]}