{"image_path": "/home/hyem/workspace/frankmocap_notebooks/images/D9H-eRIROA/scene_00006996.jpg", "body_bbox_list": [[544, 142, 161, 476], [731, 102, 118, 465]], "hand_bbox_list": [{"left_hand": [681.3677978515625, 395.2759704589844, 28.7716064453125, 38.599884033203125], "right_hand": [566.258544921875, 387.8396301269531, 31.94732666015625, 30.130950927734375]}, {"left_hand": null, "right_hand": null}]}