{"image_path": "/home/hyem/workspace/frankmocap_notebooks/images/D9H-eRIROA/scene_00001830.jpg", "body_bbox_list": [[521, 160, 173, 457], [719, 103, 148, 441], [819, 203, 44, 123], [753, 346, 7, 186]], "hand_bbox_list": [{"left_hand": [665.4856567382812, 372.79644775390625, 34.07196044921875, 40.308929443359375], "right_hand": [507.3946228027344, 308.1424255371094, 34.851837158203125, 33.90814208984375]}, {"left_hand": null, "right_hand": null}, {"left_hand": null, "right_hand": null}, {"left_hand": null, "right_hand": null}]}