{"image_path": "/home/hyem/workspace/frankmocap_notebooks/images/D9H-eRIROA/scene_00004152.jpg", "body_bbox_list": [[512, 193, 248, 441], [766, 164, 99, 223]], "hand_bbox_list": [{"left_hand": [652.110595703125, 436.0877685546875, 30.98828125, 33.63739013671875], "right_hand": [600.9801025390625, 439.60345458984375, 31.62274169921875, 27.929534912109375]}, {"left_hand": null, "right_hand": null}]}