{"image_path": "/home/hyem/workspace/frankmocap_notebooks/images/D9H-eRIROA/scene_00007783.jpg", "body_bbox_list": [[378, 91, 476, 606]], "hand_bbox_list": [{"left_hand": [796.7488403320312, 332.4487609863281, 123.8056640625, 107.08566284179688], "right_hand": [329.1754150390625, 522.8484497070312, 84.98019409179688, 97.14080810546875]}]}