{"image_path": "/home/hyem/workspace/frankmocap_notebooks/images/D9H-eRIROA/scene_00008670.jpg", "body_bbox_list": [[526, 139, 186, 538], [764, 88, 143, 414]], "hand_bbox_list": [{"left_hand": [596.959228515625, 306.6248474121094, 49.76593017578125, 42.494415283203125], "right_hand": [596.959228515625, 306.6248474121094, 49.76593017578125, 42.494415283203125]}, {"left_hand": null, "right_hand": null}]}