{"image_path": "/home/hyem/workspace/frankmocap_notebooks/images/D9H-eRIROA/scene_00008721.jpg", "body_bbox_list": [[572, 153, 156, 476], [725, 113, 148, 359]], "hand_bbox_list": [{"left_hand": [646.7096557617188, 307.6429138183594, 34.7137451171875, 34.037506103515625], "right_hand": [614.9815673828125, 309.736572265625, 37.51416015625, 34.63665771484375]}, {"left_hand": null, "right_hand": null}]}