{"image_path": "/home/hyem/workspace/frankmocap_notebooks/images/D9H-eRIROA/scene_00001920.jpg", "body_bbox_list": [[578, 171, 161, 451], [794, 186, 99, 359]], "hand_bbox_list": [{"left_hand": [712.9544067382812, 305.27001953125, 33.5732421875, 33.330718994140625], "right_hand": [582.7008056640625, 406.6123046875, 25.3707275390625, 33.880157470703125]}, {"left_hand": null, "right_hand": null}]}