{"image_path": "/home/hyem/workspace/frankmocap_notebooks/images/D9H-eRIROA/scene_00002394.jpg", "body_bbox_list": [[483, 140, 378, 508]], "hand_bbox_list": [{"left_hand": [599.5496215820312, 148.69522094726562, 61.35186767578125, 34.97264099121094], "right_hand": [496.31072998046875, 207.8755340576172, 47.364501953125, 42.22090148925781]}]}