{"image_path": "/home/hyem/workspace/frankmocap_notebooks/images/D9H-eRIROA/scene_00006106.jpg", "body_bbox_list": [[526, 160, 180, 457], [726, 108, 118, 476]], "hand_bbox_list": [{"left_hand": [638.5739135742188, 309.64361572265625, 33.2510986328125, 27.83636474609375], "right_hand": [517.9789428710938, 290.38848876953125, 34.3597412109375, 30.56817626953125]}, {"left_hand": null, "right_hand": null}]}