{"image_path": "/home/hyem/workspace/frankmocap_notebooks/images/D9H-eRIROA/scene_00003728.jpg", "body_bbox_list": [[563, 166, 129, 433]], "hand_bbox_list": [{"left_hand": [646.0263671875, 386.2374267578125, 36.2109375, 35.927001953125], "right_hand": [560.88720703125, 394.4735412597656, 23.81939697265625, 36.059356689453125]}]}