{"image_path": "/home/hyem/workspace/frankmocap_notebooks/images/D9H-eRIROA/scene_00004541.jpg", "body_bbox_list": [[500, 70, 243, 552]], "hand_bbox_list": [{"left_hand": [658.5637817382812, 60.23912811279297, 57.8638916015625, 49.94512176513672], "right_hand": [501.6690979003906, 111.96687316894531, 40.299041748046875, 36.751007080078125]}]}