{"image_path": "/home/hyem/workspace/frankmocap_notebooks/images/D9H-eRIROA/scene_00001894.jpg", "body_bbox_list": [[573, 176, 148, 452], [809, 179, 36, 384]], "hand_bbox_list": [{"left_hand": [710.5088500976562, 393.543701171875, 26.59332275390625, 42.516937255859375], "right_hand": [570.38232421875, 423.923828125, 34.44317626953125, 36.720184326171875]}, {"left_hand": null, "right_hand": null}]}