{"image_path": "/home/hyem/workspace/frankmocap_notebooks/images/D9H-eRIROA/scene_00001203.jpg", "body_bbox_list": [[367, 134, 340, 508]], "hand_bbox_list": [{"left_hand": [498.33453369140625, 344.7822265625, 109.5399169921875, 95.7095947265625], "right_hand": [424.80712890625, 363.046875, 106.1583251953125, 79.42428588867188]}]}