{"image_path": "/home/hyem/workspace/frankmocap_notebooks/images/D9H-eRIROA/scene_00008747.jpg", "body_bbox_list": [[521, 141, 162, 495], [747, 102, 143, 370], [831, 180, 37, 118]], "hand_bbox_list": [{"left_hand": [641.7833862304688, 342.5075378417969, 34.15338134765625, 53.932891845703125], "right_hand": [575.5592651367188, 344.2791748046875, 44.8660888671875, 43.66552734375]}, {"left_hand": null, "right_hand": null}, {"left_hand": null, "right_hand": null}]}