{"image_path": "/home/hyem/workspace/frankmocap_notebooks/images/D9H-eRIROA/scene_00007649.jpg", "body_bbox_list": [[419, 164, 316, 465], [729, 126, 162, 215]], "hand_bbox_list": [{"left_hand": [629.53955078125, 253.9138641357422, 49.90460205078125, 44.51719665527344], "right_hand": [385.04400634765625, 255.0758514404297, 57.0947265625, 46.91816711425781]}, {"left_hand": null, "right_hand": null}]}