{"image_path": "/home/hyem/workspace/frankmocap_notebooks/images/D9H-eRIROA/scene_00001792.jpg", "body_bbox_list": [[563, 147, 129, 471], [731, 173, 124, 408]], "hand_bbox_list": [{"left_hand": [636.7282104492188, 285.2206726074219, 32.29974365234375, 30.113311767578125], "right_hand": [607.7485961914062, 317.4254455566406, 31.4722900390625, 26.1534423828125]}, {"left_hand": null, "right_hand": null}]}