{"image_path": "/home/hyem/workspace/frankmocap_notebooks/images/D9H-eRIROA/scene_00000674.jpg", "body_bbox_list": [[390, 96, 446, 607]], "hand_bbox_list": [{"left_hand": [620.870361328125, 467.5773620605469, 85.577880859375, 84.20211791992188], "right_hand": [580.0042724609375, 469.5166320800781, 107.8250732421875, 93.25747680664062]}]}