{"image_path": "/home/hyem/workspace/frankmocap_notebooks/images/D9H-eRIROA/scene_00005586.jpg", "body_bbox_list": [[469, 206, 322, 432]], "hand_bbox_list": [{"left_hand": [766.16650390625, 207.14349365234375, 53.71282958984375, 41.29267883300781], "right_hand": [543.2211303710938, 384.94598388671875, 47.45770263671875, 52.4573974609375]}]}