{"image_path": "/home/hyem/workspace/frankmocap_notebooks/images/D9H-eRIROA/scene_00009639.jpg", "body_bbox_list": [[86, 98, 346, 558]], "hand_bbox_list": [{"left_hand": [243.1301727294922, 307.6634826660156, 57.78761291503906, 76.7003173828125], "right_hand": null}]}