{"image_path": "/home/hyem/workspace/frankmocap_notebooks/images/D9H-eRIROA/scene_00007679.jpg", "body_bbox_list": [[513, 153, 223, 476], [735, 109, 167, 440]], "hand_bbox_list": [{"left_hand": [638.4139404296875, 263.5172119140625, 48.46820068359375, 39.605621337890625], "right_hand": [569.6826171875, 259.1623229980469, 45.32989501953125, 44.7171630859375]}, {"left_hand": null, "right_hand": null}]}