{"image_path": "/home/hyem/workspace/frankmocap_notebooks/images/D9H-eRIROA/scene_00007109.jpg", "body_bbox_list": [[536, 159, 216, 470], [759, 161, 136, 173]], "hand_bbox_list": [{"left_hand": [643.2295532226562, 278.02337646484375, 35.7015380859375, 37.749908447265625], "right_hand": [543.4850463867188, 355.8411865234375, 36.9598388671875, 39.3394775390625]}, {"left_hand": null, "right_hand": null}]}