{"image_path": "/home/hyem/workspace/frankmocap_notebooks/images/D9H-eRIROA/scene_00008502.jpg", "body_bbox_list": [[532, 146, 180, 484], [713, 102, 155, 476]], "hand_bbox_list": [{"left_hand": [686.6754150390625, 405.5365295410156, 24.84552001953125, 39.9918212890625], "right_hand": [544.9560546875, 404.59619140625, 27.49615478515625, 38.91485595703125]}, {"left_hand": null, "right_hand": null}]}