{"image_path": "/home/hyem/workspace/frankmocap_notebooks/images/D9H-eRIROA/scene_00004302.jpg", "body_bbox_list": [[549, 146, 162, 484], [764, 178, 137, 173]], "hand_bbox_list": [{"left_hand": [692.873291015625, 200.95179748535156, 33.785400390625, 37.56712341308594], "right_hand": [541.91552734375, 237.37632751464844, 31.08648681640625, 39.60142517089844]}, {"left_hand": null, "right_hand": null}]}