{"image_path": "/home/hyem/workspace/frankmocap_notebooks/images/D9H-eRIROA/scene_00003706.jpg", "body_bbox_list": [[525, 172, 216, 433]], "hand_bbox_list": [{"left_hand": [732.3756103515625, 370.2409973144531, 25.09002685546875, 28.995880126953125], "right_hand": [518.6638793945312, 351.40740966796875, 25.4903564453125, 34.48370361328125]}]}