{"image_path": "/home/hyem/workspace/frankmocap_notebooks/images/D9H-eRIROA/scene_00008248.jpg", "body_bbox_list": [[482, 211, 291, 422], [718, 173, 156, 273]], "hand_bbox_list": [{"left_hand": [538.1292724609375, 333.05352783203125, 28.07086181640625, 30.32073974609375], "right_hand": [451.79644775390625, 322.8020324707031, 44.50555419921875, 36.2493896484375]}, {"left_hand": null, "right_hand": null}]}