{"image_path": "/home/hyem/workspace/frankmocap_notebooks/images/D9H-eRIROA/scene_00004757.jpg", "body_bbox_list": [[514, 182, 210, 440], [695, 128, 191, 397]], "hand_bbox_list": [{"left_hand": [552.6317749023438, 337.4471435546875, 31.2379150390625, 30.857879638671875], "right_hand": [505.4765930175781, 327.3114013671875, 30.945709228515625, 31.480712890625]}, {"left_hand": null, "right_hand": null}]}