{"image_path": "/home/hyem/workspace/frankmocap_notebooks/images/D9H-eRIROA/scene_00008020.jpg", "body_bbox_list": [[442, 134, 286, 508]], "hand_bbox_list": [{"left_hand": [674.8056640625, 106.20122528076172, 49.632080078125, 51.377601623535156], "right_hand": [449.59893798828125, 134.01492309570312, 45.58123779296875, 48.76646423339844]}]}