{"image_path": "/home/hyem/workspace/frankmocap_notebooks/images/D9H-eRIROA/scene_00003414.jpg", "body_bbox_list": [[669, 126, 243, 451], [514, 164, 216, 465]], "hand_bbox_list": [{"left_hand": null, "right_hand": null}, {"left_hand": [715.8584594726562, 261.0510559082031, 33.33447265625, 34.70074462890625], "right_hand": [515.68896484375, 245.10206604003906, 31.84393310546875, 30.120925903320312]}]}