{"image_path": "/home/hyem/workspace/frankmocap_notebooks/images/D9H-eRIROA/scene_00007947.jpg", "body_bbox_list": [[569, 161, 99, 432]], "hand_bbox_list": [{"left_hand": [572.5926513671875, 342.0146789550781, 36.80364990234375, 39.24139404296875], "right_hand": [572.5926513671875, 342.0146789550781, 36.80364990234375, 39.24139404296875]}]}