{"image_path": "/home/hyem/workspace/frankmocap_notebooks/images/D9H-eRIROA/scene_00008234.jpg", "body_bbox_list": [[543, 212, 191, 403], [783, 179, 105, 278]], "hand_bbox_list": [{"left_hand": [700.8054809570312, 371.7265319824219, 29.76025390625, 26.35687255859375], "right_hand": [659.9913940429688, 378.46405029296875, 33.71356201171875, 34.30487060546875]}, {"left_hand": null, "right_hand": null}]}