{"image_path": "/home/hyem/workspace/frankmocap_notebooks/images/D9H-eRIROA/scene_00008104.jpg", "body_bbox_list": [[557, 168, 253, 519], [818, 195, 192, 32]], "hand_bbox_list": [{"left_hand": [752.8811645507812, 288.0162353515625, 32.046142578125, 37.126922607421875], "right_hand": [597.318115234375, 256.766845703125, 32.52838134765625, 37.751251220703125]}, {"left_hand": null, "right_hand": null}]}