{"image_path": "/home/hyem/workspace/frankmocap_notebooks/images/D9H-eRIROA/scene_00002219.jpg", "body_bbox_list": [[562, 154, 148, 457], [727, 106, 104, 390], [832, 200, 18, 180]], "hand_bbox_list": [{"left_hand": [689.1694946289062, 398.24774169921875, 27.740966796875, 35.777923583984375], "right_hand": [560.49169921875, 400.3454895019531, 27.6376953125, 38.01953125]}, {"left_hand": null, "right_hand": null}, {"left_hand": null, "right_hand": null}]}