{"image_path": "/home/hyem/workspace/frankmocap_notebooks/images/D9H-eRIROA/scene_00003071.jpg", "body_bbox_list": [[585, 141, 242, 495], [773, 147, 181, 353]], "hand_bbox_list": [{"left_hand": [602.4349365234375, 149.27786254882812, 56.1212158203125, 42.13957214355469], "right_hand": [622.2527465820312, 399.9657897949219, 31.267333984375, 30.589263916015625]}, {"left_hand": null, "right_hand": null}]}