{"image_path": "/home/hyem/workspace/frankmocap_notebooks/images/D9H-eRIROA/scene_00007451.jpg", "body_bbox_list": [[470, 189, 286, 432], [809, 136, 143, 346]], "hand_bbox_list": [{"left_hand": [724.6279296875, 363.8150634765625, 34.54937744140625, 32.625701904296875], "right_hand": [740.1817626953125, 321.5341796875, 23.51953125, 29.6646728515625]}, {"left_hand": null, "right_hand": null}]}