{"image_path": "/home/hyem/workspace/frankmocap_notebooks/images/D9H-eRIROA/scene_00007417.jpg", "body_bbox_list": [[483, 200, 272, 433], [671, 146, 205, 383]], "hand_bbox_list": [{"left_hand": [485.77606201171875, 344.9634704589844, 28.74627685546875, 29.068878173828125], "right_hand": [485.77606201171875, 344.9634704589844, 28.74627685546875, 29.068878173828125]}, {"left_hand": null, "right_hand": null}]}