{"image_path": "/home/hyem/workspace/frankmocap_notebooks/images/D9H-eRIROA/scene_00001561.jpg", "body_bbox_list": [[729, 107, 156, 495], [549, 146, 156, 490], [841, 198, 45, 88]], "hand_bbox_list": [{"left_hand": null, "right_hand": null}, {"left_hand": [651.4672241210938, 283.0096435546875, 41.3551025390625, 49.714935302734375], "right_hand": [614.9042358398438, 302.17919921875, 38.00616455078125, 41.73187255859375]}, {"left_hand": null, "right_hand": null}]}