{"image_path": "/home/hyem/workspace/frankmocap_notebooks/images/D9H-eRIROA/scene_00007905.jpg", "body_bbox_list": [[455, 96, 378, 601]], "hand_bbox_list": [{"left_hand": [596.8535766601562, 491.4256286621094, 81.9715576171875, 78.06192016601562], "right_hand": [596.8535766601562, 491.4256286621094, 81.9715576171875, 78.06192016601562]}]}