{"image_path": "/home/hyem/workspace/frankmocap_notebooks/images/D9H-eRIROA/scene_00005990.jpg", "body_bbox_list": [[707, 99, 161, 533], [521, 152, 173, 489]], "hand_bbox_list": [{"left_hand": null, "right_hand": null}, {"left_hand": [670.8965454101562, 412.75201416015625, 28.33038330078125, 37.869232177734375], "right_hand": [521.60107421875, 400.36187744140625, 33.1634521484375, 39.150421142578125]}]}