{"image_path": "/home/hyem/workspace/frankmocap_notebooks/images/D9H-eRIROA/scene_00009057.jpg", "body_bbox_list": [[549, 153, 162, 470], [404, 113, 148, 354]], "hand_bbox_list": [{"left_hand": [618.7872314453125, 334.6502380371094, 48.7442626953125, 30.334442138671875], "right_hand": [589.489990234375, 289.0959777832031, 51.6839599609375, 42.14398193359375]}, {"left_hand": null, "right_hand": null}]}