{"image_path": "/home/hyem/workspace/frankmocap_notebooks/images/D9H-eRIROA/scene_00001815.jpg", "body_bbox_list": [[562, 160, 148, 457], [736, 103, 148, 446]], "hand_bbox_list": [{"left_hand": [671.8329467773438, 376.2653503417969, 36.3114013671875, 43.758636474609375], "right_hand": [550.3369140625, 324.8836364746094, 30.343994140625, 33.04278564453125]}, {"left_hand": null, "right_hand": null}]}