{"image_path": "/home/hyem/workspace/frankmocap_notebooks/images/D9H-eRIROA/scene_00005597.jpg", "body_bbox_list": [[587, 135, 210, 501]], "hand_bbox_list": [{"left_hand": [771.7822265625, 123.04987335205078, 46.494873046875, 38.85346221923828], "right_hand": [598.3460693359375, 288.8171691894531, 51.30145263671875, 48.628814697265625]}]}