{"image_path": "/home/hyem/workspace/frankmocap_notebooks/images/D9H-eRIROA/scene_00008473.jpg", "body_bbox_list": [[519, 159, 199, 464], [727, 190, 88, 143]], "hand_bbox_list": [{"left_hand": [678.5921020507812, 277.24591064453125, 34.142578125, 41.355804443359375], "right_hand": [551.500732421875, 302.5311279296875, 32.77239990234375, 43.18231201171875]}, {"left_hand": null, "right_hand": null}]}