{"image_path": "/home/hyem/workspace/frankmocap_notebooks/images/D9H-eRIROA/scene_00005719.jpg", "body_bbox_list": [[478, 94, 259, 532]], "hand_bbox_list": [{"left_hand": [704.5469970703125, 66.93292236328125, 38.030517578125, 52.62067413330078], "right_hand": [454.3607177734375, 330.8652648925781, 48.968017578125, 40.2333984375]}]}