{"image_path": "/home/hyem/workspace/frankmocap_notebooks/images/D9H-eRIROA/scene_00003344.jpg", "body_bbox_list": [[495, 153, 248, 476]], "hand_bbox_list": [{"left_hand": [729.2568969726562, 218.94761657714844, 33.66009521484375, 40.34193420410156], "right_hand": [495.49114990234375, 234.8588104248047, 37.606201171875, 39.07716369628906]}]}