{"image_path": "/home/hyem/workspace/frankmocap_notebooks/images/D9H-eRIROA/scene_00004453.jpg", "body_bbox_list": [[512, 176, 253, 452], [770, 194, 142, 321]], "hand_bbox_list": [{"left_hand": [620.7073974609375, 362.77447509765625, 32.98046875, 40.696502685546875], "right_hand": [567.4752807617188, 384.59283447265625, 19.69769287109375, 27.000640869140625]}, {"left_hand": null, "right_hand": null}]}