{"image_path": "/home/hyem/workspace/frankmocap_notebooks/images/D9H-eRIROA/scene_00006107.jpg", "body_bbox_list": [[526, 165, 180, 457], [763, 179, 44, 390], [820, 192, 25, 99]], "hand_bbox_list": [{"left_hand": [641.5328369140625, 330.99102783203125, 34.88641357421875, 27.600921630859375], "right_hand": [515.0941162109375, 311.41082763671875, 35.699462890625, 27.923370361328125]}, {"left_hand": null, "right_hand": null}, {"left_hand": null, "right_hand": null}]}