{"image_path": "/home/hyem/workspace/frankmocap_notebooks/images/D9H-eRIROA/scene_00002257.jpg", "body_bbox_list": [[494, 147, 272, 471], [741, 103, 172, 340]], "hand_bbox_list": [{"left_hand": [755.859130859375, 354.05682373046875, 29.39715576171875, 37.884857177734375], "right_hand": [487.82403564453125, 363.899658203125, 27.78717041015625, 38.265716552734375]}, {"left_hand": null, "right_hand": null}]}