{"image_path": "/home/hyem/workspace/frankmocap_notebooks/images/D9H-eRIROA/scene_00007169.jpg", "body_bbox_list": [[552, 170, 235, 476]], "hand_bbox_list": [{"left_hand": [741.363037109375, 213.7340087890625, 29.95745849609375, 35.3931884765625], "right_hand": [547.89208984375, 237.92347717285156, 37.83221435546875, 33.76506042480469]}]}