{"image_path": "/home/hyem/workspace/frankmocap_notebooks/images/D9H-eRIROA/scene_00005303.jpg", "body_bbox_list": [[604, 146, 210, 484]], "hand_bbox_list": [{"left_hand": [797.4791259765625, 120.8772964477539, 38.838134765625, 51.89763641357422], "right_hand": [593.4398193359375, 328.0008850097656, 42.397705078125, 46.21624755859375]}]}