{"image_path": "/home/hyem/workspace/frankmocap_notebooks/images/D9H-eRIROA/scene_00005983.jpg", "body_bbox_list": [[533, 162, 155, 508], [742, 111, 136, 414]], "hand_bbox_list": [{"left_hand": [650.0680541992188, 416.0123596191406, 35.72125244140625, 40.28326416015625], "right_hand": [536.9219970703125, 400.6619567871094, 32.65277099609375, 35.64361572265625]}, {"left_hand": null, "right_hand": null}]}