{"image_path": "/home/hyem/workspace/frankmocap_notebooks/images/D9H-eRIROA/scene_00008522.jpg", "body_bbox_list": [[538, 146, 173, 484], [749, 109, 99, 440]], "hand_bbox_list": [{"left_hand": [612.3107299804688, 360.1886291503906, 45.20892333984375, 46.9337158203125], "right_hand": [612.3107299804688, 360.1886291503906, 45.20892333984375, 46.9337158203125]}, {"left_hand": null, "right_hand": null}]}