{"image_path": "/home/hyem/workspace/frankmocap_notebooks/images/D9H-eRIROA/scene_00003691.jpg", "body_bbox_list": [[596, 165, 113, 441]], "hand_bbox_list": [{"left_hand": [658.4869995117188, 337.3616027832031, 41.22625732421875, 36.765228271484375], "right_hand": [658.4869995117188, 337.3616027832031, 41.22625732421875, 36.765228271484375]}]}