{"image_path": "/home/hyem/workspace/frankmocap_notebooks/images/D9H-eRIROA/scene_00003832.jpg", "body_bbox_list": [[533, 158, 273, 489], [859, 205, 167, 69], [821, 199, 113, 69]], "hand_bbox_list": [{"left_hand": [796.013916015625, 273.324462890625, 35.37042236328125, 42.869415283203125], "right_hand": [532.1353149414062, 176.86349487304688, 34.8265380859375, 34.6763916015625]}, {"left_hand": null, "right_hand": null}, {"left_hand": null, "right_hand": null}]}