{"image_path": "/home/hyem/workspace/frankmocap_notebooks/images/D9H-eRIROA/scene_00002514.jpg", "body_bbox_list": [[544, 123, 267, 514], [803, 195, 25, 156]], "hand_bbox_list": [{"left_hand": [601.8020629882812, 134.0647430419922, 93.73309326171875, 70.43667602539062], "right_hand": null}, {"left_hand": null, "right_hand": null}]}