{"image_path": "/home/hyem/workspace/frankmocap_notebooks/images/D9H-eRIROA/scene_00005678.jpg", "body_bbox_list": [[489, 171, 243, 451]], "hand_bbox_list": [{"left_hand": [714.0676879882812, 188.4829864501953, 33.17340087890625, 43.430877685546875], "right_hand": [558.882080078125, 322.2766418457031, 53.0751953125, 48.078399658203125]}]}