{"image_path": "/home/hyem/workspace/frankmocap_notebooks/images/D9H-eRIROA/scene_00007422.jpg", "body_bbox_list": [[483, 206, 278, 427], [660, 151, 216, 390]], "hand_bbox_list": [{"left_hand": [478.994140625, 348.5710144042969, 25.58154296875, 25.8250732421875], "right_hand": [466.0923156738281, 327.3398132324219, 36.369537353515625, 43.0751953125]}, {"left_hand": null, "right_hand": null}]}