{"image_path": "/home/hyem/workspace/frankmocap_notebooks/images/D9H-eRIROA/scene_00000892.jpg", "body_bbox_list": [[533, 152, 166, 484], [377, 106, 124, 378], [381, 198, 31, 105]], "hand_bbox_list": [{"left_hand": [598.5841674804688, 292.3072509765625, 49.064697265625, 38.308074951171875], "right_hand": [598.5841674804688, 292.3072509765625, 49.064697265625, 38.308074951171875]}, {"left_hand": null, "right_hand": null}, {"left_hand": null, "right_hand": null}]}