{"image_path": "/home/hyem/workspace/frankmocap_notebooks/images/D9H-eRIROA/scene_00002101.jpg", "body_bbox_list": [[591, 145, 118, 509]], "hand_bbox_list": [{"left_hand": [642.6248779296875, 323.3299865722656, 52.3448486328125, 57.450225830078125], "right_hand": [637.5181884765625, 319.4944763183594, 26.8663330078125, 46.0269775390625]}]}