{"image_path": "/home/hyem/workspace/frankmocap_notebooks/images/D9H-eRIROA/scene_00008031.jpg", "body_bbox_list": [[507, 128, 235, 509]], "hand_bbox_list": [{"left_hand": [547.6334838867188, 140.5133819580078, 49.9051513671875, 31.8193359375], "right_hand": [552.9110717773438, 420.4488830566406, 23.70159912109375, 20.73944091796875]}]}