{"image_path": "/home/hyem/workspace/frankmocap_notebooks/images/D9H-eRIROA/scene_00005323.jpg", "body_bbox_list": [[630, 109, 484, 576]], "hand_bbox_list": [{"left_hand": [944.73974609375, 334.6106872558594, 112.8367919921875, 114.21331787109375], "right_hand": [705.8908081054688, 426.3162841796875, 124.60858154296875, 113.43402099609375]}]}