{"image_path": "/home/hyem/workspace/frankmocap_notebooks/images/D9H-eRIROA/scene_00008960.jpg", "body_bbox_list": [[549, 127, 156, 533]], "hand_bbox_list": [{"left_hand": [566.5845947265625, 265.5386657714844, 55.418701171875, 40.664886474609375], "right_hand": [550.9061889648438, 353.4765319824219, 45.51165771484375, 48.0574951171875]}]}