{"image_path": "/home/hyem/workspace/frankmocap_notebooks/images/D9H-eRIROA/scene_00004166.jpg", "body_bbox_list": [[512, 211, 248, 422], [807, 181, 74, 223]], "hand_bbox_list": [{"left_hand": [697.221923828125, 325.4664001464844, 26.83233642578125, 32.94696044921875], "right_hand": [639.6235961914062, 444.72735595703125, 30.12896728515625, 27.050201416015625]}, {"left_hand": null, "right_hand": null}]}