{"image_path": "/home/hyem/workspace/frankmocap_notebooks/images/D9H-eRIROA/scene_00004159.jpg", "body_bbox_list": [[512, 193, 248, 441], [786, 165, 155, 340]], "hand_bbox_list": [{"left_hand": [723.9039306640625, 303.6050720214844, 39.705322265625, 31.3885498046875], "right_hand": [631.79833984375, 447.8913269042969, 31.53204345703125, 27.904510498046875]}, {"left_hand": null, "right_hand": null}]}