{"image_path": "/home/hyem/workspace/frankmocap_notebooks/images/D9H-eRIROA/scene_00005127.jpg", "body_bbox_list": [[548, 135, 192, 501], [762, 79, 180, 495]], "hand_bbox_list": [{"left_hand": [708.0965576171875, 276.65191650390625, 35.88714599609375, 36.2783203125], "right_hand": [584.6647338867188, 261.31915283203125, 41.2952880859375, 36.92315673828125]}, {"left_hand": null, "right_hand": null}]}