{"image_path": "/home/hyem/workspace/frankmocap_notebooks/images/D9H-eRIROA/scene_00008952.jpg", "body_bbox_list": [[549, 127, 173, 533]], "hand_bbox_list": [{"left_hand": [627.7321166992188, 256.89227294921875, 53.526123046875, 51.119598388671875], "right_hand": [563.22314453125, 376.1778869628906, 45.858642578125, 48.846771240234375]}]}