{"image_path": "/home/hyem/workspace/frankmocap_notebooks/images/D9H-eRIROA/scene_00007997.jpg", "body_bbox_list": [[533, 188, 161, 446], [744, 214, 104, 129]], "hand_bbox_list": [{"left_hand": [681.1090698242188, 397.96368408203125, 28.96868896484375, 42.865875244140625], "right_hand": [547.4386596679688, 432.8790283203125, 40.822021484375, 46.21142578125]}, {"left_hand": null, "right_hand": null}]}