{"image_path": "/home/hyem/workspace/frankmocap_notebooks/images/D9H-eRIROA/scene_00005822.jpg", "body_bbox_list": [[539, 173, 148, 509], [762, 112, 192, 378]], "hand_bbox_list": [{"left_hand": [579.103759765625, 245.50961303710938, 29.125244140625, 31.438262939453125], "right_hand": [528.769287109375, 253.95681762695312, 31.38330078125, 42.626251220703125]}, {"left_hand": null, "right_hand": null}]}