{"image_path": "/home/hyem/workspace/frankmocap_notebooks/images/D9H-eRIROA/scene_00009772.jpg", "body_bbox_list": [[91, 99, 346, 539]], "hand_bbox_list": [{"left_hand": [249.3075408935547, 309.9779357910156, 59.14503479003906, 80.4796142578125], "right_hand": null}]}