{"image_path": "/home/hyem/workspace/frankmocap_notebooks/images/D9H-eRIROA/scene_00005991.jpg", "body_bbox_list": [[515, 152, 180, 489], [707, 106, 167, 519]], "hand_bbox_list": [{"left_hand": [669.3346557617188, 414.35089111328125, 28.8631591796875, 36.55206298828125], "right_hand": [516.8555297851562, 399.32183837890625, 31.9368896484375, 37.75921630859375]}, {"left_hand": null, "right_hand": null}]}