{"image_path": "/home/hyem/workspace/frankmocap_notebooks/images/D9H-eRIROA/scene_00005118.jpg", "body_bbox_list": [[733, 90, 205, 484], [544, 146, 172, 484], [833, 181, 118, 88]], "hand_bbox_list": [{"left_hand": null, "right_hand": null}, {"left_hand": [693.272216796875, 282.6834411621094, 33.3433837890625, 34.83233642578125], "right_hand": [561.0548706054688, 267.5148010253906, 38.86138916015625, 36.567535400390625]}, {"left_hand": null, "right_hand": null}]}