{"image_path": "/home/hyem/workspace/frankmocap_notebooks/images/D9H-eRIROA/scene_00003281.jpg", "body_bbox_list": [[531, 164, 210, 471], [777, 195, 105, 37]], "hand_bbox_list": [{"left_hand": [731.7407836914062, 201.16885375976562, 30.398193359375, 36.72685241699219], "right_hand": [527.9857788085938, 255.6735076904297, 34.16790771484375, 32.78172302246094]}, {"left_hand": null, "right_hand": null}]}