{"image_path": "/home/hyem/workspace/frankmocap_notebooks/images/D9H-eRIROA/scene_00003849.jpg", "body_bbox_list": [[569, 182, 235, 457]], "hand_bbox_list": [{"left_hand": [736.7708740234375, 250.01132202148438, 32.0869140625, 38.56524658203125], "right_hand": [547.447265625, 258.7342529296875, 39.55865478515625, 35.7630615234375]}]}