{"image_path": "/home/hyem/workspace/frankmocap_notebooks/images/D9H-eRIROA/scene_00001955.jpg", "body_bbox_list": [[555, 158, 156, 489], [747, 105, 137, 397], [776, 375, 6, 173]], "hand_bbox_list": [{"left_hand": [668.0444946289062, 402.2972717285156, 35.77105712890625, 38.72149658203125], "right_hand": [559.1127319335938, 407.3666076660156, 26.47857666015625, 42.255950927734375]}, {"left_hand": null, "right_hand": null}, {"left_hand": null, "right_hand": null}]}