{"image_path": "/home/hyem/workspace/frankmocap_notebooks/images/D9H-eRIROA/scene_00003030.jpg", "body_bbox_list": [[489, 165, 259, 457], [725, 117, 254, 267]], "hand_bbox_list": [{"left_hand": [717.76611328125, 242.1566619873047, 42.16546630859375, 55.62791442871094], "right_hand": [481.4138488769531, 255.2990264892578, 33.947418212890625, 47.19352722167969]}, {"left_hand": null, "right_hand": null}]}