{"image_path": "/home/hyem/workspace/frankmocap_notebooks/images/D9H-eRIROA/scene_00007537.jpg", "body_bbox_list": [[784, 123, 216, 390], [545, 185, 142, 508]], "hand_bbox_list": [{"left_hand": null, "right_hand": null}, {"left_hand": [561.2286376953125, 272.66278076171875, 54.365234375, 35.703338623046875], "right_hand": [522.3226928710938, 289.4854431152344, 38.54510498046875, 40.577789306640625]}]}