{"image_path": "/home/hyem/workspace/frankmocap_notebooks/images/D9H-eRIROA/scene_00005911.jpg", "body_bbox_list": [[527, 174, 156, 490], [750, 122, 80, 403]], "hand_bbox_list": [{"left_hand": [662.1427001953125, 408.2330322265625, 26.15087890625, 37.734588623046875], "right_hand": [530.7822265625, 413.47540283203125, 24.802978515625, 30.753753662109375]}, {"left_hand": null, "right_hand": null}]}