{"image_path": "/home/hyem/workspace/frankmocap_notebooks/images/D9H-eRIROA/scene_00004734.jpg", "body_bbox_list": [[482, 188, 302, 440], [676, 134, 229, 390]], "hand_bbox_list": [{"left_hand": [471.0703430175781, 306.7998352050781, 31.38067626953125, 34.239410400390625], "right_hand": [476.8826904296875, 321.4194030761719, 26.8170166015625, 19.71978759765625]}, {"left_hand": null, "right_hand": null}]}