{"image_path": "/home/hyem/workspace/frankmocap_notebooks/images/D9H-eRIROA/scene_00001973.jpg", "body_bbox_list": [[524, 147, 229, 465], [746, 107, 173, 365]], "hand_bbox_list": [{"left_hand": [718.0052490234375, 357.80938720703125, 36.67572021484375, 46.65350341796875], "right_hand": [533.5604248046875, 356.9060974121094, 33.56854248046875, 45.889556884765625]}, {"left_hand": null, "right_hand": null}]}