{"image_path": "/home/hyem/workspace/frankmocap_notebooks/images/D9H-eRIROA/scene_00009724.jpg", "body_bbox_list": [[91, 99, 346, 544]], "hand_bbox_list": [{"left_hand": [248.89622497558594, 309.629150390625, 60.74867248535156, 81.22418212890625], "right_hand": null}]}