{"image_path": "/home/hyem/workspace/frankmocap_notebooks/images/D9H-eRIROA/scene_00004959.jpg", "body_bbox_list": [[521, 164, 162, 471], [745, 114, 80, 216]], "hand_bbox_list": [{"left_hand": [637.9118041992188, 365.43182373046875, 33.4373779296875, 41.253997802734375], "right_hand": [532.5966186523438, 371.7857360839844, 29.21881103515625, 36.933868408203125]}, {"left_hand": null, "right_hand": null}]}