{"image_path": "/home/hyem/workspace/frankmocap_notebooks/images/D9H-eRIROA/scene_00000582.jpg", "body_bbox_list": [[443, 94, 397, 626]], "hand_bbox_list": [{"left_hand": [614.4535522460938, 367.46527099609375, 98.54510498046875, 87.07278442382812], "right_hand": [555.9187622070312, 391.90966796875, 72.02996826171875, 60.5263671875]}]}