{"image_path": "/home/hyem/workspace/frankmocap_notebooks/images/D9H-eRIROA/scene_00000538.jpg", "body_bbox_list": [[366, 121, 365, 557]], "hand_bbox_list": [{"left_hand": [527.19580078125, 530.2417602539062, 95.4893798828125, 78.0125732421875], "right_hand": [499.2666931152344, 526.6513671875, 87.09024047851562, 68.43939208984375]}]}