{"image_path": "/home/hyem/workspace/frankmocap_notebooks/images/D9H-eRIROA/scene_00001214.jpg", "body_bbox_list": [[402, 126, 310, 558]], "hand_bbox_list": [{"left_hand": [586.6603393554688, 445.99609375, 36.05572509765625, 106.7637939453125], "right_hand": [552.2074584960938, 447.1593322753906, 70.992919921875, 111.74191284179688]}]}