{"image_path": "/home/hyem/workspace/frankmocap_notebooks/images/D9H-eRIROA/scene_00003886.jpg", "body_bbox_list": [[528, 175, 272, 465]], "hand_bbox_list": [{"left_hand": [760.954345703125, 225.30462646484375, 33.8521728515625, 41.06549072265625], "right_hand": [521.0064697265625, 239.6403045654297, 39.6170654296875, 39.13825988769531]}]}