{"image_path": "/home/hyem/workspace/frankmocap_notebooks/images/D9H-eRIROA/scene_00009761.jpg", "body_bbox_list": [[91, 99, 346, 539]], "hand_bbox_list": [{"left_hand": [249.2576141357422, 309.966064453125, 59.19624328613281, 80.45437622070312], "right_hand": null}]}