{"image_path": "/home/hyem/workspace/frankmocap_notebooks/images/D9H-eRIROA/scene_00009351.jpg", "body_bbox_list": [[395, 82, 346, 528]], "hand_bbox_list": [{"left_hand": [670.3787841796875, 475.05902099609375, 56.74383544921875, 74.108642578125], "right_hand": [367.7848205566406, 284.532958984375, 90.77713012695312, 96.05801391601562]}]}