{"image_path": "/home/hyem/workspace/frankmocap_notebooks/images/D9H-eRIROA/scene_00001080.jpg", "body_bbox_list": [[542, 140, 199, 508]], "hand_bbox_list": [{"left_hand": [715.30908203125, 251.1969451904297, 42.19573974609375, 47.44194030761719], "right_hand": [538.630859375, 250.18490600585938, 43.1722412109375, 47.63555908203125]}]}