{"image_path": "/home/hyem/workspace/frankmocap_notebooks/images/D9H-eRIROA/scene_00009516.jpg", "body_bbox_list": [[0, 85, 361, 595]], "hand_bbox_list": [{"left_hand": [115.53240203857422, 356.0647888183594, 66.50292205810547, 101.53915405273438], "right_hand": null}]}