{"image_path": "/home/hyem/workspace/frankmocap_notebooks/images/D9H-eRIROA/scene_00003488.jpg", "body_bbox_list": [[547, 154, 211, 457]], "hand_bbox_list": [{"left_hand": [736.0578002929688, 227.8988800048828, 34.78619384765625, 35.62852478027344], "right_hand": [557.0827026367188, 232.69696044921875, 40.7606201171875, 35.48419189453125]}]}