{"image_path": "/home/hyem/workspace/frankmocap_notebooks/images/D9H-eRIROA/scene_00006907.jpg", "body_bbox_list": [[408, 136, 433, 476]], "hand_bbox_list": [{"left_hand": [810.2754516601562, 542.0188598632812, 52.77227783203125, 64.37811279296875], "right_hand": [408.4487609863281, 536.1570434570312, 48.7501220703125, 68.23406982421875]}]}