{"image_path": "/home/hyem/workspace/frankmocap_notebooks/images/D9H-eRIROA/scene_00003887.jpg", "body_bbox_list": [[528, 175, 272, 465]], "hand_bbox_list": [{"left_hand": [761.1895751953125, 225.48623657226562, 33.337646484375, 41.021484375], "right_hand": [519.3557739257812, 238.01736450195312, 40.704345703125, 37.48046875]}]}