{"image_path": "/home/hyem/workspace/frankmocap_notebooks/images/D9H-eRIROA/scene_00007638.jpg", "body_bbox_list": [[518, 153, 229, 476], [765, 131, 129, 210], [817, 206, 99, 50]], "hand_bbox_list": [{"left_hand": [672.6141357421875, 261.52105712890625, 52.3521728515625, 43.096588134765625], "right_hand": [542.41357421875, 385.706298828125, 27.40985107421875, 31.602294921875]}, {"left_hand": null, "right_hand": null}, {"left_hand": null, "right_hand": null}]}