{"image_path": "/home/hyem/workspace/frankmocap_notebooks/images/D9H-eRIROA/scene_00001175.jpg", "body_bbox_list": [[367, 134, 346, 525]], "hand_bbox_list": [{"left_hand": [499.6216125488281, 483.0834045410156, 111.19271850585938, 100.66183471679688], "right_hand": [434.8733825683594, 492.1591796875, 110.30813598632812, 94.30255126953125]}]}