{"image_path": "/home/hyem/workspace/frankmocap_notebooks/images/D9H-eRIROA/scene_00008961.jpg", "body_bbox_list": [[549, 127, 156, 533]], "hand_bbox_list": [{"left_hand": [561.9625854492188, 280.75384521484375, 49.45013427734375, 29.74346923828125], "right_hand": [553.6264038085938, 343.30584716796875, 49.24688720703125, 42.982330322265625]}]}