{"image_path": "/home/hyem/workspace/frankmocap_notebooks/images/D9H-eRIROA/scene_00009294.jpg", "body_bbox_list": [[464, 94, 316, 626]], "hand_bbox_list": [{"left_hand": [583.4070434570312, 461.885498046875, 72.9071044921875, 36.771575927734375], "right_hand": [547.081787109375, 426.605712890625, 74.3363037109375, 67.80709838867188]}]}