{"image_path": "/home/hyem/workspace/frankmocap_notebooks/images/D9H-eRIROA/scene_00003366.jpg", "body_bbox_list": [[506, 153, 254, 470], [751, 174, 186, 384]], "hand_bbox_list": [{"left_hand": [743.1023559570312, 223.10171508789062, 34.51617431640625, 39.335784912109375], "right_hand": [499.4939880371094, 230.4579315185547, 38.117462158203125, 40.57804870605469]}, {"left_hand": null, "right_hand": null}]}