{"image_path": "/home/hyem/workspace/frankmocap_notebooks/images/D9H-eRIROA/scene_00000645.jpg", "body_bbox_list": [[365, 115, 378, 569]], "hand_bbox_list": [{"left_hand": [518.0308227539062, 473.1930847167969, 122.3404541015625, 111.25686645507812], "right_hand": [405.4053955078125, 437.49273681640625, 107.4248046875, 123.7000732421875]}]}