{"image_path": "/home/hyem/workspace/frankmocap_notebooks/images/D9H-eRIROA/scene_00006950.jpg", "body_bbox_list": [[545, 171, 142, 451], [715, 128, 129, 414], [797, 203, 37, 112]], "hand_bbox_list": [{"left_hand": [647.7732543945312, 349.79315185546875, 33.66534423828125, 34.7149658203125], "right_hand": [574.7909545898438, 362.92828369140625, 34.24359130859375, 36.336273193359375]}, {"left_hand": null, "right_hand": null}, {"left_hand": null, "right_hand": null}]}