{"image_path": "/home/hyem/workspace/frankmocap_notebooks/images/D9H-eRIROA/scene_00004852.jpg", "body_bbox_list": [[539, 164, 272, 471]], "hand_bbox_list": [{"left_hand": [799.22509765625, 133.55752563476562, 44.7071533203125, 53.10539245605469], "right_hand": [535.3103637695312, 320.7530517578125, 49.88494873046875, 53.30712890625]}]}