{"image_path": "/home/hyem/workspace/frankmocap_notebooks/images/D9H-eRIROA/scene_00005201.jpg", "body_bbox_list": [[472, 170, 260, 470], [672, 121, 192, 427]], "hand_bbox_list": [{"left_hand": [488.9828796386719, 290.29681396484375, 36.146820068359375, 37.638092041015625], "right_hand": [452.71795654296875, 294.029541015625, 32.350494384765625, 31.833343505859375]}, {"left_hand": null, "right_hand": null}]}