{"image_path": "/home/hyem/workspace/frankmocap_notebooks/images/D9H-eRIROA/scene_00003104.jpg", "body_bbox_list": [[510, 164, 302, 471], [766, 111, 235, 397]], "hand_bbox_list": [{"left_hand": [727.2731323242188, 309.7253723144531, 33.43646240234375, 35.180755615234375], "right_hand": [493.21917724609375, 304.61517333984375, 32.21728515625, 30.661224365234375]}, {"left_hand": null, "right_hand": null}]}