{"image_path": "/home/hyem/workspace/frankmocap_notebooks/images/D9H-eRIROA/scene_00007579.jpg", "body_bbox_list": [[555, 153, 167, 465], [736, 101, 148, 495]], "hand_bbox_list": [{"left_hand": [666.5358276367188, 269.6602783203125, 36.30615234375, 37.488372802734375], "right_hand": [558.8887329101562, 261.5831604003906, 36.23687744140625, 37.617828369140625]}, {"left_hand": null, "right_hand": null}]}