{"image_path": "/home/hyem/workspace/frankmocap_notebooks/images/D9H-eRIROA/scene_00007080.jpg", "body_bbox_list": [[528, 141, 278, 489]], "hand_bbox_list": [{"left_hand": [554.833984375, 146.769287109375, 58.5986328125, 27.959640502929688], "right_hand": [551.310546875, 355.57147216796875, 28.35205078125, 38.596771240234375]}]}