{"image_path": "/home/hyem/workspace/frankmocap_notebooks/images/D9H-eRIROA/scene_00006832.jpg", "body_bbox_list": [[478, 118, 242, 602]], "hand_bbox_list": [{"left_hand": [677.7091064453125, 442.6750793457031, 54.6993408203125, 63.338134765625], "right_hand": [568.2494506835938, 396.4360656738281, 69.24871826171875, 51.260040283203125]}]}