{"image_path": "/home/hyem/workspace/frankmocap_notebooks/images/D9H-eRIROA/scene_00002980.jpg", "body_bbox_list": [[568, 155, 124, 433], [697, 135, 142, 242]], "hand_bbox_list": [{"left_hand": [670.4458618164062, 397.488037109375, 26.09454345703125, 36.935516357421875], "right_hand": [594.8892211914062, 388.5976257324219, 33.246337890625, 33.473052978515625]}, {"left_hand": null, "right_hand": null}]}