{"image_path": "/home/hyem/workspace/frankmocap_notebooks/images/D9H-eRIROA/scene_00007058.jpg", "body_bbox_list": [[465, 147, 302, 476]], "hand_bbox_list": [{"left_hand": [734.7435302734375, 227.4153594970703, 37.79693603515625, 50.32331848144531], "right_hand": [461.73529052734375, 225.4280548095703, 34.564117431640625, 58.19203186035156]}]}