{"image_path": "/home/hyem/workspace/frankmocap_notebooks/images/D9H-eRIROA/scene_00006713.jpg", "body_bbox_list": [[275, 100, 525, 620]], "hand_bbox_list": [{"left_hand": [777.8228759765625, 292.93359375, 101.38128662109375, 85.94717407226562], "right_hand": [232.28355407714844, 459.2430725097656, 76.33351135253906, 72.54397583007812]}]}