{"image_path": "/home/hyem/workspace/frankmocap_notebooks/images/D9H-eRIROA/scene_00008361.jpg", "body_bbox_list": [[767, 90, 204, 501], [555, 147, 173, 476]], "hand_bbox_list": [{"left_hand": null, "right_hand": null}, {"left_hand": [668.970458984375, 221.1713104248047, 44.61517333984375, 48.27128601074219], "right_hand": [542.9657592773438, 239.30331420898438, 48.712158203125, 43.094482421875]}]}