{"image_path": "/home/hyem/workspace/frankmocap_notebooks/images/D9H-eRIROA/scene_00005225.jpg", "body_bbox_list": [[465, 176, 297, 458], [659, 129, 235, 384]], "hand_bbox_list": [{"left_hand": [450.9466552734375, 286.2994384765625, 48.177337646484375, 42.52435302734375], "right_hand": [450.9466552734375, 286.2994384765625, 48.177337646484375, 42.52435302734375]}, {"left_hand": null, "right_hand": null}]}