{"image_path": "/home/hyem/workspace/frankmocap_notebooks/images/D9H-eRIROA/scene_00008979.jpg", "body_bbox_list": [[566, 145, 162, 514], [383, 166, 123, 433]], "hand_bbox_list": [{"left_hand": [647.2167358398438, 311.7474060058594, 40.24005126953125, 51.553924560546875], "right_hand": [647.2167358398438, 311.7474060058594, 40.24005126953125, 51.553924560546875]}, {"left_hand": null, "right_hand": null}]}