{"image_path": "/home/hyem/workspace/frankmocap_notebooks/images/D9H-eRIROA/scene_00009097.jpg", "body_bbox_list": [[317, 94, 587, 626]], "hand_bbox_list": [{"left_hand": [864.7662963867188, 405.2579345703125, 77.51202392578125, 89.46954345703125], "right_hand": [250.20803833007812, 401.8917541503906, 97.01406860351562, 68.9110107421875]}]}