{"image_path": "/home/hyem/workspace/frankmocap_notebooks/images/D9H-eRIROA/scene_00009272.jpg", "body_bbox_list": [[504, 94, 291, 626]], "hand_bbox_list": [{"left_hand": [637.427001953125, 426.8040466308594, 81.11328125, 64.86331176757812], "right_hand": [637.427001953125, 426.8040466308594, 81.11328125, 64.86331176757812]}]}