{"image_path": "/home/hyem/workspace/frankmocap_notebooks/images/D9H-eRIROA/scene_00006186.jpg", "body_bbox_list": [[701, 119, 162, 471], [545, 165, 148, 457]], "hand_bbox_list": [{"left_hand": null, "right_hand": null}, {"left_hand": [661.8955688476562, 358.93756103515625, 35.28192138671875, 28.61431884765625], "right_hand": [533.5707397460938, 354.64892578125, 34.398681640625, 28.88226318359375]}]}