{"image_path": "/home/hyem/workspace/frankmocap_notebooks/images/D9H-eRIROA/scene_00006458.jpg", "body_bbox_list": [[544, 153, 155, 465], [702, 104, 148, 433]], "hand_bbox_list": [{"left_hand": [630.3229370117188, 254.10476684570312, 47.5653076171875, 45.362274169921875], "right_hand": [579.1346435546875, 256.8910827636719, 41.20379638671875, 44.67791748046875]}, {"left_hand": null, "right_hand": null}]}