{"image_path": "/home/hyem/workspace/frankmocap_notebooks/images/D9H-eRIROA/scene_00008640.jpg", "body_bbox_list": [[791, 78, 173, 508], [590, 140, 148, 519]], "hand_bbox_list": [{"left_hand": null, "right_hand": null}, {"left_hand": [696.0479125976562, 271.2294921875, 35.7222900390625, 34.13214111328125], "right_hand": [647.2001342773438, 303.1429443359375, 42.5223388671875, 44.538330078125]}]}