{"image_path": "/home/hyem/workspace/frankmocap_notebooks/images/D9H-eRIROA/scene_00006598.jpg", "body_bbox_list": [[502, 153, 199, 465], [746, 125, 55, 223]], "hand_bbox_list": [{"left_hand": [663.9306640625, 229.02598571777344, 36.38128662109375, 41.26481628417969], "right_hand": [501.5340270996094, 255.3494110107422, 33.719512939453125, 52.26493835449219]}, {"left_hand": null, "right_hand": null}]}