{"image_path": "/home/hyem/workspace/frankmocap_notebooks/images/D9H-eRIROA/scene_00006167.jpg", "body_bbox_list": [[538, 153, 156, 465], [720, 110, 129, 433]], "hand_bbox_list": [{"left_hand": [653.85205078125, 337.42559814453125, 34.2689208984375, 27.93035888671875], "right_hand": [518.677978515625, 319.9230651855469, 36.002685546875, 31.358612060546875]}, {"left_hand": null, "right_hand": null}]}