{"image_path": "/home/hyem/workspace/frankmocap_notebooks/images/D9H-eRIROA/scene_00004240.jpg", "body_bbox_list": [[500, 76, 248, 557]], "hand_bbox_list": [{"left_hand": [689.2485961914062, 58.256874084472656, 51.94873046875, 53.98027038574219], "right_hand": [498.10626220703125, 97.41886138916016, 39.09552001953125, 54.54468536376953]}]}