{"image_path": "/home/hyem/workspace/frankmocap_notebooks/images/D9H-eRIROA/scene_00005343.jpg", "body_bbox_list": [[409, 115, 403, 563]], "hand_bbox_list": [{"left_hand": [676.9714965820312, 449.4903564453125, 77.94140625, 79.5223388671875], "right_hand": [493.93463134765625, 440.2972412109375, 93.13433837890625, 100.56744384765625]}]}