{"image_path": "/home/hyem/workspace/frankmocap_notebooks/images/D9H-eRIROA/scene_00000791.jpg", "body_bbox_list": [[449, 131, 267, 582]], "hand_bbox_list": [{"left_hand": [600.7037963867188, 677.6063232421875, 45.65582275390625, 39.53729248046875], "right_hand": [555.673095703125, 676.1925048828125, 66.01580810546875, 41.557373046875]}]}