{"image_path": "/home/hyem/workspace/frankmocap_notebooks/images/D9H-eRIROA/scene_00006139.jpg", "body_bbox_list": [[544, 200, 161, 427], [713, 155, 155, 433]], "hand_bbox_list": [{"left_hand": [689.7240600585938, 429.3648681640625, 37.4559326171875, 28.667449951171875], "right_hand": [533.7354736328125, 423.058837890625, 36.4559326171875, 34.673553466796875]}, {"left_hand": null, "right_hand": null}]}