{"image_path": "/home/hyem/workspace/frankmocap_notebooks/images/D9H-eRIROA/scene_00004881.jpg", "body_bbox_list": [[556, 171, 283, 457]], "hand_bbox_list": [{"left_hand": [784.0615844726562, 159.92776489257812, 50.48175048828125, 50.560760498046875], "right_hand": [546.4577026367188, 293.3238830566406, 37.43682861328125, 32.450927734375]}]}