{"image_path": "/home/hyem/workspace/frankmocap_notebooks/images/D9H-eRIROA/scene_00006032.jpg", "body_bbox_list": [[723, 126, 180, 451], [523, 168, 129, 519]], "hand_bbox_list": [{"left_hand": null, "right_hand": null}, {"left_hand": [555.2257080078125, 230.2503204345703, 32.2198486328125, 31.581924438476562], "right_hand": [513.7465209960938, 248.233642578125, 32.5338134765625, 38.30450439453125]}]}