{"image_path": "/home/hyem/workspace/frankmocap_notebooks/images/D9H-eRIROA/scene_00009456.jpg", "body_bbox_list": [[393, 89, 378, 631]], "hand_bbox_list": [{"left_hand": [645.5599365234375, 110.13856506347656, 83.87921142578125, 115.23802185058594], "right_hand": [386.2420959472656, 147.45545959472656, 64.52484130859375, 121.60420227050781]}]}