{"image_path": "/home/hyem/workspace/frankmocap_notebooks/images/D9H-eRIROA/scene_00003640.jpg", "body_bbox_list": [[579, 152, 142, 484], [771, 110, 112, 427]], "hand_bbox_list": [{"left_hand": [643.2664184570312, 282.03961181640625, 39.69537353515625, 42.90789794921875], "right_hand": [643.2664184570312, 282.03961181640625, 39.69537353515625, 42.90789794921875]}, {"left_hand": null, "right_hand": null}]}