{"image_path": "/home/hyem/workspace/frankmocap_notebooks/images/D9H-eRIROA/scene_00008008.jpg", "body_bbox_list": [[452, 146, 311, 490]], "hand_bbox_list": [{"left_hand": [742.488037109375, 222.97796630859375, 36.6566162109375, 67.2366943359375], "right_hand": [449.76666259765625, 216.0997314453125, 51.787750244140625, 60.455108642578125]}]}