{"image_path": "/home/hyem/workspace/frankmocap_notebooks/images/D9H-eRIROA/scene_00002450.jpg", "body_bbox_list": [[550, 154, 148, 457]], "hand_bbox_list": [{"left_hand": [629.2822875976562, 304.8664855957031, 40.2099609375, 39.62713623046875], "right_hand": [562.134765625, 314.1966552734375, 29.575927734375, 27.507476806640625]}]}