{"image_path": "/home/hyem/workspace/frankmocap_notebooks/images/D9H-eRIROA/scene_00008915.jpg", "body_bbox_list": [[544, 145, 155, 514], [760, 164, 123, 364]], "hand_bbox_list": [{"left_hand": [618.9408569335938, 294.442138671875, 38.2064208984375, 34.57763671875], "right_hand": [600.4996337890625, 351.3787536621094, 45.4451904296875, 27.992340087890625]}, {"left_hand": null, "right_hand": null}]}