{"image_path": "/home/hyem/workspace/frankmocap_notebooks/images/D9H-eRIROA/scene_00002488.jpg", "body_bbox_list": [[531, 148, 199, 452], [747, 107, 137, 354]], "hand_bbox_list": [{"left_hand": [697.5733032226562, 363.3174133300781, 33.41326904296875, 49.994293212890625], "right_hand": [535.6337280273438, 345.8294677734375, 24.64801025390625, 38.970123291015625]}, {"left_hand": null, "right_hand": null}]}