{"image_path": "/home/hyem/workspace/frankmocap_notebooks/images/D9H-eRIROA/scene_00008866.jpg", "body_bbox_list": [[555, 145, 161, 514], [800, 78, 93, 272]], "hand_bbox_list": [{"left_hand": [684.628662109375, 381.6794128417969, 34.1595458984375, 33.919342041015625], "right_hand": [631.7844848632812, 345.57275390625, 45.68316650390625, 45.829986572265625]}, {"left_hand": null, "right_hand": null}]}