{"image_path": "/home/hyem/workspace/frankmocap_notebooks/images/D9H-eRIROA/scene_00003278.jpg", "body_bbox_list": [[536, 159, 205, 476], [743, 219, 112, 248], [778, 207, 81, 25]], "hand_bbox_list": [{"left_hand": [725.8411254882812, 201.03526306152344, 30.22998046875, 36.07588195800781], "right_hand": [528.9244995117188, 257.81927490234375, 32.2847900390625, 34.198272705078125]}, {"left_hand": null, "right_hand": null}, {"left_hand": null, "right_hand": null}]}