{"image_path": "/home/hyem/workspace/frankmocap_notebooks/images/D9H-eRIROA/scene_00004529.jpg", "body_bbox_list": [[500, 70, 243, 552]], "hand_bbox_list": [{"left_hand": [659.4695434570312, 53.28299331665039, 58.0328369140625, 49.762569427490234], "right_hand": [500.9191589355469, 108.66279602050781, 40.509063720703125, 38.907501220703125]}]}