{"image_path": "/home/hyem/workspace/frankmocap_notebooks/images/D9H-eRIROA/scene_00000878.jpg", "body_bbox_list": [[545, 146, 142, 495], [376, 102, 142, 365]], "hand_bbox_list": [{"left_hand": [596.89111328125, 259.9272155761719, 29.4461669921875, 48.752349853515625], "right_hand": [596.89111328125, 259.9272155761719, 29.4461669921875, 48.752349853515625]}, {"left_hand": null, "right_hand": null}]}