{"image_path": "/home/hyem/workspace/frankmocap_notebooks/images/D9H-eRIROA/scene_00008724.jpg", "body_bbox_list": [[566, 153, 162, 476], [754, 113, 129, 359]], "hand_bbox_list": [{"left_hand": [640.1414184570312, 315.2933349609375, 42.1285400390625, 43.75616455078125], "right_hand": [603.6243896484375, 326.2846984863281, 37.430419921875, 39.22430419921875]}, {"left_hand": null, "right_hand": null}]}