{"image_path": "/home/hyem/workspace/frankmocap_notebooks/images/D9H-eRIROA/scene_00000988.jpg", "body_bbox_list": [[555, 140, 167, 508], [417, 177, 88, 186]], "hand_bbox_list": [{"left_hand": [602.5447387695312, 298.25042724609375, 49.9234619140625, 42.734222412109375], "right_hand": [602.5447387695312, 298.25042724609375, 49.9234619140625, 42.734222412109375]}, {"left_hand": null, "right_hand": null}]}