{"image_path": "/home/hyem/workspace/frankmocap_notebooks/images/D9H-eRIROA/scene_00005003.jpg", "body_bbox_list": [[455, 175, 254, 465], [661, 122, 186, 408]], "hand_bbox_list": [{"left_hand": [472.3523254394531, 345.1997985839844, 41.993072509765625, 35.631805419921875], "right_hand": [431.1938781738281, 312.64617919921875, 37.334381103515625, 35.174163818359375]}, {"left_hand": null, "right_hand": null}]}