{"image_path": "/home/hyem/workspace/frankmocap_notebooks/images/D9H-eRIROA/scene_00002957.jpg", "body_bbox_list": [[566, 154, 156, 440]], "hand_bbox_list": [{"left_hand": [714.9271240234375, 371.0294494628906, 31.04510498046875, 29.36297607421875], "right_hand": [585.2604370117188, 378.8219299316406, 36.7640380859375, 40.55523681640625]}]}