{"image_path": "/home/hyem/workspace/frankmocap_notebooks/images/D9H-eRIROA/scene_00008921.jpg", "body_bbox_list": [[538, 145, 167, 514], [782, 89, 129, 272]], "hand_bbox_list": [{"left_hand": [603.6707763671875, 327.80218505859375, 40.67681884765625, 37.912628173828125], "right_hand": [603.6707763671875, 327.80218505859375, 40.67681884765625, 37.912628173828125]}, {"left_hand": null, "right_hand": null}]}