{"image_path": "/home/hyem/workspace/frankmocap_notebooks/images/D9H-eRIROA/scene_00009479.jpg", "body_bbox_list": [[394, 94, 371, 626]], "hand_bbox_list": [{"left_hand": [626.9306640625, 112.52706909179688, 88.898193359375, 116.5662841796875], "right_hand": [376.33416748046875, 160.31533813476562, 66.5828857421875, 114.95782470703125]}]}