{"image_path": "/home/hyem/workspace/frankmocap_notebooks/images/D9H-eRIROA/scene_00007530.jpg", "body_bbox_list": [[520, 162, 180, 508]], "hand_bbox_list": [{"left_hand": [573.2506103515625, 189.82760620117188, 46.35455322265625, 33.98536682128906], "right_hand": [510.591064453125, 206.391357421875, 33.22314453125, 47.99638366699219]}]}