{"image_path": "/home/hyem/workspace/frankmocap_notebooks/images/D9H-eRIROA/scene_00008302.jpg", "body_bbox_list": [[472, 164, 243, 476]], "hand_bbox_list": [{"left_hand": [692.8948364257812, 215.27906799316406, 47.00946044921875, 47.05415344238281], "right_hand": [460.0540466308594, 237.614501953125, 42.56195068359375, 49.139984130859375]}]}