{"image_path": "/home/hyem/workspace/frankmocap_notebooks/images/D9H-eRIROA/scene_00006654.jpg", "body_bbox_list": [[502, 165, 199, 452]], "hand_bbox_list": [{"left_hand": [660.874755859375, 228.60455322265625, 36.74578857421875, 37.49822998046875], "right_hand": [495.0491638183594, 248.732666015625, 38.628814697265625, 54.57550048828125]}]}