{"image_path": "/home/hyem/workspace/frankmocap_notebooks/images/D9H-eRIROA/scene_00003328.jpg", "body_bbox_list": [[560, 170, 185, 465], [714, 138, 148, 422]], "hand_bbox_list": [{"left_hand": [680.9406127929688, 397.93109130859375, 21.447265625, 38.116241455078125], "right_hand": [571.1961669921875, 418.3808898925781, 26.192626953125, 41.881011962890625]}, {"left_hand": null, "right_hand": null}]}