{"image_path": "/home/hyem/workspace/frankmocap_notebooks/images/D9H-eRIROA/scene_00001688.jpg", "body_bbox_list": [[543, 188, 180, 451], [814, 201, 37, 161]], "hand_bbox_list": [{"left_hand": [703.9368286132812, 409.5245666503906, 28.8974609375, 51.34564208984375], "right_hand": [542.2232055664062, 420.8759460449219, 30.69189453125, 31.92340087890625]}, {"left_hand": null, "right_hand": null}]}