{"image_path": "/home/hyem/workspace/frankmocap_notebooks/images/D9H-eRIROA/scene_00000842.jpg", "body_bbox_list": [[566, 140, 167, 508], [365, 78, 137, 390]], "hand_bbox_list": [{"left_hand": [642.53271484375, 297.0615539550781, 28.81939697265625, 49.728790283203125], "right_hand": [642.53271484375, 297.0615539550781, 28.81939697265625, 49.728790283203125]}, {"left_hand": null, "right_hand": null}]}