{"image_path": "/home/hyem/workspace/frankmocap_notebooks/images/D9H-eRIROA/scene_00002067.jpg", "body_bbox_list": [[469, 170, 322, 465]], "hand_bbox_list": [{"left_hand": [744.3793334960938, 159.00546264648438, 41.571044921875, 53.98353576660156], "right_hand": [470.13873291015625, 205.47019958496094, 27.4617919921875, 48.382354736328125]}]}