{"image_path": "/home/hyem/workspace/frankmocap_notebooks/images/D9H-eRIROA/scene_00005246.jpg", "body_bbox_list": [[506, 171, 254, 457], [823, 118, 81, 248]], "hand_bbox_list": [{"left_hand": [746.6849975585938, 316.4259338378906, 30.64727783203125, 32.67584228515625], "right_hand": [692.7974853515625, 300.1592102050781, 36.1409912109375, 34.405029296875]}, {"left_hand": null, "right_hand": null}]}