{"image_path": "/home/hyem/workspace/frankmocap_notebooks/images/D9H-eRIROA/scene_00009506.jpg", "body_bbox_list": [[0, 94, 319, 626]], "hand_bbox_list": [{"left_hand": [61.364376068115234, 387.1012878417969, 73.32417297363281, 134.58157348632812], "right_hand": null}]}