{"image_path": "/home/hyem/workspace/frankmocap_notebooks/images/D9H-eRIROA/scene_00005843.jpg", "body_bbox_list": [[537, 162, 192, 525], [778, 105, 199, 397]], "hand_bbox_list": [{"left_hand": [608.0257568359375, 246.81637573242188, 37.43450927734375, 33.264312744140625], "right_hand": [534.6466064453125, 244.41636657714844, 30.1300048828125, 50.30039978027344]}, {"left_hand": null, "right_hand": null}]}