{"image_path": "/home/hyem/workspace/frankmocap_notebooks/images/D9H-eRIROA/scene_00000688.jpg", "body_bbox_list": [[457, 96, 346, 601]], "hand_bbox_list": [{"left_hand": [555.5636596679688, 433.0743103027344, 135.2821044921875, 125.33425903320312], "right_hand": [458.3484802246094, 441.93243408203125, 99.29598999023438, 119.67694091796875]}]}