{"image_path": "/home/hyem/workspace/frankmocap_notebooks/images/D9H-eRIROA/scene_00006922.jpg", "body_bbox_list": [[531, 118, 215, 602]], "hand_bbox_list": [{"left_hand": [562.8609008789062, 394.122314453125, 82.523681640625, 59.37469482421875], "right_hand": [708.8549194335938, 465.54034423828125, 89.5574951171875, 70.1973876953125]}]}