{"image_path": "/home/hyem/workspace/frankmocap_notebooks/images/D9H-eRIROA/scene_00004518.jpg", "body_bbox_list": [[500, 65, 243, 557]], "hand_bbox_list": [{"left_hand": [661.7438354492188, 44.871788024902344, 57.06396484375, 54.62897491455078], "right_hand": [500.25177001953125, 105.59420776367188, 41.763671875, 43.579437255859375]}]}