{"image_path": "/home/hyem/workspace/frankmocap_notebooks/images/D9H-eRIROA/scene_00007226.jpg", "body_bbox_list": [[482, 124, 291, 495]], "hand_bbox_list": [{"left_hand": [759.4490356445312, 121.32447052001953, 45.72369384765625, 28.44641876220703], "right_hand": [523.1942138671875, 133.71888732910156, 37.04052734375, 35.74275207519531]}]}