{"image_path": "/home/hyem/workspace/frankmocap_notebooks/images/D9H-eRIROA/scene_00007408.jpg", "body_bbox_list": [[464, 194, 321, 433], [676, 146, 235, 378]], "hand_bbox_list": [{"left_hand": [452.9588317871094, 302.3233947753906, 31.3603515625, 36.750396728515625], "right_hand": [452.9588317871094, 302.3233947753906, 31.3603515625, 36.750396728515625]}, {"left_hand": null, "right_hand": null}]}