{"image_path": "/home/hyem/workspace/frankmocap_notebooks/images/D9H-eRIROA/scene_00000694.jpg", "body_bbox_list": [[456, 97, 354, 588]], "hand_bbox_list": [{"left_hand": [538.3162841796875, 545.04931640625, 116.54730224609375, 104.37359619140625], "right_hand": [513.9317016601562, 495.99755859375, 101.15399169921875, 101.06329345703125]}]}