{"image_path": "/home/hyem/workspace/frankmocap_notebooks/images/D9H-eRIROA/scene_00001507.jpg", "body_bbox_list": [[590, 159, 137, 464], [754, 120, 118, 340], [765, 335, 12, 191]], "hand_bbox_list": [{"left_hand": [633.42431640625, 277.01611328125, 39.0823974609375, 38.26068115234375], "right_hand": [633.42431640625, 277.01611328125, 39.0823974609375, 38.26068115234375]}, {"left_hand": null, "right_hand": null}, {"left_hand": null, "right_hand": null}]}