{"image_path": "/home/hyem/workspace/frankmocap_notebooks/images/D9H-eRIROA/scene_00000854.jpg", "body_bbox_list": [[562, 140, 148, 508], [371, 101, 124, 242]], "hand_bbox_list": [{"left_hand": [607.27099609375, 265.234130859375, 35.88665771484375, 49.51702880859375], "right_hand": [607.27099609375, 265.234130859375, 35.88665771484375, 49.51702880859375]}, {"left_hand": null, "right_hand": null}]}