{"image_path": "/home/hyem/workspace/frankmocap_notebooks/images/D9H-eRIROA/scene_00005707.jpg", "body_bbox_list": [[488, 94, 273, 532]], "hand_bbox_list": [{"left_hand": [740.698974609375, 65.54694366455078, 40.9290771484375, 56.98780059814453], "right_hand": [460.28607177734375, 330.45831298828125, 54.26123046875, 37.553131103515625]}]}