{"image_path": "/home/hyem/workspace/frankmocap_notebooks/images/D9H-eRIROA/scene_00008788.jpg", "body_bbox_list": [[544, 145, 172, 509], [788, 81, 118, 322]], "hand_bbox_list": [{"left_hand": [661.9918823242188, 330.823974609375, 39.70880126953125, 46.33984375], "right_hand": [573.7377319335938, 336.5252685546875, 39.45751953125, 43.280426025390625]}, {"left_hand": null, "right_hand": null}]}