{"image_path": "/home/hyem/workspace/frankmocap_notebooks/images/D9H-eRIROA/scene_00005320.jpg", "body_bbox_list": [[603, 152, 223, 484]], "hand_bbox_list": [{"left_hand": [777.4052734375, 187.25677490234375, 41.813720703125, 30.4974365234375], "right_hand": [600.0162353515625, 321.1628112792969, 35.23516845703125, 39.5625]}]}