{"image_path": "/home/hyem/workspace/frankmocap_notebooks/images/D9H-eRIROA/scene_00007563.jpg", "body_bbox_list": [[526, 152, 191, 489], [758, 113, 155, 229]], "hand_bbox_list": [{"left_hand": [656.99169921875, 231.3815155029297, 45.064697265625, 47.48811340332031], "right_hand": [553.3826293945312, 237.16305541992188, 44.92041015625, 44.706756591796875]}, {"left_hand": null, "right_hand": null}]}