{"image_path": "/home/hyem/workspace/frankmocap_notebooks/images/D9H-eRIROA/scene_00008695.jpg", "body_bbox_list": [[579, 165, 142, 457], [774, 184, 55, 167]], "hand_bbox_list": [{"left_hand": [693.5376586914062, 320.84161376953125, 27.38299560546875, 39.254486083984375], "right_hand": [635.3490600585938, 316.0376281738281, 35.09130859375, 38.551513671875]}, {"left_hand": null, "right_hand": null}]}