{"image_path": "/home/hyem/workspace/frankmocap_notebooks/images/D9H-eRIROA/scene_00009056.jpg", "body_bbox_list": [[549, 153, 156, 470], [411, 113, 118, 354]], "hand_bbox_list": [{"left_hand": [621.6675415039062, 335.652587890625, 48.34747314453125, 29.557098388671875], "right_hand": [591.1461791992188, 290.6407165527344, 50.4698486328125, 45.359588623046875]}, {"left_hand": null, "right_hand": null}]}