{"image_path": "/home/hyem/workspace/frankmocap_notebooks/images/D9H-eRIROA/scene_00003430.jpg", "body_bbox_list": [[561, 147, 155, 465], [719, 115, 137, 446]], "hand_bbox_list": [{"left_hand": [648.2544555664062, 289.7829284667969, 41.94769287109375, 49.829254150390625], "right_hand": [601.3712158203125, 270.08270263671875, 40.37200927734375, 38.538055419921875]}, {"left_hand": null, "right_hand": null}]}