{"image_path": "/home/hyem/workspace/frankmocap_notebooks/images/D9H-eRIROA/scene_00001132.jpg", "body_bbox_list": [[432, 108, 402, 595]], "hand_bbox_list": [{"left_hand": [570.1995239257812, 458.5662536621094, 123.5045166015625, 118.33517456054688], "right_hand": [463.10736083984375, 409.5739440917969, 127.9158935546875, 113.99038696289062]}]}