{"image_path": "/home/hyem/workspace/frankmocap_notebooks/images/D9H-eRIROA/scene_00006082.jpg", "body_bbox_list": [[549, 147, 156, 471], [696, 112, 167, 378]], "hand_bbox_list": [{"left_hand": [665.9521484375, 258.3601379394531, 35.54296875, 38.0159912109375], "right_hand": [543.504638671875, 251.89013671875, 36.22222900390625, 40.56280517578125]}, {"left_hand": null, "right_hand": null}]}