{"image_path": "/home/hyem/workspace/frankmocap_notebooks/images/D9H-eRIROA/scene_00004922.jpg", "body_bbox_list": [[561, 146, 172, 484], [783, 102, 105, 476]], "hand_bbox_list": [{"left_hand": [719.8392944335938, 361.8409118652344, 29.42730712890625, 52.172637939453125], "right_hand": [627.2273559570312, 284.9362487792969, 43.7406005859375, 35.328399658203125]}, {"left_hand": null, "right_hand": null}]}