{"image_path": "/home/hyem/workspace/frankmocap_notebooks/images/D9H-eRIROA/scene_00008287.jpg", "body_bbox_list": [[490, 211, 224, 427], [701, 166, 173, 315]], "hand_bbox_list": [{"left_hand": [565.5675659179688, 384.7138671875, 34.714599609375, 33.009307861328125], "right_hand": [509.80364990234375, 406.1983947753906, 37.91259765625, 36.852294921875]}, {"left_hand": null, "right_hand": null}]}