{"image_path": "/home/hyem/workspace/frankmocap_notebooks/images/D9H-eRIROA/scene_00001397.jpg", "body_bbox_list": [[550, 140, 148, 514]], "hand_bbox_list": [{"left_hand": [641.9246826171875, 273.18463134765625, 23.5941162109375, 42.49652099609375], "right_hand": [549.1443481445312, 363.9612121582031, 36.51092529296875, 38.2103271484375]}]}