{"image_path": "/home/hyem/workspace/frankmocap_notebooks/images/D9H-eRIROA/scene_00006685.jpg", "body_bbox_list": [[533, 147, 166, 471], [726, 126, 112, 322]], "hand_bbox_list": [{"left_hand": [672.9772338867188, 405.5251770019531, 22.7752685546875, 45.888397216796875], "right_hand": [549.996826171875, 395.3583068847656, 22.57763671875, 51.229278564453125]}, {"left_hand": null, "right_hand": null}]}