{"image_path": "/home/hyem/workspace/frankmocap_notebooks/images/D9H-eRIROA/scene_00005847.jpg", "body_bbox_list": [[537, 168, 186, 519], [744, 115, 199, 457]], "hand_bbox_list": [{"left_hand": [631.4534912109375, 270.58984375, 34.42303466796875, 36.607330322265625], "right_hand": [534.5441284179688, 268.1207580566406, 31.34521484375, 47.099700927734375]}, {"left_hand": null, "right_hand": null}]}