{"image_path": "/home/hyem/workspace/frankmocap_notebooks/images/D9H-eRIROA/scene_00002895.jpg", "body_bbox_list": [[538, 206, 291, 432], [777, 150, 235, 414]], "hand_bbox_list": [{"left_hand": [763.3060302734375, 365.0932922363281, 35.1651611328125, 43.49395751953125], "right_hand": [523.4554443359375, 311.4721374511719, 36.960693359375, 33.05303955078125]}, {"left_hand": null, "right_hand": null}]}