{"image_path": "/home/hyem/workspace/frankmocap_notebooks/images/D9H-eRIROA/scene_00005104.jpg", "body_bbox_list": [[480, 152, 199, 489], [690, 98, 156, 457]], "hand_bbox_list": [{"left_hand": [568.264404296875, 315.32098388671875, 45.34063720703125, 38.994842529296875], "right_hand": [473.7126770019531, 297.31146240234375, 30.389923095703125, 35.9718017578125]}, {"left_hand": null, "right_hand": null}]}