{"image_path": "/home/hyem/workspace/frankmocap_notebooks/images/D9H-eRIROA/scene_00005420.jpg", "body_bbox_list": [[508, 115, 340, 569]], "hand_bbox_list": [{"left_hand": [659.7561645507812, 396.0907287597656, 87.04998779296875, 68.88034057617188], "right_hand": [532.12841796875, 493.1035461425781, 93.92596435546875, 86.88705444335938]}]}