{"image_path": "/home/hyem/workspace/frankmocap_notebooks/images/D9H-eRIROA/scene_00000953.jpg", "body_bbox_list": [[566, 134, 162, 520]], "hand_bbox_list": [{"left_hand": [621.4852294921875, 255.4447479248047, 36.7178955078125, 53.24830627441406], "right_hand": [621.4852294921875, 255.4447479248047, 36.7178955078125, 53.24830627441406]}]}