{"image_path": "/home/hyem/workspace/frankmocap_notebooks/images/D9H-eRIROA/scene_00006939.jpg", "body_bbox_list": [[533, 171, 155, 440], [698, 120, 112, 446]], "hand_bbox_list": [{"left_hand": [597.0923461914062, 331.2778625488281, 37.8056640625, 31.792083740234375], "right_hand": [555.5473022460938, 351.2835693359375, 33.32916259765625, 39.61053466796875]}, {"left_hand": null, "right_hand": null}]}