{"image_path": "/home/hyem/workspace/frankmocap_notebooks/images/D9H-eRIROA/scene_00004231.jpg", "body_bbox_list": [[499, 176, 279, 458]], "hand_bbox_list": [{"left_hand": [716.1917724609375, 289.31298828125, 42.5992431640625, 48.3602294921875], "right_hand": [500.688720703125, 310.70941162109375, 29.42364501953125, 47.622955322265625]}]}