{"image_path": "/home/hyem/workspace/frankmocap_notebooks/images/D9H-eRIROA/scene_00001282.jpg", "body_bbox_list": [[559, 141, 199, 500]], "hand_bbox_list": [{"left_hand": [743.0714111328125, 414.9154052734375, 34.4554443359375, 43.33856201171875], "right_hand": [554.0322875976562, 376.1531982421875, 31.9810791015625, 53.281463623046875]}]}