{"image_path": "/home/hyem/workspace/frankmocap_notebooks/images/D9H-eRIROA/scene_00002065.jpg", "body_bbox_list": [[469, 147, 311, 471]], "hand_bbox_list": [{"left_hand": [748.6258544921875, 215.41786193847656, 46.4981689453125, 55.98774719238281], "right_hand": [470.4667663574219, 231.2088623046875, 29.938934326171875, 57.16595458984375]}]}