{"image_path": "/home/hyem/workspace/frankmocap_notebooks/images/D9H-eRIROA/scene_00008226.jpg", "body_bbox_list": [[514, 201, 316, 414], [686, 157, 254, 389]], "hand_bbox_list": [{"left_hand": [572.363037109375, 371.38677978515625, 34.969970703125, 41.090972900390625], "right_hand": [572.363037109375, 371.38677978515625, 34.969970703125, 41.090972900390625]}, {"left_hand": null, "right_hand": null}]}