{"image_path": "/home/hyem/workspace/frankmocap_notebooks/images/D9H-eRIROA/scene_00000630.jpg", "body_bbox_list": [[353, 121, 397, 568]], "hand_bbox_list": [{"left_hand": [494.36907958984375, 463.0819091796875, 98.46551513671875, 92.10247802734375], "right_hand": [494.36907958984375, 463.0819091796875, 98.46551513671875, 92.10247802734375]}]}