{"image_path": "/home/hyem/workspace/frankmocap_notebooks/images/D9H-eRIROA/scene_00005839.jpg", "body_bbox_list": [[532, 162, 185, 520], [778, 123, 205, 390]], "hand_bbox_list": [{"left_hand": [598.4085693359375, 237.57460021972656, 33.27862548828125, 33.96391296386719], "right_hand": [530.7638549804688, 239.27130126953125, 30.0240478515625, 46.964141845703125]}, {"left_hand": null, "right_hand": null}]}