{"image_path": "/home/hyem/workspace/frankmocap_notebooks/images/D9H-eRIROA/scene_00001067.jpg", "body_bbox_list": [[549, 146, 173, 501], [359, 98, 143, 451]], "hand_bbox_list": [{"left_hand": [610.1241455078125, 284.2070617675781, 52.71881103515625, 38.80096435546875], "right_hand": [610.1241455078125, 284.2070617675781, 52.71881103515625, 38.80096435546875]}, {"left_hand": null, "right_hand": null}]}