{"image_path": "/home/hyem/workspace/frankmocap_notebooks/images/D9H-eRIROA/scene_00005862.jpg", "body_bbox_list": [[522, 165, 148, 446]], "hand_bbox_list": [{"left_hand": [614.0393676757812, 288.86444091796875, 16.1854248046875, 13.008209228515625], "right_hand": [526.8705444335938, 248.46788024902344, 48.3284912109375, 57.29695129394531]}]}