{"image_path": "/home/hyem/workspace/frankmocap_notebooks/images/D9H-eRIROA/scene_00001612.jpg", "body_bbox_list": [[555, 160, 156, 457], [737, 103, 112, 446]], "hand_bbox_list": [{"left_hand": [643.8980712890625, 319.02752685546875, 39.3568115234375, 36.08746337890625], "right_hand": [587.5899658203125, 320.5791931152344, 39.40362548828125, 33.3853759765625]}, {"left_hand": null, "right_hand": null}]}