{"image_path": "/home/hyem/workspace/frankmocap_notebooks/images/D9H-eRIROA/scene_00008316.jpg", "body_bbox_list": [[523, 135, 242, 489]], "hand_bbox_list": [{"left_hand": [746.5831909179688, 101.46574401855469, 40.5009765625, 56.46290588378906], "right_hand": [523.006103515625, 300.2851867675781, 52.0986328125, 50.372772216796875]}]}