{"image_path": "/home/hyem/workspace/frankmocap_notebooks/images/D9H-eRIROA/scene_00005489.jpg", "body_bbox_list": [[502, 193, 216, 441], [794, 154, 99, 216]], "hand_bbox_list": [{"left_hand": [695.8169555664062, 310.52923583984375, 29.5811767578125, 40.472503662109375], "right_hand": [695.8169555664062, 310.52923583984375, 29.5811767578125, 40.472503662109375]}, {"left_hand": null, "right_hand": null}]}