{"image_path": "/home/hyem/workspace/frankmocap_notebooks/images/D9H-eRIROA/scene_00003419.jpg", "body_bbox_list": [[520, 160, 186, 457], [701, 121, 173, 422]], "hand_bbox_list": [{"left_hand": [687.3123779296875, 267.2574157714844, 34.61029052734375, 34.061737060546875], "right_hand": [518.8324584960938, 292.12158203125, 38.11773681640625, 39.384979248046875]}, {"left_hand": null, "right_hand": null}]}