{"image_path": "/home/hyem/workspace/frankmocap_notebooks/images/D9H-eRIROA/scene_00008040.jpg", "body_bbox_list": [[544, 175, 172, 465], [772, 191, 99, 248]], "hand_bbox_list": [{"left_hand": null, "right_hand": [593.18603515625, 419.4670104980469, 29.4190673828125, 25.776275634765625]}, {"left_hand": null, "right_hand": null}]}