{"image_path": "/home/hyem/workspace/frankmocap_notebooks/images/D9H-eRIROA/scene_00002845.jpg", "body_bbox_list": [[546, 211, 230, 422], [745, 148, 192, 452]], "hand_bbox_list": [{"left_hand": [724.4715576171875, 385.97857666015625, 31.07647705078125, 42.291229248046875], "right_hand": [566.8751831054688, 426.5028381347656, 36.45111083984375, 22.942138671875]}, {"left_hand": null, "right_hand": null}]}