{"image_path": "/home/hyem/workspace/frankmocap_notebooks/images/D9H-eRIROA/scene_00001579.jpg", "body_bbox_list": [[542, 146, 216, 490], [799, 168, 129, 266], [875, 110, 61, 185]], "hand_bbox_list": [{"left_hand": [737.7052612304688, 300.1164855957031, 36.49957275390625, 42.479278564453125], "right_hand": [532.6836547851562, 281.5298767089844, 34.782470703125, 45.076812744140625]}, {"left_hand": null, "right_hand": null}, {"left_hand": null, "right_hand": null}]}