{"image_path": "/home/hyem/workspace/frankmocap_notebooks/images/D9H-eRIROA/scene_00004161.jpg", "body_bbox_list": [[512, 200, 248, 433]], "hand_bbox_list": [{"left_hand": [730.27490234375, 283.0128479003906, 33.00726318359375, 35.687347412109375], "right_hand": [636.7483520507812, 444.4388732910156, 31.27557373046875, 28.63763427734375]}]}