{"image_path": "/home/hyem/workspace/frankmocap_notebooks/images/D9H-eRIROA/scene_00002696.jpg", "body_bbox_list": [[486, 159, 210, 464], [718, 108, 161, 335]], "hand_bbox_list": [{"left_hand": [662.71240234375, 326.1259460449219, 31.07220458984375, 35.53607177734375], "right_hand": [484.04705810546875, 374.70013427734375, 34.89324951171875, 36.82073974609375]}, {"left_hand": null, "right_hand": null}]}