{"image_path": "/home/hyem/workspace/frankmocap_notebooks/images/D9H-eRIROA/scene_00002424.jpg", "body_bbox_list": [[611, 140, 167, 514], [833, 81, 123, 310]], "hand_bbox_list": [{"left_hand": [754.9241943359375, 398.9625549316406, 28.9688720703125, 39.108978271484375], "right_hand": [607.4443969726562, 365.8258056640625, 29.10772705078125, 27.732177734375]}, {"left_hand": null, "right_hand": null}]}