{"image_path": "/home/hyem/workspace/frankmocap_notebooks/images/D9H-eRIROA/scene_00003505.jpg", "body_bbox_list": [[568, 154, 129, 457], [720, 109, 129, 446]], "hand_bbox_list": [{"left_hand": [645.6721801757812, 240.4557647705078, 32.9534912109375, 38.50688171386719], "right_hand": [583.5401611328125, 245.68264770507812, 30.03997802734375, 35.9400634765625]}, {"left_hand": null, "right_hand": null}]}