{"image_path": "/home/hyem/workspace/frankmocap_notebooks/images/D9H-eRIROA/scene_00006038.jpg", "body_bbox_list": [[529, 168, 123, 514], [724, 130, 172, 365], [821, 351, 18, 215]], "hand_bbox_list": [{"left_hand": [568.2156982421875, 229.5069580078125, 31.0198974609375, 30.66827392578125], "right_hand": [524.3558959960938, 244.31553649902344, 31.61370849609375, 37.23826599121094]}, {"left_hand": null, "right_hand": null}, {"left_hand": null, "right_hand": null}]}