{"image_path": "/home/hyem/workspace/frankmocap_notebooks/images/D9H-eRIROA/scene_00005253.jpg", "body_bbox_list": [[506, 170, 254, 465], [820, 125, 132, 223]], "hand_bbox_list": [{"left_hand": [749.4393920898438, 311.6933898925781, 31.80035400390625, 33.3505859375], "right_hand": [675.5191040039062, 294.0842590332031, 39.9552001953125, 35.622894287109375]}, {"left_hand": null, "right_hand": null}]}