{"image_path": "/home/hyem/workspace/frankmocap_notebooks/images/D9H-eRIROA/scene_00000710.jpg", "body_bbox_list": [[434, 96, 364, 607]], "hand_bbox_list": [{"left_hand": [607.3499755859375, 489.1091613769531, 117.34136962890625, 105.21060180664062], "right_hand": [554.1839599609375, 388.5898742675781, 114.37274169921875, 128.68185424804688]}]}