{"image_path": "/home/hyem/workspace/frankmocap_notebooks/images/D9H-eRIROA/scene_00001719.jpg", "body_bbox_list": [[780, 109, 173, 452], [578, 165, 161, 452], [881, 197, 55, 129], [770, 338, 18, 224]], "hand_bbox_list": [{"left_hand": null, "right_hand": null}, {"left_hand": [705.1260986328125, 366.57904052734375, 35.75030517578125, 42.920501708984375], "right_hand": null}, {"left_hand": null, "right_hand": null}, {"left_hand": null, "right_hand": null}]}