{"image_path": "/home/hyem/workspace/frankmocap_notebooks/images/D9H-eRIROA/scene_00008506.jpg", "body_bbox_list": [[711, 95, 204, 525], [514, 153, 216, 476]], "hand_bbox_list": [{"left_hand": null, "right_hand": null}, {"left_hand": [712.2403564453125, 395.4154357910156, 27.94097900390625, 45.946807861328125], "right_hand": [514.9063720703125, 396.3923645019531, 32.2935791015625, 43.728851318359375]}]}