{"image_path": "/home/hyem/workspace/frankmocap_notebooks/images/D9H-eRIROA/scene_00004661.jpg", "body_bbox_list": [[461, 164, 242, 471], [742, 114, 142, 470], [836, 198, 50, 93]], "hand_bbox_list": [{"left_hand": [653.703369140625, 334.36688232421875, 41.24658203125, 32.419158935546875], "right_hand": [453.173583984375, 369.2337646484375, 31.85296630859375, 44.052703857421875]}, {"left_hand": null, "right_hand": null}, {"left_hand": null, "right_hand": null}]}