{"image_path": "/home/hyem/workspace/frankmocap_notebooks/images/D9H-eRIROA/scene_00004205.jpg", "body_bbox_list": [[499, 193, 279, 441]], "hand_bbox_list": [{"left_hand": [741.0366821289062, 299.6938781738281, 33.080810546875, 53.621124267578125], "right_hand": [503.12481689453125, 312.14892578125, 34.99566650390625, 50.472137451171875]}]}