{"image_path": "/home/hyem/workspace/frankmocap_notebooks/images/D9H-eRIROA/scene_00006755.jpg", "body_bbox_list": [[393, 87, 390, 569]], "hand_bbox_list": [{"left_hand": [571.65478515625, 425.5042724609375, 83.4996337890625, 51.45245361328125], "right_hand": [550.7476196289062, 493.1589660644531, 73.03240966796875, 30.713348388671875]}]}