{"image_path": "/home/hyem/workspace/frankmocap_notebooks/images/D9H-eRIROA/scene_00003092.jpg", "body_bbox_list": [[598, 171, 216, 457], [792, 170, 148, 346]], "hand_bbox_list": [{"left_hand": [658.2186889648438, 257.35711669921875, 41.24737548828125, 52.87469482421875], "right_hand": [643.5956420898438, 379.593017578125, 39.19622802734375, 39.4200439453125]}, {"left_hand": null, "right_hand": null}]}