{"image_path": "/home/hyem/workspace/frankmocap_notebooks/images/D9H-eRIROA/scene_00001479.jpg", "body_bbox_list": [[578, 153, 166, 470]], "hand_bbox_list": [{"left_hand": [687.544921875, 217.70030212402344, 36.747314453125, 31.438674926757812], "right_hand": [568.896728515625, 357.8710021972656, 31.4342041015625, 33.13177490234375]}]}