{"image_path": "/home/hyem/workspace/frankmocap_notebooks/images/D9H-eRIROA/scene_00003597.jpg", "body_bbox_list": [[699, 143, 205, 446], [560, 176, 180, 446]], "hand_bbox_list": [{"left_hand": null, "right_hand": null}, {"left_hand": [686.443603515625, 318.63104248046875, 39.45245361328125, 31.5556640625], "right_hand": [612.8724365234375, 344.20965576171875, 44.99945068359375, 32.884033203125]}]}