{"image_path": "/home/hyem/workspace/frankmocap_notebooks/images/D9H-eRIROA/scene_00003770.jpg", "body_bbox_list": [[499, 171, 267, 440], [732, 135, 229, 259]], "hand_bbox_list": [{"left_hand": [725.11474609375, 349.2344055175781, 37.9423828125, 50.0096435546875], "right_hand": [506.7678527832031, 323.7957763671875, 30.834259033203125, 47.571441650390625]}, {"left_hand": null, "right_hand": null}]}