{"image_path": "/home/hyem/workspace/frankmocap_notebooks/images/D9H-eRIROA/scene_00004094.jpg", "body_bbox_list": [[489, 218, 254, 414], [767, 193, 80, 205]], "hand_bbox_list": [{"left_hand": null, "right_hand": [590.5360717773438, 366.1859436035156, 33.11248779296875, 36.32794189453125]}, {"left_hand": null, "right_hand": null}]}