{"image_path": "/home/hyem/workspace/frankmocap_notebooks/images/D9H-eRIROA/scene_00003935.jpg", "body_bbox_list": [[483, 170, 278, 465]], "hand_bbox_list": [{"left_hand": [711.6242065429688, 174.0501251220703, 36.388916015625, 37.37982177734375], "right_hand": [444.66925048828125, 239.1228790283203, 48.133880615234375, 27.580184936523438]}]}