{"image_path": "/home/hyem/workspace/frankmocap_notebooks/images/D9H-eRIROA/scene_00004034.jpg", "body_bbox_list": [[507, 118, 229, 495]], "hand_bbox_list": [{"left_hand": [663.0435180664062, 119.69617462158203, 24.97882080078125, 29.514488220214844], "right_hand": [573.7400512695312, 149.4387969970703, 33.24151611328125, 32.53239440917969]}]}