{"image_path": "/home/hyem/workspace/frankmocap_notebooks/images/D9H-eRIROA/scene_00000800.jpg", "body_bbox_list": [[449, 131, 278, 576]], "hand_bbox_list": [{"left_hand": [595.93408203125, 677.4468994140625, 38.3109130859375, 40.73577880859375], "right_hand": [558.2559814453125, 675.3626708984375, 39.2332763671875, 43.10064697265625]}]}