{"image_path": "/home/hyem/workspace/frankmocap_notebooks/images/D9H-eRIROA/scene_00000670.jpg", "body_bbox_list": [[392, 101, 408, 619]], "hand_bbox_list": [{"left_hand": [628.3567504882812, 468.0906982421875, 56.03350830078125, 83.01318359375], "right_hand": [584.9550170898438, 463.9439392089844, 95.15667724609375, 91.80941772460938]}]}