{"image_path": "/home/hyem/workspace/frankmocap_notebooks/images/D9H-eRIROA/scene_00002283.jpg", "body_bbox_list": [[506, 154, 259, 452], [761, 103, 199, 216]], "hand_bbox_list": [{"left_hand": [731.912841796875, 340.7161560058594, 33.89288330078125, 53.241729736328125], "right_hand": [512.44775390625, 314.4869384765625, 34.7794189453125, 59.101470947265625]}, {"left_hand": null, "right_hand": null}]}