{"image_path": "/home/hyem/workspace/frankmocap_notebooks/images/D9H-eRIROA/scene_00006969.jpg", "body_bbox_list": [[572, 146, 156, 484], [775, 101, 137, 490], [877, 188, 18, 181], [765, 345, 12, 216]], "hand_bbox_list": [{"left_hand": [705.5328369140625, 408.5726623535156, 31.6680908203125, 38.21490478515625], "right_hand": [569.4448852539062, 388.079833984375, 31.97332763671875, 31.8427734375]}, {"left_hand": null, "right_hand": null}, {"left_hand": null, "right_hand": null}, {"left_hand": null, "right_hand": null}]}