{"image_path": "/home/hyem/workspace/frankmocap_notebooks/images/D9H-eRIROA/scene_00004483.jpg", "body_bbox_list": [[512, 229, 253, 397], [738, 194, 229, 327]], "hand_bbox_list": [{"left_hand": [739.2630004882812, 409.5375061035156, 35.63580322265625, 40.576263427734375], "right_hand": [533.8732299804688, 428.1820373535156, 27.936767578125, 23.342254638671875]}, {"left_hand": null, "right_hand": null}]}