{"image_path": "/home/hyem/workspace/frankmocap_notebooks/images/D9H-eRIROA/scene_00005134.jpg", "body_bbox_list": [[543, 146, 191, 484], [771, 80, 129, 465]], "hand_bbox_list": [{"left_hand": [701.4550170898438, 306.890380859375, 30.9559326171875, 31.109130859375], "right_hand": [576.3551635742188, 295.95294189453125, 39.4512939453125, 36.054840087890625]}, {"left_hand": null, "right_hand": null}]}