{"image_path": "/home/hyem/workspace/frankmocap_notebooks/images/D9H-eRIROA/scene_00000852.jpg", "body_bbox_list": [[561, 146, 155, 501], [371, 90, 124, 253]], "hand_bbox_list": [{"left_hand": [609.6537475585938, 268.6741638183594, 37.01611328125, 48.892852783203125], "right_hand": [609.6537475585938, 268.6741638183594, 37.01611328125, 48.892852783203125]}, {"left_hand": null, "right_hand": null}]}