{"image_path": "/home/hyem/workspace/frankmocap_notebooks/images/D9H-eRIROA/scene_00000943.jpg", "body_bbox_list": [[566, 140, 156, 508], [377, 174, 118, 12]], "hand_bbox_list": [{"left_hand": [619.096435546875, 254.7451934814453, 37.6678466796875, 53.68299865722656], "right_hand": [619.096435546875, 254.7451934814453, 37.6678466796875, 53.68299865722656]}, {"left_hand": null, "right_hand": null}]}