{"image_path": "/home/hyem/workspace/frankmocap_notebooks/images/D9H-eRIROA/scene_00002282.jpg", "body_bbox_list": [[505, 147, 267, 465], [750, 102, 216, 235]], "hand_bbox_list": [{"left_hand": [740.5513916015625, 310.6689453125, 41.88189697265625, 56.114166259765625], "right_hand": [506.6664733886719, 288.6739501953125, 28.321929931640625, 48.1463623046875]}, {"left_hand": null, "right_hand": null}]}