{"image_path": "/home/hyem/workspace/frankmocap_notebooks/images/D9H-eRIROA/scene_00009521.jpg", "body_bbox_list": [[0, 82, 366, 638]], "hand_bbox_list": [{"left_hand": [131.66709899902344, 348.8682861328125, 63.321807861328125, 97.24301147460938], "right_hand": null}]}