{"image_path": "/home/hyem/workspace/frankmocap_notebooks/images/D9H-eRIROA/scene_00008774.jpg", "body_bbox_list": [[544, 163, 167, 495]], "hand_bbox_list": [{"left_hand": [649.3268432617188, 338.3153076171875, 39.38275146484375, 40.63726806640625], "right_hand": [587.4492797851562, 340.57177734375, 45.57672119140625, 45.4775390625]}]}