{"image_path": "/home/hyem/workspace/frankmocap_notebooks/images/D9H-eRIROA/scene_00002829.jpg", "body_bbox_list": [[541, 212, 235, 414], [740, 195, 185, 397]], "hand_bbox_list": [{"left_hand": [714.288818359375, 389.7410583496094, 32.98187255859375, 41.012939453125], "right_hand": [563.3081665039062, 426.40301513671875, 30.27593994140625, 23.6341552734375]}, {"left_hand": null, "right_hand": null}]}