{"image_path": "/home/hyem/workspace/frankmocap_notebooks/images/D9H-eRIROA/scene_00007463.jpg", "body_bbox_list": [[519, 188, 199, 440], [689, 128, 186, 414]], "hand_bbox_list": [{"left_hand": [521.9461669921875, 353.31280517578125, 33.68890380859375, 30.65020751953125], "right_hand": [521.9461669921875, 353.31280517578125, 33.68890380859375, 30.65020751953125]}, {"left_hand": null, "right_hand": null}]}