{"image_path": "/home/hyem/workspace/frankmocap_notebooks/images/D9H-eRIROA/scene_00003103.jpg", "body_bbox_list": [[510, 164, 302, 465], [765, 111, 242, 403]], "hand_bbox_list": [{"left_hand": [719.510009765625, 311.2434997558594, 34.31219482421875, 34.442047119140625], "right_hand": [495.025146484375, 318.1340637207031, 32.52825927734375, 31.897186279296875]}, {"left_hand": null, "right_hand": null}]}