{"image_path": "/home/hyem/workspace/frankmocap_notebooks/images/D9H-eRIROA/scene_00003664.jpg", "body_bbox_list": [[735, 97, 167, 481], [562, 141, 148, 495]], "hand_bbox_list": [{"left_hand": null, "right_hand": null}, {"left_hand": [646.6217041015625, 296.388671875, 35.15179443359375, 31.74774169921875], "right_hand": [599.0882568359375, 296.0532531738281, 40.20404052734375, 30.62451171875]}]}