{"image_path": "/home/hyem/workspace/frankmocap_notebooks/images/D9H-eRIROA/scene_00009544.jpg", "body_bbox_list": [[0, 85, 402, 595]], "hand_bbox_list": [{"left_hand": [185.24526977539062, 321.3441467285156, 75.49893188476562, 95.13162231445312], "right_hand": null}]}