{"image_path": "/home/hyem/workspace/frankmocap_notebooks/images/D9H-eRIROA/scene_00006844.jpg", "body_bbox_list": [[493, 112, 302, 513]], "hand_bbox_list": [{"left_hand": [670.5834350585938, 454.5853271484375, 78.14764404296875, 95.44732666015625], "right_hand": [610.6268920898438, 450.3022766113281, 68.55621337890625, 55.556182861328125]}]}