{"image_path": "/home/hyem/workspace/frankmocap_notebooks/images/D9H-eRIROA/scene_00008408.jpg", "body_bbox_list": [[530, 165, 234, 457], [791, 126, 162, 204]], "hand_bbox_list": [{"left_hand": [726.0936279296875, 252.0940399169922, 41.13995361328125, 39.27445983886719], "right_hand": [561.0668334960938, 386.3940124511719, 36.603759765625, 35.196929931640625]}, {"left_hand": null, "right_hand": null}]}