{"image_path": "/home/hyem/workspace/frankmocap_notebooks/images/D9H-eRIROA/scene_00007363.jpg", "body_bbox_list": [[543, 188, 180, 440], [705, 140, 205, 384]], "hand_bbox_list": [{"left_hand": [522.883544921875, 340.4317626953125, 36.54644775390625, 32.5909423828125], "right_hand": [559.2868041992188, 404.1481628417969, 28.3428955078125, 34.0399169921875]}, {"left_hand": null, "right_hand": null}]}