{"image_path": "/home/hyem/workspace/frankmocap_notebooks/images/D9H-eRIROA/scene_00003821.jpg", "body_bbox_list": [[735, 120, 291, 452], [536, 176, 210, 452], [854, 193, 143, 69], [849, 375, 7, 161]], "hand_bbox_list": [{"left_hand": null, "right_hand": null}, {"left_hand": [706.786865234375, 333.3028869628906, 41.28131103515625, 34.2918701171875], "right_hand": [533.5532836914062, 340.35919189453125, 35.236328125, 42.425567626953125]}, {"left_hand": null, "right_hand": null}, {"left_hand": null, "right_hand": null}]}