{"image_path": "/home/hyem/workspace/frankmocap_notebooks/images/D9H-eRIROA/scene_00007665.jpg", "body_bbox_list": [[500, 153, 248, 476], [735, 111, 173, 414]], "hand_bbox_list": [{"left_hand": [641.0201416015625, 248.01483154296875, 49.879638671875, 43.35162353515625], "right_hand": [562.3456420898438, 250.36692810058594, 48.50677490234375, 46.56575012207031]}, {"left_hand": null, "right_hand": null}]}