{"image_path": "/home/hyem/workspace/frankmocap_notebooks/images/D9H-eRIROA/scene_00002837.jpg", "body_bbox_list": [[541, 212, 235, 414], [740, 148, 191, 452]], "hand_bbox_list": [{"left_hand": [724.5836791992188, 387.1816101074219, 30.61322021484375, 43.75604248046875], "right_hand": [564.425537109375, 427.1859436035156, 35.473876953125, 22.454193115234375]}, {"left_hand": null, "right_hand": null}]}