{"image_path": "/home/hyem/workspace/frankmocap_notebooks/images/D9H-eRIROA/scene_00002078.jpg", "body_bbox_list": [[537, 153, 186, 476], [728, 105, 186, 397]], "hand_bbox_list": [{"left_hand": [695.0789184570312, 392.5647277832031, 33.24462890625, 46.029083251953125], "right_hand": [539.3098754882812, 402.00457763671875, 35.84033203125, 34.57928466796875]}, {"left_hand": null, "right_hand": null}]}