{"image_path": "/home/hyem/workspace/frankmocap_notebooks/images/D9H-eRIROA/scene_00009496.jpg", "body_bbox_list": [[466, 100, 278, 620]], "hand_bbox_list": [{"left_hand": [648.106689453125, 532.7427978515625, 68.41119384765625, 70.84722900390625], "right_hand": null}]}