{"image_path": "/home/hyem/workspace/frankmocap_notebooks/images/D9H-eRIROA/scene_00007368.jpg", "body_bbox_list": [[485, 188, 335, 440], [703, 139, 242, 408]], "hand_bbox_list": [{"left_hand": [476.7421569824219, 297.89910888671875, 23.998291015625, 33.541717529296875], "right_hand": [549.24755859375, 376.12872314453125, 30.04547119140625, 36.79766845703125]}, {"left_hand": null, "right_hand": null}]}