{"image_path": "/home/hyem/workspace/frankmocap_notebooks/images/D9H-eRIROA/scene_00001049.jpg", "body_bbox_list": [[556, 146, 142, 495], [383, 103, 129, 452]], "hand_bbox_list": [{"left_hand": [641.447265625, 237.77337646484375, 39.4906005859375, 52.318359375], "right_hand": [591.0438842773438, 233.91641235351562, 42.96875, 50.893768310546875]}, {"left_hand": null, "right_hand": null}]}