{"image_path": "/home/hyem/workspace/frankmocap_notebooks/images/D9H-eRIROA/scene_00002641.jpg", "body_bbox_list": [[523, 123, 259, 514]], "hand_bbox_list": [{"left_hand": [561.5662841796875, 138.12217712402344, 49.8052978515625, 25.63861083984375], "right_hand": [563.4996948242188, 380.6033935546875, 17.1522216796875, 24.818511962890625]}]}