{"image_path": "/home/hyem/workspace/frankmocap_notebooks/images/D9H-eRIROA/scene_00001081.jpg", "body_bbox_list": [[535, 140, 224, 508]], "hand_bbox_list": [{"left_hand": [727.3866577148438, 250.30982971191406, 36.847900390625, 44.39817810058594], "right_hand": [532.665771484375, 254.2707977294922, 30.69189453125, 38.13639831542969]}]}