{"image_path": "/home/hyem/workspace/frankmocap_notebooks/images/D9H-eRIROA/scene_00006514.jpg", "body_bbox_list": [[497, 171, 204, 451], [719, 122, 143, 403]], "hand_bbox_list": [{"left_hand": [653.7669677734375, 311.762451171875, 23.34521484375, 48.771148681640625], "right_hand": [516.9767456054688, 345.2862548828125, 29.30560302734375, 30.489593505859375]}, {"left_hand": null, "right_hand": null}]}