{"image_path": "/home/hyem/workspace/frankmocap_notebooks/images/D9H-eRIROA/scene_00004906.jpg", "body_bbox_list": [[579, 147, 254, 476]], "hand_bbox_list": [{"left_hand": [796.1689453125, 163.26953125, 39.3194580078125, 38.49043273925781], "right_hand": [563.189208984375, 257.04443359375, 42.34759521484375, 37.4007568359375]}]}