{"image_path": "/home/hyem/workspace/frankmocap_notebooks/images/D9H-eRIROA/scene_00006084.jpg", "body_bbox_list": [[549, 147, 162, 471], [725, 103, 142, 458]], "hand_bbox_list": [{"left_hand": [666.38330078125, 258.7633056640625, 34.87103271484375, 37.507598876953125], "right_hand": [543.0082397460938, 252.15948486328125, 36.9315185546875, 40.692840576171875]}, {"left_hand": null, "right_hand": null}]}