{"image_path": "/home/hyem/workspace/frankmocap_notebooks/images/D9H-eRIROA/scene_00008896.jpg", "body_bbox_list": [[521, 140, 167, 519], [749, 106, 94, 384]], "hand_bbox_list": [{"left_hand": [638.8575439453125, 342.0848693847656, 39.8673095703125, 41.284393310546875], "right_hand": [544.3855590820312, 340.1612854003906, 46.29443359375, 42.65228271484375]}, {"left_hand": null, "right_hand": null}]}