{"image_path": "/home/hyem/workspace/frankmocap_notebooks/images/D9H-eRIROA/scene_00007617.jpg", "body_bbox_list": [[561, 176, 155, 446], [765, 135, 129, 354]], "hand_bbox_list": [{"left_hand": [694.018310546875, 345.402099609375, 32.31512451171875, 27.690826416015625], "right_hand": [590.8555908203125, 325.87152099609375, 34.31695556640625, 29.785003662109375]}, {"left_hand": null, "right_hand": null}]}