{"image_path": "/home/hyem/workspace/frankmocap_notebooks/images/D9H-eRIROA/scene_00004632.jpg", "body_bbox_list": [[494, 123, 267, 508]], "hand_bbox_list": [{"left_hand": [657.4091186523438, 541.0482788085938, 74.91650390625, 79.15362548828125], "right_hand": [652.1470336914062, 311.22967529296875, 97.07977294921875, 84.17874145507812]}]}