{"image_path": "/home/hyem/workspace/frankmocap_notebooks/images/D9H-eRIROA/scene_00004694.jpg", "body_bbox_list": [[538, 188, 173, 440], [724, 130, 167, 353]], "hand_bbox_list": [{"left_hand": [637.7467651367188, 356.4690856933594, 42.4383544921875, 34.718658447265625], "right_hand": [564.2020263671875, 371.04681396484375, 37.20977783203125, 33.524932861328125]}, {"left_hand": null, "right_hand": null}]}