{"image_path": "/home/hyem/workspace/frankmocap_notebooks/images/D9H-eRIROA/scene_00002241.jpg", "body_bbox_list": [[597, 147, 105, 471], [743, 104, 112, 433]], "hand_bbox_list": [{"left_hand": [600.5478515625, 309.109130859375, 36.59759521484375, 33.31640625], "right_hand": [640.4813842773438, 368.86322021484375, 46.73260498046875, 45.963775634765625]}, {"left_hand": null, "right_hand": null}]}