{"image_path": "/home/hyem/workspace/frankmocap_notebooks/images/D9H-eRIROA/scene_00004558.jpg", "body_bbox_list": [[237, 59, 606, 568]], "hand_bbox_list": [{"left_hand": [751.0087280273438, 5.859817981719971, 79.8458251953125, 75.82697296142578], "right_hand": [253.3102264404297, 44.32012176513672, 64.71937561035156, 104.8615493774414]}]}