{"image_path": "/home/hyem/workspace/frankmocap_notebooks/images/D9H-eRIROA/scene_00009196.jpg", "body_bbox_list": [[407, 71, 322, 539]], "hand_bbox_list": [{"left_hand": [666.1398315429688, 448.50091552734375, 52.84228515625, 84.4207763671875], "right_hand": [434.8345947265625, 259.54876708984375, 80.837646484375, 101.4931640625]}]}