{"image_path": "/home/hyem/workspace/frankmocap_notebooks/images/D9H-eRIROA/scene_00004986.jpg", "body_bbox_list": [[761, 78, 199, 508], [531, 159, 204, 476]], "hand_bbox_list": [{"left_hand": null, "right_hand": null}, {"left_hand": [724.8956298828125, 327.794921875, 26.724853515625, 37.902618408203125], "right_hand": [519.7164306640625, 306.7572021484375, 33.03338623046875, 36.254119873046875]}]}