{"image_path": "/home/hyem/workspace/frankmocap_notebooks/images/D9H-eRIROA/scene_00007897.jpg", "body_bbox_list": [[443, 96, 397, 601]], "hand_bbox_list": [{"left_hand": [586.83837890625, 465.42919921875, 91.07489013671875, 86.551513671875], "right_hand": [586.83837890625, 465.42919921875, 91.07489013671875, 86.551513671875]}]}