{"image_path": "/home/hyem/workspace/frankmocap_notebooks/images/D9H-eRIROA/scene_00002491.jpg", "body_bbox_list": [[500, 165, 243, 441], [746, 119, 173, 223], [835, 203, 85, 112]], "hand_bbox_list": [{"left_hand": [709.3440551757812, 351.6793518066406, 38.71063232421875, 46.829345703125], "right_hand": [496.5693664550781, 318.1637878417969, 46.472686767578125, 53.65106201171875]}, {"left_hand": null, "right_hand": null}, {"left_hand": null, "right_hand": null}]}