{"image_path": "/home/hyem/workspace/frankmocap_notebooks/images/D9H-eRIROA/scene_00001984.jpg", "body_bbox_list": [[493, 147, 291, 465]], "hand_bbox_list": [{"left_hand": [761.2166137695312, 210.1880645751953, 28.348876953125, 50.75038146972656], "right_hand": [497.1955871582031, 210.08792114257812, 27.637359619140625, 50.05712890625]}]}