{"image_path": "/home/hyem/workspace/frankmocap_notebooks/images/D9H-eRIROA/scene_00009019.jpg", "body_bbox_list": [[549, 153, 156, 470], [400, 103, 129, 452]], "hand_bbox_list": [{"left_hand": [616.1370239257812, 319.19537353515625, 45.91168212890625, 40.46173095703125], "right_hand": [575.8706665039062, 234.30123901367188, 45.96063232421875, 46.383392333984375]}, {"left_hand": null, "right_hand": null}]}