{"image_path": "/home/hyem/workspace/frankmocap_notebooks/images/D9H-eRIROA/scene_00006734.jpg", "body_bbox_list": [[464, 95, 310, 525]], "hand_bbox_list": [{"left_hand": [613.3932495117188, 324.08160400390625, 33.28900146484375, 100.6405029296875], "right_hand": [592.2266845703125, 326.081298828125, 30.98651123046875, 102.03369140625]}]}