{"image_path": "/home/hyem/workspace/frankmocap_notebooks/images/D9H-eRIROA/scene_00003562.jpg", "body_bbox_list": [[524, 182, 223, 446]], "hand_bbox_list": [{"left_hand": [735.1419677734375, 253.62998962402344, 35.07550048828125, 42.76728820800781], "right_hand": [510.2149353027344, 249.77252197265625, 43.270660400390625, 52.42694091796875]}]}