{"image_path": "/home/hyem/workspace/frankmocap_notebooks/images/D9H-eRIROA/scene_00004354.jpg", "body_bbox_list": [[564, 171, 205, 446]], "hand_bbox_list": [{"left_hand": [760.53076171875, 234.82948303222656, 30.14312744140625, 33.59196472167969], "right_hand": [579.319580078125, 252.33251953125, 35.2506103515625, 40.537384033203125]}]}