{"image_path": "/home/hyem/workspace/frankmocap_notebooks/images/D9H-eRIROA/scene_00005124.jpg", "body_bbox_list": [[745, 84, 192, 495], [548, 135, 186, 501]], "hand_bbox_list": [{"left_hand": null, "right_hand": null}, {"left_hand": [704.7156372070312, 278.5574645996094, 34.7408447265625, 35.695709228515625], "right_hand": [575.4205322265625, 263.5447692871094, 39.49664306640625, 37.209686279296875]}]}