{"image_path": "/home/hyem/workspace/frankmocap_notebooks/images/D9H-eRIROA/scene_00000808.jpg", "body_bbox_list": [[436, 103, 321, 587]], "hand_bbox_list": [{"left_hand": [547.65478515625, 622.2012939453125, 76.05657958984375, 92.900146484375], "right_hand": [547.65478515625, 622.2012939453125, 76.05657958984375, 92.900146484375]}]}