{"image_path": "/home/hyem/workspace/frankmocap_notebooks/images/D9H-eRIROA/scene_00004794.jpg", "body_bbox_list": [[446, 188, 340, 446], [659, 182, 229, 316]], "hand_bbox_list": [{"left_hand": [446.4385681152344, 301.9309387207031, 24.711181640625, 24.720001220703125], "right_hand": [493.79718017578125, 346.7020568847656, 29.02337646484375, 31.6495361328125]}, {"left_hand": null, "right_hand": null}]}