{"image_path": "/home/hyem/workspace/frankmocap_notebooks/images/D9H-eRIROA/scene_00000606.jpg", "body_bbox_list": [[436, 96, 321, 601]], "hand_bbox_list": [{"left_hand": [598.890625, 294.8432922363281, 32.40325927734375, 116.46640014648438], "right_hand": [562.8998413085938, 290.927490234375, 43.42364501953125, 117.304443359375]}]}