{"image_path": "/home/hyem/workspace/frankmocap_notebooks/images/D9H-eRIROA/scene_00001267.jpg", "body_bbox_list": [[585, 134, 124, 514]], "hand_bbox_list": [{"left_hand": [652.2266845703125, 190.7051544189453, 31.23663330078125, 60.24449157714844], "right_hand": [577.6422119140625, 381.8589782714844, 26.726318359375, 51.2314453125]}]}