{"image_path": "/home/hyem/workspace/frankmocap_notebooks/images/D9H-eRIROA/scene_00002833.jpg", "body_bbox_list": [[541, 212, 235, 414], [740, 148, 191, 446]], "hand_bbox_list": [{"left_hand": [718.8304443359375, 388.08782958984375, 32.61492919921875, 42.660369873046875], "right_hand": [563.662109375, 428.8830261230469, 32.67755126953125, 21.270599365234375]}, {"left_hand": null, "right_hand": null}]}