{"image_path": "/home/hyem/workspace/frankmocap_notebooks/images/D9H-eRIROA/scene_00007989.jpg", "body_bbox_list": [[509, 141, 186, 489]], "hand_bbox_list": [{"left_hand": [670.091064453125, 360.6081237792969, 28.53387451171875, 32.411895751953125], "right_hand": [508.21234130859375, 364.2745056152344, 27.60198974609375, 29.908050537109375]}]}