{"image_path": "/home/hyem/workspace/frankmocap_notebooks/images/D9H-eRIROA/scene_00007456.jpg", "body_bbox_list": [[513, 194, 234, 433], [788, 138, 123, 303]], "hand_bbox_list": [{"left_hand": [676.0347900390625, 371.8629455566406, 38.78729248046875, 35.65545654296875], "right_hand": [631.4956665039062, 340.7121276855469, 39.658935546875, 32.820281982421875]}, {"left_hand": null, "right_hand": null}]}