{"image_path": "/home/hyem/workspace/frankmocap_notebooks/images/D9H-eRIROA/scene_00006935.jpg", "body_bbox_list": [[390, 172, 346, 427]], "hand_bbox_list": [{"left_hand": [571.9881591796875, 488.123779296875, 76.43756103515625, 86.43377685546875], "right_hand": [405.1636047363281, 517.6127319335938, 68.84194946289062, 88.42193603515625]}]}