{"image_path": "/home/hyem/workspace/frankmocap_notebooks/images/D9H-eRIROA/scene_00008183.jpg", "body_bbox_list": [[487, 253, 292, 378], [765, 222, 112, 192]], "hand_bbox_list": [{"left_hand": [652.603271484375, 383.82867431640625, 26.09552001953125, 37.138580322265625], "right_hand": [652.603271484375, 383.82867431640625, 26.09552001953125, 37.138580322265625]}, {"left_hand": null, "right_hand": null}]}