{"image_path": "/home/hyem/workspace/frankmocap_notebooks/images/D9H-eRIROA/scene_00006794.jpg", "body_bbox_list": [[492, 118, 310, 501]], "hand_bbox_list": [{"left_hand": [674.4039306640625, 283.9203186035156, 97.88287353515625, 96.9593505859375], "right_hand": [534.1259155273438, 429.7825622558594, 75.519287109375, 101.05618286132812]}]}