{"image_path": "/home/hyem/workspace/frankmocap_notebooks/images/D9H-eRIROA/scene_00002332.jpg", "body_bbox_list": [[467, 176, 253, 446], [741, 136, 167, 223]], "hand_bbox_list": [{"left_hand": [679.3970947265625, 370.4716796875, 42.78497314453125, 32.563201904296875], "right_hand": [466.9261474609375, 211.04742431640625, 33.576904296875, 37.60209655761719]}, {"left_hand": null, "right_hand": null}]}