{"image_path": "/home/hyem/workspace/frankmocap_notebooks/images/D9H-eRIROA/scene_00004370.jpg", "body_bbox_list": [[517, 165, 254, 452], [827, 201, 118, 31]], "hand_bbox_list": [{"left_hand": [749.6449584960938, 296.4706726074219, 26.50177001953125, 41.1658935546875], "right_hand": [519.0890502929688, 302.7884216308594, 31.1199951171875, 33.861328125]}, {"left_hand": null, "right_hand": null}]}