{"image_path": "/home/hyem/workspace/frankmocap_notebooks/images/D9H-eRIROA/scene_00006733.jpg", "body_bbox_list": [[458, 95, 316, 525]], "hand_bbox_list": [{"left_hand": [611.9479370117188, 332.55615234375, 33.4227294921875, 98.07736206054688], "right_hand": [589.5174560546875, 331.6056213378906, 37.52276611328125, 103.02227783203125]}]}