{"image_path": "/home/hyem/workspace/frankmocap_notebooks/images/D9H-eRIROA/scene_00009699.jpg", "body_bbox_list": [[91, 98, 346, 552]], "hand_bbox_list": [{"left_hand": [248.77871704101562, 310.2378845214844, 60.049468994140625, 78.27490234375], "right_hand": null}]}