{"image_path": "/home/hyem/workspace/frankmocap_notebooks/images/D9H-eRIROA/scene_00005050.jpg", "body_bbox_list": [[498, 193, 191, 446], [730, 132, 137, 433]], "hand_bbox_list": [{"left_hand": [600.52392578125, 350.3666076660156, 42.26165771484375, 34.568878173828125], "right_hand": [490.9373474121094, 320.6187744140625, 32.338165283203125, 32.983612060546875]}, {"left_hand": null, "right_hand": null}]}