{"image_path": "/home/hyem/workspace/frankmocap_notebooks/images/D9H-eRIROA/scene_00003081.jpg", "body_bbox_list": [[579, 171, 243, 457], [791, 110, 156, 433]], "hand_bbox_list": [{"left_hand": [640.13037109375, 191.53135681152344, 51.7918701171875, 49.457489013671875], "right_hand": [600.8723754882812, 373.0666198730469, 35.84375, 35.65289306640625]}, {"left_hand": null, "right_hand": null}]}