{"image_path": "/home/hyem/workspace/frankmocap_notebooks/images/D9H-eRIROA/scene_00004641.jpg", "body_bbox_list": [[591, 142, 123, 481], [760, 103, 123, 446]], "hand_bbox_list": [{"left_hand": [669.3626708984375, 382.86669921875, 37.785888671875, 42.526580810546875], "right_hand": [678.5001220703125, 253.62901306152344, 34.90869140625, 35.92729187011719]}, {"left_hand": null, "right_hand": null}]}