{"image_path": "/home/hyem/workspace/frankmocap_notebooks/images/D9H-eRIROA/scene_00008449.jpg", "body_bbox_list": [[519, 171, 216, 457], [749, 159, 88, 211]], "hand_bbox_list": [{"left_hand": [665.129150390625, 268.50897216796875, 38.73828125, 34.792022705078125], "right_hand": [612.8407592773438, 282.3345642089844, 43.048095703125, 44.49200439453125]}, {"left_hand": null, "right_hand": null}]}