{"image_path": "/home/hyem/workspace/frankmocap_notebooks/images/D9H-eRIROA/scene_00006236.jpg", "body_bbox_list": [[538, 159, 297, 464]], "hand_bbox_list": [{"left_hand": [820.54248046875, 220.33058166503906, 52.08245849609375, 53.20875549316406], "right_hand": [551.4740600585938, 393.07476806640625, 27.2137451171875, 34.699493408203125]}]}