{"image_path": "/home/hyem/workspace/frankmocap_notebooks/images/D9H-eRIROA/scene_00008829.jpg", "body_bbox_list": [[483, 170, 266, 465], [772, 180, 93, 1]], "hand_bbox_list": [{"left_hand": [650.2310791015625, 267.5437316894531, 55.9559326171875, 63.082275390625], "right_hand": [478.3960876464844, 313.89752197265625, 47.114776611328125, 48.731781005859375]}, {"left_hand": null, "right_hand": null}]}