{"image_path": "/home/hyem/workspace/frankmocap_notebooks/images/D9H-eRIROA/scene_00005574.jpg", "body_bbox_list": [[698, 138, 235, 433], [490, 193, 224, 446]], "hand_bbox_list": [{"left_hand": null, "right_hand": null}, {"left_hand": [691.5638427734375, 357.8684997558594, 43.508056640625, 32.200653076171875], "right_hand": [478.4959411621094, 348.0550537109375, 41.000701904296875, 39.05072021484375]}]}