{"image_path": "/home/hyem/workspace/frankmocap_notebooks/images/D9H-eRIROA/scene_00007884.jpg", "body_bbox_list": [[458, 104, 322, 568]], "hand_bbox_list": [{"left_hand": [648.0908813476562, 340.51953125, 88.6204833984375, 72.57192993164062], "right_hand": [516.607421875, 546.1239624023438, 102.609130859375, 64.03265380859375]}]}