{"image_path": "/home/hyem/workspace/frankmocap_notebooks/images/D9H-eRIROA/scene_00000958.jpg", "body_bbox_list": [[566, 127, 167, 528], [395, 174, 93, 1]], "hand_bbox_list": [{"left_hand": [622.532958984375, 267.5289001464844, 42.87835693359375, 49.100860595703125], "right_hand": [622.532958984375, 267.5289001464844, 42.87835693359375, 49.100860595703125]}, {"left_hand": null, "right_hand": null}]}