{"image_path": "/home/hyem/workspace/frankmocap_notebooks/images/D9H-eRIROA/scene_00005626.jpg", "body_bbox_list": [[652, 146, 142, 490]], "hand_bbox_list": [{"left_hand": [733.1033325195312, 270.96368408203125, 42.86614990234375, 28.623626708984375], "right_hand": [677.085205078125, 267.516845703125, 42.4454345703125, 29.114593505859375]}]}