{"image_path": "/home/hyem/workspace/frankmocap_notebooks/images/D9H-eRIROA/scene_00006335.jpg", "body_bbox_list": [[517, 159, 243, 464], [752, 122, 167, 414]], "hand_bbox_list": [{"left_hand": [650.2100830078125, 250.0015106201172, 42.8150634765625, 36.65760803222656], "right_hand": [582.6890869140625, 246.7530975341797, 48.759033203125, 38.41682434082031]}, {"left_hand": null, "right_hand": null}]}