{"image_path": "/home/hyem/workspace/frankmocap_notebooks/images/D9H-eRIROA/scene_00008639.jpg", "body_bbox_list": [[595, 145, 148, 509], [792, 78, 137, 514]], "hand_bbox_list": [{"left_hand": [720.7671508789062, 271.6524963378906, 41.16888427734375, 35.717376708984375], "right_hand": [636.7393798828125, 320.4118957519531, 43.3873291015625, 45.467041015625]}, {"left_hand": null, "right_hand": null}]}