{"image_path": "/home/hyem/workspace/frankmocap_notebooks/images/D9H-eRIROA/scene_00004752.jpg", "body_bbox_list": [[481, 189, 315, 432], [675, 132, 248, 433]], "hand_bbox_list": [{"left_hand": [474.96783447265625, 315.7971496582031, 33.501129150390625, 29.422393798828125], "right_hand": [474.96783447265625, 315.7971496582031, 33.501129150390625, 29.422393798828125]}, {"left_hand": null, "right_hand": null}]}