{"image_path": "/home/hyem/workspace/frankmocap_notebooks/images/D9H-eRIROA/scene_00004555.jpg", "body_bbox_list": [[231, 59, 607, 563]], "hand_bbox_list": [{"left_hand": [746.382080078125, 4.744149208068848, 80.88604736328125, 73.40894317626953], "right_hand": [248.39276123046875, 46.1225700378418, 64.49005126953125, 104.29701232910156]}]}