{"image_path": "/home/hyem/workspace/frankmocap_notebooks/images/D9H-eRIROA/scene_00005290.jpg", "body_bbox_list": [[534, 159, 243, 476], [870, 238, 173, 75]], "hand_bbox_list": [{"left_hand": [762.3430786132812, 213.0951385498047, 25.87591552734375, 50.05311584472656], "right_hand": [570.3226318359375, 313.41485595703125, 51.76837158203125, 42.3585205078125]}, {"left_hand": null, "right_hand": null}]}