{"image_path": "/home/hyem/workspace/frankmocap_notebooks/images/D9H-eRIROA/scene_00002481.jpg", "body_bbox_list": [[494, 165, 267, 446]], "hand_bbox_list": [{"left_hand": [754.7677612304688, 271.6484680175781, 43.52740478515625, 47.60321044921875], "right_hand": [490.13775634765625, 256.7301025390625, 29.3275146484375, 45.770782470703125]}]}