{"image_path": "/home/hyem/workspace/frankmocap_notebooks/images/D9H-eRIROA/scene_00009768.jpg", "body_bbox_list": [[91, 99, 346, 539]], "hand_bbox_list": [{"left_hand": [249.29782104492188, 309.9717712402344, 59.17266845703125, 80.520751953125], "right_hand": null}]}