{"image_path": "/home/hyem/workspace/frankmocap_notebooks/images/D9H-eRIROA/scene_00004478.jpg", "body_bbox_list": [[512, 229, 253, 397], [764, 259, 137, 253]], "hand_bbox_list": [{"left_hand": null, "right_hand": [531.7186279296875, 424.6845703125, 34.03839111328125, 31.59185791015625]}, {"left_hand": null, "right_hand": null}]}