{"image_path": "/home/hyem/workspace/frankmocap_notebooks/images/D9H-eRIROA/scene_00004710.jpg", "body_bbox_list": [[476, 194, 297, 433], [831, 153, 155, 346]], "hand_bbox_list": [{"left_hand": [743.2799682617188, 363.9411315917969, 27.279052734375, 32.2528076171875], "right_hand": [743.2799682617188, 363.9411315917969, 27.279052734375, 32.2528076171875]}, {"left_hand": null, "right_hand": null}]}