{"image_path": "/home/hyem/workspace/frankmocap_notebooks/images/D9H-eRIROA/scene_00003091.jpg", "body_bbox_list": [[598, 171, 216, 457], [786, 117, 155, 402]], "hand_bbox_list": [{"left_hand": null, "right_hand": [655.5784912109375, 378.06622314453125, 41.3619384765625, 38.968017578125]}, {"left_hand": null, "right_hand": null}]}