{"image_path": "/home/hyem/workspace/frankmocap_notebooks/images/D9H-eRIROA/scene_00001667.jpg", "body_bbox_list": [[550, 165, 143, 446], [756, 115, 74, 316]], "hand_bbox_list": [{"left_hand": [674.1842041015625, 380.1541442871094, 29.0926513671875, 47.618011474609375], "right_hand": [563.5628051757812, 400.1832580566406, 38.97198486328125, 41.390289306640625]}, {"left_hand": null, "right_hand": null}]}