{"image_path": "/home/hyem/workspace/frankmocap_notebooks/images/D9H-eRIROA/scene_00002969.jpg", "body_bbox_list": [[522, 167, 143, 414]], "hand_bbox_list": [{"left_hand": [647.8076782226562, 391.64373779296875, 12.9217529296875, 20.790069580078125], "right_hand": [523.3193969726562, 367.2776794433594, 29.16705322265625, 26.42034912109375]}]}