{"image_path": "/home/hyem/workspace/frankmocap_notebooks/images/D9H-eRIROA/scene_00006375.jpg", "body_bbox_list": [[531, 147, 204, 476], [736, 107, 148, 365]], "hand_bbox_list": [{"left_hand": [638.736083984375, 247.14700317382812, 56.423828125, 47.583282470703125], "right_hand": [572.4690551757812, 261.1573181152344, 51.5955810546875, 39.98883056640625]}, {"left_hand": null, "right_hand": null}]}