{"image_path": "/home/hyem/workspace/frankmocap_notebooks/images/D9H-eRIROA/scene_00006778.jpg", "body_bbox_list": [[510, 118, 291, 501]], "hand_bbox_list": [{"left_hand": [653.00146484375, 391.4449768066406, 107.0731201171875, 91.96417236328125], "right_hand": [653.00146484375, 391.4449768066406, 107.0731201171875, 91.96417236328125]}]}