{"image_path": "/home/hyem/workspace/frankmocap_notebooks/images/D9H-eRIROA/scene_00005960.jpg", "body_bbox_list": [[738, 99, 223, 544], [522, 167, 148, 533], [831, 351, 31, 204]], "hand_bbox_list": [{"left_hand": null, "right_hand": null}, {"left_hand": [595.5562744140625, 384.3039855957031, 40.799072265625, 49.739105224609375], "right_hand": [505.825439453125, 285.89447021484375, 33.95721435546875, 30.731689453125]}, {"left_hand": null, "right_hand": null}]}