{"image_path": "/home/hyem/workspace/frankmocap_notebooks/images/D9H-eRIROA/scene_00008383.jpg", "body_bbox_list": [[567, 188, 148, 446], [764, 139, 137, 403]], "hand_bbox_list": [{"left_hand": [688.2706298828125, 391.33343505859375, 33.14532470703125, 31.184661865234375], "right_hand": [547.2570190429688, 402.5940856933594, 37.97625732421875, 27.91400146484375]}, {"left_hand": null, "right_hand": null}]}