{"image_path": "/home/hyem/workspace/frankmocap_notebooks/images/D9H-eRIROA/scene_00009543.jpg", "body_bbox_list": [[0, 85, 395, 612]], "hand_bbox_list": [{"left_hand": [184.76881408691406, 322.68670654296875, 75.96946716308594, 94.07757568359375], "right_hand": null}]}