{"image_path": "/home/hyem/workspace/frankmocap_notebooks/images/D9H-eRIROA/scene_00007242.jpg", "body_bbox_list": [[544, 160, 167, 552], [767, 178, 69, 156]], "hand_bbox_list": [{"left_hand": null, "right_hand": [683.3663330078125, 269.7712097167969, 32.82867431640625, 28.540496826171875]}, {"left_hand": null, "right_hand": null}]}