{"image_path": "/home/hyem/workspace/frankmocap_notebooks/images/D9H-eRIROA/scene_00006692.jpg", "body_bbox_list": [[533, 147, 166, 471], [721, 109, 99, 440]], "hand_bbox_list": [{"left_hand": [673.1830444335938, 402.9043884277344, 23.381103515625, 45.89349365234375], "right_hand": [550.4220581054688, 396.8558044433594, 23.22308349609375, 50.205535888671875]}, {"left_hand": null, "right_hand": null}]}