{"image_path": "/home/hyem/workspace/frankmocap_notebooks/images/D9H-eRIROA/scene_00007957.jpg", "body_bbox_list": [[523, 166, 259, 422]], "hand_bbox_list": [{"left_hand": [768.9290161132812, 334.07342529296875, 25.1849365234375, 27.629608154296875], "right_hand": [521.6657104492188, 311.7230529785156, 21.936279296875, 31.99346923828125]}]}