{"image_path": "/home/hyem/workspace/frankmocap_notebooks/images/D9H-eRIROA/scene_00005972.jpg", "body_bbox_list": [[721, 106, 223, 378], [527, 168, 156, 525]], "hand_bbox_list": [{"left_hand": null, "right_hand": null}, {"left_hand": [609.1166381835938, 386.0233459472656, 36.88720703125, 43.681182861328125], "right_hand": [513.2796630859375, 288.5126953125, 35.569580078125, 34.49578857421875]}]}