{"image_path": "/home/hyem/workspace/frankmocap_notebooks/images/D9H-eRIROA/scene_00007606.jpg", "body_bbox_list": [[537, 188, 186, 440], [748, 132, 129, 433]], "hand_bbox_list": [{"left_hand": [644.8811645507812, 311.7205810546875, 36.59283447265625, 36.27850341796875], "right_hand": [527.6403198242188, 309.9162292480469, 33.81671142578125, 33.848602294921875]}, {"left_hand": null, "right_hand": null}]}