{"image_path": "/home/hyem/workspace/frankmocap_notebooks/images/D9H-eRIROA/scene_00003775.jpg", "body_bbox_list": [[458, 148, 310, 458]], "hand_bbox_list": [{"left_hand": [742.521240234375, 203.84744262695312, 41.98736572265625, 58.68701171875], "right_hand": [455.4395446777344, 209.62814331054688, 27.870452880859375, 61.05706787109375]}]}