{"image_path": "/home/hyem/workspace/frankmocap_notebooks/images/D9H-eRIROA/scene_00004118.jpg", "body_bbox_list": [[495, 188, 248, 446], [758, 139, 155, 397]], "hand_bbox_list": [{"left_hand": [728.6317138671875, 402.5252990722656, 26.421875, 32.66156005859375], "right_hand": [560.2176513671875, 424.14306640625, 19.9423828125, 21.76898193359375]}, {"left_hand": null, "right_hand": null}]}