{"image_path": "/home/hyem/workspace/frankmocap_notebooks/images/D9H-eRIROA/scene_00004634.jpg", "body_bbox_list": [[495, 123, 259, 508]], "hand_bbox_list": [{"left_hand": [653.0845947265625, 570.349365234375, 74.33447265625, 83.3272705078125], "right_hand": [660.9849853515625, 289.5266418457031, 96.7957763671875, 89.216552734375]}]}