{"image_path": "/home/hyem/workspace/frankmocap_notebooks/images/D9H-eRIROA/scene_00005935.jpg", "body_bbox_list": [[706, 102, 186, 476], [516, 169, 172, 495]], "hand_bbox_list": [{"left_hand": null, "right_hand": null}, {"left_hand": [653.1439819335938, 373.02874755859375, 34.2957763671875, 38.77764892578125], "right_hand": [513.4304809570312, 340.94378662109375, 32.23272705078125, 36.23992919921875]}]}