{"image_path": "/home/hyem/workspace/frankmocap_notebooks/images/D9H-eRIROA/scene_00009645.jpg", "body_bbox_list": [[91, 98, 341, 552]], "hand_bbox_list": [{"left_hand": [245.63377380371094, 309.48907470703125, 60.86692810058594, 78.10406494140625], "right_hand": null}]}