{"image_path": "/home/hyem/workspace/frankmocap_notebooks/images/D9H-eRIROA/scene_00009527.jpg", "body_bbox_list": [[0, 83, 384, 637]], "hand_bbox_list": [{"left_hand": [149.1046905517578, 336.7051696777344, 74.58197021484375, 94.42172241210938], "right_hand": null}]}