{"image_path": "/home/hyem/workspace/frankmocap_notebooks/images/D9H-eRIROA/scene_00008196.jpg", "body_bbox_list": [[493, 218, 286, 408], [887, 214, 161, 112]], "hand_bbox_list": [{"left_hand": [727.5559692382812, 231.53578186035156, 36.483154296875, 44.63383483886719], "right_hand": [505.2649230957031, 220.0742645263672, 30.548553466796875, 52.42701721191406]}, {"left_hand": null, "right_hand": null}]}