{"image_path": "/home/hyem/workspace/frankmocap_notebooks/images/D9H-eRIROA/scene_00006881.jpg", "body_bbox_list": [[465, 69, 302, 576]], "hand_bbox_list": [{"left_hand": [652.8308715820312, 104.78794860839844, 49.677978515625, 128.31878662109375], "right_hand": [492.5865173339844, 115.82952117919922, 64.56314086914062, 125.43053436279297]}]}