{"image_path": "/home/hyem/workspace/frankmocap_notebooks/images/D9H-eRIROA/scene_00001961.jpg", "body_bbox_list": [[555, 152, 167, 489], [747, 103, 148, 452]], "hand_bbox_list": [{"left_hand": [693.638916015625, 394.7004089355469, 32.6246337890625, 42.136688232421875], "right_hand": [562.0974731445312, 393.04302978515625, 32.2825927734375, 36.74713134765625]}, {"left_hand": null, "right_hand": null}]}