{"image_path": "/home/hyem/workspace/frankmocap_notebooks/images/D9H-eRIROA/scene_00001986.jpg", "body_bbox_list": [[493, 147, 291, 465]], "hand_bbox_list": [{"left_hand": [757.0878295898438, 189.26780700683594, 38.0859375, 47.38951110839844], "right_hand": [495.760498046875, 180.24281311035156, 28.46002197265625, 51.037811279296875]}]}