{"image_path": "/home/hyem/workspace/frankmocap_notebooks/images/D9H-eRIROA/scene_00003350.jpg", "body_bbox_list": [[512, 147, 248, 476], [757, 172, 180, 61]], "hand_bbox_list": [{"left_hand": [744.6239013671875, 208.85650634765625, 33.28082275390625, 42.05006408691406], "right_hand": [505.8369445800781, 237.7283935546875, 41.399810791015625, 40.44140625]}, {"left_hand": null, "right_hand": null}]}