{"image_path": "/home/hyem/workspace/frankmocap_notebooks/images/D9H-eRIROA/scene_00002226.jpg", "body_bbox_list": [[537, 147, 192, 465], [706, 108, 186, 465]], "hand_bbox_list": [{"left_hand": [722.0948486328125, 373.7922058105469, 29.57049560546875, 33.662567138671875], "right_hand": [538.79150390625, 397.85235595703125, 29.21124267578125, 36.69281005859375]}, {"left_hand": null, "right_hand": null}]}