{"image_path": "/home/hyem/workspace/frankmocap_notebooks/images/D9H-eRIROA/scene_00004454.jpg", "body_bbox_list": [[512, 194, 253, 433], [717, 141, 186, 365]], "hand_bbox_list": [{"left_hand": [620.5028686523438, 411.3523254394531, 31.889892578125, 40.776031494140625], "right_hand": [565.5046997070312, 395.1629943847656, 21.24188232421875, 23.44683837890625]}, {"left_hand": null, "right_hand": null}]}