{"image_path": "/home/hyem/workspace/frankmocap_notebooks/images/D9H-eRIROA/scene_00008924.jpg", "body_bbox_list": [[544, 140, 172, 519], [787, 160, 136, 192]], "hand_bbox_list": [{"left_hand": [605.88525390625, 290.0818176269531, 43.7655029296875, 44.6837158203125], "right_hand": [605.88525390625, 290.0818176269531, 43.7655029296875, 44.6837158203125]}, {"left_hand": null, "right_hand": null}]}