{"image_path": "/home/hyem/workspace/frankmocap_notebooks/images/D9H-eRIROA/scene_00004463.jpg", "body_bbox_list": [[512, 235, 253, 397]], "hand_bbox_list": [{"left_hand": [696.9574584960938, 317.93792724609375, 33.05712890625, 32.277099609375], "right_hand": [640.5558471679688, 479.7295227050781, 30.2835693359375, 28.978485107421875]}]}