{"image_path": "/home/hyem/workspace/frankmocap_notebooks/images/D9H-eRIROA/scene_00004045.jpg", "body_bbox_list": [[488, 147, 267, 465]], "hand_bbox_list": [{"left_hand": [677.8344116210938, 140.38546752929688, 35.06109619140625, 34.57139587402344], "right_hand": [552.5993041992188, 236.5937957763672, 29.7701416015625, 34.29017639160156]}]}