{"image_path": "/home/hyem/workspace/frankmocap_notebooks/images/D9H-eRIROA/scene_00000579.jpg", "body_bbox_list": [[437, 95, 414, 620]], "hand_bbox_list": [{"left_hand": [568.91064453125, 397.1493835449219, 111.2939453125, 74.09976196289062], "right_hand": [568.91064453125, 397.1493835449219, 111.2939453125, 74.09976196289062]}]}