{"image_path": "/home/hyem/workspace/frankmocap_notebooks/images/D9H-eRIROA/scene_00004190.jpg", "body_bbox_list": [[512, 218, 248, 414], [769, 177, 155, 327]], "hand_bbox_list": [{"left_hand": null, "right_hand": [550.8908081054688, 414.52410888671875, 28.58380126953125, 26.784271240234375]}, {"left_hand": null, "right_hand": null}]}