{"image_path": "/home/hyem/workspace/frankmocap_notebooks/images/D9H-eRIROA/scene_00000764.jpg", "body_bbox_list": [[316, 121, 471, 551]], "hand_bbox_list": [{"left_hand": [530.6328125, 382.47637939453125, 105.8892822265625, 94.65573120117188], "right_hand": [448.2825012207031, 371.7532043457031, 105.26467895507812, 124.951171875]}]}