{"image_path": "/home/hyem/workspace/frankmocap_notebooks/images/D9H-eRIROA/scene_00005848.jpg", "body_bbox_list": [[537, 168, 180, 519], [770, 120, 148, 457]], "hand_bbox_list": [{"left_hand": [636.4998168945312, 277.8376159667969, 33.68878173828125, 37.327606201171875], "right_hand": [532.4205932617188, 276.9163818359375, 32.1143798828125, 41.039703369140625]}, {"left_hand": null, "right_hand": null}]}