{"image_path": "/home/hyem/workspace/frankmocap_notebooks/images/D9H-eRIROA/scene_00006329.jpg", "body_bbox_list": [[524, 171, 223, 451], [735, 128, 167, 402]], "hand_bbox_list": [{"left_hand": [646.8330078125, 281.2170104980469, 42.86358642578125, 35.063720703125], "right_hand": [587.017822265625, 282.1273498535156, 42.75848388671875, 31.380889892578125]}, {"left_hand": null, "right_hand": null}]}