{"image_path": "/home/hyem/workspace/frankmocap_notebooks/images/D9H-eRIROA/scene_00001383.jpg", "body_bbox_list": [[549, 134, 167, 520], [792, 171, 148, 199]], "hand_bbox_list": [{"left_hand": [654.0211181640625, 290.698486328125, 39.94879150390625, 38.802947998046875], "right_hand": [565.3472900390625, 372.5274963378906, 34.12384033203125, 40.051239013671875]}, {"left_hand": null, "right_hand": null}]}