{"image_path": "/home/hyem/workspace/frankmocap_notebooks/images/D9H-eRIROA/scene_00002625.jpg", "body_bbox_list": [[723, 102, 180, 465], [532, 165, 180, 457], [841, 189, 62, 162]], "hand_bbox_list": [{"left_hand": null, "right_hand": null}, {"left_hand": [666.041015625, 394.33599853515625, 37.1348876953125, 41.651641845703125], "right_hand": [545.6337280273438, 389.8226318359375, 32.3641357421875, 37.679290771484375]}, {"left_hand": null, "right_hand": null}]}