{"image_path": "/home/hyem/workspace/frankmocap_notebooks/images/D9H-eRIROA/scene_00004749.jpg", "body_bbox_list": [[481, 189, 310, 432], [669, 140, 243, 378]], "hand_bbox_list": [{"left_hand": [469.02410888671875, 316.3167419433594, 26.354217529296875, 30.8082275390625], "right_hand": [469.02410888671875, 316.3167419433594, 26.354217529296875, 30.8082275390625]}, {"left_hand": null, "right_hand": null}]}