{"image_path": "/home/hyem/workspace/frankmocap_notebooks/images/D9H-eRIROA/scene_00006958.jpg", "body_bbox_list": [[562, 153, 148, 470], [754, 103, 112, 452], [753, 340, 7, 192], [855, 201, 6, 172]], "hand_bbox_list": [{"left_hand": [683.5816650390625, 400.7781677246094, 27.27789306640625, 44.541748046875], "right_hand": [559.8448486328125, 389.5425109863281, 35.24407958984375, 40.0521240234375]}, {"left_hand": null, "right_hand": null}, {"left_hand": null, "right_hand": null}, {"left_hand": null, "right_hand": null}]}