{"image_path": "/home/hyem/workspace/frankmocap_notebooks/images/D9H-eRIROA/scene_00004153.jpg", "body_bbox_list": [[512, 193, 248, 441], [766, 164, 94, 223]], "hand_bbox_list": [{"left_hand": [654.1812744140625, 431.0545959472656, 32.23779296875, 34.230316162109375], "right_hand": [600.9829711914062, 447.0268859863281, 30.7779541015625, 27.2257080078125]}, {"left_hand": null, "right_hand": null}]}