{"image_path": "/home/hyem/workspace/frankmocap_notebooks/images/D9H-eRIROA/scene_00005790.jpg", "body_bbox_list": [[499, 173, 161, 514]], "hand_bbox_list": [{"left_hand": [537.8037719726562, 198.42471313476562, 29.73297119140625, 33.23542785644531], "right_hand": [486.6214904785156, 231.229736328125, 35.024810791015625, 43.207794189453125]}]}