{"image_path": "/home/hyem/workspace/frankmocap_notebooks/images/D9H-eRIROA/scene_00008433.jpg", "body_bbox_list": [[512, 159, 248, 476], [752, 122, 172, 397]], "hand_bbox_list": [{"left_hand": [654.6298217773438, 258.73468017578125, 44.99029541015625, 39.12603759765625], "right_hand": [577.2105712890625, 260.53118896484375, 44.57757568359375, 44.971405029296875]}, {"left_hand": null, "right_hand": null}]}