{"image_path": "/home/hyem/workspace/frankmocap_notebooks/images/D9H-eRIROA/scene_00002006.jpg", "body_bbox_list": [[511, 147, 272, 465]], "hand_bbox_list": [{"left_hand": [754.04296875, 207.75738525390625, 33.390380859375, 51.0576171875], "right_hand": [516.1600952148438, 202.85910034179688, 27.5035400390625, 50.674560546875]}]}