{"image_path": "/home/hyem/workspace/frankmocap_notebooks/images/D9H-eRIROA/scene_00009759.jpg", "body_bbox_list": [[91, 105, 346, 533]], "hand_bbox_list": [{"left_hand": [249.85826110839844, 311.1299133300781, 59.53758239746094, 79.2108154296875], "right_hand": null}]}