{"image_path": "/home/hyem/workspace/frankmocap_notebooks/images/D9H-eRIROA/scene_00006655.jpg", "body_bbox_list": [[502, 165, 199, 452]], "hand_bbox_list": [{"left_hand": [658.4830932617188, 228.11863708496094, 36.27496337890625, 37.13130187988281], "right_hand": [494.6055603027344, 249.12869262695312, 39.180877685546875, 55.175262451171875]}]}