{"image_path": "/home/hyem/workspace/frankmocap_notebooks/images/D9H-eRIROA/scene_00003995.jpg", "body_bbox_list": [[580, 172, 129, 421], [788, 189, 129, 44]], "hand_bbox_list": [{"left_hand": [698.8241577148438, 201.75498962402344, 32.04144287109375, 38.3775634765625], "right_hand": [698.8241577148438, 201.75498962402344, 32.04144287109375, 38.3775634765625]}, {"left_hand": null, "right_hand": null}]}