{"image_path": "/home/hyem/workspace/frankmocap_notebooks/images/D9H-eRIROA/scene_00006829.jpg", "body_bbox_list": [[449, 136, 278, 584], [784, 48, 199, 186]], "hand_bbox_list": [{"left_hand": [672.15283203125, 419.1520080566406, 100.34844970703125, 86.8624267578125], "right_hand": [564.4260864257812, 359.9190979003906, 83.05059814453125, 66.886474609375]}, {"left_hand": null, "right_hand": null}]}