{"image_path": "/home/hyem/workspace/frankmocap_notebooks/images/D9H-eRIROA/scene_00006660.jpg", "body_bbox_list": [[497, 165, 204, 452]], "hand_bbox_list": [{"left_hand": [649.826904296875, 225.25379943847656, 36.7554931640625, 37.08399963378906], "right_hand": [492.9130859375, 256.6836242675781, 39.2979736328125, 54.781341552734375]}]}