{"image_path": "/home/hyem/workspace/frankmocap_notebooks/images/D9H-eRIROA/scene_00002698.jpg", "body_bbox_list": [[486, 165, 210, 457], [718, 108, 161, 335]], "hand_bbox_list": [{"left_hand": [662.9805297851562, 323.64544677734375, 31.30499267578125, 36.787445068359375], "right_hand": [483.2134094238281, 377.6419372558594, 35.099334716796875, 36.130828857421875]}, {"left_hand": null, "right_hand": null}]}