{"image_path": "/home/hyem/workspace/frankmocap_notebooks/images/D9H-eRIROA/scene_00004457.jpg", "body_bbox_list": [[512, 218, 253, 408], [717, 175, 186, 353]], "hand_bbox_list": [{"left_hand": [636.2830810546875, 464.3136291503906, 29.463623046875, 36.754150390625], "right_hand": [567.1232299804688, 375.76751708984375, 30.86572265625, 36.019561767578125]}, {"left_hand": null, "right_hand": null}]}