{"image_path": "/home/hyem/workspace/frankmocap_notebooks/images/D9H-eRIROA/scene_00002126.jpg", "body_bbox_list": [[548, 189, 186, 421], [776, 192, 124, 235]], "hand_bbox_list": [{"left_hand": [715.5069580078125, 377.3840026855469, 33.7821044921875, 29.79632568359375], "right_hand": [549.9630737304688, 386.9952087402344, 25.85894775390625, 27.313201904296875]}, {"left_hand": null, "right_hand": null}]}