{"image_path": "/home/hyem/workspace/frankmocap_notebooks/images/D9H-eRIROA/scene_00009043.jpg", "body_bbox_list": [[544, 159, 155, 464], [411, 121, 123, 327]], "hand_bbox_list": [{"left_hand": [635.7962036132812, 294.0047607421875, 23.86639404296875, 39.347747802734375], "right_hand": [592.53564453125, 298.109375, 45.4241943359375, 42.1146240234375]}, {"left_hand": null, "right_hand": null}]}