{"image_path": "/home/hyem/workspace/frankmocap_notebooks/images/D9H-eRIROA/scene_00009422.jpg", "body_bbox_list": [[478, 65, 248, 551]], "hand_bbox_list": [{"left_hand": [590.2838745117188, 588.357177734375, 59.71685791015625, 64.20318603515625], "right_hand": [546.029541015625, 574.1619262695312, 71.193603515625, 88.30096435546875]}]}