{"image_path": "/home/hyem/workspace/frankmocap_notebooks/images/D9H-eRIROA/scene_00003495.jpg", "body_bbox_list": [[560, 154, 180, 457], [740, 129, 191, 259], [828, 200, 105, 61]], "hand_bbox_list": [{"left_hand": [712.5709838867188, 257.2620544433594, 35.27239990234375, 33.359832763671875], "right_hand": [564.49560546875, 258.9415588378906, 37.94354248046875, 32.9984130859375]}, {"left_hand": null, "right_hand": null}, {"left_hand": null, "right_hand": null}]}