{"image_path": "/home/hyem/workspace/frankmocap_notebooks/images/D9H-eRIROA/scene_00003542.jpg", "body_bbox_list": [[544, 160, 172, 451]], "hand_bbox_list": [{"left_hand": [715.462158203125, 275.0356140136719, 31.791748046875, 28.20843505859375], "right_hand": [539.1343383789062, 247.88548278808594, 33.84869384765625, 36.99543762207031]}]}