{"image_path": "/home/hyem/workspace/frankmocap_notebooks/images/D9H-eRIROA/scene_00006108.jpg", "body_bbox_list": [[527, 165, 172, 452], [731, 120, 118, 446]], "hand_bbox_list": [{"left_hand": [646.0885620117188, 349.293212890625, 33.9207763671875, 27.574920654296875], "right_hand": [516.5624389648438, 328.04022216796875, 37.5037841796875, 31.55078125]}, {"left_hand": null, "right_hand": null}]}