{"image_path": "/home/hyem/workspace/frankmocap_notebooks/images/D9H-eRIROA/scene_00008437.jpg", "body_bbox_list": [[512, 159, 242, 476], [746, 110, 173, 427]], "hand_bbox_list": [{"left_hand": [651.724365234375, 273.8139343261719, 45.90985107421875, 37.582611083984375], "right_hand": [577.396484375, 266.8985290527344, 44.4783935546875, 46.85296630859375]}, {"left_hand": null, "right_hand": null}]}