{"image_path": "/home/hyem/workspace/frankmocap_notebooks/images/D9H-eRIROA/scene_00000658.jpg", "body_bbox_list": [[383, 114, 359, 588]], "hand_bbox_list": [{"left_hand": [610.288818359375, 467.8835754394531, 69.1947021484375, 111.29086303710938], "right_hand": [399.80963134765625, 315.8644104003906, 107.594482421875, 94.32257080078125]}]}