{"image_path": "/home/hyem/workspace/frankmocap_notebooks/images/D9H-eRIROA/scene_00007405.jpg", "body_bbox_list": [[483, 200, 278, 433], [754, 147, 129, 365]], "hand_bbox_list": [{"left_hand": [502.7768249511719, 323.1991271972656, 31.883453369140625, 34.25262451171875], "right_hand": [469.1837463378906, 327.010986328125, 31.790313720703125, 28.62713623046875]}, {"left_hand": null, "right_hand": null}]}