{"image_path": "/home/hyem/workspace/frankmocap_notebooks/images/D9H-eRIROA/scene_00001331.jpg", "body_bbox_list": [[557, 171, 118, 446], [431, 136, 50, 235]], "hand_bbox_list": [{"left_hand": [657.014892578125, 385.7393798828125, 32.81414794921875, 41.38177490234375], "right_hand": [571.0419921875, 392.62213134765625, 32.63763427734375, 40.712677001953125]}, {"left_hand": null, "right_hand": null}]}