{"image_path": "/home/hyem/workspace/frankmocap_notebooks/images/D9H-eRIROA/scene_00009126.jpg", "body_bbox_list": [[459, 94, 297, 626]], "hand_bbox_list": [{"left_hand": [588.2610473632812, 403.2003479003906, 85.72357177734375, 74.48019409179688], "right_hand": [500.0068054199219, 418.8634338378906, 81.31002807617188, 68.95443725585938]}]}