{"image_path": "/home/hyem/workspace/frankmocap_notebooks/images/D9H-eRIROA/scene_00004791.jpg", "body_bbox_list": [[493, 182, 286, 452], [665, 129, 234, 389]], "hand_bbox_list": [{"left_hand": [469.6881103515625, 308.5209655761719, 26.15631103515625, 25.373199462890625], "right_hand": [501.2388000488281, 340.92755126953125, 32.717803955078125, 33.62872314453125]}, {"left_hand": null, "right_hand": null}]}