{"image_path": "/home/hyem/workspace/frankmocap_notebooks/images/D9H-eRIROA/scene_00006749.jpg", "body_bbox_list": [[428, 87, 370, 569]], "hand_bbox_list": [{"left_hand": [568.4170532226562, 358.3568115234375, 103.2100830078125, 90.01318359375], "right_hand": [568.4170532226562, 358.3568115234375, 103.2100830078125, 90.01318359375]}]}