{"image_path": "/home/hyem/workspace/frankmocap_notebooks/images/D9H-eRIROA/scene_00007859.jpg", "body_bbox_list": [[385, 116, 310, 533]], "hand_bbox_list": [{"left_hand": [581.4044799804688, 337.62939453125, 101.631103515625, 109.15371704101562], "right_hand": [472.6355285644531, 347.84228515625, 111.14285278320312, 108.50772094726562]}]}