{"image_path": "/home/hyem/workspace/frankmocap_notebooks/images/D9H-eRIROA/scene_00004961.jpg", "body_bbox_list": [[521, 164, 156, 471], [749, 97, 99, 476]], "hand_bbox_list": [{"left_hand": [652.4124145507812, 364.1597900390625, 31.1778564453125, 38.286865234375], "right_hand": [514.8175048828125, 366.77978515625, 34.4073486328125, 38.675384521484375]}, {"left_hand": null, "right_hand": null}]}