{"image_path": "/home/hyem/workspace/frankmocap_notebooks/images/D9H-eRIROA/scene_00001786.jpg", "body_bbox_list": [[550, 147, 148, 471], [738, 184, 105, 155]], "hand_bbox_list": [{"left_hand": [648.3893432617188, 222.2255401611328, 34.6016845703125, 45.88114929199219], "right_hand": [567.470458984375, 315.34149169921875, 36.6871337890625, 34.179931640625]}, {"left_hand": null, "right_hand": null}]}