{"image_path": "/home/hyem/workspace/frankmocap_notebooks/images/D9H-eRIROA/scene_00009691.jpg", "body_bbox_list": [[91, 99, 346, 544]], "hand_bbox_list": [{"left_hand": [248.4761199951172, 310.31048583984375, 60.39665222167969, 78.58697509765625], "right_hand": null}]}