{"image_path": "/home/hyem/workspace/frankmocap_notebooks/images/D9H-eRIROA/scene_00001888.jpg", "body_bbox_list": [[567, 164, 148, 465]], "hand_bbox_list": [{"left_hand": [696.161865234375, 384.3912353515625, 28.2196044921875, 38.664886474609375], "right_hand": [588.9550170898438, 385.3960266113281, 37.1729736328125, 40.535308837890625]}]}