{"image_path": "/home/hyem/workspace/frankmocap_notebooks/images/D9H-eRIROA/scene_00003146.jpg", "body_bbox_list": [[553, 170, 216, 465]], "hand_bbox_list": [{"left_hand": [756.8361206054688, 186.10806274414062, 27.1767578125, 35.84785461425781], "right_hand": [555.2778930664062, 207.1617889404297, 39.4892578125, 34.464752197265625]}]}