{"image_path": "/home/hyem/workspace/frankmocap_notebooks/images/D9H-eRIROA/scene_00009693.jpg", "body_bbox_list": [[91, 99, 346, 544]], "hand_bbox_list": [{"left_hand": [248.5006561279297, 310.4281921386719, 60.33799743652344, 78.43798828125], "right_hand": null}]}