{"image_path": "/home/hyem/workspace/frankmocap_notebooks/images/D9H-eRIROA/scene_00008528.jpg", "body_bbox_list": [[519, 146, 205, 484], [717, 100, 180, 509]], "hand_bbox_list": [{"left_hand": [704.8253784179688, 401.00634765625, 28.1033935546875, 46.773712158203125], "right_hand": [521.443603515625, 397.4892883300781, 27.20001220703125, 42.644195556640625]}, {"left_hand": null, "right_hand": null}]}