{"image_path": "/home/hyem/workspace/frankmocap_notebooks/images/D9H-eRIROA/scene_00002246.jpg", "body_bbox_list": [[585, 153, 118, 465], [754, 103, 118, 441]], "hand_bbox_list": [{"left_hand": [649.169189453125, 402.26971435546875, 33.84375, 38.185333251953125], "right_hand": [593.9707641601562, 394.8907470703125, 38.14410400390625, 39.4544677734375]}, {"left_hand": null, "right_hand": null}]}