{"image_path": "/home/hyem/workspace/frankmocap_notebooks/images/D9H-eRIROA/scene_00004572.jpg", "body_bbox_list": [[271, 76, 606, 551]], "hand_bbox_list": [{"left_hand": [781.9620361328125, 3.3925085067749023, 85.5155029296875, 95.37149047851562], "right_hand": [279.4730529785156, 32.765899658203125, 88.77737426757812, 97.94490051269531]}]}