{"image_path": "/home/hyem/workspace/frankmocap_notebooks/images/D9H-eRIROA/scene_00007275.jpg", "body_bbox_list": [[497, 165, 216, 457], [735, 114, 173, 470]], "hand_bbox_list": [{"left_hand": [700.4675903320312, 263.0624694824219, 33.8475341796875, 40.352386474609375], "right_hand": [531.664794921875, 303.80609130859375, 28.2889404296875, 37.585723876953125]}, {"left_hand": null, "right_hand": null}]}