{"image_path": "/home/hyem/workspace/frankmocap_notebooks/images/D9H-eRIROA/scene_00008102.jpg", "body_bbox_list": [[557, 168, 259, 514]], "hand_bbox_list": [{"left_hand": [774.0311889648438, 227.46165466308594, 34.2188720703125, 38.52412414550781], "right_hand": [545.2364501953125, 230.4230194091797, 36.0611572265625, 32.54121398925781]}]}