{"image_path": "/home/hyem/workspace/frankmocap_notebooks/images/D9H-eRIROA/scene_00005581.jpg", "body_bbox_list": [[465, 176, 297, 458]], "hand_bbox_list": [{"left_hand": [732.2271118164062, 201.44564819335938, 38.30517578125, 39.523468017578125], "right_hand": [565.3128662109375, 290.5350036621094, 51.29315185546875, 45.62518310546875]}]}