{"image_path": "/home/hyem/workspace/frankmocap_notebooks/images/D9H-eRIROA/scene_00003924.jpg", "body_bbox_list": [[557, 164, 242, 471], [769, 131, 155, 340]], "hand_bbox_list": [{"left_hand": [749.7218017578125, 369.5249328613281, 27.7362060546875, 38.617431640625], "right_hand": [556.2805786132812, 236.27069091796875, 35.512939453125, 40.058380126953125]}, {"left_hand": null, "right_hand": null}]}