{"image_path": "/home/hyem/workspace/frankmocap_notebooks/images/D9H-eRIROA/scene_00007257.jpg", "body_bbox_list": [[543, 132, 191, 563]], "hand_bbox_list": [{"left_hand": [729.2254638671875, 140.4837188720703, 42.0860595703125, 34.28050231933594], "right_hand": [727.6795654296875, 293.8852844238281, 42.984619140625, 28.171783447265625]}]}