{"image_path": "/home/hyem/workspace/frankmocap_notebooks/images/D9H-eRIROA/scene_00005869.jpg", "body_bbox_list": [[502, 153, 205, 465], [700, 119, 192, 223]], "hand_bbox_list": [{"left_hand": [640.7813110351562, 241.52557373046875, 44.5992431640625, 45.86859130859375], "right_hand": [518.0523681640625, 237.93252563476562, 42.4422607421875, 50.142608642578125]}, {"left_hand": null, "right_hand": null}]}