{"image_path": "/home/hyem/workspace/frankmocap_notebooks/images/D9H-eRIROA/scene_00001922.jpg", "body_bbox_list": [[578, 171, 155, 446], [794, 115, 99, 446]], "hand_bbox_list": [{"left_hand": [707.4639892578125, 304.3204650878906, 35.43255615234375, 34.558837890625], "right_hand": [584.5264282226562, 407.077392578125, 22.883544921875, 30.651519775390625]}, {"left_hand": null, "right_hand": null}]}