{"image_path": "/home/hyem/workspace/frankmocap_notebooks/images/D9H-eRIROA/scene_00008783.jpg", "body_bbox_list": [[549, 145, 162, 514]], "hand_bbox_list": [{"left_hand": [664.0333251953125, 331.1025390625, 38.6912841796875, 41.056304931640625], "right_hand": [581.79296875, 328.8118591308594, 40.0203857421875, 37.88262939453125]}]}