{"image_path": "/home/hyem/workspace/frankmocap_notebooks/images/D9H-eRIROA/scene_00005123.jpg", "body_bbox_list": [[744, 79, 199, 495], [549, 141, 173, 489]], "hand_bbox_list": [{"left_hand": null, "right_hand": null}, {"left_hand": [703.8720703125, 280.0939636230469, 33.71319580078125, 35.14202880859375], "right_hand": [573.0921630859375, 264.5131530761719, 39.48944091796875, 36.829986572265625]}]}