{"image_path": "/home/hyem/workspace/frankmocap_notebooks/images/D9H-eRIROA/scene_00002299.jpg", "body_bbox_list": [[447, 164, 310, 471]], "hand_bbox_list": [{"left_hand": [703.730712890625, 170.5407257080078, 47.97906494140625, 53.98175048828125], "right_hand": [449.1613464355469, 218.49868774414062, 32.753997802734375, 41.305511474609375]}]}