{"image_path": "/home/hyem/workspace/frankmocap_notebooks/images/D9H-eRIROA/scene_00002358.jpg", "body_bbox_list": [[452, 171, 311, 457]], "hand_bbox_list": [{"left_hand": [729.9050903320312, 263.60467529296875, 47.7742919921875, 52.799530029296875], "right_hand": [447.88690185546875, 293.24774169921875, 39.0770263671875, 48.619384765625]}]}