{"image_path": "/home/hyem/workspace/frankmocap_notebooks/images/D9H-eRIROA/scene_00002651.jpg", "body_bbox_list": [[516, 135, 267, 501]], "hand_bbox_list": [{"left_hand": [569.3928833007812, 141.74981689453125, 58.26861572265625, 29.878219604492188], "right_hand": [548.0506591796875, 404.39141845703125, 32.86688232421875, 34.342376708984375]}]}