{"image_path": "/home/hyem/workspace/frankmocap_notebooks/images/D9H-eRIROA/scene_00003431.jpg", "body_bbox_list": [[561, 148, 155, 458], [725, 109, 137, 446]], "hand_bbox_list": [{"left_hand": [634.3050537109375, 295.14971923828125, 46.8203125, 49.09014892578125], "right_hand": [598.846923828125, 268.7417297363281, 43.116943359375, 41.4989013671875]}, {"left_hand": null, "right_hand": null}]}