{"image_path": "/home/hyem/workspace/frankmocap_notebooks/images/D9H-eRIROA/scene_00008035.jpg", "body_bbox_list": [[527, 123, 291, 525]], "hand_bbox_list": [{"left_hand": [571.322021484375, 131.36270141601562, 80.20220947265625, 42.72418212890625], "right_hand": [568.4630126953125, 426.76141357421875, 25.5474853515625, 24.4222412109375]}]}