{"image_path": "/home/hyem/workspace/frankmocap_notebooks/images/D9H-eRIROA/scene_00009017.jpg", "body_bbox_list": [[556, 153, 148, 476], [400, 106, 129, 390]], "hand_bbox_list": [{"left_hand": [617.869873046875, 323.0377502441406, 44.52386474609375, 39.792999267578125], "right_hand": [575.2455444335938, 229.7899627685547, 44.76025390625, 46.73222351074219]}, {"left_hand": null, "right_hand": null}]}