{"image_path": "/home/hyem/workspace/frankmocap_notebooks/images/D9H-eRIROA/scene_00002721.jpg", "body_bbox_list": [[497, 176, 204, 446], [695, 111, 191, 414]], "hand_bbox_list": [{"left_hand": [655.2101440429688, 351.929931640625, 28.9267578125, 35.625244140625], "right_hand": [504.52099609375, 394.6772155761719, 34.37615966796875, 34.76507568359375]}, {"left_hand": null, "right_hand": null}]}