{"image_path": "/home/hyem/workspace/frankmocap_notebooks/images/D9H-eRIROA/scene_00007576.jpg", "body_bbox_list": [[742, 107, 136, 501], [567, 160, 148, 457]], "hand_bbox_list": [{"left_hand": null, "right_hand": null}, {"left_hand": [666.3171997070312, 263.8121643066406, 38.13519287109375, 39.2388916015625], "right_hand": [562.0866088867188, 259.9926452636719, 36.4373779296875, 41.489349365234375]}]}