{"image_path": "/home/hyem/workspace/frankmocap_notebooks/images/D9H-eRIROA/scene_00004746.jpg", "body_bbox_list": [[499, 194, 267, 433], [682, 146, 216, 389], [768, 214, 45, 118]], "hand_bbox_list": [{"left_hand": [490.95452880859375, 329.4080810546875, 27.21649169921875, 31.081512451171875], "right_hand": [490.95452880859375, 329.4080810546875, 27.21649169921875, 31.081512451171875]}, {"left_hand": null, "right_hand": null}, {"left_hand": null, "right_hand": null}]}