{"image_path": "/home/hyem/workspace/frankmocap_notebooks/images/D9H-eRIROA/scene_00006430.jpg", "body_bbox_list": [[538, 165, 173, 457], [725, 133, 137, 397]], "hand_bbox_list": [{"left_hand": [630.806640625, 272.492919921875, 45.97357177734375, 45.375885009765625], "right_hand": [570.4570922851562, 284.95989990234375, 47.68096923828125, 40.019287109375]}, {"left_hand": null, "right_hand": null}]}