{"image_path": "/home/hyem/workspace/frankmocap_notebooks/images/D9H-eRIROA/scene_00009162.jpg", "body_bbox_list": [[487, 94, 286, 626]], "hand_bbox_list": [{"left_hand": [595.7388305664062, 436.3515625, 70.41845703125, 68.04995727539062], "right_hand": [591.6827392578125, 432.5867919921875, 50.89599609375, 57.234375]}]}