{"image_path": "/home/hyem/workspace/frankmocap_notebooks/images/D9H-eRIROA/scene_00001750.jpg", "body_bbox_list": [[572, 163, 156, 490], [774, 109, 162, 452], [859, 351, 26, 199]], "hand_bbox_list": [{"left_hand": [648.5835571289062, 336.7320251464844, 46.60528564453125, 44.085113525390625], "right_hand": [574.9669799804688, 355.62957763671875, 32.5101318359375, 31.243865966796875]}, {"left_hand": null, "right_hand": null}, {"left_hand": null, "right_hand": null}]}