{"image_path": "/home/hyem/workspace/frankmocap_notebooks/images/D9H-eRIROA/scene_00003994.jpg", "body_bbox_list": [[575, 177, 99, 422], [782, 183, 124, 50]], "hand_bbox_list": [{"left_hand": null, "right_hand": [658.0318603515625, 192.142822265625, 40.08349609375, 44.107940673828125]}, {"left_hand": null, "right_hand": null}]}