{"image_path": "/home/hyem/workspace/frankmocap_notebooks/images/D9H-eRIROA/scene_00009359.jpg", "body_bbox_list": [[430, 71, 327, 649]], "hand_bbox_list": [{"left_hand": [510.0845642089844, 386.30950927734375, 110.60098266601562, 81.88717651367188], "right_hand": [510.0845642089844, 386.30950927734375, 110.60098266601562, 81.88717651367188]}]}