{"image_path": "/home/hyem/workspace/frankmocap_notebooks/images/D9H-eRIROA/scene_00002501.jpg", "body_bbox_list": [[513, 147, 234, 476], [739, 87, 204, 433]], "hand_bbox_list": [{"left_hand": [733.1774291992188, 308.37835693359375, 36.221435546875, 55.658111572265625], "right_hand": [523.5748901367188, 332.9990539550781, 35.7215576171875, 45.714324951171875]}, {"left_hand": null, "right_hand": null}]}