{"image_path": "/home/hyem/workspace/frankmocap_notebooks/images/D9H-eRIROA/scene_00006850.jpg", "body_bbox_list": [[509, 112, 321, 508]], "hand_bbox_list": [{"left_hand": [659.0957641601562, 439.2314758300781, 65.45953369140625, 105.26779174804688], "right_hand": [617.170166015625, 443.1307373046875, 55.7279052734375, 49.306549072265625]}]}