{"image_path": "/home/hyem/workspace/frankmocap_notebooks/images/D9H-eRIROA/scene_00007946.jpg", "body_bbox_list": [[569, 161, 99, 432]], "hand_bbox_list": [{"left_hand": [545.4034423828125, 324.4247131347656, 37.3505859375, 32.590087890625], "right_hand": [545.4034423828125, 324.4247131347656, 37.3505859375, 32.590087890625]}]}