{"image_path": "/home/hyem/workspace/frankmocap_notebooks/images/D9H-eRIROA/scene_00007558.jpg", "body_bbox_list": [[728, 106, 181, 508], [543, 168, 180, 508]], "hand_bbox_list": [{"left_hand": null, "right_hand": null}, {"left_hand": [656.9169311523438, 284.10430908203125, 32.4755859375, 39.083892822265625], "right_hand": [563.091552734375, 277.9360046386719, 26.729736328125, 38.25360107421875]}]}