{"image_path": "/home/hyem/workspace/frankmocap_notebooks/images/D9H-eRIROA/scene_00008071.jpg", "body_bbox_list": [[557, 151, 253, 525]], "hand_bbox_list": [{"left_hand": [800.4451293945312, 221.6539306640625, 33.37457275390625, 37.196502685546875], "right_hand": [553.5844116210938, 194.14578247070312, 37.3204345703125, 33.82310485839844]}]}