{"image_path": "/home/hyem/workspace/frankmocap_notebooks/images/D9H-eRIROA/scene_00003975.jpg", "body_bbox_list": [[480, 140, 210, 508]], "hand_bbox_list": [{"left_hand": null, "right_hand": [457.845703125, 137.35073852539062, 38.82281494140625, 30.646072387695312]}]}