{"image_path": "/home/hyem/workspace/frankmocap_notebooks/images/D9H-eRIROA/scene_00001843.jpg", "body_bbox_list": [[521, 165, 173, 441], [764, 130, 36, 235]], "hand_bbox_list": [{"left_hand": [658.9279174804688, 365.4894104003906, 34.49176025390625, 36.964569091796875], "right_hand": [510.7895812988281, 302.42376708984375, 31.977691650390625, 35.32037353515625]}, {"left_hand": null, "right_hand": null}]}