{"image_path": "/home/hyem/workspace/frankmocap_notebooks/images/D9H-eRIROA/scene_00004950.jpg", "body_bbox_list": [[508, 152, 199, 484], [723, 79, 191, 500]], "hand_bbox_list": [{"left_hand": [678.7457885742188, 329.56988525390625, 36.046142578125, 49.08685302734375], "right_hand": [498.1860656738281, 285.0460510253906, 36.556304931640625, 46.19696044921875]}, {"left_hand": null, "right_hand": null}]}