{"image_path": "/home/hyem/workspace/frankmocap_notebooks/images/D9H-eRIROA/scene_00008312.jpg", "body_bbox_list": [[451, 182, 335, 446]], "hand_bbox_list": [{"left_hand": [767.8104248046875, 176.84999084472656, 50.5477294921875, 39.90887451171875], "right_hand": [514.0975952148438, 349.6564025878906, 48.76080322265625, 50.945159912109375]}]}