{"image_path": "/home/hyem/workspace/frankmocap_notebooks/images/D9H-eRIROA/scene_00008620.jpg", "body_bbox_list": [[522, 142, 148, 481], [721, 167, 88, 397]], "hand_bbox_list": [{"left_hand": [650.3107299804688, 395.659423828125, 27.58453369140625, 47.65997314453125], "right_hand": [534.2559204101562, 392.7782287597656, 32.57476806640625, 49.11614990234375]}, {"left_hand": null, "right_hand": null}]}