{"image_path": "/home/hyem/workspace/frankmocap_notebooks/images/D9H-eRIROA/scene_00007038.jpg", "body_bbox_list": [[492, 164, 316, 465]], "hand_bbox_list": [{"left_hand": [784.7964477539062, 213.49623107910156, 29.097900390625, 53.77119445800781], "right_hand": [497.16839599609375, 211.42140197753906, 34.7398681640625, 45.85267639160156]}]}