{"image_path": "/home/hyem/workspace/frankmocap_notebooks/images/D9H-eRIROA/scene_00008597.jpg", "body_bbox_list": [[448, 145, 167, 509], [646, 109, 148, 457]], "hand_bbox_list": [{"left_hand": [582.4234619140625, 250.69200134277344, 45.36358642578125, 54.35542297363281], "right_hand": [436.745849609375, 233.1857147216797, 46.899566650390625, 60.98948669433594]}, {"left_hand": null, "right_hand": null}]}