{"image_path": "/home/hyem/workspace/frankmocap_notebooks/images/D9H-eRIROA/scene_00002484.jpg", "body_bbox_list": [[506, 165, 254, 452], [751, 140, 180, 148]], "hand_bbox_list": [{"left_hand": [754.9025268554688, 259.252685546875, 32.89910888671875, 46.430877685546875], "right_hand": [500.31707763671875, 246.94247436523438, 37.46539306640625, 45.5423583984375]}, {"left_hand": null, "right_hand": null}]}