{"image_path": "/home/hyem/workspace/frankmocap_notebooks/images/D9H-eRIROA/scene_00007559.jpg", "body_bbox_list": [[537, 162, 186, 520], [723, 102, 191, 476]], "hand_bbox_list": [{"left_hand": [653.3906860351562, 269.0069274902344, 33.2340087890625, 35.909637451171875], "right_hand": [562.8150024414062, 262.7685852050781, 30.3746337890625, 35.425079345703125]}, {"left_hand": null, "right_hand": null}]}