{"image_path": "/home/hyem/workspace/frankmocap_notebooks/images/D9H-eRIROA/scene_00003743.jpg", "body_bbox_list": [[550, 183, 143, 422], [721, 135, 88, 242]], "hand_bbox_list": [{"left_hand": [673.683837890625, 406.1286926269531, 20.08135986328125, 39.313995361328125], "right_hand": [560.552490234375, 420.76446533203125, 31.50885009765625, 32.0230712890625]}, {"left_hand": null, "right_hand": null}]}