{"image_path": "/home/hyem/workspace/frankmocap_notebooks/images/D9H-eRIROA/scene_00005617.jpg", "body_bbox_list": [[567, 128, 272, 509]], "hand_bbox_list": [{"left_hand": [791.6104736328125, 95.11077117919922, 39.2120361328125, 61.33751678466797], "right_hand": [539.4227294921875, 284.09222412109375, 51.73492431640625, 30.425323486328125]}]}