{"image_path": "/home/hyem/workspace/frankmocap_notebooks/images/D9H-eRIROA/scene_00005479.jpg", "body_bbox_list": [[489, 188, 248, 451], [666, 128, 215, 402]], "hand_bbox_list": [{"left_hand": [521.8257446289062, 309.84228515625, 32.7418212890625, 35.251678466796875], "right_hand": [509.6767272949219, 330.44061279296875, 24.555267333984375, 28.99359130859375]}, {"left_hand": null, "right_hand": null}]}