{"image_path": "/home/hyem/workspace/frankmocap_notebooks/images/D9H-eRIROA/scene_00003055.jpg", "body_bbox_list": [[566, 189, 156, 432]], "hand_bbox_list": [{"left_hand": [649.5762939453125, 239.03146362304688, 41.82452392578125, 45.274993896484375], "right_hand": [603.2349243164062, 415.0703430175781, 29.2076416015625, 29.129608154296875]}]}