{"image_path": "/home/hyem/workspace/frankmocap_notebooks/images/D9H-eRIROA/scene_00008751.jpg", "body_bbox_list": [[521, 141, 162, 500], [760, 95, 112, 384]], "hand_bbox_list": [{"left_hand": [639.5311279296875, 340.4360046386719, 41.31939697265625, 52.177978515625], "right_hand": [581.668212890625, 342.0032958984375, 44.614013671875, 42.880157470703125]}, {"left_hand": null, "right_hand": null}]}