{"image_path": "/home/hyem/workspace/frankmocap_notebooks/images/D9H-eRIROA/scene_00005256.jpg", "body_bbox_list": [[536, 170, 199, 465], [780, 120, 156, 340]], "hand_bbox_list": [{"left_hand": [711.1334228515625, 317.8388977050781, 30.91650390625, 36.53582763671875], "right_hand": [631.9435424804688, 294.8529968261719, 40.36663818359375, 37.29486083984375]}, {"left_hand": null, "right_hand": null}]}