{"image_path": "/home/hyem/workspace/frankmocap_notebooks/images/D9H-eRIROA/scene_00001066.jpg", "body_bbox_list": [[549, 146, 167, 501], [359, 98, 148, 457]], "hand_bbox_list": [{"left_hand": [610.1122436523438, 278.7227783203125, 53.56622314453125, 40.85205078125], "right_hand": [610.1122436523438, 278.7227783203125, 53.56622314453125, 40.85205078125]}, {"left_hand": null, "right_hand": null}]}