{"image_path": "/home/hyem/workspace/frankmocap_notebooks/images/D9H-eRIROA/scene_00003745.jpg", "body_bbox_list": [[563, 183, 123, 427], [758, 212, 37, 161]], "hand_bbox_list": [{"left_hand": null, "right_hand": [582.504150390625, 421.6373596191406, 34.78131103515625, 39.39154052734375]}, {"left_hand": null, "right_hand": null}]}