{"image_path": "/home/hyem/workspace/frankmocap_notebooks/images/D9H-eRIROA/scene_00009778.jpg", "body_bbox_list": [[91, 99, 346, 539]], "hand_bbox_list": [{"left_hand": [249.32301330566406, 309.9856262207031, 59.09550476074219, 80.417236328125], "right_hand": null}]}