{"image_path": "/home/hyem/workspace/frankmocap_notebooks/images/D9H-eRIROA/scene_00006905.jpg", "body_bbox_list": [[416, 118, 389, 602]], "hand_bbox_list": [{"left_hand": [769.6142578125, 536.0501098632812, 48.92791748046875, 61.3453369140625], "right_hand": [418.0672302246094, 521.7890625, 46.30059814453125, 59.2530517578125]}]}