{"image_path": "/home/hyem/workspace/frankmocap_notebooks/images/D9H-eRIROA/scene_00009003.jpg", "body_bbox_list": [[566, 146, 167, 484], [434, 91, 94, 476]], "hand_bbox_list": [{"left_hand": [644.5260620117188, 341.1673278808594, 48.22564697265625, 46.04840087890625], "right_hand": [587.5919799804688, 249.42471313476562, 49.708251953125, 46.44451904296875]}, {"left_hand": null, "right_hand": null}]}