{"image_path": "/home/hyem/workspace/frankmocap_notebooks/images/D9H-eRIROA/scene_00008690.jpg", "body_bbox_list": [[579, 164, 142, 471]], "hand_bbox_list": [{"left_hand": [708.8671875, 332.9488830566406, 24.7642822265625, 42.14208984375], "right_hand": [634.4823608398438, 324.2020568847656, 36.9188232421875, 38.096435546875]}]}