{"image_path": "/home/hyem/workspace/frankmocap_notebooks/images/D9H-eRIROA/scene_00008650.jpg", "body_bbox_list": [[543, 133, 191, 533], [791, 94, 167, 414]], "hand_bbox_list": [{"left_hand": [687.7600708007812, 303.38507080078125, 39.72918701171875, 38.2115478515625], "right_hand": [555.5816040039062, 287.5364685058594, 43.70819091796875, 29.517578125]}, {"left_hand": null, "right_hand": null}]}