{"image_path": "/home/hyem/workspace/frankmocap_notebooks/images/D9H-eRIROA/scene_00007689.jpg", "body_bbox_list": [[519, 164, 199, 465], [748, 121, 129, 310]], "hand_bbox_list": [{"left_hand": [642.587646484375, 267.80340576171875, 50.836181640625, 38.7958984375], "right_hand": [578.704345703125, 263.4791564941406, 44.4844970703125, 44.41241455078125]}, {"left_hand": null, "right_hand": null}]}