{"image_path": "/home/hyem/workspace/frankmocap_notebooks/images/D9H-eRIROA/scene_00006541.jpg", "body_bbox_list": [[395, 176, 335, 446]], "hand_bbox_list": [{"left_hand": [716.4876098632812, 197.0388946533203, 40.1170654296875, 37.76458740234375], "right_hand": [369.10723876953125, 342.35430908203125, 45.591552734375, 35.0626220703125]}]}