{"image_path": "/home/hyem/workspace/frankmocap_notebooks/images/D9H-eRIROA/scene_00007065.jpg", "body_bbox_list": [[471, 146, 278, 490]], "hand_bbox_list": [{"left_hand": [717.7479248046875, 267.5154724121094, 44.4603271484375, 43.853668212890625], "right_hand": [469.4246826171875, 299.30120849609375, 42.365234375, 48.77301025390625]}]}