{"image_path": "/home/hyem/workspace/frankmocap_notebooks/images/D9H-eRIROA/scene_00001117.jpg", "body_bbox_list": [[422, 103, 365, 587]], "hand_bbox_list": [{"left_hand": [633.4876708984375, 308.9976501464844, 112.086669921875, 129.360595703125], "right_hand": [424.4373779296875, 436.7829895019531, 90.27142333984375, 108.65652465820312]}]}