{"image_path": "/home/hyem/workspace/frankmocap_notebooks/images/D9H-eRIROA/scene_00007267.jpg", "body_bbox_list": [[485, 106, 229, 519]], "hand_bbox_list": [{"left_hand": [634.0374755859375, 118.11063385009766, 25.6373291015625, 26.064491271972656], "right_hand": [539.5029296875, 151.28475952148438, 33.15875244140625, 31.596527099609375]}]}