{"image_path": "/home/hyem/workspace/frankmocap_notebooks/images/D9H-eRIROA/scene_00006588.jpg", "body_bbox_list": [[717, 108, 192, 465], [538, 153, 173, 465]], "hand_bbox_list": [{"left_hand": null, "right_hand": null}, {"left_hand": [681.6111450195312, 239.16119384765625, 44.90362548828125, 53.383880615234375], "right_hand": [529.7437744140625, 253.1707000732422, 46.53460693359375, 58.38291931152344]}]}