{"image_path": "/home/hyem/workspace/frankmocap_notebooks/images/D9H-eRIROA/scene_00008902.jpg", "body_bbox_list": [[527, 145, 172, 514], [779, 180, 62, 253], [807, 116, 85, 156], [830, 187, 61, 99]], "hand_bbox_list": [{"left_hand": [666.231201171875, 323.79779052734375, 38.0386962890625, 39.3544921875], "right_hand": [534.9442138671875, 359.8481750488281, 41.71966552734375, 35.984344482421875]}, {"left_hand": null, "right_hand": null}, {"left_hand": null, "right_hand": null}, {"left_hand": null, "right_hand": null}]}