{"image_path": "/home/hyem/workspace/frankmocap_notebooks/images/D9H-eRIROA/scene_00001916.jpg", "body_bbox_list": [[578, 153, 172, 465], [806, 174, 93, 142]], "hand_bbox_list": [{"left_hand": [727.8547973632812, 287.28173828125, 29.964599609375, 34.3084716796875], "right_hand": [578.9203491210938, 385.3589172363281, 24.75469970703125, 24.65228271484375]}, {"left_hand": null, "right_hand": null}]}