{"image_path": "/home/hyem/workspace/frankmocap_notebooks/images/D9H-eRIROA/scene_00002780.jpg", "body_bbox_list": [[511, 188, 267, 440], [739, 132, 216, 321]], "hand_bbox_list": [{"left_hand": [735.68310546875, 371.8514709472656, 32.22906494140625, 44.37359619140625], "right_hand": [511.94708251953125, 395.0756530761719, 33.67169189453125, 37.917755126953125]}, {"left_hand": null, "right_hand": null}]}