{"image_path": "/home/hyem/workspace/frankmocap_notebooks/images/D9H-eRIROA/scene_00006641.jpg", "body_bbox_list": [[502, 165, 199, 457]], "hand_bbox_list": [{"left_hand": [684.393310546875, 241.99093627929688, 37.62200927734375, 41.57318115234375], "right_hand": [501.5075378417969, 251.4866180419922, 34.760406494140625, 44.98741149902344]}]}