{"image_path": "/home/hyem/workspace/frankmocap_notebooks/images/D9H-eRIROA/scene_00002389.jpg", "body_bbox_list": [[489, 205, 259, 440]], "hand_bbox_list": [{"left_hand": [658.6609497070312, 273.48211669921875, 53.3779296875, 54.91497802734375], "right_hand": [502.9267272949219, 311.61676025390625, 46.182830810546875, 57.983245849609375]}]}