{"image_path": "/home/hyem/workspace/frankmocap_notebooks/images/D9H-eRIROA/scene_00004162.jpg", "body_bbox_list": [[512, 206, 248, 427]], "hand_bbox_list": [{"left_hand": [725.2012939453125, 281.5898742675781, 32.219482421875, 35.269927978515625], "right_hand": [638.6880493164062, 444.72998046875, 29.8443603515625, 27.622955322265625]}]}