{"image_path": "/home/hyem/workspace/frankmocap_notebooks/images/D9H-eRIROA/scene_00001044.jpg", "body_bbox_list": [[544, 152, 155, 489], [383, 103, 129, 458], [420, 339, 32, 199]], "hand_bbox_list": [{"left_hand": [657.2937622070312, 253.8136749267578, 37.152587890625, 43.97871398925781], "right_hand": [600.2899780273438, 243.977294921875, 39.78729248046875, 45.803924560546875]}, {"left_hand": null, "right_hand": null}, {"left_hand": null, "right_hand": null}]}