{"image_path": "/home/hyem/workspace/frankmocap_notebooks/images/D9H-eRIROA/scene_00006345.jpg", "body_bbox_list": [[544, 176, 172, 446], [730, 128, 137, 397]], "hand_bbox_list": [{"left_hand": [655.264404296875, 279.8710632324219, 39.69488525390625, 39.506500244140625], "right_hand": [566.3847045898438, 286.2681884765625, 44.46466064453125, 41.967010498046875]}, {"left_hand": null, "right_hand": null}]}