{"image_path": "/home/hyem/workspace/frankmocap_notebooks/images/D9H-eRIROA/scene_00006232.jpg", "body_bbox_list": [[536, 153, 335, 470]], "hand_bbox_list": [{"left_hand": [855.59130859375, 206.83119201660156, 60.44329833984375, 62.72880554199219], "right_hand": [551.234619140625, 391.7914733886719, 27.52947998046875, 33.67681884765625]}]}