{"image_path": "/home/hyem/workspace/frankmocap_notebooks/images/D9H-eRIROA/scene_00009117.jpg", "body_bbox_list": [[318, 94, 551, 626]], "hand_bbox_list": [{"left_hand": [833.8867797851562, 417.16009521484375, 85.01971435546875, 72.8485107421875], "right_hand": [271.42816162109375, 370.5948791503906, 63.86688232421875, 64.08651733398438]}]}