{"image_path": "/home/hyem/workspace/frankmocap_notebooks/images/D9H-eRIROA/scene_00009074.jpg", "body_bbox_list": [[457, 100, 335, 620]], "hand_bbox_list": [{"left_hand": [592.9586181640625, 392.58660888671875, 72.55181884765625, 79.20709228515625], "right_hand": [592.9586181640625, 392.58660888671875, 72.55181884765625, 79.20709228515625]}]}