{"image_path": "/home/hyem/workspace/frankmocap_notebooks/images/D9H-eRIROA/scene_00009182.jpg", "body_bbox_list": [[465, 101, 302, 501]], "hand_bbox_list": [{"left_hand": [547.2766723632812, 434.2611389160156, 74.71148681640625, 73.06954956054688], "right_hand": [547.2766723632812, 434.2611389160156, 74.71148681640625, 73.06954956054688]}]}