{"image_path": "/home/hyem/workspace/frankmocap_notebooks/images/D9H-eRIROA/scene_00005718.jpg", "body_bbox_list": [[471, 95, 273, 525]], "hand_bbox_list": [{"left_hand": [708.0219116210938, 65.79676818847656, 38.9686279296875, 54.632545471191406], "right_hand": [457.2778015136719, 331.4336242675781, 48.62060546875, 38.47406005859375]}]}