{"image_path": "/home/hyem/workspace/frankmocap_notebooks/images/D9H-eRIROA/scene_00001460.jpg", "body_bbox_list": [[565, 159, 186, 464], [734, 124, 186, 253]], "hand_bbox_list": [{"left_hand": [685.5316772460938, 331.72137451171875, 46.44482421875, 37.585235595703125], "right_hand": [568.2354125976562, 330.7652282714844, 38.51580810546875, 32.2176513671875]}, {"left_hand": null, "right_hand": null}]}