{"image_path": "/home/hyem/workspace/frankmocap_notebooks/images/D9H-eRIROA/scene_00006876.jpg", "body_bbox_list": [[469, 65, 322, 562]], "hand_bbox_list": [{"left_hand": [676.7498168945312, 169.3824462890625, 36.26605224609375, 121.81353759765625], "right_hand": [527.3622436523438, 191.66514587402344, 47.7470703125, 111.65907287597656]}]}