{"image_path": "/home/hyem/workspace/frankmocap_notebooks/images/D9H-eRIROA/scene_00007122.jpg", "body_bbox_list": [[523, 163, 242, 501], [815, 194, 142, 45]], "hand_bbox_list": [{"left_hand": [743.8153076171875, 218.39004516601562, 34.50933837890625, 38.705902099609375], "right_hand": [524.3318481445312, 193.1886444091797, 29.6502685546875, 34.981842041015625]}, {"left_hand": null, "right_hand": null}]}