{"image_path": "/home/hyem/workspace/frankmocap_notebooks/images/D9H-eRIROA/scene_00002825.jpg", "body_bbox_list": [[529, 218, 248, 408], [727, 167, 205, 302]], "hand_bbox_list": [{"left_hand": [707.3014526367188, 391.6211853027344, 32.76104736328125, 38.527923583984375], "right_hand": [537.8199462890625, 403.2723083496094, 32.7039794921875, 32.222442626953125]}, {"left_hand": null, "right_hand": null}]}