{"image_path": "/home/hyem/workspace/frankmocap_notebooks/images/D9H-eRIROA/scene_00003345.jpg", "body_bbox_list": [[500, 153, 248, 470]], "hand_bbox_list": [{"left_hand": [735.7615966796875, 218.7973175048828, 32.81793212890625, 37.74220275878906], "right_hand": [497.0719299316406, 237.60842895507812, 37.815399169921875, 37.525421142578125]}]}