{"image_path": "/home/hyem/workspace/frankmocap_notebooks/images/D9H-eRIROA/scene_00002475.jpg", "body_bbox_list": [[545, 175, 148, 370], [740, 219, 50, 7]], "hand_bbox_list": [{"left_hand": [678.036376953125, 400.0994567871094, 22.19281005859375, 40.7459716796875], "right_hand": [558.0250244140625, 408.6773376464844, 35.9998779296875, 42.29254150390625]}, {"left_hand": null, "right_hand": null}]}