{"image_path": "/home/hyem/workspace/frankmocap_notebooks/images/D9H-eRIROA/scene_00005065.jpg", "body_bbox_list": [[455, 170, 260, 470], [661, 115, 191, 440]], "hand_bbox_list": [{"left_hand": [469.5543212890625, 301.3819274902344, 47.6253662109375, 40.176666259765625], "right_hand": [435.0379333496094, 291.66607666015625, 35.368927001953125, 36.654266357421875]}, {"left_hand": null, "right_hand": null}]}