{"image_path": "/home/hyem/workspace/frankmocap_notebooks/images/D9H-eRIROA/scene_00004965.jpg", "body_bbox_list": [[521, 164, 173, 471], [750, 102, 80, 471], [825, 184, 26, 161]], "hand_bbox_list": [{"left_hand": [639.2908325195312, 361.30950927734375, 37.7362060546875, 39.730316162109375], "right_hand": [536.5548095703125, 366.36236572265625, 33.69970703125, 36.425262451171875]}, {"left_hand": null, "right_hand": null}, {"left_hand": null, "right_hand": null}]}