{"image_path": "/home/hyem/workspace/frankmocap_notebooks/images/D9H-eRIROA/scene_00008632.jpg", "body_bbox_list": [[528, 146, 266, 490]], "hand_bbox_list": [{"left_hand": [782.6097412109375, 349.1086730957031, 37.96160888671875, 38.910064697265625], "right_hand": [526.771240234375, 376.98626708984375, 30.62493896484375, 51.470977783203125]}]}