{"image_path": "/home/hyem/workspace/frankmocap_notebooks/images/D9H-eRIROA/scene_00003739.jpg", "body_bbox_list": [[489, 172, 248, 433], [728, 132, 69, 192], [796, 190, 45, 132]], "hand_bbox_list": [{"left_hand": [730.0830078125, 356.1719970703125, 25.07244873046875, 32.0347900390625], "right_hand": [487.67022705078125, 381.7452087402344, 27.1466064453125, 34.430328369140625]}, {"left_hand": null, "right_hand": null}, {"left_hand": null, "right_hand": null}]}