{"image_path": "/home/hyem/workspace/frankmocap_notebooks/images/D9H-eRIROA/scene_00008916.jpg", "body_bbox_list": [[544, 145, 155, 514], [765, 100, 118, 414]], "hand_bbox_list": [{"left_hand": [605.6163940429688, 322.4509582519531, 47.23565673828125, 40.57867431640625], "right_hand": [605.6163940429688, 322.4509582519531, 47.23565673828125, 40.57867431640625]}, {"left_hand": null, "right_hand": null}]}