{"image_path": "/home/hyem/workspace/frankmocap_notebooks/images/D9H-eRIROA/scene_00003445.jpg", "body_bbox_list": [[584, 154, 143, 457], [753, 119, 137, 364]], "hand_bbox_list": [{"left_hand": [666.577392578125, 284.8324890136719, 51.6455078125, 46.708709716796875], "right_hand": [619.2022705078125, 287.1603088378906, 43.08489990234375, 35.714599609375]}, {"left_hand": null, "right_hand": null}]}