{"image_path": "/home/hyem/workspace/frankmocap_notebooks/images/D9H-eRIROA/scene_00009637.jpg", "body_bbox_list": [[86, 98, 346, 558]], "hand_bbox_list": [{"left_hand": [244.99691772460938, 303.4527282714844, 54.558685302734375, 86.17245483398438], "right_hand": null}]}