{"image_path": "/home/hyem/workspace/frankmocap_notebooks/images/D9H-eRIROA/scene_00004047.jpg", "body_bbox_list": [[500, 147, 254, 465]], "hand_bbox_list": [{"left_hand": [674.038330078125, 150.80653381347656, 31.01336669921875, 26.76629638671875], "right_hand": [543.374267578125, 261.7542724609375, 30.04290771484375, 36.00146484375]}]}