{"image_path": "/home/hyem/workspace/frankmocap_notebooks/images/D9H-eRIROA/scene_00008807.jpg", "body_bbox_list": [[494, 134, 267, 508]], "hand_bbox_list": [{"left_hand": [609.0913696289062, 126.702392578125, 49.5927734375, 31.626815795898438], "right_hand": [495.5137023925781, 364.05340576171875, 36.862823486328125, 43.5264892578125]}]}