{"image_path": "/home/hyem/workspace/frankmocap_notebooks/images/D9H-eRIROA/scene_00000574.jpg", "body_bbox_list": [[437, 89, 408, 631]], "hand_bbox_list": [{"left_hand": [551.0709838867188, 453.5118408203125, 109.4072265625, 80.15704345703125], "right_hand": [551.0709838867188, 453.5118408203125, 109.4072265625, 80.15704345703125]}]}