{"image_path": "/home/hyem/workspace/frankmocap_notebooks/images/D9H-eRIROA/scene_00004638.jpg", "body_bbox_list": [[489, 117, 259, 508]], "hand_bbox_list": [{"left_hand": [655.0126342773438, 598.753662109375, 71.97576904296875, 88.21429443359375], "right_hand": [663.5301513671875, 301.5465087890625, 74.46234130859375, 84.216796875]}]}