{"image_path": "/home/hyem/workspace/frankmocap_notebooks/images/D9H-eRIROA/scene_00001323.jpg", "body_bbox_list": [[538, 171, 156, 440], [430, 128, 80, 397]], "hand_bbox_list": [{"left_hand": [596.9346923828125, 295.12579345703125, 40.71478271484375, 30.6573486328125], "right_hand": [596.9346923828125, 295.12579345703125, 40.71478271484375, 30.6573486328125]}, {"left_hand": null, "right_hand": null}]}