{"image_path": "/home/hyem/workspace/frankmocap_notebooks/images/D9H-eRIROA/scene_00009774.jpg", "body_bbox_list": [[91, 99, 346, 539]], "hand_bbox_list": [{"left_hand": [249.30560302734375, 309.9877014160156, 59.13751220703125, 80.47653198242188], "right_hand": null}]}