{"image_path": "/home/hyem/workspace/frankmocap_notebooks/images/D9H-eRIROA/scene_00005868.jpg", "body_bbox_list": [[509, 153, 191, 465]], "hand_bbox_list": [{"left_hand": [632.5728759765625, 244.6400909423828, 47.94549560546875, 44.50624084472656], "right_hand": [519.9187622070312, 243.250244140625, 44.81915283203125, 47.55511474609375]}]}