{"image_path": "/home/hyem/workspace/frankmocap_notebooks/images/D9H-eRIROA/scene_00009625.jpg", "body_bbox_list": [[86, 98, 346, 552]], "hand_bbox_list": [{"left_hand": [240.76699829101562, 307.2855224609375, 60.171661376953125, 78.6571044921875], "right_hand": null}]}