{"image_path": "/home/hyem/workspace/frankmocap_notebooks/images/D9H-eRIROA/scene_00009570.jpg", "body_bbox_list": [[51, 92, 365, 581]], "hand_bbox_list": [{"left_hand": [215.0604705810547, 311.604736328125, 63.92738342285156, 80.97796630859375], "right_hand": null}]}