{"image_path": "/home/hyem/workspace/frankmocap_notebooks/images/D9H-eRIROA/scene_00001684.jpg", "body_bbox_list": [[550, 146, 148, 484], [795, 173, 69, 161]], "hand_bbox_list": [{"left_hand": [683.1817626953125, 380.2874450683594, 30.59039306640625, 43.333526611328125], "right_hand": [550.3758544921875, 387.9236755371094, 29.20068359375, 27.400482177734375]}, {"left_hand": null, "right_hand": null}]}