{"image_path": "/home/hyem/workspace/frankmocap_notebooks/images/D9H-eRIROA/scene_00002507.jpg", "body_bbox_list": [[739, 126, 204, 457], [532, 182, 180, 440]], "hand_bbox_list": [{"left_hand": null, "right_hand": null}, {"left_hand": [584.3136596679688, 287.7091979980469, 47.797607421875, 50.81060791015625], "right_hand": [584.3136596679688, 287.7091979980469, 47.797607421875, 50.81060791015625]}]}