{"image_path": "/home/hyem/workspace/frankmocap_notebooks/images/D9H-eRIROA/scene_00001162.jpg", "body_bbox_list": [[385, 122, 316, 538]], "hand_bbox_list": [{"left_hand": [491.20733642578125, 574.6029052734375, 119.10504150390625, 92.45623779296875], "right_hand": [431.1734313964844, 449.8243103027344, 111.66323852539062, 110.77511596679688]}]}