{"image_path": "/home/hyem/workspace/frankmocap_notebooks/images/D9H-eRIROA/scene_00001096.jpg", "body_bbox_list": [[417, 102, 353, 601]], "hand_bbox_list": [{"left_hand": [515.6442260742188, 463.7199401855469, 96.750732421875, 93.28933715820312], "right_hand": [499.8139343261719, 477.98480224609375, 74.90597534179688, 75.760498046875]}]}