{"image_path": "/home/hyem/workspace/frankmocap_notebooks/images/D9H-eRIROA/scene_00007629.jpg", "body_bbox_list": [[532, 142, 303, 470], [770, 118, 248, 113]], "hand_bbox_list": [{"left_hand": [816.7557983398438, 240.34713745117188, 52.00579833984375, 53.00836181640625], "right_hand": [547.0521240234375, 363.4525451660156, 27.44891357421875, 32.311981201171875]}, {"left_hand": null, "right_hand": null}]}