{"image_path": "/home/hyem/workspace/frankmocap_notebooks/images/D9H-eRIROA/scene_00006193.jpg", "body_bbox_list": [[555, 171, 167, 451], [716, 135, 199, 365]], "hand_bbox_list": [{"left_hand": [704.5526733398438, 347.51385498046875, 38.63946533203125, 26.83282470703125], "right_hand": [573.2210693359375, 330.54339599609375, 36.12396240234375, 27.778717041015625]}, {"left_hand": null, "right_hand": null}]}