{"image_path": "/home/hyem/workspace/frankmocap_notebooks/images/D9H-eRIROA/scene_00002297.jpg", "body_bbox_list": [[453, 171, 303, 457]], "hand_bbox_list": [{"left_hand": [709.5376586914062, 177.9892120361328, 46.28289794921875, 58.592315673828125], "right_hand": [455.0970458984375, 223.37767028808594, 32.356353759765625, 43.52458190917969]}]}