{"image_path": "/home/hyem/workspace/frankmocap_notebooks/images/D9H-eRIROA/scene_00003101.jpg", "body_bbox_list": [[515, 164, 297, 465], [771, 111, 230, 403]], "hand_bbox_list": [{"left_hand": [702.6104736328125, 312.7778625488281, 34.3463134765625, 37.5977783203125], "right_hand": [504.6512145996094, 342.8965148925781, 30.199066162109375, 36.253570556640625]}, {"left_hand": null, "right_hand": null}]}