{"image_path": "/home/hyem/workspace/frankmocap_notebooks/images/D9H-eRIROA/scene_00002157.jpg", "body_bbox_list": [[499, 171, 267, 446]], "hand_bbox_list": [{"left_hand": [726.9718017578125, 307.3658447265625, 43.85565185546875, 50.41107177734375], "right_hand": [504.6779479980469, 325.1392517089844, 40.312957763671875, 48.88665771484375]}]}