{"image_path": "/home/hyem/workspace/frankmocap_notebooks/images/D9H-eRIROA/scene_00007119.jpg", "body_bbox_list": [[512, 164, 253, 471], [754, 170, 248, 335]], "hand_bbox_list": [{"left_hand": [736.315185546875, 210.50164794921875, 34.98779296875, 38.877685546875], "right_hand": [511.4578857421875, 197.60897827148438, 30.5216064453125, 35.18707275390625]}, {"left_hand": null, "right_hand": null}]}