{"image_path": "/home/hyem/workspace/frankmocap_notebooks/images/D9H-eRIROA/scene_00008413.jpg", "body_bbox_list": [[530, 159, 223, 476], [759, 127, 148, 297]], "hand_bbox_list": [{"left_hand": [651.8751220703125, 264.9737243652344, 50.071044921875, 43.847930908203125], "right_hand": [555.5718994140625, 360.7973327636719, 34.74505615234375, 39.648529052734375]}, {"left_hand": null, "right_hand": null}]}