{"image_path": "/home/hyem/workspace/frankmocap_notebooks/images/D9H-eRIROA/scene_00005754.jpg", "body_bbox_list": [[472, 153, 248, 465]], "hand_bbox_list": [{"left_hand": [682.489013671875, 223.4544219970703, 34.47412109375, 34.32203674316406], "right_hand": [465.2708435058594, 330.6241455078125, 36.49761962890625, 41.86358642578125]}]}