{"image_path": "/home/hyem/workspace/frankmocap_notebooks/images/D9H-eRIROA/scene_00001903.jpg", "body_bbox_list": [[566, 176, 167, 452], [807, 126, 80, 440]], "hand_bbox_list": [{"left_hand": [717.8329467773438, 393.0504455566406, 26.8284912109375, 40.82177734375], "right_hand": [560.3641967773438, 418.2137756347656, 33.34100341796875, 32.207305908203125]}, {"left_hand": null, "right_hand": null}]}