{"image_path": "/home/hyem/workspace/frankmocap_notebooks/images/D9H-eRIROA/scene_00005352.jpg", "body_bbox_list": [[452, 121, 216, 551]], "hand_bbox_list": [{"left_hand": [438.480712890625, 445.3684387207031, 64.89700317382812, 39.796478271484375], "right_hand": [438.480712890625, 445.3684387207031, 64.89700317382812, 39.796478271484375]}]}