{"image_path": "/home/hyem/workspace/frankmocap_notebooks/images/D9H-eRIROA/scene_00006479.jpg", "body_bbox_list": [[544, 176, 167, 446], [718, 128, 156, 414]], "hand_bbox_list": [{"left_hand": [639.0607299804688, 275.2140808105469, 41.880615234375, 42.10272216796875], "right_hand": [563.8285522460938, 285.2190246582031, 29.2362060546875, 32.2589111328125]}, {"left_hand": null, "right_hand": null}]}