{"image_path": "/home/hyem/workspace/frankmocap_notebooks/images/D9H-eRIROA/scene_00006586.jpg", "body_bbox_list": [[717, 109, 180, 457], [538, 153, 173, 465]], "hand_bbox_list": [{"left_hand": null, "right_hand": null}, {"left_hand": [675.7647094726562, 251.84814453125, 53.23040771484375, 48.909912109375], "right_hand": [546.2177734375, 275.30523681640625, 34.52398681640625, 35.39691162109375]}]}