{"image_path": "/home/hyem/workspace/frankmocap_notebooks/images/D9H-eRIROA/scene_00005371.jpg", "body_bbox_list": [[579, 127, 248, 544]], "hand_bbox_list": [{"left_hand": [822.7254638671875, 489.4287109375, 56.94464111328125, 64.80621337890625], "right_hand": [753.0714721679688, 441.0395812988281, 48.42041015625, 51.67010498046875]}]}