{"image_path": "/home/hyem/workspace/frankmocap_notebooks/images/D9H-eRIROA/scene_00003944.jpg", "body_bbox_list": [[555, 110, 156, 551]], "hand_bbox_list": [{"left_hand": [705.054931640625, 107.12120056152344, 38.856201171875, 32.48722839355469], "right_hand": [576.3327026367188, 183.99549865722656, 29.90655517578125, 30.425979614257812]}]}