{"image_path": "/home/hyem/workspace/frankmocap_notebooks/images/D9H-eRIROA/scene_00000807.jpg", "body_bbox_list": [[442, 108, 303, 595]], "hand_bbox_list": [{"left_hand": [549.8616943359375, 635.8477783203125, 76.71197509765625, 80.2611083984375], "right_hand": [549.8616943359375, 635.8477783203125, 76.71197509765625, 80.2611083984375]}]}