{"image_path": "/home/hyem/workspace/frankmocap_notebooks/images/D9H-eRIROA/scene_00007220.jpg", "body_bbox_list": [[480, 143, 210, 552]], "hand_bbox_list": [{"left_hand": [449.3164367675781, 164.30429077148438, 54.659027099609375, 44.082763671875], "right_hand": [449.3164367675781, 164.30429077148438, 54.659027099609375, 44.082763671875]}]}