{"image_path": "/home/hyem/workspace/frankmocap_notebooks/images/D9H-eRIROA/scene_00009046.jpg", "body_bbox_list": [[545, 160, 148, 457], [411, 122, 123, 403]], "hand_bbox_list": [{"left_hand": [621.2279052734375, 290.5783386230469, 46.359130859375, 37.964996337890625], "right_hand": [599.431640625, 313.6309814453125, 48.64990234375, 40.260009765625]}, {"left_hand": null, "right_hand": null}]}