{"image_path": "/home/hyem/workspace/frankmocap_notebooks/images/D9H-eRIROA/scene_00004116.jpg", "body_bbox_list": [[495, 193, 248, 441], [752, 216, 156, 327]], "hand_bbox_list": [{"left_hand": [703.4247436523438, 418.62060546875, 24.74505615234375, 31.575531005859375], "right_hand": [554.7977905273438, 431.0576477050781, 17.12091064453125, 20.1094970703125]}, {"left_hand": null, "right_hand": null}]}