{"image_path": "/home/hyem/workspace/frankmocap_notebooks/images/D9H-eRIROA/scene_00009406.jpg", "body_bbox_list": [[493, 80, 297, 577]], "hand_bbox_list": [{"left_hand": [673.1671752929688, 485.5057678222656, 72.74114990234375, 70.85018920898438], "right_hand": [670.3750610351562, 519.5510864257812, 64.92132568359375, 39.86773681640625]}]}