{"image_path": "/home/hyem/workspace/frankmocap_notebooks/images/D9H-eRIROA/scene_00003450.jpg", "body_bbox_list": [[579, 160, 142, 446], [754, 124, 112, 354]], "hand_bbox_list": [{"left_hand": [649.6696166992188, 271.1270751953125, 38.87451171875, 42.296417236328125], "right_hand": [602.19384765625, 287.6732177734375, 45.23175048828125, 40.3887939453125]}, {"left_hand": null, "right_hand": null}]}