{"image_path": "/home/hyem/workspace/frankmocap_notebooks/images/D9H-eRIROA/scene_00003479.jpg", "body_bbox_list": [[559, 154, 199, 457], [786, 130, 172, 112]], "hand_bbox_list": [{"left_hand": [739.7495727539062, 226.57272338867188, 34.4190673828125, 36.61871337890625], "right_hand": [562.3578491210938, 230.79058837890625, 40.95843505859375, 37.369049072265625]}, {"left_hand": null, "right_hand": null}]}