{"image_path": "/home/hyem/workspace/frankmocap_notebooks/images/D9H-eRIROA/scene_00002575.jpg", "body_bbox_list": [[528, 164, 148, 476], [750, 109, 75, 327]], "hand_bbox_list": [{"left_hand": null, "right_hand": [550.7667236328125, 386.1291198730469, 35.87030029296875, 31.106597900390625]}, {"left_hand": null, "right_hand": null}]}