{"image_path": "/home/hyem/workspace/frankmocap_notebooks/images/D9H-eRIROA/scene_00003401.jpg", "body_bbox_list": [[489, 159, 254, 464]], "hand_bbox_list": [{"left_hand": [727.1115112304688, 224.76803588867188, 35.120849609375, 37.429840087890625], "right_hand": [486.2647705078125, 242.25640869140625, 39.354248046875, 37.774505615234375]}]}