{"image_path": "/home/hyem/workspace/frankmocap_notebooks/images/D9H-eRIROA/scene_00002134.jpg", "body_bbox_list": [[487, 172, 292, 421], [775, 130, 148, 117]], "hand_bbox_list": [{"left_hand": [741.3020629882812, 301.3365783691406, 33.7117919921875, 51.02459716796875], "right_hand": [497.93353271484375, 313.9463195800781, 31.0938720703125, 47.113006591796875]}, {"left_hand": null, "right_hand": null}]}