{"image_path": "/home/hyem/workspace/frankmocap_notebooks/images/D9H-eRIROA/scene_00003404.jpg", "body_bbox_list": [[495, 153, 253, 470], [775, 195, 143, 37]], "hand_bbox_list": [{"left_hand": [730.0262451171875, 221.07000732421875, 34.5933837890625, 34.75270080566406], "right_hand": [491.8269348144531, 239.98947143554688, 38.320281982421875, 38.328765869140625]}, {"left_hand": null, "right_hand": null}]}