{"image_path": "/home/hyem/workspace/frankmocap_notebooks/images/D9H-eRIROA/scene_00009731.jpg", "body_bbox_list": [[91, 105, 346, 533]], "hand_bbox_list": [{"left_hand": [248.96629333496094, 309.436767578125, 60.56446838378906, 80.73974609375], "right_hand": null}]}