{"image_path": "/home/hyem/workspace/frankmocap_notebooks/images/D9H-eRIROA/scene_00004500.jpg", "body_bbox_list": [[505, 206, 267, 427], [755, 169, 234, 242]], "hand_bbox_list": [{"left_hand": [699.8806762695312, 335.58062744140625, 55.179931640625, 74.72842407226562], "right_hand": [505.64404296875, 363.7135314941406, 30.08148193359375, 37.9896240234375]}, {"left_hand": null, "right_hand": null}]}