{"image_path": "/home/hyem/workspace/frankmocap_notebooks/images/D9H-eRIROA/scene_00000902.jpg", "body_bbox_list": [[533, 152, 166, 484], [375, 101, 156, 383]], "hand_bbox_list": [{"left_hand": [600.0841064453125, 303.83087158203125, 45.05474853515625, 40.692657470703125], "right_hand": [600.0841064453125, 303.83087158203125, 45.05474853515625, 40.692657470703125]}, {"left_hand": null, "right_hand": null}]}