{"image_path": "/home/hyem/workspace/frankmocap_notebooks/images/D9H-eRIROA/scene_00003558.jpg", "body_bbox_list": [[525, 159, 216, 464]], "hand_bbox_list": [{"left_hand": [728.5233154296875, 222.41334533691406, 36.94732666015625, 41.93846130371094], "right_hand": [505.14898681640625, 249.68370056152344, 45.02813720703125, 50.45256042480469]}]}