{"image_path": "/home/hyem/workspace/frankmocap_notebooks/images/D9H-eRIROA/scene_00008713.jpg", "body_bbox_list": [[572, 159, 156, 464], [768, 189, 45, 156]], "hand_bbox_list": [{"left_hand": [667.3440551757812, 319.4328918457031, 33.39996337890625, 42.134307861328125], "right_hand": [608.5435180664062, 311.83880615234375, 33.28851318359375, 40.447021484375]}, {"left_hand": null, "right_hand": null}]}