{"image_path": "/home/hyem/workspace/frankmocap_notebooks/images/D9H-eRIROA/scene_00002852.jpg", "body_bbox_list": [[529, 212, 248, 414], [739, 154, 204, 457]], "hand_bbox_list": [{"left_hand": [732.3812866210938, 389.7994689941406, 33.51788330078125, 44.10125732421875], "right_hand": [532.546630859375, 421.8254699707031, 34.96307373046875, 32.5460205078125]}, {"left_hand": null, "right_hand": null}]}