{"image_path": "/home/hyem/workspace/frankmocap_notebooks/images/D9H-eRIROA/scene_00008955.jpg", "body_bbox_list": [[544, 127, 167, 528]], "hand_bbox_list": [{"left_hand": [639.9400024414062, 235.96389770507812, 38.86553955078125, 52.016998291015625], "right_hand": [548.4630737304688, 386.1980285644531, 32.1600341796875, 50.782379150390625]}]}