{"image_path": "/home/hyem/workspace/frankmocap_notebooks/images/D9H-eRIROA/scene_00004536.jpg", "body_bbox_list": [[495, 70, 248, 552]], "hand_bbox_list": [{"left_hand": [658.5162353515625, 57.53547286987305, 57.66302490234375, 51.01848220825195], "right_hand": [500.2193298339844, 111.1932144165039, 39.879119873046875, 36.10979461669922]}]}