{"image_path": "/home/hyem/workspace/frankmocap_notebooks/images/D9H-eRIROA/scene_00009595.jpg", "body_bbox_list": [[74, 95, 353, 625]], "hand_bbox_list": [{"left_hand": [230.45159912109375, 308.7386169433594, 62.83416748046875, 81.56015014648438], "right_hand": null}]}