{"image_path": "/home/hyem/workspace/frankmocap_notebooks/images/D9H-eRIROA/scene_00001238.jpg", "body_bbox_list": [[436, 110, 321, 568]], "hand_bbox_list": [{"left_hand": [574.2296752929688, 469.988037109375, 86.61334228515625, 92.2904052734375], "right_hand": [514.0203247070312, 378.1193542480469, 86.41534423828125, 96.14566040039062]}]}