{"image_path": "/home/hyem/workspace/frankmocap_notebooks/images/D9H-eRIROA/scene_00009572.jpg", "body_bbox_list": [[57, 92, 359, 587]], "hand_bbox_list": [{"left_hand": [215.26547241210938, 311.4233093261719, 64.92391967773438, 81.20379638671875], "right_hand": null}]}