{"image_path": "/home/hyem/workspace/frankmocap_notebooks/images/D9H-eRIROA/scene_00005067.jpg", "body_bbox_list": [[455, 170, 248, 470], [679, 121, 167, 422]], "hand_bbox_list": [{"left_hand": [492.2854309082031, 310.88128662109375, 46.873809814453125, 36.64898681640625], "right_hand": [440.8856201171875, 287.0025939941406, 36.41876220703125, 40.63623046875]}, {"left_hand": null, "right_hand": null}]}