{"image_path": "/home/hyem/workspace/frankmocap_notebooks/images/D9H-eRIROA/scene_00004610.jpg", "body_bbox_list": [[488, 106, 278, 525]], "hand_bbox_list": [{"left_hand": [655.41455078125, 328.3695068359375, 75.4154052734375, 102.74542236328125], "right_hand": [494.5516052246094, 323.9917297363281, 118.40945434570312, 103.20587158203125]}]}