{"image_path": "/home/hyem/workspace/frankmocap_notebooks/images/D9H-eRIROA/scene_00008453.jpg", "body_bbox_list": [[519, 182, 199, 446], [812, 190, 69, 31]], "hand_bbox_list": [{"left_hand": [688.8304443359375, 239.15261840820312, 27.38665771484375, 46.67279052734375], "right_hand": [626.9102172851562, 280.5047912597656, 23.84228515625, 35.50787353515625]}, {"left_hand": null, "right_hand": null}]}