{"image_path": "/home/hyem/workspace/frankmocap_notebooks/images/D9H-eRIROA/scene_00006911.jpg", "body_bbox_list": [[392, 118, 538, 602]], "hand_bbox_list": [{"left_hand": [910.020751953125, 562.0656127929688, 65.93341064453125, 71.3560791015625], "right_hand": [393.6017761230469, 576.8748168945312, 55.878143310546875, 92.9259033203125]}]}