{"image_path": "/home/hyem/workspace/frankmocap_notebooks/images/D9H-eRIROA/scene_00005758.jpg", "body_bbox_list": [[473, 153, 229, 465], [752, 118, 167, 254]], "hand_bbox_list": [{"left_hand": [616.0490112304688, 230.94488525390625, 40.16375732421875, 30.822540283203125], "right_hand": [469.4789733886719, 290.4730529785156, 34.585113525390625, 34.9970703125]}, {"left_hand": null, "right_hand": null}]}