{"image_path": "/home/hyem/workspace/frankmocap_notebooks/images/D9H-eRIROA/scene_00007434.jpg", "body_bbox_list": [[489, 188, 248, 440], [672, 126, 192, 451]], "hand_bbox_list": [{"left_hand": [510.33929443359375, 337.5101623535156, 31.34637451171875, 32.24658203125], "right_hand": [483.5254821777344, 341.5525817871094, 26.873809814453125, 30.74530029296875]}, {"left_hand": null, "right_hand": null}]}