{"image_path": "/home/hyem/workspace/frankmocap_notebooks/images/D9H-eRIROA/scene_00001348.jpg", "body_bbox_list": [[561, 153, 155, 465], [736, 103, 148, 446]], "hand_bbox_list": [{"left_hand": [664.5941772460938, 337.922119140625, 33.39288330078125, 35.662811279296875], "right_hand": [576.5899658203125, 380.98858642578125, 36.83154296875, 33.3780517578125]}, {"left_hand": null, "right_hand": null}]}