{"image_path": "/home/hyem/workspace/frankmocap_notebooks/images/D9H-eRIROA/scene_00008943.jpg", "body_bbox_list": [[561, 122, 172, 544]], "hand_bbox_list": [{"left_hand": [641.7122192382812, 332.1128845214844, 31.74749755859375, 35.48248291015625], "right_hand": [619.7312622070312, 329.446533203125, 37.9774169921875, 39.677459716796875]}]}