{"image_path": "/home/hyem/workspace/frankmocap_notebooks/images/D9H-eRIROA/scene_00001853.jpg", "body_bbox_list": [[521, 153, 173, 465], [717, 104, 85, 433]], "hand_bbox_list": [{"left_hand": [670.021484375, 374.2422790527344, 28.9693603515625, 37.145294189453125], "right_hand": [515.319091796875, 309.1843566894531, 31.478759765625, 34.648193359375]}, {"left_hand": null, "right_hand": null}]}