{"image_path": "/home/hyem/workspace/frankmocap_notebooks/images/D9H-eRIROA/scene_00007133.jpg", "body_bbox_list": [[535, 162, 235, 508]], "hand_bbox_list": [{"left_hand": [751.9483642578125, 210.26661682128906, 33.66571044921875, 37.048980712890625], "right_hand": [537.0651245117188, 201.14358520507812, 39.1842041015625, 36.04583740234375]}]}