{"image_path": "/home/hyem/workspace/frankmocap_notebooks/images/D9H-eRIROA/scene_00005463.jpg", "body_bbox_list": [[520, 188, 180, 451], [713, 134, 161, 384]], "hand_bbox_list": [{"left_hand": [598.3410034179688, 320.56878662109375, 35.02142333984375, 33.993682861328125], "right_hand": [522.5036010742188, 308.10595703125, 32.35791015625, 30.75140380859375]}, {"left_hand": null, "right_hand": null}]}