{"image_path": "/home/hyem/workspace/frankmocap_notebooks/images/D9H-eRIROA/scene_00000841.jpg", "body_bbox_list": [[566, 140, 167, 508], [366, 83, 129, 267]], "hand_bbox_list": [{"left_hand": [643.97607421875, 301.505126953125, 33.26483154296875, 49.05322265625], "right_hand": [643.97607421875, 301.505126953125, 33.26483154296875, 49.05322265625]}, {"left_hand": null, "right_hand": null}]}