{"image_path": "/home/hyem/workspace/frankmocap_notebooks/images/D9H-eRIROA/scene_00009769.jpg", "body_bbox_list": [[91, 99, 346, 539]], "hand_bbox_list": [{"left_hand": [249.29925537109375, 309.9786376953125, 59.167999267578125, 80.513427734375], "right_hand": null}]}