{"image_path": "/home/hyem/workspace/frankmocap_notebooks/images/D9H-eRIROA/scene_00008605.jpg", "body_bbox_list": [[436, 146, 191, 495], [643, 103, 199, 446]], "hand_bbox_list": [{"left_hand": [567.4865112304688, 283.5095520019531, 40.95758056640625, 41.12799072265625], "right_hand": [417.0574645996094, 286.1724853515625, 31.8529052734375, 36.346405029296875]}, {"left_hand": null, "right_hand": null}]}