{"image_path": "/home/hyem/workspace/frankmocap_notebooks/images/D9H-eRIROA/scene_00001964.jpg", "body_bbox_list": [[548, 146, 192, 484], [741, 110, 172, 433], [847, 203, 56, 129]], "hand_bbox_list": [{"left_hand": [713.5919189453125, 377.7724609375, 32.05096435546875, 47.950958251953125], "right_hand": [550.7819213867188, 378.30511474609375, 36.57196044921875, 41.617340087890625]}, {"left_hand": null, "right_hand": null}, {"left_hand": null, "right_hand": null}]}