{"image_path": "/home/hyem/workspace/frankmocap_notebooks/images/D9H-eRIROA/scene_00008224.jpg", "body_bbox_list": [[514, 201, 316, 414], [681, 158, 235, 359]], "hand_bbox_list": [{"left_hand": null, "right_hand": [571.7747802734375, 372.1314392089844, 31.81427001953125, 38.861083984375]}, {"left_hand": null, "right_hand": null}]}