{"image_path": "/home/hyem/workspace/frankmocap_notebooks/images/D9H-eRIROA/scene_00002956.jpg", "body_bbox_list": [[566, 154, 156, 440], [791, 195, 44, 156]], "hand_bbox_list": [{"left_hand": [714.3209228515625, 373.764404296875, 29.18170166015625, 30.378448486328125], "right_hand": [595.5255737304688, 375.6900939941406, 37.47979736328125, 39.21099853515625]}, {"left_hand": [714.3209228515625, 373.764404296875, 29.18170166015625, 30.378448486328125], "right_hand": null}]}