{"image_path": "/home/hyem/workspace/frankmocap_notebooks/images/D9H-eRIROA/scene_00008662.jpg", "body_bbox_list": [[520, 139, 186, 532], [770, 166, 142, 191]], "hand_bbox_list": [{"left_hand": [597.67333984375, 315.22723388671875, 49.68377685546875, 45.08154296875], "right_hand": [597.67333984375, 315.22723388671875, 49.68377685546875, 45.08154296875]}, {"left_hand": null, "right_hand": null}]}