{"image_path": "/home/hyem/workspace/frankmocap_notebooks/images/D9H-eRIROA/scene_00008819.jpg", "body_bbox_list": [[495, 164, 248, 476]], "hand_bbox_list": [{"left_hand": [642.6512451171875, 238.494140625, 52.23382568359375, 45.36761474609375], "right_hand": [491.6308898925781, 331.19537353515625, 38.318389892578125, 43.424224853515625]}]}