{"image_path": "/home/hyem/workspace/frankmocap_notebooks/images/D9H-eRIROA/scene_00008110.jpg", "body_bbox_list": [[538, 146, 173, 501]], "hand_bbox_list": [{"left_hand": [693.8954467773438, 142.95477294921875, 33.09112548828125, 36.220977783203125], "right_hand": [530.2528076171875, 203.27162170410156, 33.9029541015625, 36.017486572265625]}]}