{"image_path": "/home/hyem/workspace/frankmocap_notebooks/images/D9H-eRIROA/scene_00006168.jpg", "body_bbox_list": [[701, 114, 162, 476], [538, 153, 156, 465]], "hand_bbox_list": [{"left_hand": null, "right_hand": null}, {"left_hand": [663.0291137695312, 351.2584228515625, 35.36151123046875, 26.7156982421875], "right_hand": [525.9412841796875, 334.78082275390625, 36.46014404296875, 31.24676513671875]}]}