{"image_path": "/home/hyem/workspace/frankmocap_notebooks/images/D9H-eRIROA/scene_00007739.jpg", "body_bbox_list": [[526, 153, 186, 470], [738, 112, 105, 260], [832, 346, 1, 180]], "hand_bbox_list": [{"left_hand": [682.7432250976562, 405.60784912109375, 22.06011962890625, 37.525726318359375], "right_hand": [543.0101318359375, 401.1877746582031, 22.78509521484375, 37.274627685546875]}, {"left_hand": null, "right_hand": null}, {"left_hand": null, "right_hand": null}]}