{"image_path": "/home/hyem/workspace/frankmocap_notebooks/images/D9H-eRIROA/scene_00001309.jpg", "body_bbox_list": [[545, 165, 142, 452]], "hand_bbox_list": [{"left_hand": [590.1905517578125, 336.5481872558594, 36.3355712890625, 32.48638916015625], "right_hand": [590.1905517578125, 336.5481872558594, 36.3355712890625, 32.48638916015625]}]}