{"image_path": "/home/hyem/workspace/frankmocap_notebooks/images/D9H-eRIROA/scene_00004218.jpg", "body_bbox_list": [[511, 188, 267, 446]], "hand_bbox_list": [{"left_hand": [724.573974609375, 203.89407348632812, 46.95867919921875, 50.22259521484375], "right_hand": [513.517578125, 221.76910400390625, 47.86865234375, 48.419342041015625]}]}