{"image_path": "/home/hyem/workspace/frankmocap_notebooks/images/D9H-eRIROA/scene_00007969.jpg", "body_bbox_list": [[609, 167, 99, 403], [749, 148, 105, 205]], "hand_bbox_list": [{"left_hand": [672.901123046875, 368.5124206542969, 22.6055908203125, 36.150238037109375], "right_hand": [672.901123046875, 368.5124206542969, 22.6055908203125, 36.150238037109375]}, {"left_hand": null, "right_hand": null}]}