{"image_path": "/home/hyem/workspace/frankmocap_notebooks/images/D9H-eRIROA/scene_00001375.jpg", "body_bbox_list": [[533, 141, 166, 500], [746, 83, 162, 397]], "hand_bbox_list": [{"left_hand": [642.8680419921875, 280.109130859375, 36.33221435546875, 37.907989501953125], "right_hand": [561.2498168945312, 377.1714782714844, 32.4832763671875, 36.97540283203125]}, {"left_hand": null, "right_hand": null}]}