{"image_path": "/home/hyem/workspace/frankmocap_notebooks/images/D9H-eRIROA/scene_00002856.jpg", "body_bbox_list": [[499, 200, 267, 433], [739, 137, 210, 316]], "hand_bbox_list": [{"left_hand": [740.3307495117188, 352.1071472167969, 33.70098876953125, 42.845855712890625], "right_hand": [498.9364318847656, 359.81988525390625, 35.261871337890625, 37.510467529296875]}, {"left_hand": null, "right_hand": null}]}