{"image_path": "/home/hyem/workspace/frankmocap_notebooks/images/D9H-eRIROA/scene_00006174.jpg", "body_bbox_list": [[549, 165, 167, 457], [724, 127, 167, 421], [819, 221, 55, 99]], "hand_bbox_list": [{"left_hand": [693.6361694335938, 340.85076904296875, 34.93145751953125, 27.70721435546875], "right_hand": [560.2789916992188, 338.12591552734375, 35.33978271484375, 25.163726806640625]}, {"left_hand": null, "right_hand": null}, {"left_hand": null, "right_hand": null}]}