{"image_path": "/home/hyem/workspace/frankmocap_notebooks/images/D9H-eRIROA/scene_00001474.jpg", "body_bbox_list": [[571, 159, 191, 464]], "hand_bbox_list": [{"left_hand": [677.3202514648438, 279.48358154296875, 35.33233642578125, 48.28656005859375], "right_hand": [571.1400756835938, 343.8932189941406, 24.768798828125, 33.235137939453125]}]}