{"image_path": "/home/hyem/workspace/frankmocap_notebooks/images/D9H-eRIROA/scene_00004646.jpg", "body_bbox_list": [[567, 147, 148, 476], [764, 102, 137, 476], [854, 186, 31, 129]], "hand_bbox_list": [{"left_hand": [679.4370727539062, 358.03094482421875, 39.75665283203125, 37.864227294921875], "right_hand": [658.9727783203125, 293.8342590332031, 44.2041015625, 35.077606201171875]}, {"left_hand": null, "right_hand": null}, {"left_hand": null, "right_hand": null}]}