{"image_path": "/home/hyem/workspace/frankmocap_notebooks/images/D9H-eRIROA/scene_00008507.jpg", "body_bbox_list": [[507, 146, 235, 484], [698, 101, 224, 501]], "hand_bbox_list": [{"left_hand": [725.3388671875, 390.8005065917969, 27.3001708984375, 46.083099365234375], "right_hand": [504.96051025390625, 393.4468994140625, 31.81658935546875, 43.386383056640625]}, {"left_hand": null, "right_hand": null}]}