{"image_path": "/home/hyem/workspace/frankmocap_notebooks/images/D9H-eRIROA/scene_00006352.jpg", "body_bbox_list": [[454, 176, 267, 458]], "hand_bbox_list": [{"left_hand": [666.9811401367188, 275.24725341796875, 43.9942626953125, 52.89208984375], "right_hand": [526.8439331054688, 270.2993469238281, 37.56695556640625, 35.3758544921875]}]}