{"image_path": "/home/hyem/workspace/frankmocap_notebooks/images/D9H-eRIROA/scene_00000664.jpg", "body_bbox_list": [[394, 109, 359, 587]], "hand_bbox_list": [{"left_hand": [545.9006958007812, 424.95257568359375, 99.4222412109375, 107.37225341796875], "right_hand": [545.9006958007812, 424.95257568359375, 99.4222412109375, 107.37225341796875]}]}