{"image_path": "/home/hyem/workspace/frankmocap_notebooks/images/D9H-eRIROA/scene_00001910.jpg", "body_bbox_list": [[565, 171, 186, 457], [774, 114, 173, 470]], "hand_bbox_list": [{"left_hand": [740.2813110351562, 346.5999755859375, 30.9266357421875, 40.11181640625], "right_hand": [563.8132934570312, 401.7218322753906, 29.35589599609375, 28.2734375]}, {"left_hand": null, "right_hand": null}]}