{"image_path": "/home/hyem/workspace/frankmocap_notebooks/images/D9H-eRIROA/scene_00006413.jpg", "body_bbox_list": [[544, 147, 172, 476], [725, 103, 142, 452]], "hand_bbox_list": [{"left_hand": [633.9301147460938, 255.60169982910156, 51.30029296875, 43.22969055175781], "right_hand": [574.8005981445312, 257.8586730957031, 49.8209228515625, 41.24822998046875]}, {"left_hand": null, "right_hand": null}]}