{"image_path": "/home/hyem/workspace/frankmocap_notebooks/images/D9H-eRIROA/scene_00003904.jpg", "body_bbox_list": [[545, 170, 254, 470], [773, 144, 181, 173]], "hand_bbox_list": [{"left_hand": [754.3358154296875, 333.31585693359375, 30.61761474609375, 35.428314208984375], "right_hand": [535.9180297851562, 239.14524841308594, 39.702392578125, 40.54606628417969]}, {"left_hand": null, "right_hand": null}]}