{"image_path": "/home/hyem/workspace/frankmocap_notebooks/images/D9H-eRIROA/scene_00001207.jpg", "body_bbox_list": [[379, 134, 311, 525], [768, 331, 191, 7]], "hand_bbox_list": [{"left_hand": [554.6411743164062, 424.3640441894531, 54.449951171875, 115.72531127929688], "right_hand": [488.2852478027344, 432.6561584472656, 75.03329467773438, 104.40713500976562]}, {"left_hand": null, "right_hand": null}]}