{"image_path": "/home/hyem/workspace/frankmocap_notebooks/images/D9H-eRIROA/scene_00008813.jpg", "body_bbox_list": [[496, 164, 235, 476]], "hand_bbox_list": [{"left_hand": [628.259765625, 189.89059448242188, 56.93450927734375, 37.408233642578125], "right_hand": [495.7506103515625, 352.74139404296875, 37.458740234375, 43.89581298828125]}]}