{"image_path": "/home/hyem/workspace/frankmocap_notebooks/images/D9H-eRIROA/scene_00006789.jpg", "body_bbox_list": [[509, 118, 321, 501]], "hand_bbox_list": [{"left_hand": [663.8280029296875, 366.5143127441406, 91.84124755859375, 87.88311767578125], "right_hand": [600.3088989257812, 424.6614990234375, 78.27386474609375, 99.1517333984375]}]}