{"image_path": "/home/hyem/workspace/frankmocap_notebooks/images/D9H-eRIROA/scene_00003057.jpg", "body_bbox_list": [[572, 194, 156, 433], [768, 148, 191, 334]], "hand_bbox_list": [{"left_hand": [650.8251953125, 247.0908966064453, 42.55078125, 43.52912902832031], "right_hand": [608.3926391601562, 419.6617431640625, 24.49725341796875, 27.9483642578125]}, {"left_hand": null, "right_hand": null}]}