{"image_path": "/home/hyem/workspace/frankmocap_notebooks/images/D9H-eRIROA/scene_00001998.jpg", "body_bbox_list": [[505, 147, 273, 465], [791, 189, 173, 50]], "hand_bbox_list": [{"left_hand": [743.0249633789062, 269.76324462890625, 34.767578125, 48.871826171875], "right_hand": [524.5638427734375, 265.59625244140625, 38.214111328125, 49.22454833984375]}, {"left_hand": null, "right_hand": null}]}