{"image_path": "/home/hyem/workspace/frankmocap_notebooks/images/D9H-eRIROA/scene_00009565.jpg", "body_bbox_list": [[45, 86, 365, 576]], "hand_bbox_list": [{"left_hand": [211.2229766845703, 313.3000793457031, 62.93849182128906, 82.96517944335938], "right_hand": null}]}