{"image_path": "/home/hyem/workspace/frankmocap_notebooks/images/D9H-eRIROA/scene_00000871.jpg", "body_bbox_list": [[538, 152, 156, 495], [370, 112, 137, 243]], "hand_bbox_list": [{"left_hand": [597.3253173828125, 291.1576843261719, 39.722412109375, 46.53936767578125], "right_hand": [597.3253173828125, 291.1576843261719, 39.722412109375, 46.53936767578125]}, {"left_hand": null, "right_hand": null}]}