{"image_path": "/home/hyem/workspace/frankmocap_notebooks/images/D9H-eRIROA/scene_00008568.jpg", "body_bbox_list": [[525, 164, 210, 476]], "hand_bbox_list": [{"left_hand": [725.938232421875, 331.0013427734375, 39.36737060546875, 31.90093994140625], "right_hand": [559.58203125, 300.77081298828125, 41.49627685546875, 39.123931884765625]}]}