{"image_path": "/home/hyem/workspace/frankmocap_notebooks/images/D9H-eRIROA/scene_00006674.jpg", "body_bbox_list": [[532, 165, 180, 452], [707, 114, 156, 464]], "hand_bbox_list": [{"left_hand": [631.6342163085938, 296.2856750488281, 34.73406982421875, 35.5550537109375], "right_hand": [563.0953369140625, 271.8670349121094, 38.222900390625, 37.3736572265625]}, {"left_hand": null, "right_hand": null}]}