{"image_path": "/home/hyem/workspace/frankmocap_notebooks/images/D9H-eRIROA/scene_00006343.jpg", "body_bbox_list": [[544, 176, 172, 446], [713, 134, 172, 390]], "hand_bbox_list": [{"left_hand": [648.14599609375, 268.38671875, 45.48492431640625, 44.012359619140625], "right_hand": [574.1090087890625, 281.5351257324219, 45.77227783203125, 39.772613525390625]}, {"left_hand": null, "right_hand": null}]}