{"image_path": "/home/hyem/workspace/frankmocap_notebooks/images/D9H-eRIROA/scene_00008698.jpg", "body_bbox_list": [[579, 165, 142, 457]], "hand_bbox_list": [{"left_hand": [690.7123413085938, 320.7855224609375, 24.798828125, 33.098724365234375], "right_hand": [624.4710083007812, 317.4849853515625, 34.670166015625, 41.454132080078125]}]}