{"image_path": "/home/hyem/workspace/frankmocap_notebooks/images/D9H-eRIROA/scene_00005111.jpg", "body_bbox_list": [[533, 141, 161, 489], [735, 97, 156, 465]], "hand_bbox_list": [{"left_hand": [649.6105346679688, 301.4112548828125, 35.89544677734375, 35.501708984375], "right_hand": [554.6132202148438, 278.146484375, 39.72540283203125, 36.648040771484375]}, {"left_hand": null, "right_hand": null}]}