{"image_path": "/home/hyem/workspace/frankmocap_notebooks/images/D9H-eRIROA/scene_00005283.jpg", "body_bbox_list": [[486, 170, 210, 465], [703, 119, 124, 235]], "hand_bbox_list": [{"left_hand": [689.6203002929688, 296.50958251953125, 47.98089599609375, 34.3216552734375], "right_hand": [515.2532348632812, 301.67144775390625, 34.5765380859375, 34.598541259765625]}, {"left_hand": null, "right_hand": null}]}