{"image_path": "/home/hyem/workspace/frankmocap_notebooks/images/D9H-eRIROA/scene_00006095.jpg", "body_bbox_list": [[538, 154, 161, 457], [724, 103, 161, 452]], "hand_bbox_list": [{"left_hand": [657.9878540039062, 313.4510803222656, 34.716796875, 33.017791748046875], "right_hand": [529.4414672851562, 304.3138122558594, 32.38714599609375, 32.66033935546875]}, {"left_hand": null, "right_hand": null}]}