{"image_path": "/home/hyem/workspace/frankmocap_notebooks/images/D9H-eRIROA/scene_00008575.jpg", "body_bbox_list": [[690, 122, 156, 414], [518, 158, 129, 489]], "hand_bbox_list": [{"left_hand": null, "right_hand": null}, {"left_hand": [522.261962890625, 344.9024658203125, 37.4139404296875, 31.581451416015625], "right_hand": [625.66015625, 326.8830871582031, 29.48944091796875, 35.533660888671875]}]}