{"image_path": "/home/hyem/workspace/frankmocap_notebooks/images/D9H-eRIROA/scene_00001021.jpg", "body_bbox_list": [[533, 152, 172, 484], [430, 180, 69, 365]], "hand_bbox_list": [{"left_hand": [655.45849609375, 259.4256286621094, 35.2158203125, 40.91943359375], "right_hand": [551.6757202148438, 263.5376281738281, 44.9356689453125, 43.423248291015625]}, {"left_hand": null, "right_hand": null}]}