{"image_path": "/home/hyem/workspace/frankmocap_notebooks/images/D9H-eRIROA/scene_00009431.jpg", "body_bbox_list": [[455, 82, 254, 638]], "hand_bbox_list": [{"left_hand": [590.9423217773438, 585.9423828125, 52.923828125, 55.95965576171875], "right_hand": [542.5911865234375, 569.6903076171875, 71.68743896484375, 82.822509765625]}]}