{"image_path": "/home/hyem/workspace/frankmocap_notebooks/images/D9H-eRIROA/scene_00001620.jpg", "body_bbox_list": [[724, 102, 172, 465], [567, 171, 148, 446]], "hand_bbox_list": [{"left_hand": null, "right_hand": null}, {"left_hand": [695.5887451171875, 333.4487609863281, 44.9049072265625, 43.9703369140625], "right_hand": [563.2821044921875, 334.60345458984375, 37.19940185546875, 39.2530517578125]}]}