{"image_path": "/home/hyem/workspace/frankmocap_notebooks/images/D9H-eRIROA/scene_00005649.jpg", "body_bbox_list": [[568, 153, 129, 476]], "hand_bbox_list": [{"left_hand": [679.2564697265625, 352.4936828613281, 31.597412109375, 41.342132568359375], "right_hand": null}]}