{"image_path": "/home/hyem/workspace/frankmocap_notebooks/images/D9H-eRIROA/scene_00005327.jpg", "body_bbox_list": [[649, 97, 322, 582]], "hand_bbox_list": [{"left_hand": [853.1849975585938, 366.5409851074219, 120.45458984375, 110.65762329101562], "right_hand": [739.4757690429688, 363.6765441894531, 115.94989013671875, 107.30062866210938]}]}