{"image_path": "/home/hyem/workspace/frankmocap_notebooks/images/D9H-eRIROA/scene_00004778.jpg", "body_bbox_list": [[536, 188, 216, 440], [846, 137, 74, 210]], "hand_bbox_list": [{"left_hand": [716.5350952148438, 361.377197265625, 29.656982421875, 30.1295166015625], "right_hand": [690.723876953125, 332.9937744140625, 38.26531982421875, 33.382843017578125]}, {"left_hand": null, "right_hand": null}]}