{"image_path": "/home/hyem/workspace/frankmocap_notebooks/images/D9H-eRIROA/scene_00008767.jpg", "body_bbox_list": [[538, 145, 167, 514], [789, 154, 104, 311]], "hand_bbox_list": [{"left_hand": [633.273193359375, 317.0505676269531, 38.68951416015625, 36.645355224609375], "right_hand": [596.3562622070312, 327.4775085449219, 41.7947998046875, 36.065155029296875]}, {"left_hand": null, "right_hand": null}]}