{"image_path": "/home/hyem/workspace/frankmocap_notebooks/images/D9H-eRIROA/scene_00005556.jpg", "body_bbox_list": [[515, 240, 191, 397], [718, 176, 161, 335]], "hand_bbox_list": [{"left_hand": [599.6483764648438, 375.73883056640625, 37.956298828125, 33.256744384765625], "right_hand": [553.4463500976562, 375.8847961425781, 36.44622802734375, 30.686309814453125]}, {"left_hand": null, "right_hand": null}]}