{"image_path": "/home/hyem/workspace/frankmocap_notebooks/images/D9H-eRIROA/scene_00001571.jpg", "body_bbox_list": [[566, 141, 156, 495], [782, 96, 124, 495]], "hand_bbox_list": [{"left_hand": [656.14990234375, 291.1675109863281, 46.58990478515625, 50.12078857421875], "right_hand": [627.489013671875, 295.5080261230469, 32.16607666015625, 44.35260009765625]}, {"left_hand": null, "right_hand": null}]}