{"image_path": "/home/hyem/workspace/frankmocap_notebooks/images/D9H-eRIROA/scene_00008295.jpg", "body_bbox_list": [[472, 188, 248, 451], [661, 147, 191, 370]], "hand_bbox_list": [{"left_hand": [467.1578063964844, 307.57415771484375, 26.530364990234375, 30.091766357421875], "right_hand": [495.13604736328125, 384.89324951171875, 38.88336181640625, 37.522735595703125]}, {"left_hand": null, "right_hand": null}]}