{"image_path": "/home/hyem/workspace/frankmocap_notebooks/images/D9H-eRIROA/scene_00003196.jpg", "body_bbox_list": [[561, 146, 155, 484], [729, 102, 156, 471]], "hand_bbox_list": [{"left_hand": [700.873046875, 386.5157775878906, 25.64068603515625, 36.487030029296875], "right_hand": [562.0157470703125, 364.8627014160156, 28.79229736328125, 29.786376953125]}, {"left_hand": null, "right_hand": null}]}