{"image_path": "/home/hyem/workspace/frankmocap_notebooks/images/D9H-eRIROA/scene_00008411.jpg", "body_bbox_list": [[530, 152, 223, 484], [770, 111, 137, 414]], "hand_bbox_list": [{"left_hand": [659.5005493164062, 272.0575866699219, 49.19415283203125, 41.448883056640625], "right_hand": [561.09326171875, 389.42156982421875, 32.49932861328125, 32.050628662109375]}, {"left_hand": null, "right_hand": null}]}