{"image_path": "/home/hyem/workspace/frankmocap_notebooks/images/D9H-eRIROA/scene_00009510.jpg", "body_bbox_list": [[0, 90, 343, 619]], "hand_bbox_list": [{"left_hand": [86.82315826416016, 371.43048095703125, 69.3579330444336, 117.78451538085938], "right_hand": null}]}