{"image_path": "/home/hyem/workspace/frankmocap_notebooks/images/D9H-eRIROA/scene_00003498.jpg", "body_bbox_list": [[561, 147, 161, 465], [722, 123, 199, 266]], "hand_bbox_list": [{"left_hand": [699.7220458984375, 256.940673828125, 34.67401123046875, 33.5245361328125], "right_hand": [567.1632690429688, 272.0250244140625, 39.7509765625, 35.782958984375]}, {"left_hand": null, "right_hand": null}]}