{"image_path": "/home/hyem/workspace/frankmocap_notebooks/images/D9H-eRIROA/scene_00003982.jpg", "body_bbox_list": [[501, 118, 224, 501]], "hand_bbox_list": [{"left_hand": [705.8004760742188, 114.38652801513672, 29.1922607421875, 30.69499969482422], "right_hand": [551.4965209960938, 113.4075927734375, 33.48193359375, 35.51899719238281]}]}