{"image_path": "/home/hyem/workspace/frankmocap_notebooks/images/D9H-eRIROA/scene_00009356.jpg", "body_bbox_list": [[443, 76, 278, 644]], "hand_bbox_list": [{"left_hand": [497.0102844238281, 382.7469177246094, 112.77804565429688, 86.08181762695312], "right_hand": [497.0102844238281, 382.7469177246094, 112.77804565429688, 86.08181762695312]}]}