{"image_path": "/home/hyem/workspace/frankmocap_notebooks/images/D9H-eRIROA/scene_00001840.jpg", "body_bbox_list": [[521, 165, 173, 446], [720, 120, 124, 452]], "hand_bbox_list": [{"left_hand": [655.9237060546875, 365.66705322265625, 35.098388671875, 37.064300537109375], "right_hand": [509.02880859375, 302.53033447265625, 32.605712890625, 36.1143798828125]}, {"left_hand": null, "right_hand": null}]}