{"image_path": "/home/hyem/workspace/frankmocap_notebooks/images/D9H-eRIROA/scene_00006960.jpg", "body_bbox_list": [[561, 147, 155, 476], [766, 97, 99, 470], [780, 345, 37, 210]], "hand_bbox_list": [{"left_hand": [693.78955078125, 405.568359375, 24.59210205078125, 40.18756103515625], "right_hand": [561.6533203125, 390.04876708984375, 33.0162353515625, 33.779876708984375]}, {"left_hand": null, "right_hand": null}, {"left_hand": null, "right_hand": null}]}