{"image_path": "/home/hyem/workspace/frankmocap_notebooks/images/D9H-eRIROA/scene_00004767.jpg", "body_bbox_list": [[560, 200, 180, 427], [810, 148, 112, 346]], "hand_bbox_list": [{"left_hand": [708.3363647460938, 345.2753601074219, 30.430419921875, 31.59320068359375], "right_hand": [708.3363647460938, 345.2753601074219, 30.430419921875, 31.59320068359375]}, {"left_hand": null, "right_hand": null}]}