{"image_path": "/home/hyem/workspace/frankmocap_notebooks/images/D9H-eRIROA/scene_00005448.jpg", "body_bbox_list": [[566, 135, 162, 501], [788, 91, 112, 465]], "hand_bbox_list": [{"left_hand": [706.8145141601562, 309.0977478027344, 19.21783447265625, 37.67431640625], "right_hand": [676.4929809570312, 321.4060974121094, 45.26483154296875, 28.392730712890625]}, {"left_hand": null, "right_hand": [706.8145141601562, 309.0977478027344, 19.21783447265625, 37.67431640625]}]}