{"image_path": "/home/hyem/workspace/frankmocap_notebooks/images/D9H-eRIROA/scene_00004085.jpg", "body_bbox_list": [[495, 218, 248, 414], [774, 193, 61, 199]], "hand_bbox_list": [{"left_hand": [681.9370727539062, 318.0377502441406, 29.0775146484375, 35.1282958984375], "right_hand": [632.0842895507812, 461.5223083496094, 31.7220458984375, 29.9443359375]}, {"left_hand": null, "right_hand": null}]}