{"image_path": "/home/hyem/workspace/frankmocap_notebooks/images/D9H-eRIROA/scene_00002682.jpg", "body_bbox_list": [[519, 147, 199, 476], [724, 88, 172, 403]], "hand_bbox_list": [{"left_hand": [658.1372680664062, 341.7548522949219, 35.4716796875, 35.93426513671875], "right_hand": [523.5299682617188, 351.2715759277344, 30.55303955078125, 36.1885986328125]}, {"left_hand": null, "right_hand": null}]}