{"image_path": "/home/hyem/workspace/frankmocap_notebooks/images/D9H-eRIROA/scene_00008686.jpg", "body_bbox_list": [[573, 164, 148, 476], [783, 118, 99, 242]], "hand_bbox_list": [{"left_hand": [707.6697998046875, 330.19219970703125, 25.92083740234375, 46.0418701171875], "right_hand": [614.6253662109375, 333.07781982421875, 33.71014404296875, 38.0555419921875]}, {"left_hand": null, "right_hand": null}]}