{"image_path": "/home/hyem/workspace/frankmocap_notebooks/images/D9H-eRIROA/scene_00001385.jpg", "body_bbox_list": [[555, 134, 167, 520], [804, 165, 148, 199]], "hand_bbox_list": [{"left_hand": [656.2774047851562, 284.8078918457031, 39.66632080078125, 38.105987548828125], "right_hand": [568.2117919921875, 372.6726989746094, 32.84637451171875, 40.04437255859375]}, {"left_hand": null, "right_hand": null}]}