{"image_path": "/home/hyem/workspace/frankmocap_notebooks/images/D9H-eRIROA/scene_00000754.jpg", "body_bbox_list": [[366, 121, 359, 568]], "hand_bbox_list": [{"left_hand": [624.7808227539062, 443.9588317871094, 90.02880859375, 107.55728149414062], "right_hand": [432.3819885253906, 415.0987854003906, 119.45169067382812, 122.41970825195312]}]}