{"image_path": "/home/hyem/workspace/frankmocap_notebooks/images/D9H-eRIROA/scene_00007741.jpg", "body_bbox_list": [[526, 153, 186, 470], [737, 104, 124, 427]], "hand_bbox_list": [{"left_hand": [682.6868896484375, 407.3850402832031, 21.74652099609375, 36.102386474609375], "right_hand": [543.9741821289062, 402.85845947265625, 22.352294921875, 36.903045654296875]}, {"left_hand": null, "right_hand": null}]}