{"image_path": "/home/hyem/workspace/frankmocap_notebooks/images/D9H-eRIROA/scene_00005089.jpg", "body_bbox_list": [[436, 170, 321, 470], [642, 118, 229, 383]], "hand_bbox_list": [{"left_hand": [441.1226501464844, 310.5762939453125, 48.7498779296875, 36.000396728515625], "right_hand": [415.9618225097656, 274.9967041015625, 37.554168701171875, 37.935211181640625]}, {"left_hand": null, "right_hand": null}]}