{"image_path": "/home/hyem/workspace/frankmocap_notebooks/images/D9H-eRIROA/scene_00006417.jpg", "body_bbox_list": [[544, 147, 172, 476], [725, 109, 148, 440]], "hand_bbox_list": [{"left_hand": [632.9744262695312, 261.80242919921875, 50.05780029296875, 44.060394287109375], "right_hand": [575.0004272460938, 263.3578796386719, 47.99420166015625, 41.91571044921875]}, {"left_hand": null, "right_hand": null}]}