{"image_path": "/home/hyem/workspace/frankmocap_notebooks/images/D9H-eRIROA/scene_00005277.jpg", "body_bbox_list": [[473, 159, 224, 476], [661, 111, 191, 403]], "hand_bbox_list": [{"left_hand": [521.5618286132812, 312.3218078613281, 41.78973388671875, 32.955474853515625], "right_hand": [466.31298828125, 306.0002746582031, 30.858001708984375, 30.630828857421875]}, {"left_hand": null, "right_hand": null}]}