{"image_path": "/home/hyem/workspace/frankmocap_notebooks/images/D9H-eRIROA/scene_00007479.jpg", "body_bbox_list": [[485, 164, 223, 465], [740, 195, 180, 161]], "hand_bbox_list": [{"left_hand": [695.6253051757812, 269.8260498046875, 55.62628173828125, 43.07684326171875], "right_hand": [481.33673095703125, 284.4442138671875, 39.134033203125, 27.49505615234375]}, {"left_hand": null, "right_hand": null}]}