{"image_path": "/home/hyem/workspace/frankmocap_notebooks/images/D9H-eRIROA/scene_00003415.jpg", "body_bbox_list": [[670, 126, 229, 451], [514, 164, 204, 465]], "hand_bbox_list": [{"left_hand": null, "right_hand": null}, {"left_hand": [708.7620239257812, 266.6561584472656, 33.3460693359375, 34.33935546875], "right_hand": [514.692626953125, 251.8848876953125, 35.78497314453125, 31.214599609375]}]}