{"image_path": "/home/hyem/workspace/frankmocap_notebooks/images/D9H-eRIROA/scene_00002990.jpg", "body_bbox_list": [[563, 165, 118, 452], [715, 128, 117, 397]], "hand_bbox_list": [{"left_hand": [590.9885864257812, 353.6480712890625, 41.66534423828125, 36.7178955078125], "right_hand": [590.9885864257812, 353.6480712890625, 41.66534423828125, 36.7178955078125]}, {"left_hand": null, "right_hand": null}]}