{"image_path": "/home/hyem/workspace/frankmocap_notebooks/images/D9H-eRIROA/scene_00003185.jpg", "body_bbox_list": [[786, 97, 155, 481], [601, 153, 148, 470]], "hand_bbox_list": [{"left_hand": null, "right_hand": null}, {"left_hand": [722.9423217773438, 389.6742248535156, 33.7965087890625, 36.0086669921875], "right_hand": [605.7589111328125, 368.6515197753906, 26.98193359375, 32.21630859375]}]}