{"image_path": "/home/hyem/workspace/frankmocap_notebooks/images/D9H-eRIROA/scene_00006621.jpg", "body_bbox_list": [[538, 147, 161, 471], [719, 103, 143, 452]], "hand_bbox_list": [{"left_hand": [678.0897827148438, 245.3751220703125, 34.66253662109375, 40.17205810546875], "right_hand": [574.8598022460938, 246.10951232910156, 36.03350830078125, 39.55000305175781]}, {"left_hand": null, "right_hand": null}]}