{"image_path": "/home/hyem/workspace/frankmocap_notebooks/images/D9H-eRIROA/scene_00005056.jpg", "body_bbox_list": [[455, 175, 254, 465], [660, 122, 205, 408]], "hand_bbox_list": [{"left_hand": [478.49334716796875, 304.3922119140625, 44.8729248046875, 39.275726318359375], "right_hand": [436.6847229003906, 300.7918395996094, 38.234649658203125, 36.3865966796875]}, {"left_hand": null, "right_hand": null}]}