{"image_path": "/home/hyem/workspace/frankmocap_notebooks/images/D9H-eRIROA/scene_00006283.jpg", "body_bbox_list": [[513, 153, 229, 470], [729, 113, 162, 359]], "hand_bbox_list": [{"left_hand": [646.71435546875, 256.4233093261719, 44.09307861328125, 38.76678466796875], "right_hand": [572.624267578125, 259.0549621582031, 50.035400390625, 40.329437255859375]}, {"left_hand": null, "right_hand": null}]}