{"image_path": "/home/hyem/workspace/frankmocap_notebooks/images/D9H-eRIROA/scene_00009286.jpg", "body_bbox_list": [[475, 112, 316, 608]], "hand_bbox_list": [{"left_hand": [648.4129638671875, 397.9417724609375, 85.4970703125, 78.25323486328125], "right_hand": [484.6025390625, 392.2695007324219, 77.26171875, 100.124755859375]}]}