{"image_path": "/home/hyem/workspace/frankmocap_notebooks/images/D9H-eRIROA/scene_00000965.jpg", "body_bbox_list": [[565, 134, 186, 520], [365, 89, 137, 272]], "hand_bbox_list": [{"left_hand": [629.2261962890625, 302.05926513671875, 51.0797119140625, 41.04046630859375], "right_hand": [629.2261962890625, 302.05926513671875, 51.0797119140625, 41.04046630859375]}, {"left_hand": null, "right_hand": null}]}