{"image_path": "/home/hyem/workspace/frankmocap_notebooks/images/D9H-eRIROA/scene_00005616.jpg", "body_bbox_list": [[556, 117, 283, 520]], "hand_bbox_list": [{"left_hand": [795.6203002929688, 86.63064575195312, 33.68450927734375, 63.24542236328125], "right_hand": [522.00390625, 296.19329833984375, 53.4639892578125, 27.019561767578125]}]}