{"image_path": "/home/hyem/workspace/frankmocap_notebooks/images/D9H-eRIROA/scene_00007482.jpg", "body_bbox_list": [[496, 153, 223, 476]], "hand_bbox_list": [{"left_hand": [701.4290161132812, 176.30955505371094, 26.5943603515625, 51.78340148925781], "right_hand": [524.7811889648438, 221.3120880126953, 42.90625, 52.78303527832031]}]}