{"image_path": "/home/hyem/workspace/frankmocap_notebooks/images/D9H-eRIROA/scene_00003236.jpg", "body_bbox_list": [[524, 170, 223, 465]], "hand_bbox_list": [{"left_hand": [685.5523071289062, 223.79122924804688, 26.76318359375, 33.22119140625], "right_hand": [515.412109375, 232.26504516601562, 34.3995361328125, 31.361114501953125]}]}