{"image_path": "/home/hyem/workspace/frankmocap_notebooks/images/D9H-eRIROA/scene_00008831.jpg", "body_bbox_list": [[484, 170, 259, 465]], "hand_bbox_list": [{"left_hand": [643.804443359375, 268.74871826171875, 58.27935791015625, 65.091552734375], "right_hand": [474.2339782714844, 326.36370849609375, 44.147735595703125, 48.887237548828125]}]}