{"image_path": "/home/hyem/workspace/frankmocap_notebooks/images/D9H-eRIROA/scene_00005172.jpg", "body_bbox_list": [[544, 193, 155, 441], [765, 197, 112, 242]], "hand_bbox_list": [{"left_hand": [675.6510620117188, 323.68194580078125, 31.5340576171875, 35.30133056640625], "right_hand": [586.91943359375, 319.5233154296875, 38.578369140625, 36.0640869140625]}, {"left_hand": null, "right_hand": null}]}