{"image_path": "/home/hyem/workspace/frankmocap_notebooks/images/D9H-eRIROA/scene_00005670.jpg", "body_bbox_list": [[489, 159, 243, 464]], "hand_bbox_list": [{"left_hand": [720.3517456054688, 241.3087158203125, 45.64520263671875, 35.694549560546875], "right_hand": [574.0665283203125, 274.2914733886719, 43.4609375, 42.669677734375]}]}