{"image_path": "/home/hyem/workspace/frankmocap_notebooks/images/D9H-eRIROA/scene_00004312.jpg", "body_bbox_list": [[557, 153, 129, 476], [760, 103, 123, 458]], "hand_bbox_list": [{"left_hand": [572.5684204101562, 238.60533142089844, 31.45770263671875, 34.24314880371094], "right_hand": [536.59521484375, 246.32545471191406, 27.4501953125, 42.22715759277344]}, {"left_hand": null, "right_hand": null}]}