{"image_path": "/home/hyem/workspace/frankmocap_notebooks/images/D9H-eRIROA/scene_00006777.jpg", "body_bbox_list": [[510, 118, 291, 501]], "hand_bbox_list": [{"left_hand": [650.1279907226562, 383.2906494140625, 103.2720947265625, 92.06301879882812], "right_hand": [650.1279907226562, 383.2906494140625, 103.2720947265625, 92.06301879882812]}]}