{"image_path": "/home/hyem/workspace/frankmocap_notebooks/images/D9H-eRIROA/scene_00004031.jpg", "body_bbox_list": [[532, 106, 185, 508]], "hand_bbox_list": [{"left_hand": [628.307861328125, 110.86603546142578, 28.73602294921875, 30.516090393066406], "right_hand": [562.82373046875, 147.06724548339844, 26.72625732421875, 27.824005126953125]}]}