{"image_path": "/home/hyem/workspace/frankmocap_notebooks/images/D9H-eRIROA/scene_00002640.jpg", "body_bbox_list": [[523, 117, 254, 520]], "hand_bbox_list": [{"left_hand": [559.2526245117188, 131.95101928710938, 48.166748046875, 26.263504028320312], "right_hand": [563.6785888671875, 378.0193176269531, 17.46234130859375, 25.471771240234375]}]}