{"image_path": "/home/hyem/workspace/frankmocap_notebooks/images/D9H-eRIROA/scene_00008969.jpg", "body_bbox_list": [[548, 134, 181, 520]], "hand_bbox_list": [{"left_hand": [601.9293823242188, 324.8078918457031, 54.37017822265625, 37.53936767578125], "right_hand": [601.9293823242188, 324.8078918457031, 54.37017822265625, 37.53936767578125]}]}