{"image_path": "/home/hyem/workspace/frankmocap_notebooks/images/D9H-eRIROA/scene_00005163.jpg", "body_bbox_list": [[467, 182, 242, 452], [672, 122, 186, 408]], "hand_bbox_list": [{"left_hand": [509.29986572265625, 301.3019104003906, 36.63482666015625, 36.89080810546875], "right_hand": [443.8048400878906, 317.06719970703125, 32.637725830078125, 31.621429443359375]}, {"left_hand": null, "right_hand": null}]}