{"image_path": "/home/hyem/workspace/frankmocap_notebooks/images/D9H-eRIROA/scene_00003694.jpg", "body_bbox_list": [[596, 165, 118, 441]], "hand_bbox_list": [{"left_hand": [661.10400390625, 327.3486022949219, 38.573486328125, 33.0426025390625], "right_hand": [661.10400390625, 327.3486022949219, 38.573486328125, 33.0426025390625]}]}