{"image_path": "/home/hyem/workspace/frankmocap_notebooks/images/D9H-eRIROA/scene_00008780.jpg", "body_bbox_list": [[549, 151, 162, 508]], "hand_bbox_list": [{"left_hand": [660.3789672851562, 335.2076110839844, 38.28045654296875, 41.169586181640625], "right_hand": [583.9307861328125, 336.869384765625, 40.86669921875, 39.754852294921875]}]}