{"image_path": "/home/hyem/workspace/frankmocap_notebooks/images/D9H-eRIROA/scene_00004753.jpg", "body_bbox_list": [[487, 189, 303, 432], [681, 132, 235, 433]], "hand_bbox_list": [{"left_hand": [485.3072204589844, 315.50933837890625, 27.664947509765625, 31.676605224609375], "right_hand": [485.3072204589844, 315.50933837890625, 27.664947509765625, 31.676605224609375]}, {"left_hand": null, "right_hand": null}]}