{"image_path": "/home/hyem/workspace/frankmocap_notebooks/images/D9H-eRIROA/scene_00003980.jpg", "body_bbox_list": [[495, 100, 253, 520]], "hand_bbox_list": [{"left_hand": [733.3453369140625, 108.40343475341797, 37.6826171875, 27.48021697998047], "right_hand": [553.9111328125, 95.68732452392578, 39.65386962890625, 37.37378692626953]}]}