{"image_path": "/home/hyem/workspace/frankmocap_notebooks/images/D9H-eRIROA/scene_00008366.jpg", "body_bbox_list": [[566, 152, 162, 484], [764, 111, 137, 408]], "hand_bbox_list": [{"left_hand": [674.3687744140625, 266.32275390625, 34.89349365234375, 40.20880126953125], "right_hand": [558.5230102539062, 267.0057373046875, 35.84478759765625, 39.4306640625]}, {"left_hand": null, "right_hand": null}]}