{"image_path": "/home/hyem/workspace/frankmocap_notebooks/images/D9H-eRIROA/scene_00005081.jpg", "body_bbox_list": [[442, 170, 292, 470], [654, 123, 205, 390]], "hand_bbox_list": [{"left_hand": [459.9757080078125, 302.5031433105469, 50.608673095703125, 39.980865478515625], "right_hand": [419.72760009765625, 271.47491455078125, 38.1395263671875, 39.703643798828125]}, {"left_hand": null, "right_hand": null}]}