{"image_path": "/home/hyem/workspace/frankmocap_notebooks/images/D9H-eRIROA/scene_00008447.jpg", "body_bbox_list": [[519, 182, 216, 452], [783, 202, 88, 378]], "hand_bbox_list": [{"left_hand": [663.8993530273438, 267.6205749511719, 38.16412353515625, 40.240478515625], "right_hand": [606.025634765625, 284.7099914550781, 46.1177978515625, 42.354949951171875]}, {"left_hand": null, "right_hand": null}]}