{"image_path": "/home/hyem/workspace/frankmocap_notebooks/images/D9H-eRIROA/scene_00004359.jpg", "body_bbox_list": [[576, 160, 199, 457]], "hand_bbox_list": [{"left_hand": [766.9602661132812, 240.7856903076172, 29.6993408203125, 27.639755249023438], "right_hand": [579.8772583007812, 253.14720153808594, 33.20098876953125, 39.59596252441406]}]}