{"image_path": "/home/hyem/workspace/frankmocap_notebooks/images/D9H-eRIROA/scene_00004759.jpg", "body_bbox_list": [[526, 188, 180, 440], [706, 130, 186, 353]], "hand_bbox_list": [{"left_hand": [594.1111450195312, 346.4097900390625, 38.40631103515625, 33.422637939453125], "right_hand": [526.76953125, 334.0738830566406, 32.43316650390625, 32.18115234375]}, {"left_hand": null, "right_hand": null}]}