{"image_path": "/home/hyem/workspace/frankmocap_notebooks/images/D9H-eRIROA/scene_00009587.jpg", "body_bbox_list": [[68, 90, 354, 625]], "hand_bbox_list": [{"left_hand": [225.15882873535156, 309.7294006347656, 63.71687316894531, 79.91207885742188], "right_hand": null}]}