{"image_path": "/home/hyem/workspace/frankmocap_notebooks/images/D9H-eRIROA/scene_00006943.jpg", "body_bbox_list": [[539, 171, 143, 440], [699, 127, 104, 421]], "hand_bbox_list": [{"left_hand": [580.1075439453125, 317.5909423828125, 44.21099853515625, 26.665802001953125], "right_hand": [580.1075439453125, 317.5909423828125, 44.21099853515625, 26.665802001953125]}, {"left_hand": null, "right_hand": null}]}