{"image_path": "/home/hyem/workspace/frankmocap_notebooks/images/D9H-eRIROA/scene_00007327.jpg", "body_bbox_list": [[483, 181, 283, 465]], "hand_bbox_list": [{"left_hand": [708.8093872070312, 144.11212158203125, 58.90960693359375, 57.88642883300781], "right_hand": [482.20733642578125, 170.2710418701172, 50.59100341796875, 49.207763671875]}]}