{"image_path": "/home/hyem/workspace/frankmocap_notebooks/images/D9H-eRIROA/scene_00007678.jpg", "body_bbox_list": [[513, 153, 223, 476], [729, 110, 173, 433]], "hand_bbox_list": [{"left_hand": [640.879638671875, 257.1765441894531, 48.62646484375, 40.666229248046875], "right_hand": [568.5443725585938, 250.38670349121094, 45.40777587890625, 46.16465759277344]}, {"left_hand": null, "right_hand": null}]}