{"image_path": "/home/hyem/workspace/frankmocap_notebooks/images/D9H-eRIROA/scene_00004123.jpg", "body_bbox_list": [[511, 171, 267, 457], [772, 124, 205, 242], [851, 205, 104, 69]], "hand_bbox_list": [{"left_hand": [753.2595825195312, 291.51507568359375, 31.67535400390625, 33.939361572265625], "right_hand": [567.4171752929688, 403.29620361328125, 19.78070068359375, 23.891998291015625]}, {"left_hand": null, "right_hand": null}, {"left_hand": null, "right_hand": null}]}