{"image_path": "/home/hyem/workspace/frankmocap_notebooks/images/D9H-eRIROA/scene_00008997.jpg", "body_bbox_list": [[572, 145, 167, 509], [416, 100, 118, 509], [419, 320, 45, 243]], "hand_bbox_list": [{"left_hand": [650.1026000976562, 337.6580505371094, 46.36761474609375, 40.44683837890625], "right_hand": [617.7246704101562, 298.8983154296875, 49.39093017578125, 43.7724609375]}, {"left_hand": null, "right_hand": null}, {"left_hand": null, "right_hand": null}]}