{"image_path": "/home/hyem/workspace/frankmocap_notebooks/images/D9H-eRIROA/scene_00002207.jpg", "body_bbox_list": [[584, 160, 148, 451], [742, 118, 142, 254]], "hand_bbox_list": [{"left_hand": [675.278076171875, 323.26654052734375, 45.78631591796875, 32.848876953125], "right_hand": [590.1202392578125, 326.799072265625, 44.45660400390625, 36.003173828125]}, {"left_hand": null, "right_hand": null}]}