{"image_path": "/home/hyem/workspace/frankmocap_notebooks/images/D9H-eRIROA/scene_00007542.jpg", "body_bbox_list": [[775, 106, 267, 390], [585, 172, 124, 533]], "hand_bbox_list": [{"left_hand": null, "right_hand": null}, {"left_hand": [673.8206787109375, 405.34942626953125, 42.5113525390625, 37.5863037109375], "right_hand": [563.2172241210938, 375.141357421875, 38.4290771484375, 36.36767578125]}]}