{"image_path": "/home/hyem/workspace/frankmocap_notebooks/images/D9H-eRIROA/scene_00007701.jpg", "body_bbox_list": [[514, 176, 210, 446]], "hand_bbox_list": [{"left_hand": [701.5966186523438, 230.33026123046875, 27.84637451171875, 52.101226806640625], "right_hand": [617.700439453125, 256.551025390625, 33.17999267578125, 41.029571533203125]}]}