{"image_path": "/home/hyem/workspace/frankmocap_notebooks/images/D9H-eRIROA/scene_00006670.jpg", "body_bbox_list": [[503, 165, 192, 452]], "hand_bbox_list": [{"left_hand": [644.4788818359375, 253.6627655029297, 41.56414794921875, 43.81248474121094], "right_hand": [491.47998046875, 261.6245422363281, 46.80291748046875, 52.539947509765625]}]}