{"image_path": "/home/hyem/workspace/frankmocap_notebooks/images/D9H-eRIROA/scene_00009381.jpg", "body_bbox_list": [[451, 218, 335, 502]], "hand_bbox_list": [{"left_hand": [557.5139770507812, 539.3745727539062, 72.26739501953125, 85.9033203125], "right_hand": [557.5139770507812, 539.3745727539062, 72.26739501953125, 85.9033203125]}]}