{"image_path": "/home/hyem/workspace/frankmocap_notebooks/images/D9H-eRIROA/scene_00004199.jpg", "body_bbox_list": [[512, 240, 248, 397], [751, 268, 186, 156]], "hand_bbox_list": [{"left_hand": [741.299072265625, 454.4776916503906, 29.90985107421875, 40.60638427734375], "right_hand": [540.7095336914062, 463.789794921875, 20.84356689453125, 21.677093505859375]}, {"left_hand": null, "right_hand": null}]}