{"image_path": "/home/hyem/workspace/frankmocap_notebooks/images/D9H-eRIROA/scene_00004376.jpg", "body_bbox_list": [[531, 164, 199, 476]], "hand_bbox_list": [{"left_hand": [702.6753540039062, 145.52430725097656, 31.26947021484375, 33.817657470703125], "right_hand": [524.5880737304688, 194.08753967285156, 30.46966552734375, 34.130340576171875]}]}