{"image_path": "/home/hyem/workspace/frankmocap_notebooks/images/D9H-eRIROA/scene_00007197.jpg", "body_bbox_list": [[495, 134, 248, 508]], "hand_bbox_list": [{"left_hand": [686.6484985351562, 129.36920166015625, 31.68194580078125, 34.08154296875], "right_hand": [523.8096923828125, 170.4261474609375, 23.34722900390625, 29.944915771484375]}]}