{"image_path": "/home/hyem/workspace/frankmocap_notebooks/images/D9H-eRIROA/scene_00004876.jpg", "body_bbox_list": [[549, 141, 291, 489]], "hand_bbox_list": [{"left_hand": [777.4637451171875, 111.08101654052734, 47.53887939453125, 58.847084045410156], "right_hand": [521.4468994140625, 283.0446472167969, 52.41729736328125, 44.28692626953125]}]}