{"image_path": "/home/hyem/workspace/frankmocap_notebooks/images/D9H-eRIROA/scene_00002345.jpg", "body_bbox_list": [[459, 165, 303, 457]], "hand_bbox_list": [{"left_hand": [734.6766357421875, 260.1955871582031, 49.3963623046875, 52.492431640625], "right_hand": [447.5936584472656, 249.1531524658203, 38.09381103515625, 55.17134094238281]}]}