{"image_path": "/home/hyem/workspace/frankmocap_notebooks/images/D9H-eRIROA/scene_00008815.jpg", "body_bbox_list": [[495, 164, 242, 476]], "hand_bbox_list": [{"left_hand": [636.6177978515625, 209.68089294433594, 52.35284423828125, 40.41178894042969], "right_hand": [491.423583984375, 344.27850341796875, 38.43341064453125, 48.8629150390625]}]}