{"image_path": "/home/hyem/workspace/frankmocap_notebooks/images/D9H-eRIROA/scene_00000881.jpg", "body_bbox_list": [[545, 152, 142, 484], [430, 178, 69, 286], [381, 198, 31, 99]], "hand_bbox_list": [{"left_hand": [596.1766967773438, 250.70416259765625, 29.56231689453125, 50.009063720703125], "right_hand": [596.1766967773438, 250.70416259765625, 29.56231689453125, 50.009063720703125]}, {"left_hand": null, "right_hand": null}, {"left_hand": null, "right_hand": null}]}