{"image_path": "/home/hyem/workspace/frankmocap_notebooks/images/D9H-eRIROA/scene_00003093.jpg", "body_bbox_list": [[598, 171, 216, 457], [798, 111, 142, 408]], "hand_bbox_list": [{"left_hand": [666.2894897460938, 265.8669128417969, 35.92816162109375, 39.846954345703125], "right_hand": [627.5632934570312, 383.8355712890625, 35.748779296875, 38.03070068359375]}, {"left_hand": null, "right_hand": null}]}