{"image_path": "/home/hyem/workspace/frankmocap_notebooks/images/D9H-eRIROA/scene_00008678.jpg", "body_bbox_list": [[561, 157, 155, 513], [771, 102, 112, 476]], "hand_bbox_list": [{"left_hand": [641.2853393554688, 288.5953063964844, 41.1502685546875, 41.936614990234375], "right_hand": [617.9217529296875, 294.45404052734375, 40.7867431640625, 34.624786376953125]}, {"left_hand": null, "right_hand": null}]}