{"image_path": "/home/hyem/workspace/frankmocap_notebooks/images/D9H-eRIROA/scene_00007454.jpg", "body_bbox_list": [[495, 188, 259, 440], [817, 131, 99, 340]], "hand_bbox_list": [{"left_hand": [705.5786743164062, 367.38348388671875, 34.55157470703125, 32.985870361328125], "right_hand": [677.1392211914062, 316.968994140625, 46.9693603515625, 38.9560546875]}, {"left_hand": null, "right_hand": null}]}