{"image_path": "/home/hyem/workspace/frankmocap_notebooks/images/D9H-eRIROA/scene_00001934.jpg", "body_bbox_list": [[561, 135, 172, 489], [757, 85, 180, 359]], "hand_bbox_list": [{"left_hand": [659.4764404296875, 339.3882751464844, 39.154296875, 46.655364990234375], "right_hand": [564.3997192382812, 391.7236328125, 23.14239501953125, 33.0635986328125]}, {"left_hand": null, "right_hand": null}]}