{"image_path": "/home/hyem/workspace/frankmocap_notebooks/images/D9H-eRIROA/scene_00008845.jpg", "body_bbox_list": [[488, 182, 278, 452]], "hand_bbox_list": [{"left_hand": [603.4898071289062, 184.15281677246094, 51.081787109375, 33.56817626953125], "right_hand": [491.780517578125, 373.9577941894531, 37.32196044921875, 45.0477294921875]}]}