{"image_path": "/home/hyem/workspace/frankmocap_notebooks/images/D9H-eRIROA/scene_00004293.jpg", "body_bbox_list": [[549, 146, 167, 484], [735, 173, 173, 408], [811, 120, 105, 199], [751, 338, 56, 235]], "hand_bbox_list": [{"left_hand": [690.34716796875, 345.5548400878906, 31.5377197265625, 39.467041015625], "right_hand": [584.57080078125, 312.7991943359375, 44.3668212890625, 32.875244140625]}, {"left_hand": null, "right_hand": null}, {"left_hand": null, "right_hand": null}, {"left_hand": null, "right_hand": null}]}