{"image_path": "/home/hyem/workspace/frankmocap_notebooks/images/D9H-eRIROA/scene_00003076.jpg", "body_bbox_list": [[575, 159, 234, 470], [773, 113, 186, 365]], "hand_bbox_list": [{"left_hand": null, "right_hand": [604.5154418945312, 378.4737243652344, 40.7713623046875, 34.252899169921875]}, {"left_hand": null, "right_hand": null}]}