{"image_path": "/home/hyem/workspace/frankmocap_notebooks/images/D9H-eRIROA/scene_00008154.jpg", "body_bbox_list": [[561, 134, 161, 508]], "hand_bbox_list": [{"left_hand": [704.66162109375, 137.09530639648438, 40.356689453125, 33.0491943359375], "right_hand": [711.346923828125, 283.23822021484375, 38.5880126953125, 30.787384033203125]}]}