{"image_path": "/home/hyem/workspace/frankmocap_notebooks/images/D9H-eRIROA/scene_00004207.jpg", "body_bbox_list": [[499, 188, 273, 446]], "hand_bbox_list": [{"left_hand": [718.4285278320312, 196.99447631835938, 52.48486328125, 51.191741943359375], "right_hand": [498.12945556640625, 206.04319763183594, 41.98974609375, 46.30657958984375]}]}