{"image_path": "/home/hyem/workspace/frankmocap_notebooks/images/D9H-eRIROA/scene_00002693.jpg", "body_bbox_list": [[486, 153, 210, 465], [713, 173, 166, 273]], "hand_bbox_list": [{"left_hand": [660.7302856445312, 329.7033386230469, 31.361083984375, 35.4228515625], "right_hand": [488.55072021484375, 372.5600891113281, 35.55291748046875, 36.16998291015625]}, {"left_hand": null, "right_hand": null}]}