{"image_path": "/home/hyem/workspace/frankmocap_notebooks/images/D9H-eRIROA/scene_00002774.jpg", "body_bbox_list": [[581, 182, 199, 440], [768, 127, 180, 427]], "hand_bbox_list": [{"left_hand": [730.3104248046875, 387.4140625, 30.203369140625, 41.217010498046875], "right_hand": [597.7687377929688, 424.1658020019531, 35.53509521484375, 26.338775634765625]}, {"left_hand": null, "right_hand": null}]}