{"image_path": "/home/hyem/workspace/frankmocap_notebooks/images/D9H-eRIROA/scene_00008879.jpg", "body_bbox_list": [[543, 133, 180, 533], [769, 78, 161, 514]], "hand_bbox_list": [{"left_hand": [661.1449584960938, 360.79693603515625, 40.0916748046875, 50.191680908203125], "right_hand": [552.0628051757812, 262.4745788574219, 42.5699462890625, 52.311065673828125]}, {"left_hand": null, "right_hand": null}]}