{"image_path": "/home/hyem/workspace/frankmocap_notebooks/images/D9H-eRIROA/scene_00004600.jpg", "body_bbox_list": [[322, 105, 588, 533]], "hand_bbox_list": [{"left_hand": [806.4951171875, 122.0756607055664, 91.695556640625, 86.85001373291016], "right_hand": [325.4945068359375, 144.5019989013672, 83.76806640625, 92.08692932128906]}]}