{"image_path": "/home/hyem/workspace/frankmocap_notebooks/images/D9H-eRIROA/scene_00003522.jpg", "body_bbox_list": [[520, 154, 192, 457], [724, 121, 161, 422]], "hand_bbox_list": [{"left_hand": [690.8473510742188, 286.6210021972656, 29.89508056640625, 31.25054931640625], "right_hand": [508.1286926269531, 266.7010192871094, 32.985015869140625, 30.76434326171875]}, {"left_hand": null, "right_hand": null}]}