{"image_path": "/home/hyem/workspace/frankmocap_notebooks/images/D9H-eRIROA/scene_00008390.jpg", "body_bbox_list": [[572, 176, 156, 446], [766, 143, 99, 322]], "hand_bbox_list": [{"left_hand": [711.5513916015625, 380.9970397949219, 35.3319091796875, 28.70196533203125], "right_hand": [557.1123657226562, 339.9373779296875, 35.62908935546875, 31.615997314453125]}, {"left_hand": null, "right_hand": null}]}