{"image_path": "/home/hyem/workspace/frankmocap_notebooks/images/D9H-eRIROA/scene_00005946.jpg", "body_bbox_list": [[711, 120, 199, 452], [498, 186, 180, 489]], "hand_bbox_list": [{"left_hand": null, "right_hand": null}, {"left_hand": [588.4970703125, 348.5046081542969, 43.38262939453125, 38.099761962890625], "right_hand": [482.508544921875, 323.0951232910156, 32.2667236328125, 36.06280517578125]}]}