{"image_path": "/home/hyem/workspace/frankmocap_notebooks/images/D9H-eRIROA/scene_00009075.jpg", "body_bbox_list": [[457, 106, 335, 614]], "hand_bbox_list": [{"left_hand": [592.9658203125, 400.0887145996094, 74.68853759765625, 76.39434814453125], "right_hand": [592.9658203125, 400.0887145996094, 74.68853759765625, 76.39434814453125]}]}