{"image_path": "/home/hyem/workspace/frankmocap_notebooks/images/D9H-eRIROA/scene_00005149.jpg", "body_bbox_list": [[455, 193, 254, 441], [667, 134, 191, 390]], "hand_bbox_list": [{"left_hand": [479.470458984375, 294.9485778808594, 32.9189453125, 38.53070068359375], "right_hand": [440.1697692871094, 336.57366943359375, 29.429901123046875, 31.0762939453125]}, {"left_hand": null, "right_hand": null}]}