{"image_path": "/home/hyem/workspace/frankmocap_notebooks/images/D9H-eRIROA/scene_00004176.jpg", "body_bbox_list": [[512, 211, 248, 422], [801, 182, 74, 216]], "hand_bbox_list": [{"left_hand": [631.9535522460938, 410.7964782714844, 31.117431640625, 30.940887451171875], "right_hand": [631.9535522460938, 410.7964782714844, 31.117431640625, 30.940887451171875]}, {"left_hand": null, "right_hand": null}]}