{"image_path": "/home/hyem/workspace/frankmocap_notebooks/images/D9H-eRIROA/scene_00009568.jpg", "body_bbox_list": [[51, 92, 365, 576]], "hand_bbox_list": [{"left_hand": [214.0301971435547, 312.11175537109375, 63.21034240722656, 81.6605224609375], "right_hand": null}]}