{"image_path": "/home/hyem/workspace/frankmocap_notebooks/images/D9H-eRIROA/scene_00001345.jpg", "body_bbox_list": [[735, 103, 156, 446], [566, 171, 156, 446]], "hand_bbox_list": [{"left_hand": null, "right_hand": null}, {"left_hand": [701.3389892578125, 378.4321594238281, 26.859375, 43.039093017578125], "right_hand": [576.348388671875, 380.1041259765625, 29.720703125, 32.25103759765625]}]}