{"image_path": "/home/hyem/workspace/frankmocap_notebooks/images/D9H-eRIROA/scene_00007888.jpg", "body_bbox_list": [[468, 103, 335, 576]], "hand_bbox_list": [{"left_hand": [588.392822265625, 472.84521484375, 107.19818115234375, 85.2713623046875], "right_hand": [588.392822265625, 472.84521484375, 107.19818115234375, 85.2713623046875]}]}