{"image_path": "/home/hyem/workspace/frankmocap_notebooks/images/D9H-eRIROA/scene_00002171.jpg", "body_bbox_list": [[536, 165, 199, 452], [723, 110, 180, 421]], "hand_bbox_list": [{"left_hand": [699.1846313476562, 359.7540588378906, 38.9158935546875, 49.0313720703125], "right_hand": [546.537841796875, 378.9894714355469, 32.58416748046875, 37.802734375]}, {"left_hand": null, "right_hand": null}]}