{"image_path": "/home/hyem/workspace/frankmocap_notebooks/images/D9H-eRIROA/scene_00003941.jpg", "body_bbox_list": [[514, 140, 216, 508]], "hand_bbox_list": [{"left_hand": [705.532958984375, 126.38089752197266, 17.78875732421875, 17.96587371826172], "right_hand": [547.3292846679688, 180.7103271484375, 27.5501708984375, 29.005172729492188]}]}