{"image_path": "/home/hyem/workspace/frankmocap_notebooks/images/D9H-eRIROA/scene_00008389.jpg", "body_bbox_list": [[544, 176, 172, 452], [765, 128, 124, 402]], "hand_bbox_list": [{"left_hand": [679.4868774414062, 364.24505615234375, 37.45758056640625, 29.0799560546875], "right_hand": [540.11767578125, 337.37249755859375, 37.47259521484375, 34.1763916015625]}, {"left_hand": null, "right_hand": null}]}