{"image_path": "/home/hyem/workspace/frankmocap_notebooks/images/D9H-eRIROA/scene_00004540.jpg", "body_bbox_list": [[495, 70, 248, 552]], "hand_bbox_list": [{"left_hand": [658.5573120117188, 59.79930114746094, 58.345947265625, 50.3214111328125], "right_hand": [500.8928527832031, 111.957275390625, 39.980560302734375, 35.7969970703125]}]}