{"image_path": "/home/hyem/workspace/frankmocap_notebooks/images/D9H-eRIROA/scene_00004593.jpg", "body_bbox_list": [[286, 99, 655, 533]], "hand_bbox_list": [{"left_hand": [853.9096069335938, 8.33935546875, 75.8995361328125, 112.11099243164062], "right_hand": [291.2803649902344, 45.09971618652344, 82.00393676757812, 101.87614440917969]}]}