{"image_path": "/home/hyem/workspace/frankmocap_notebooks/images/D9H-eRIROA/scene_00001712.jpg", "body_bbox_list": [[571, 153, 180, 465], [786, 84, 167, 378]], "hand_bbox_list": [{"left_hand": [726.2138671875, 349.4940185546875, 33.669921875, 45.14202880859375], "right_hand": [577.726806640625, 389.02581787109375, 17.13348388671875, 24.375396728515625]}, {"left_hand": null, "right_hand": null}]}