{"image_path": "/home/hyem/workspace/frankmocap_notebooks/images/D9H-eRIROA/scene_00004720.jpg", "body_bbox_list": [[548, 193, 192, 441], [775, 144, 137, 427]], "hand_bbox_list": [{"left_hand": [672.0394897460938, 357.7010192871094, 37.03466796875, 32.94256591796875], "right_hand": [571.59228515625, 341.2408447265625, 32.5357666015625, 25.89154052734375]}, {"left_hand": null, "right_hand": null}]}