{"image_path": "/home/hyem/workspace/frankmocap_notebooks/images/D9H-eRIROA/scene_00002646.jpg", "body_bbox_list": [[523, 128, 259, 509]], "hand_bbox_list": [{"left_hand": [558.4345703125, 142.17425537109375, 50.2559814453125, 27.539474487304688], "right_hand": [559.7030639648438, 410.3367919921875, 26.8984375, 36.544097900390625]}]}