{"image_path": "/home/hyem/workspace/frankmocap_notebooks/images/D9H-eRIROA/scene_00001703.jpg", "body_bbox_list": [[548, 193, 192, 446], [811, 207, 99, 148]], "hand_bbox_list": [{"left_hand": [723.0318603515625, 398.288330078125, 28.372802734375, 48.044830322265625], "right_hand": [545.06201171875, 421.61962890625, 33.51226806640625, 34.548126220703125]}, {"left_hand": null, "right_hand": null}]}