{"image_path": "/home/hyem/workspace/frankmocap_notebooks/images/D9H-eRIROA/scene_00009011.jpg", "body_bbox_list": [[567, 147, 148, 476], [405, 98, 118, 451]], "hand_bbox_list": [{"left_hand": [622.248779296875, 331.8783264160156, 46.19061279296875, 42.2901611328125], "right_hand": [575.6845703125, 218.74134826660156, 45.47210693359375, 47.43635559082031]}, {"left_hand": null, "right_hand": null}]}