{"image_path": "/home/hyem/workspace/frankmocap_notebooks/images/D9H-eRIROA/scene_00007423.jpg", "body_bbox_list": [[476, 200, 286, 433], [659, 151, 229, 378]], "hand_bbox_list": [{"left_hand": [464.3304138183594, 324.95086669921875, 32.6190185546875, 39.8883056640625], "right_hand": [464.3304138183594, 324.95086669921875, 32.6190185546875, 39.8883056640625]}, {"left_hand": null, "right_hand": null}]}