{"image_path": "/home/hyem/workspace/frankmocap_notebooks/images/D9H-eRIROA/scene_00005666.jpg", "body_bbox_list": [[490, 153, 224, 470]], "hand_bbox_list": [{"left_hand": [705.5079345703125, 308.46514892578125, 25.26019287109375, 49.925323486328125], "right_hand": [577.6563720703125, 299.62481689453125, 48.3992919921875, 38.513031005859375]}]}