{"image_path": "/home/hyem/workspace/frankmocap_notebooks/images/D9H-eRIROA/scene_00009530.jpg", "body_bbox_list": [[5, 86, 378, 576]], "hand_bbox_list": [{"left_hand": [156.50840759277344, 333.5174560546875, 79.25578308105469, 92.25949096679688], "right_hand": null}]}