{"image_path": "/home/hyem/workspace/frankmocap_notebooks/images/D9H-eRIROA/scene_00008785.jpg", "body_bbox_list": [[549, 145, 167, 509]], "hand_bbox_list": [{"left_hand": [663.99853515625, 325.9569091796875, 38.9334716796875, 41.672149658203125], "right_hand": [578.5794677734375, 325.6729736328125, 41.0399169921875, 38.42120361328125]}]}