{"image_path": "/home/hyem/workspace/frankmocap_notebooks/images/D9H-eRIROA/scene_00009142.jpg", "body_bbox_list": [[429, 94, 346, 626]], "hand_bbox_list": [{"left_hand": [710.7892456054688, 501.1822814941406, 59.3189697265625, 77.98440551757812], "right_hand": [430.5452575683594, 486.2552185058594, 52.637451171875, 92.82070922851562]}]}