{"image_path": "/home/hyem/workspace/frankmocap_notebooks/images/D9H-eRIROA/scene_00005796.jpg", "body_bbox_list": [[505, 191, 148, 495], [772, 204, 99, 205]], "hand_bbox_list": [{"left_hand": [533.9539184570312, 244.08056640625, 32.21173095703125, 33.14874267578125], "right_hand": [480.46923828125, 264.69305419921875, 43.167724609375, 50.889404296875]}, {"left_hand": null, "right_hand": null}]}