{"image_path": "/home/hyem/workspace/frankmocap_notebooks/images/D9H-eRIROA/scene_00008602.jpg", "body_bbox_list": [[418, 146, 205, 501], [655, 102, 192, 465]], "hand_bbox_list": [{"left_hand": [598.1090698242188, 292.89715576171875, 41.4200439453125, 37.147369384765625], "right_hand": [377.8923034667969, 280.27520751953125, 59.118988037109375, 44.689971923828125]}, {"left_hand": null, "right_hand": null}]}