{"image_path": "/home/hyem/workspace/frankmocap_notebooks/images/D9H-eRIROA/scene_00001775.jpg", "body_bbox_list": [[735, 103, 167, 452], [566, 147, 156, 471], [836, 127, 50, 180]], "hand_bbox_list": [{"left_hand": null, "right_hand": null}, {"left_hand": [683.1917724609375, 323.71881103515625, 28.251220703125, 26.86346435546875], "right_hand": [590.7468872070312, 318.11431884765625, 41.52630615234375, 33.975799560546875]}, {"left_hand": null, "right_hand": null}]}