{"image_path": "/home/hyem/workspace/frankmocap_notebooks/images/D9H-eRIROA/scene_00001846.jpg", "body_bbox_list": [[521, 165, 173, 441], [717, 112, 85, 248]], "hand_bbox_list": [{"left_hand": [660.4846801757812, 369.0366516113281, 33.47430419921875, 35.049957275390625], "right_hand": [511.1182556152344, 302.8061828613281, 30.864105224609375, 35.79217529296875]}, {"left_hand": null, "right_hand": null}]}