{"image_path": "/home/hyem/workspace/frankmocap_notebooks/images/D9H-eRIROA/scene_00002323.jpg", "body_bbox_list": [[466, 176, 272, 446], [722, 124, 216, 248], [810, 189, 129, 55]], "hand_bbox_list": [{"left_hand": [704.9898681640625, 307.5542907714844, 36.58428955078125, 42.85638427734375], "right_hand": [465.6492004394531, 215.10110473632812, 31.625518798828125, 36.89030456542969]}, {"left_hand": null, "right_hand": null}, {"left_hand": null, "right_hand": null}]}