{"image_path": "/home/hyem/workspace/frankmocap_notebooks/images/D9H-eRIROA/scene_00009102.jpg", "body_bbox_list": [[311, 94, 576, 626]], "hand_bbox_list": [{"left_hand": [855.3413696289062, 413.9009704589844, 91.556396484375, 67.31423950195312], "right_hand": [248.05628967285156, 412.6833190917969, 94.76380920410156, 69.11068725585938]}]}