{"image_path": "/home/hyem/workspace/frankmocap_notebooks/images/D9H-eRIROA/scene_00006338.jpg", "body_bbox_list": [[517, 159, 243, 470], [740, 117, 180, 413]], "hand_bbox_list": [{"left_hand": [650.049072265625, 252.6074981689453, 43.9913330078125, 37.36177062988281], "right_hand": [585.8994750976562, 250.81243896484375, 44.72760009765625, 36.0166015625]}, {"left_hand": null, "right_hand": null}]}