{"image_path": "/home/hyem/workspace/frankmocap_notebooks/images/D9H-eRIROA/scene_00001556.jpg", "body_bbox_list": [[714, 101, 148, 495], [550, 146, 148, 490]], "hand_bbox_list": [{"left_hand": null, "right_hand": null}, {"left_hand": [626.7640380859375, 268.3320007324219, 55.642578125, 46.540679931640625], "right_hand": [599.8735961914062, 319.47332763671875, 47.1673583984375, 31.273651123046875]}]}