{"image_path": "/home/hyem/workspace/frankmocap_notebooks/images/D9H-eRIROA/scene_00008127.jpg", "body_bbox_list": [[515, 144, 185, 544]], "hand_bbox_list": [{"left_hand": null, "right_hand": [485.3359375, 140.97499084472656, 62.7542724609375, 54.62786865234375]}]}