{"image_path": "/home/hyem/workspace/frankmocap_notebooks/images/D9H-eRIROA/scene_00002208.jpg", "body_bbox_list": [[584, 160, 148, 451], [742, 130, 136, 229]], "hand_bbox_list": [{"left_hand": [671.1930541992188, 330.43231201171875, 40.17840576171875, 23.442657470703125], "right_hand": [589.6157836914062, 325.27227783203125, 43.3155517578125, 35.261810302734375]}, {"left_hand": null, "right_hand": null}]}