{"image_path": "/home/hyem/workspace/frankmocap_notebooks/images/D9H-eRIROA/scene_00001079.jpg", "body_bbox_list": [[548, 140, 186, 508]], "hand_bbox_list": [{"left_hand": [700.5576782226562, 254.58880615234375, 38.5572509765625, 43.39312744140625], "right_hand": [549.0885009765625, 256.5387268066406, 42.66644287109375, 45.35894775390625]}]}