{"image_path": "/home/hyem/workspace/frankmocap_notebooks/images/D9H-eRIROA/scene_00006743.jpg", "body_bbox_list": [[488, 100, 273, 514]], "hand_bbox_list": [{"left_hand": [625.2908325195312, 254.54554748535156, 29.72772216796875, 107.20799255371094], "right_hand": [598.5254516601562, 251.5659637451172, 58.24609375, 111.90754699707031]}]}