{"image_path": "/home/hyem/workspace/frankmocap_notebooks/images/D9H-eRIROA/scene_00009643.jpg", "body_bbox_list": [[91, 98, 341, 552]], "hand_bbox_list": [{"left_hand": [245.48948669433594, 309.87408447265625, 60.91639709472656, 77.8314208984375], "right_hand": null}]}