{"image_path": "/home/hyem/workspace/frankmocap_notebooks/images/D9H-eRIROA/scene_00008181.jpg", "body_bbox_list": [[487, 259, 292, 371], [802, 222, 61, 180]], "hand_bbox_list": [{"left_hand": [655.0784912109375, 459.88214111328125, 31.46978759765625, 35.123931884765625], "right_hand": [655.0784912109375, 459.88214111328125, 31.46978759765625, 35.123931884765625]}, {"left_hand": null, "right_hand": null}]}