{"image_path": "/home/hyem/workspace/frankmocap_notebooks/images/D9H-eRIROA/scene_00009076.jpg", "body_bbox_list": [[457, 106, 335, 614]], "hand_bbox_list": [{"left_hand": [622.6356811523438, 415.4773254394531, 49.17724609375, 62.99664306640625], "right_hand": [594.2676391601562, 404.1888122558594, 72.37091064453125, 79.214599609375]}]}