{"image_path": "/home/hyem/workspace/frankmocap_notebooks/images/D9H-eRIROA/scene_00003179.jpg", "body_bbox_list": [[600, 153, 156, 476], [775, 103, 137, 458], [821, 350, 12, 223]], "hand_bbox_list": [{"left_hand": [724.2361450195312, 381.8739013671875, 33.3704833984375, 35.1630859375], "right_hand": [602.70263671875, 379.7239990234375, 28.607177734375, 31.428497314453125]}, {"left_hand": null, "right_hand": null}, {"left_hand": null, "right_hand": null}]}