{"image_path": "/home/hyem/workspace/frankmocap_notebooks/images/D9H-eRIROA/scene_00000826.jpg", "body_bbox_list": [[572, 134, 167, 514], [370, 89, 132, 267]], "hand_bbox_list": [{"left_hand": [629.5187377929688, 303.42767333984375, 42.39398193359375, 43.68157958984375], "right_hand": [629.5187377929688, 303.42767333984375, 42.39398193359375, 43.68157958984375]}, {"left_hand": null, "right_hand": null}]}