{"image_path": "/home/hyem/workspace/frankmocap_notebooks/images/D9H-eRIROA/scene_00002202.jpg", "body_bbox_list": [[572, 154, 161, 457]], "hand_bbox_list": [{"left_hand": [677.443359375, 288.7303771972656, 47.30889892578125, 37.171112060546875], "right_hand": [615.5780639648438, 302.2047119140625, 45.18798828125, 27.621246337890625]}]}