{"image_path": "/home/hyem/workspace/frankmocap_notebooks/images/D9H-eRIROA/scene_00006934.jpg", "body_bbox_list": [[383, 165, 359, 555]], "hand_bbox_list": [{"left_hand": [569.1524658203125, 484.6885986328125, 83.93463134765625, 92.08544921875], "right_hand": [412.5827331542969, 520.7874755859375, 68.61074829101562, 88.2939453125]}]}