{"image_path": "/home/hyem/workspace/frankmocap_notebooks/images/D9H-eRIROA/scene_00009717.jpg", "body_bbox_list": [[91, 98, 346, 552]], "hand_bbox_list": [{"left_hand": [248.5203399658203, 309.7900390625, 61.22431945800781, 81.95712280273438], "right_hand": null}]}