{"image_path": "/home/hyem/workspace/frankmocap_notebooks/images/D9H-eRIROA/scene_00009349.jpg", "body_bbox_list": [[372, 76, 370, 644]], "hand_bbox_list": [{"left_hand": [694.9718627929688, 476.6897888183594, 54.92791748046875, 68.49642944335938], "right_hand": [338.52178955078125, 300.2750549316406, 92.13836669921875, 90.96282958984375]}]}