{"image_path": "/home/hyem/workspace/frankmocap_notebooks/images/D9H-eRIROA/scene_00009667.jpg", "body_bbox_list": [[91, 98, 341, 552]], "hand_bbox_list": [{"left_hand": [247.28965759277344, 309.47735595703125, 61.36680603027344, 79.17227172851562], "right_hand": null}]}