{"image_path": "/home/hyem/workspace/frankmocap_notebooks/images/D9H-eRIROA/scene_00007763.jpg", "body_bbox_list": [[692, 102, 259, 465], [461, 153, 254, 470]], "hand_bbox_list": [{"left_hand": null, "right_hand": null}, {"left_hand": [699.90380859375, 312.2433166503906, 52.674560546875, 32.43157958984375], "right_hand": [440.3451232910156, 382.1921691894531, 40.21685791015625, 40.248443603515625]}]}