{"image_path": "/home/hyem/workspace/frankmocap_notebooks/images/D9H-eRIROA/scene_00002271.jpg", "body_bbox_list": [[494, 189, 272, 432], [762, 156, 192, 155], [834, 215, 104, 88]], "hand_bbox_list": [{"left_hand": [734.595458984375, 346.8797912597656, 30.90283203125, 50.076171875], "right_hand": [515.7018432617188, 374.3617248535156, 33.51885986328125, 41.64556884765625]}, {"left_hand": null, "right_hand": null}, {"left_hand": null, "right_hand": null}]}