{"image_path": "/home/hyem/workspace/frankmocap_notebooks/images/D9H-eRIROA/scene_00003810.jpg", "body_bbox_list": [[557, 117, 253, 514]], "hand_bbox_list": [{"left_hand": [583.0922241210938, 134.2947540283203, 39.9141845703125, 24.980377197265625], "right_hand": [601.3333740234375, 430.53570556640625, 21.626953125, 22.69189453125]}]}