{"image_path": "/home/hyem/workspace/frankmocap_notebooks/images/D9H-eRIROA/scene_00000952.jpg", "body_bbox_list": [[566, 134, 156, 520], [389, 174, 94, 7]], "hand_bbox_list": [{"left_hand": [623.05517578125, 248.65576171875, 31.5224609375, 54.77935791015625], "right_hand": [623.05517578125, 248.65576171875, 31.5224609375, 54.77935791015625]}, {"left_hand": null, "right_hand": null}]}