{"image_path": "/home/hyem/workspace/frankmocap_notebooks/images/D9H-eRIROA/scene_00009353.jpg", "body_bbox_list": [[424, 82, 311, 528]], "hand_bbox_list": [{"left_hand": [587.9554443359375, 460.6543884277344, 75.5216064453125, 79.09323120117188], "right_hand": [429.2603759765625, 306.5892333984375, 84.74395751953125, 95.84237670898438]}]}