{"image_path": "/home/hyem/workspace/frankmocap_notebooks/images/D9H-eRIROA/scene_00000795.jpg", "body_bbox_list": [[449, 137, 272, 581]], "hand_bbox_list": [{"left_hand": [602.8908081054688, 681.6942138671875, 42.1114501953125, 35.802978515625], "right_hand": [563.2793579101562, 678.2376708984375, 47.9686279296875, 40.287353515625]}]}