{"image_path": "/home/hyem/workspace/frankmocap_notebooks/images/D9H-eRIROA/scene_00007055.jpg", "body_bbox_list": [[487, 147, 292, 476], [765, 94, 259, 267]], "hand_bbox_list": [{"left_hand": [736.83447265625, 308.9881591796875, 42.03826904296875, 59.54583740234375], "right_hand": [488.8452453613281, 297.4941711425781, 40.514251708984375, 52.74908447265625]}, {"left_hand": null, "right_hand": null}]}