{"image_path": "/home/hyem/workspace/frankmocap_notebooks/images/D9H-eRIROA/scene_00007952.jpg", "body_bbox_list": [[506, 166, 242, 427], [706, 136, 180, 229]], "hand_bbox_list": [{"left_hand": [731.3313598632812, 375.16082763671875, 25.97198486328125, 43.04925537109375], "right_hand": [490.9004821777344, 351.7691650390625, 31.160980224609375, 37.546051025390625]}, {"left_hand": null, "right_hand": null}]}