{"image_path": "/home/hyem/workspace/frankmocap_notebooks/images/D9H-eRIROA/scene_00006925.jpg", "body_bbox_list": [[507, 123, 224, 597]], "hand_bbox_list": [{"left_hand": [515.4999389648438, 436.9993896484375, 83.78021240234375, 64.93569946289062], "right_hand": [515.4999389648438, 436.9993896484375, 83.78021240234375, 64.93569946289062]}]}