{"image_path": "/home/hyem/workspace/frankmocap_notebooks/images/D9H-eRIROA/scene_00000990.jpg", "body_bbox_list": [[549, 140, 167, 508], [388, 96, 113, 371], [419, 328, 50, 205]], "hand_bbox_list": [{"left_hand": [597.9393920898438, 297.8263854980469, 50.62115478515625, 41.32879638671875], "right_hand": [597.9393920898438, 297.8263854980469, 50.62115478515625, 41.32879638671875]}, {"left_hand": null, "right_hand": null}, {"left_hand": null, "right_hand": null}]}