{"image_path": "/home/hyem/workspace/frankmocap_notebooks/images/D9H-eRIROA/scene_00001412.jpg", "body_bbox_list": [[495, 146, 242, 495], [774, 106, 162, 378]], "hand_bbox_list": [{"left_hand": [656.685546875, 288.5167541503906, 39.3924560546875, 51.543701171875], "right_hand": [512.3997192382812, 304.0152587890625, 40.02203369140625, 42.20782470703125]}, {"left_hand": null, "right_hand": null}]}