{"image_path": "/home/hyem/workspace/frankmocap_notebooks/images/D9H-eRIROA/scene_00004151.jpg", "body_bbox_list": [[512, 193, 248, 441], [759, 152, 148, 354]], "hand_bbox_list": [{"left_hand": [651.449951171875, 439.7218933105469, 27.74560546875, 31.27239990234375], "right_hand": [606.2151489257812, 421.59075927734375, 31.7884521484375, 29.759765625]}, {"left_hand": null, "right_hand": null}]}