{"image_path": "/home/hyem/workspace/frankmocap_notebooks/images/D9H-eRIROA/scene_00009458.jpg", "body_bbox_list": [[400, 89, 370, 631]], "hand_bbox_list": [{"left_hand": [639.6604614257812, 119.69451904296875, 83.65142822265625, 117.14578247070312], "right_hand": [404.910888671875, 158.7296142578125, 61.968292236328125, 117.54617309570312]}]}