{"image_path": "/home/hyem/workspace/frankmocap_notebooks/images/D9H-eRIROA/scene_00006057.jpg", "body_bbox_list": [[520, 164, 180, 476]], "hand_bbox_list": [{"left_hand": [628.0709838867188, 211.16946411132812, 47.24517822265625, 53.85028076171875], "right_hand": [544.0963745117188, 228.3703155517578, 46.12457275390625, 43.88429260253906]}]}