{"image_path": "/home/hyem/workspace/frankmocap_notebooks/images/D9H-eRIROA/scene_00002264.jpg", "body_bbox_list": [[568, 160, 124, 451], [750, 188, 80, 181]], "hand_bbox_list": [{"left_hand": [670.684326171875, 402.5927429199219, 22.2811279296875, 39.8310546875], "right_hand": [574.7184448242188, 416.5003356933594, 26.15948486328125, 45.028106689453125]}, {"left_hand": null, "right_hand": null}]}