{"image_path": "/home/hyem/workspace/frankmocap_notebooks/images/D9H-eRIROA/scene_00004754.jpg", "body_bbox_list": [[505, 189, 273, 432], [676, 194, 229, 321], [744, 145, 93, 143], [773, 199, 74, 75]], "hand_bbox_list": [{"left_hand": [490.99029541015625, 319.7248840332031, 27.8692626953125, 31.003173828125], "right_hand": [490.99029541015625, 319.7248840332031, 27.8692626953125, 31.003173828125]}, {"left_hand": null, "right_hand": null}, {"left_hand": null, "right_hand": null}, {"left_hand": null, "right_hand": null}]}