{"image_path": "/home/hyem/workspace/frankmocap_notebooks/images/D9H-eRIROA/scene_00007365.jpg", "body_bbox_list": [[517, 188, 254, 440], [693, 141, 223, 371]], "hand_bbox_list": [{"left_hand": [494.6338806152344, 309.9880065917969, 33.246673583984375, 34.134429931640625], "right_hand": [553.2413330078125, 394.6016540527344, 32.49072265625, 36.944366455078125]}, {"left_hand": null, "right_hand": null}]}