{"image_path": "/home/hyem/workspace/frankmocap_notebooks/images/D9H-eRIROA/scene_00008840.jpg", "body_bbox_list": [[490, 141, 235, 495]], "hand_bbox_list": [{"left_hand": [590.4251708984375, 142.24395751953125, 59.76763916015625, 34.872100830078125], "right_hand": [487.2371826171875, 380.36785888671875, 35.5634765625, 46.25665283203125]}]}