{"image_path": "/home/hyem/workspace/frankmocap_notebooks/images/D9H-eRIROA/scene_00003099.jpg", "body_bbox_list": [[539, 171, 272, 457], [790, 185, 80, 148]], "hand_bbox_list": [{"left_hand": [692.6245727539062, 306.291259765625, 33.831787109375, 40.027099609375], "right_hand": [526.26318359375, 364.74884033203125, 30.83740234375, 40.357269287109375]}, {"left_hand": null, "right_hand": null}]}