{"image_path": "/home/hyem/workspace/frankmocap_notebooks/images/D9H-eRIROA/scene_00005254.jpg", "body_bbox_list": [[517, 170, 243, 465], [812, 125, 80, 229]], "hand_bbox_list": [{"left_hand": [739.190673828125, 314.42254638671875, 32.57574462890625, 33.2845458984375], "right_hand": [662.414794921875, 293.7937927246094, 39.82733154296875, 35.776824951171875]}, {"left_hand": null, "right_hand": null}]}