{"image_path": "/home/hyem/workspace/frankmocap_notebooks/images/D9H-eRIROA/scene_00008099.jpg", "body_bbox_list": [[544, 168, 273, 514]], "hand_bbox_list": [{"left_hand": [776.0318603515625, 174.173095703125, 34.3458251953125, 40.009246826171875], "right_hand": [532.1773071289062, 239.08560180664062, 38.8382568359375, 31.859344482421875]}]}