{"image_path": "/home/hyem/workspace/frankmocap_notebooks/images/D9H-eRIROA/scene_00009198.jpg", "body_bbox_list": [[402, 64, 327, 656]], "hand_bbox_list": [{"left_hand": [614.4290771484375, 437.3238525390625, 63.38055419921875, 80.4140625], "right_hand": [451.376708984375, 256.1114501953125, 82.0498046875, 107.22879028320312]}]}