{"image_path": "/home/hyem/workspace/frankmocap_notebooks/images/D9H-eRIROA/scene_00009218.jpg", "body_bbox_list": [[384, 88, 335, 533]], "hand_bbox_list": [{"left_hand": [481.6907958984375, 345.6499938964844, 67.64276123046875, 85.95822143554688], "right_hand": [481.6907958984375, 345.6499938964844, 67.64276123046875, 85.95822143554688]}]}