{"image_path": "/home/hyem/workspace/frankmocap_notebooks/images/D9H-eRIROA/scene_00002458.jpg", "body_bbox_list": [[562, 154, 136, 446]], "hand_bbox_list": [{"left_hand": [649.0994262695312, 325.35516357421875, 35.46533203125, 38.415191650390625], "right_hand": [616.0711669921875, 332.0888671875, 35.33587646484375, 34.242706298828125]}]}