{"image_path": "/home/hyem/workspace/frankmocap_notebooks/images/D9H-eRIROA/scene_00001672.jpg", "body_bbox_list": [[556, 171, 137, 446], [756, 125, 80, 341]], "hand_bbox_list": [{"left_hand": [674.1464233398438, 398.4129333496094, 26.87933349609375, 46.73150634765625], "right_hand": [562.1719360351562, 416.86126708984375, 27.24188232421875, 32.849365234375]}, {"left_hand": null, "right_hand": null}]}