{"image_path": "/home/hyem/workspace/frankmocap_notebooks/images/D9H-eRIROA/scene_00002967.jpg", "body_bbox_list": [[528, 166, 137, 422]], "hand_bbox_list": [{"left_hand": [649.4795532226562, 383.7945861816406, 16.2271728515625, 28.16778564453125], "right_hand": [528.4300537109375, 368.5423889160156, 33.6112060546875, 23.73602294921875]}]}