{"image_path": "/home/hyem/workspace/frankmocap_notebooks/images/D9H-eRIROA/scene_00008356.jpg", "body_bbox_list": [[525, 159, 199, 470]], "hand_bbox_list": [{"left_hand": [669.9030151367188, 201.9892120361328, 59.220947265625, 65.14683532714844], "right_hand": [549.1044921875, 225.77687072753906, 49.7490234375, 55.01979064941406]}]}