{"image_path": "/home/hyem/workspace/frankmocap_notebooks/images/D9H-eRIROA/scene_00007006.jpg", "body_bbox_list": [[562, 160, 148, 457], [724, 104, 155, 433]], "hand_bbox_list": [{"left_hand": [679.6021118164062, 401.2186279296875, 27.36053466796875, 37.316162109375], "right_hand": [565.6558837890625, 386.2275085449219, 31.0343017578125, 27.217681884765625]}, {"left_hand": null, "right_hand": null}]}