{"image_path": "/home/hyem/workspace/frankmocap_notebooks/images/D9H-eRIROA/scene_00002717.jpg", "body_bbox_list": [[497, 171, 199, 457], [719, 111, 148, 403]], "hand_bbox_list": [{"left_hand": [649.0200805664062, 346.2106628417969, 30.0552978515625, 36.951324462890625], "right_hand": [507.6333312988281, 396.7059326171875, 33.752593994140625, 33.20166015625]}, {"left_hand": null, "right_hand": null}]}