{"image_path": "/home/hyem/workspace/frankmocap_notebooks/images/D9H-eRIROA/scene_00008556.jpg", "body_bbox_list": [[537, 159, 180, 464], [755, 130, 93, 229]], "hand_bbox_list": [{"left_hand": [704.7607421875, 386.4917297363281, 28.9801025390625, 34.88775634765625], "right_hand": [573.173828125, 375.3739013671875, 33.6444091796875, 36.85845947265625]}, {"left_hand": null, "right_hand": null}]}