{"image_path": "/home/hyem/workspace/frankmocap_notebooks/images/D9H-eRIROA/scene_00003938.jpg", "body_bbox_list": [[488, 128, 267, 509]], "hand_bbox_list": [{"left_hand": [654.2078247070312, 118.47216796875, 41.3250732421875, 39.43544006347656], "right_hand": [470.73895263671875, 192.61183166503906, 30.445159912109375, 28.655303955078125]}]}