{"image_path": "/home/hyem/workspace/frankmocap_notebooks/images/D9H-eRIROA/scene_00006643.jpg", "body_bbox_list": [[502, 165, 199, 457]], "hand_bbox_list": [{"left_hand": [680.1115112304688, 241.10157775878906, 38.22149658203125, 38.24147033691406], "right_hand": [499.89813232421875, 250.90003967285156, 37.36297607421875, 45.56407165527344]}]}