{"image_path": "/home/hyem/workspace/frankmocap_notebooks/images/D9H-eRIROA/scene_00003747.jpg", "body_bbox_list": [[562, 189, 148, 421]], "hand_bbox_list": [{"left_hand": [685.4970092773438, 401.55194091796875, 31.5885009765625, 46.79656982421875], "right_hand": [603.1459350585938, 394.3890686035156, 36.25994873046875, 40.060302734375]}]}