{"image_path": "/home/hyem/workspace/frankmocap_notebooks/images/D9H-eRIROA/scene_00007323.jpg", "body_bbox_list": [[476, 199, 303, 446]], "hand_bbox_list": [{"left_hand": [716.5211791992188, 250.1083526611328, 42.92388916015625, 52.78651428222656], "right_hand": [484.2153015136719, 284.3787841796875, 41.165130615234375, 56.753265380859375]}]}