{"image_path": "/home/hyem/workspace/frankmocap_notebooks/images/D9H-eRIROA/scene_00005221.jpg", "body_bbox_list": [[472, 182, 260, 452], [660, 134, 216, 390]], "hand_bbox_list": [{"left_hand": [473.2598571777344, 283.37738037109375, 36.143463134765625, 36.1103515625], "right_hand": [452.55755615234375, 305.4691467285156, 28.966552734375, 28.91143798828125]}, {"left_hand": null, "right_hand": null}]}