{"image_path": "/home/hyem/workspace/frankmocap_notebooks/images/D9H-eRIROA/scene_00005020.jpg", "body_bbox_list": [[492, 175, 186, 465], [707, 114, 167, 464]], "hand_bbox_list": [{"left_hand": [576.9144287109375, 338.2626953125, 43.237548828125, 35.494354248046875], "right_hand": [475.8060607910156, 314.1540832519531, 32.734893798828125, 32.713775634765625]}, {"left_hand": null, "right_hand": null}]}