{"image_path": "/home/hyem/workspace/frankmocap_notebooks/images/D9H-eRIROA/scene_00004390.jpg", "body_bbox_list": [[544, 186, 161, 500]], "hand_bbox_list": [{"left_hand": [571.7919311523438, 222.27142333984375, 35.06329345703125, 18.962249755859375], "right_hand": null}]}