{"image_path": "/home/hyem/workspace/frankmocap_notebooks/images/D9H-eRIROA/scene_00008428.jpg", "body_bbox_list": [[512, 153, 242, 476], [746, 117, 167, 408]], "hand_bbox_list": [{"left_hand": [651.130615234375, 255.7194366455078, 47.136962890625, 40.23979187011719], "right_hand": [574.125244140625, 252.6103973388672, 42.24041748046875, 47.50453186035156]}, {"left_hand": null, "right_hand": null}]}