{"image_path": "/home/hyem/workspace/frankmocap_notebooks/images/D9H-eRIROA/scene_00006913.jpg", "body_bbox_list": [[427, 124, 519, 489]], "hand_bbox_list": [{"left_hand": [924.9656372070312, 557.6216430664062, 64.13482666015625, 68.148193359375], "right_hand": [420.01116943359375, 585.3414306640625, 56.1279296875, 90.9517822265625]}]}