{"image_path": "/home/hyem/workspace/frankmocap_notebooks/images/D9H-eRIROA/scene_00002632.jpg", "body_bbox_list": [[515, 176, 191, 452]], "hand_bbox_list": [{"left_hand": [620.717041015625, 272.8844909667969, 51.58636474609375, 54.4329833984375], "right_hand": [552.913330078125, 402.3367614746094, 28.5526123046875, 36.931121826171875]}]}