{"image_path": "/home/hyem/workspace/frankmocap_notebooks/images/D9H-eRIROA/scene_00002746.jpg", "body_bbox_list": [[546, 218, 235, 414], [752, 203, 161, 365]], "hand_bbox_list": [{"left_hand": [702.2313232421875, 393.0796203613281, 30.245361328125, 34.54962158203125], "right_hand": [565.2194213867188, 353.67266845703125, 31.960205078125, 31.35650634765625]}, {"left_hand": null, "right_hand": null}]}