{"image_path": "/home/hyem/workspace/frankmocap_notebooks/images/D9H-eRIROA/scene_00006540.jpg", "body_bbox_list": [[395, 171, 335, 451]], "hand_bbox_list": [{"left_hand": [716.8021240234375, 197.53866577148438, 39.907958984375, 37.53694152832031], "right_hand": [369.8603210449219, 342.5217590332031, 45.500091552734375, 34.754608154296875]}]}