{"image_path": "/home/hyem/workspace/frankmocap_notebooks/images/D9H-eRIROA/scene_00003534.jpg", "body_bbox_list": [[519, 160, 199, 457], [695, 120, 185, 452]], "hand_bbox_list": [{"left_hand": [708.0344848632812, 302.2462158203125, 31.12127685546875, 29.212799072265625], "right_hand": [518.999267578125, 237.06048583984375, 33.7789306640625, 38.632049560546875]}, {"left_hand": null, "right_hand": null}]}