{"image_path": "/home/hyem/workspace/frankmocap_notebooks/images/D9H-eRIROA/scene_00008869.jpg", "body_bbox_list": [[544, 145, 172, 520], [800, 78, 93, 266]], "hand_bbox_list": [{"left_hand": [701.3936767578125, 395.1318359375, 33.49072265625, 38.871856689453125], "right_hand": [606.5244140625, 354.03240966796875, 47.809326171875, 48.689544677734375]}, {"left_hand": null, "right_hand": null}]}