{"image_path": "/home/hyem/workspace/frankmocap_notebooks/images/D9H-eRIROA/scene_00002026.jpg", "body_bbox_list": [[554, 154, 180, 457], [718, 109, 173, 446]], "hand_bbox_list": [{"left_hand": [711.8212890625, 386.5482482910156, 27.28289794921875, 42.4486083984375], "right_hand": [554.5982055664062, 385.1175537109375, 29.91180419921875, 40.113525390625]}, {"left_hand": null, "right_hand": null}]}