{"image_path": "/home/hyem/workspace/frankmocap_notebooks/images/D9H-eRIROA/scene_00007941.jpg", "body_bbox_list": [[564, 154, 99, 457]], "hand_bbox_list": [{"left_hand": [535.5859375, 276.486328125, 20.50811767578125, 28.1983642578125], "right_hand": [678.8589477539062, 291.6075134277344, 26.17169189453125, 24.649566650390625]}]}