{"image_path": "/home/hyem/workspace/frankmocap_notebooks/images/D9H-eRIROA/scene_00008122.jpg", "body_bbox_list": [[538, 165, 167, 555]], "hand_bbox_list": [{"left_hand": [581.0748901367188, 184.3032684326172, 21.90301513671875, 26.387161254882812], "right_hand": null}]}