{"image_path": "/home/hyem/workspace/frankmocap_notebooks/images/D9H-eRIROA/scene_00009343.jpg", "body_bbox_list": [[391, 89, 327, 631]], "hand_bbox_list": [{"left_hand": [576.2496337890625, 467.1614990234375, 82.5439453125, 66.75634765625], "right_hand": [433.4358825683594, 428.35650634765625, 80.16891479492188, 71.73446655273438]}]}