{"image_path": "/home/hyem/workspace/frankmocap_notebooks/images/D9H-eRIROA/scene_00002397.jpg", "body_bbox_list": [[499, 163, 403, 490], [794, 205, 223, 321]], "hand_bbox_list": [{"left_hand": [617.875, 169.73089599609375, 49.76153564453125, 31.7864990234375], "right_hand": [530.3501586914062, 222.81690979003906, 37.5335693359375, 30.290069580078125]}, {"left_hand": null, "right_hand": null}]}