{"image_path": "/home/hyem/workspace/frankmocap_notebooks/images/D9H-eRIROA/scene_00006446.jpg", "body_bbox_list": [[544, 147, 155, 476], [726, 109, 129, 322], [810, 322, 6, 205]], "hand_bbox_list": [{"left_hand": [640.49169921875, 262.3655090332031, 44.22833251953125, 43.909759521484375], "right_hand": [570.0379638671875, 265.4920959472656, 33.3619384765625, 34.56683349609375]}, {"left_hand": null, "right_hand": null}, {"left_hand": null, "right_hand": null}]}