{"image_path": "/home/hyem/workspace/frankmocap_notebooks/images/D9H-eRIROA/scene_00000609.jpg", "body_bbox_list": [[424, 103, 322, 582]], "hand_bbox_list": [{"left_hand": [587.0050048828125, 294.3321228027344, 35.408935546875, 120.11648559570312], "right_hand": [554.221923828125, 291.02069091796875, 55.64056396484375, 127.43569946289062]}]}