{"image_path": "/home/hyem/workspace/frankmocap_notebooks/images/D9H-eRIROA/scene_00004574.jpg", "body_bbox_list": [[257, 76, 644, 551]], "hand_bbox_list": [{"left_hand": [815.220458984375, 4.253664493560791, 74.5660400390625, 88.95561218261719], "right_hand": [267.3028259277344, 20.9273624420166, 82.06533813476562, 104.54655456542969]}]}