{"image_path": "/home/hyem/workspace/frankmocap_notebooks/images/D9H-eRIROA/scene_00009199.jpg", "body_bbox_list": [[402, 71, 321, 649]], "hand_bbox_list": [{"left_hand": [567.282958984375, 415.8541564941406, 81.99127197265625, 86.902587890625], "right_hand": [473.4275207519531, 281.72662353515625, 82.78952026367188, 101.85720825195312]}]}