{"image_path": "/home/hyem/workspace/frankmocap_notebooks/images/D9H-eRIROA/scene_00002022.jpg", "body_bbox_list": [[573, 148, 142, 458], [749, 129, 99, 254]], "hand_bbox_list": [{"left_hand": [690.2797241210938, 392.4409484863281, 21.20989990234375, 35.5238037109375], "right_hand": [575.7939453125, 391.2788391113281, 25.16766357421875, 33.861846923828125]}, {"left_hand": null, "right_hand": null}]}