{"image_path": "/home/hyem/workspace/frankmocap_notebooks/images/D9H-eRIROA/scene_00006504.jpg", "body_bbox_list": [[538, 153, 161, 470], [743, 109, 123, 457]], "hand_bbox_list": [{"left_hand": [636.0691528320312, 251.68321228027344, 46.110595703125, 39.41764831542969], "right_hand": [585.9442138671875, 247.88507080078125, 42.93963623046875, 43.651947021484375]}, {"left_hand": null, "right_hand": null}]}