{"image_path": "/home/hyem/workspace/frankmocap_notebooks/images/D9H-eRIROA/scene_00008804.jpg", "body_bbox_list": [[500, 146, 243, 495]], "hand_bbox_list": [{"left_hand": [611.3928833007812, 155.6435546875, 51.78289794921875, 27.644271850585938], "right_hand": [500.0539245605469, 351.8619384765625, 39.587188720703125, 49.531005859375]}]}