{"image_path": "/home/hyem/workspace/frankmocap_notebooks/images/D9H-eRIROA/scene_00003901.jpg", "body_bbox_list": [[540, 170, 259, 470]], "hand_bbox_list": [{"left_hand": [764.4464111328125, 252.8827362060547, 33.3863525390625, 35.19737243652344], "right_hand": [534.1612548828125, 239.23565673828125, 39.2012939453125, 39.77105712890625]}]}