{"image_path": "/home/hyem/workspace/frankmocap_notebooks/images/D9H-eRIROA/scene_00006856.jpg", "body_bbox_list": [[509, 99, 327, 533]], "hand_bbox_list": [{"left_hand": [634.8117065429688, 416.7814025878906, 67.0609130859375, 66.53363037109375], "right_hand": [602.9073486328125, 427.2139892578125, 90.68829345703125, 69.9769287109375]}]}