{"image_path": "/home/hyem/workspace/frankmocap_notebooks/images/D9H-eRIROA/scene_00007231.jpg", "body_bbox_list": [[519, 112, 205, 508]], "hand_bbox_list": [{"left_hand": [667.053466796875, 109.8724136352539, 31.718994140625, 32.19182586669922], "right_hand": [520.8128051757812, 142.8042449951172, 24.87493896484375, 26.408584594726562]}]}