{"image_path": "/home/hyem/workspace/frankmocap_notebooks/images/D9H-eRIROA/scene_00008096.jpg", "body_bbox_list": [[539, 173, 272, 509]], "hand_bbox_list": [{"left_hand": [771.6902465820312, 187.06898498535156, 32.04266357421875, 39.08354187011719], "right_hand": [531.1932373046875, 236.81539916992188, 41.0052490234375, 32.13995361328125]}]}