{"image_path": "/home/hyem/workspace/frankmocap_notebooks/images/D9H-eRIROA/scene_00003416.jpg", "body_bbox_list": [[514, 164, 204, 465], [688, 126, 205, 446]], "hand_bbox_list": [{"left_hand": [701.1685791015625, 270.86456298828125, 33.65985107421875, 35.3162841796875], "right_hand": [516.1449584960938, 260.8367004394531, 36.7041015625, 31.273284912109375]}, {"left_hand": null, "right_hand": null}]}