{"image_path": "/home/hyem/workspace/frankmocap_notebooks/images/D9H-eRIROA/scene_00000860.jpg", "body_bbox_list": [[549, 146, 156, 501]], "hand_bbox_list": [{"left_hand": [604.1532592773438, 266.1027526855469, 32.54693603515625, 50.67327880859375], "right_hand": [604.1532592773438, 266.1027526855469, 32.54693603515625, 50.67327880859375]}]}