{"image_path": "/home/hyem/workspace/frankmocap_notebooks/images/D9H-eRIROA/scene_00002277.jpg", "body_bbox_list": [[486, 153, 316, 476]], "hand_bbox_list": [{"left_hand": [774.7775268554688, 186.1787872314453, 40.8580322265625, 55.22306823730469], "right_hand": [491.3736572265625, 168.08091735839844, 29.63592529296875, 50.262237548828125]}]}