{"image_path": "/home/hyem/workspace/frankmocap_notebooks/images/D9H-eRIROA/scene_00000634.jpg", "body_bbox_list": [[353, 121, 397, 563]], "hand_bbox_list": [{"left_hand": [477.98980712890625, 471.9339294433594, 115.83856201171875, 81.59963989257812], "right_hand": [478.7088623046875, 447.9422607421875, 97.93450927734375, 76.2325439453125]}]}