{"image_path": "/home/hyem/workspace/frankmocap_notebooks/images/D9H-eRIROA/scene_00000740.jpg", "body_bbox_list": [[323, 121, 440, 568]], "hand_bbox_list": [{"left_hand": [502.199462890625, 434.76904296875, 107.86865234375, 93.2781982421875], "right_hand": [425.3622131347656, 410.2951965332031, 106.39834594726562, 113.31631469726562]}]}