{"image_path": "/home/hyem/workspace/frankmocap_notebooks/images/D9H-eRIROA/scene_00004776.jpg", "body_bbox_list": [[512, 188, 253, 440], [827, 137, 124, 322]], "hand_bbox_list": [{"left_hand": [730.3250732421875, 331.85888671875, 34.97900390625, 55.827178955078125], "right_hand": [733.2439575195312, 326.7366943359375, 31.58868408203125, 31.68194580078125]}, {"left_hand": null, "right_hand": null}]}