{"image_path": "/home/hyem/workspace/frankmocap_notebooks/images/D9H-eRIROA/scene_00003844.jpg", "body_bbox_list": [[558, 176, 229, 458]], "hand_bbox_list": [{"left_hand": [752.4157104492188, 224.50376892089844, 34.42999267578125, 39.07972717285156], "right_hand": [542.9414672851562, 234.18453979492188, 41.1365966796875, 37.920867919921875]}]}