{"image_path": "/home/hyem/workspace/frankmocap_notebooks/images/D9H-eRIROA/scene_00003588.jpg", "body_bbox_list": [[507, 165, 229, 457], [702, 130, 137, 229]], "hand_bbox_list": [{"left_hand": [692.681640625, 325.6152648925781, 27.59930419921875, 42.96112060546875], "right_hand": [530.756591796875, 321.7471923828125, 42.63458251953125, 44.3768310546875]}, {"left_hand": null, "right_hand": null}]}