{"image_path": "/home/hyem/workspace/frankmocap_notebooks/images/D9H-eRIROA/scene_00002128.jpg", "body_bbox_list": [[543, 205, 191, 327], [765, 208, 124, 378]], "hand_bbox_list": [{"left_hand": [717.1976928710938, 416.740966796875, 46.577880859375, 47.23822021484375], "right_hand": [525.6378784179688, 426.857421875, 42.5921630859375, 50.507293701171875]}, {"left_hand": null, "right_hand": null}]}