{"image_path": "/home/hyem/workspace/frankmocap_notebooks/images/D9H-eRIROA/scene_00006473.jpg", "body_bbox_list": [[544, 153, 167, 465], [719, 103, 148, 452]], "hand_bbox_list": [{"left_hand": [627.718994140625, 262.5089111328125, 46.94635009765625, 38.01715087890625], "right_hand": [583.0202026367188, 262.9029235839844, 40.590087890625, 35.97369384765625]}, {"left_hand": null, "right_hand": null}]}