{"image_path": "/home/hyem/workspace/frankmocap_notebooks/images/D9H-eRIROA/scene_00006307.jpg", "body_bbox_list": [[513, 153, 234, 470], [729, 121, 173, 433]], "hand_bbox_list": [{"left_hand": [645.5650634765625, 245.95083618164062, 47.41021728515625, 39.217742919921875], "right_hand": [578.4794311523438, 250.31724548339844, 46.6798095703125, 33.45484924316406]}, {"left_hand": null, "right_hand": null}]}