{"image_path": "/home/hyem/workspace/frankmocap_notebooks/images/D9H-eRIROA/scene_00001446.jpg", "body_bbox_list": [[541, 153, 235, 470]], "hand_bbox_list": [{"left_hand": [703.2894897460938, 260.05889892578125, 48.17681884765625, 23.26885986328125], "right_hand": [550.5704956054688, 268.9873046875, 46.6329345703125, 35.2418212890625]}]}