{"image_path": "/home/hyem/workspace/frankmocap_notebooks/images/D9H-eRIROA/scene_00001722.jpg", "body_bbox_list": [[750, 108, 199, 476], [578, 165, 155, 452]], "hand_bbox_list": [{"left_hand": null, "right_hand": null}, {"left_hand": [703.3973999023438, 372.6119689941406, 34.89508056640625, 45.594390869140625], "right_hand": [583.6853637695312, 413.2591857910156, 13.9864501953125, 24.250244140625]}]}