{"image_path": "/home/hyem/workspace/frankmocap_notebooks/images/D9H-eRIROA/scene_00002624.jpg", "body_bbox_list": [[538, 159, 173, 464], [729, 103, 162, 458], [848, 185, 31, 148]], "hand_bbox_list": [{"left_hand": [665.5241088867188, 394.0135498046875, 37.47430419921875, 40.19488525390625], "right_hand": [543.4301147460938, 387.54766845703125, 34.55572509765625, 38.011688232421875]}, {"left_hand": null, "right_hand": null}, {"left_hand": null, "right_hand": null}]}