{"image_path": "/home/hyem/workspace/frankmocap_notebooks/images/D9H-eRIROA/scene_00002327.jpg", "body_bbox_list": [[467, 176, 253, 446], [727, 178, 104, 297]], "hand_bbox_list": [{"left_hand": [678.7978515625, 374.4238586425781, 39.8336181640625, 34.955291748046875], "right_hand": [466.6302795410156, 211.45755004882812, 32.205352783203125, 38.698028564453125]}, {"left_hand": null, "right_hand": null}]}