{"image_path": "/home/hyem/workspace/frankmocap_notebooks/images/D9H-eRIROA/scene_00004334.jpg", "body_bbox_list": [[559, 165, 199, 452]], "hand_bbox_list": [{"left_hand": [749.15380859375, 252.97450256347656, 32.8160400390625, 36.15092468261719], "right_hand": [570.0249633789062, 265.1149597167969, 36.6187744140625, 40.08966064453125]}]}