{"image_path": "/home/hyem/workspace/frankmocap_notebooks/images/D9H-eRIROA/scene_00004506.jpg", "body_bbox_list": [[489, 82, 254, 539]], "hand_bbox_list": [{"left_hand": [696.14111328125, 59.67401885986328, 53.71051025390625, 51.97340393066406], "right_hand": [479.2903137207031, 105.09042358398438, 39.312652587890625, 50.87059020996094]}]}