{"image_path": "/home/hyem/workspace/frankmocap_notebooks/images/D9H-eRIROA/scene_00001005.jpg", "body_bbox_list": [[519, 152, 205, 489], [402, 185, 80, 18]], "hand_bbox_list": [{"left_hand": [670.4380493164062, 273.6983947753906, 45.60498046875, 43.7786865234375], "right_hand": [518.1650390625, 288.26318359375, 34.59222412109375, 38.973052978515625]}, {"left_hand": null, "right_hand": null}]}