{"image_path": "/home/hyem/workspace/frankmocap_notebooks/images/D9H-eRIROA/scene_00007951.jpg", "body_bbox_list": [[514, 166, 210, 427], [743, 136, 129, 235]], "hand_bbox_list": [{"left_hand": [704.4146118164062, 379.6307067871094, 27.85321044921875, 38.4874267578125], "right_hand": [493.3217468261719, 358.2945251464844, 33.212677001953125, 37.564697265625]}, {"left_hand": null, "right_hand": null}]}