{"image_path": "/home/hyem/workspace/frankmocap_notebooks/images/D9H-eRIROA/scene_00008927.jpg", "body_bbox_list": [[549, 134, 167, 525], [791, 84, 156, 248]], "hand_bbox_list": [{"left_hand": [621.0628662109375, 240.16281127929688, 40.76177978515625, 47.1817626953125], "right_hand": [621.0628662109375, 240.16281127929688, 40.76177978515625, 47.1817626953125]}, {"left_hand": null, "right_hand": null}]}