{"image_path": "/home/hyem/workspace/frankmocap_notebooks/images/D9H-eRIROA/scene_00000913.jpg", "body_bbox_list": [[538, 152, 167, 484], [375, 101, 161, 378]], "hand_bbox_list": [{"left_hand": [611.05810546875, 288.1572570800781, 40.16461181640625, 41.00811767578125], "right_hand": [585.9879760742188, 285.8072814941406, 39.66827392578125, 39.059234619140625]}, {"left_hand": null, "right_hand": null}]}