{"image_path": "/home/hyem/workspace/frankmocap_notebooks/images/D9H-eRIROA/scene_00007284.jpg", "body_bbox_list": [[488, 170, 273, 470], [793, 106, 124, 384], [858, 330, 56, 173]], "hand_bbox_list": [{"left_hand": [610.1987915039062, 369.26776123046875, 31.5714111328125, 42.143157958984375], "right_hand": [565.748779296875, 362.76190185546875, 22.98577880859375, 37.7108154296875]}, {"left_hand": null, "right_hand": null}, {"left_hand": null, "right_hand": null}]}