{"image_path": "/home/hyem/workspace/frankmocap_notebooks/images/D9H-eRIROA/scene_00004486.jpg", "body_bbox_list": [[494, 200, 278, 427]], "hand_bbox_list": [{"left_hand": [742.709716796875, 263.6304931640625, 39.72344970703125, 59.290802001953125], "right_hand": [496.0050048828125, 306.3162536621094, 31.77935791015625, 41.948974609375]}]}