{"image_path": "/home/hyem/workspace/frankmocap_notebooks/images/D9H-eRIROA/scene_00003840.jpg", "body_bbox_list": [[545, 169, 243, 495]], "hand_bbox_list": [{"left_hand": [772.2349853515625, 223.856689453125, 37.05059814453125, 39.5859375], "right_hand": [535.918212890625, 214.95803833007812, 41.49053955078125, 37.75837707519531]}]}