{"image_path": "/home/hyem/workspace/frankmocap_notebooks/images/D9H-eRIROA/scene_00009472.jpg", "body_bbox_list": [[393, 94, 384, 626]], "hand_bbox_list": [{"left_hand": [632.2771606445312, 113.12566375732422, 87.532470703125, 116.95323944091797], "right_hand": [399.7066955566406, 158.16632080078125, 62.8497314453125, 118.12173461914062]}]}