{"image_path": "/home/hyem/workspace/frankmocap_notebooks/images/D9H-eRIROA/scene_00002744.jpg", "body_bbox_list": [[540, 218, 242, 414], [752, 203, 161, 359]], "hand_bbox_list": [{"left_hand": [701.9512329101562, 394.3677978515625, 29.057373046875, 35.545440673828125], "right_hand": [555.7842407226562, 355.5080871582031, 38.42779541015625, 32.384063720703125]}, {"left_hand": null, "right_hand": null}]}