{"image_path": "/home/hyem/workspace/frankmocap_notebooks/images/D9H-eRIROA/scene_00009734.jpg", "body_bbox_list": [[91, 105, 346, 533]], "hand_bbox_list": [{"left_hand": [249.09828186035156, 309.4330749511719, 60.54487609863281, 80.67868041992188], "right_hand": null}]}