{"image_path": "/home/hyem/workspace/frankmocap_notebooks/images/D9H-eRIROA/scene_00005891.jpg", "body_bbox_list": [[521, 147, 167, 476], [715, 177, 112, 310]], "hand_bbox_list": [{"left_hand": [664.4720458984375, 281.9619445800781, 31.01629638671875, 35.13970947265625], "right_hand": [524.2193603515625, 286.7907409667969, 28.0775146484375, 27.991973876953125]}, {"left_hand": null, "right_hand": null}]}