{"image_path": "/home/hyem/workspace/frankmocap_notebooks/images/D9H-eRIROA/scene_00006072.jpg", "body_bbox_list": [[549, 147, 162, 471], [725, 113, 142, 235]], "hand_bbox_list": [{"left_hand": [664.224365234375, 256.5951843261719, 34.50592041015625, 39.83770751953125], "right_hand": [543.6189575195312, 249.57687377929688, 35.34368896484375, 42.43060302734375]}, {"left_hand": null, "right_hand": null}]}