{"image_path": "/home/hyem/workspace/frankmocap_notebooks/images/D9H-eRIROA/scene_00005203.jpg", "body_bbox_list": [[465, 170, 291, 470], [665, 122, 223, 403]], "hand_bbox_list": [{"left_hand": [468.478759765625, 282.4329528808594, 37.120269775390625, 37.5552978515625], "right_hand": [468.478759765625, 282.4329528808594, 37.120269775390625, 37.5552978515625]}, {"left_hand": null, "right_hand": null}]}