{"image_path": "/home/hyem/workspace/frankmocap_notebooks/images/D9H-eRIROA/scene_00006273.jpg", "body_bbox_list": [[489, 153, 254, 470], [724, 110, 172, 421]], "hand_bbox_list": [{"left_hand": [637.2188720703125, 248.52064514160156, 47.51220703125, 45.06813049316406], "right_hand": [491.7842712402344, 228.11856079101562, 36.579376220703125, 39.489898681640625]}, {"left_hand": null, "right_hand": null}]}