{"image_path": "/home/hyem/workspace/frankmocap_notebooks/images/D9H-eRIROA/scene_00005236.jpg", "body_bbox_list": [[516, 182, 161, 457], [719, 191, 148, 378]], "hand_bbox_list": [{"left_hand": [612.4006958007812, 300.91607666015625, 34.69586181640625, 34.446807861328125], "right_hand": [520.7246704101562, 310.1413879394531, 34.6817626953125, 33.42779541015625]}, {"left_hand": null, "right_hand": null}]}