{"image_path": "/home/hyem/workspace/frankmocap_notebooks/images/D9H-eRIROA/scene_00001424.jpg", "body_bbox_list": [[531, 147, 204, 476]], "hand_bbox_list": [{"left_hand": [690.9409790039062, 157.21058654785156, 58.378173828125, 51.72624206542969], "right_hand": [508.4883728027344, 163.25413513183594, 62.552154541015625, 60.146453857421875]}]}