{"image_path": "/home/hyem/workspace/frankmocap_notebooks/images/D9H-eRIROA/scene_00005031.jpg", "body_bbox_list": [[536, 188, 205, 446]], "hand_bbox_list": [{"left_hand": [738.2313842773438, 350.2847595214844, 27.27947998046875, 33.535736083984375], "right_hand": [669.1096801757812, 282.5599365234375, 38.1080322265625, 39.736358642578125]}]}