{"image_path": "/home/hyem/workspace/frankmocap_notebooks/images/D9H-eRIROA/scene_00001146.jpg", "body_bbox_list": [[405, 102, 360, 595]], "hand_bbox_list": [{"left_hand": [628.6351318359375, 376.777587890625, 121.46331787109375, 103.1055908203125], "right_hand": [482.38641357421875, 445.2311096191406, 132.49908447265625, 117.44833374023438]}]}