{"image_path": "/home/hyem/workspace/frankmocap_notebooks/images/D9H-eRIROA/scene_00006989.jpg", "body_bbox_list": [[544, 147, 155, 476], [726, 103, 112, 452]], "hand_bbox_list": [{"left_hand": [682.0442504882812, 393.6402893066406, 27.13067626953125, 35.7008056640625], "right_hand": [564.3865356445312, 392.8077392578125, 29.6788330078125, 28.333648681640625]}, {"left_hand": null, "right_hand": null}]}