{"image_path": "/home/hyem/workspace/frankmocap_notebooks/images/D9H-eRIROA/scene_00006176.jpg", "body_bbox_list": [[555, 171, 156, 451], [724, 121, 161, 427], [819, 225, 61, 112]], "hand_bbox_list": [{"left_hand": [686.6319580078125, 365.10650634765625, 30.61328125, 25.4993896484375], "right_hand": [548.4464111328125, 361.01104736328125, 31.48504638671875, 24.99932861328125]}, {"left_hand": null, "right_hand": null}, {"left_hand": null, "right_hand": null}]}