{"image_path": "/home/hyem/workspace/frankmocap_notebooks/images/D9H-eRIROA/scene_00002783.jpg", "body_bbox_list": [[484, 176, 259, 446], [722, 116, 204, 421], [793, 131, 124, 199]], "hand_bbox_list": [{"left_hand": [718.5180053710938, 361.0657043457031, 32.52520751953125, 41.26446533203125], "right_hand": [480.19622802734375, 381.39752197265625, 32.89019775390625, 40.257354736328125]}, {"left_hand": null, "right_hand": null}, {"left_hand": null, "right_hand": null}]}