{"image_path": "/home/hyem/workspace/frankmocap_notebooks/images/D9H-eRIROA/scene_00009283.jpg", "body_bbox_list": [[487, 94, 303, 626]], "hand_bbox_list": [{"left_hand": [670.5390625, 337.0816955566406, 77.17840576171875, 57.21484375], "right_hand": [499.9717102050781, 328.2266540527344, 78.06271362304688, 77.32266235351562]}]}