{"image_path": "/home/hyem/workspace/frankmocap_notebooks/images/D9H-eRIROA/scene_00004687.jpg", "body_bbox_list": [[507, 182, 229, 446], [683, 131, 192, 441]], "hand_bbox_list": [{"left_hand": [508.2184143066406, 322.33831787109375, 24.329864501953125, 28.14385986328125], "right_hand": [538.63720703125, 358.4865417480469, 28.23388671875, 34.692901611328125]}, {"left_hand": null, "right_hand": null}]}