{"image_path": "/home/hyem/workspace/frankmocap_notebooks/images/D9H-eRIROA/scene_00000699.jpg", "body_bbox_list": [[414, 91, 421, 606]], "hand_bbox_list": [{"left_hand": [576.35888671875, 547.6903686523438, 112.34857177734375, 91.70843505859375], "right_hand": [526.2189331054688, 453.76690673828125, 117.59906005859375, 121.880126953125]}]}