{"image_path": "/home/hyem/workspace/frankmocap_notebooks/images/D9H-eRIROA/scene_00004371.jpg", "body_bbox_list": [[505, 165, 273, 452]], "hand_bbox_list": [{"left_hand": [723.6951293945312, 269.97296142578125, 31.20709228515625, 45.2005615234375], "right_hand": [487.4055480957031, 290.9541320800781, 38.751251220703125, 36.322265625]}]}