{"image_path": "/home/hyem/workspace/frankmocap_notebooks/images/D9H-eRIROA/scene_00000802.jpg", "body_bbox_list": [[454, 125, 273, 582]], "hand_bbox_list": [{"left_hand": [592.283447265625, 674.1580810546875, 38.5782470703125, 43.59869384765625], "right_hand": [558.74169921875, 670.9216918945312, 37.58367919921875, 47.2733154296875]}]}