{"image_path": "/home/hyem/workspace/frankmocap_notebooks/images/D9H-eRIROA/scene_00003040.jpg", "body_bbox_list": [[537, 194, 186, 427], [727, 178, 216, 61]], "hand_bbox_list": [{"left_hand": [632.922119140625, 295.2513732910156, 42.51568603515625, 42.721893310546875], "right_hand": [566.074951171875, 424.6768798828125, 30.91510009765625, 26.56671142578125]}, {"left_hand": null, "right_hand": null}]}