{"image_path": "/home/hyem/workspace/frankmocap_notebooks/images/D9H-eRIROA/scene_00006104.jpg", "body_bbox_list": [[515, 160, 191, 457], [731, 173, 113, 397]], "hand_bbox_list": [{"left_hand": [629.9367065429688, 273.0111389160156, 35.307373046875, 32.095184326171875], "right_hand": [518.0639038085938, 262.8016052246094, 34.298583984375, 27.800506591796875]}, {"left_hand": null, "right_hand": null}]}