{"image_path": "/home/hyem/workspace/frankmocap_notebooks/images/D9H-eRIROA/scene_00001032.jpg", "body_bbox_list": [[538, 152, 161, 484], [382, 102, 148, 465]], "hand_bbox_list": [{"left_hand": [639.3043823242188, 237.27386474609375, 42.37646484375, 47.467132568359375], "right_hand": [570.8680419921875, 235.54443359375, 45.4306640625, 50.368255615234375]}, {"left_hand": null, "right_hand": null}]}