{"image_path": "/home/hyem/workspace/frankmocap_notebooks/images/D9H-eRIROA/scene_00001163.jpg", "body_bbox_list": [[379, 121, 322, 551]], "hand_bbox_list": [{"left_hand": [491.4563293457031, 576.5093994140625, 118.27304077148438, 86.9566650390625], "right_hand": [426.383056640625, 435.1626281738281, 114.04833984375, 116.77713012695312]}]}