{"image_path": "/home/hyem/workspace/frankmocap_notebooks/images/D9H-eRIROA/scene_00000756.jpg", "body_bbox_list": [[348, 121, 390, 568]], "hand_bbox_list": [{"left_hand": [611.3661499023438, 432.72796630859375, 91.839599609375, 110.8583984375], "right_hand": [433.5726623535156, 408.0224609375, 118.92758178710938, 126.55194091796875]}]}