{"image_path": "/home/hyem/workspace/frankmocap_notebooks/images/D9H-eRIROA/scene_00002483.jpg", "body_bbox_list": [[494, 171, 272, 446]], "hand_bbox_list": [{"left_hand": [752.5830078125, 244.55715942382812, 36.07061767578125, 50.537933349609375], "right_hand": [499.4787902832031, 229.69287109375, 30.015228271484375, 51.675933837890625]}]}