{"image_path": "/home/hyem/workspace/frankmocap_notebooks/images/D9H-eRIROA/scene_00003635.jpg", "body_bbox_list": [[568, 159, 129, 476], [737, 173, 118, 397]], "hand_bbox_list": [{"left_hand": [626.6220703125, 280.3771057128906, 37.8182373046875, 39.134857177734375], "right_hand": [626.6220703125, 280.3771057128906, 37.8182373046875, 39.134857177734375]}, {"left_hand": null, "right_hand": null}]}