{"image_path": "/home/hyem/workspace/frankmocap_notebooks/images/D9H-eRIROA/scene_00002542.jpg", "body_bbox_list": [[599, 135, 186, 501], [834, 161, 93, 162]], "hand_bbox_list": [{"left_hand": null, "right_hand": [662.62060546875, 382.4595642089844, 21.071044921875, 21.77154541015625]}, {"left_hand": null, "right_hand": null}]}