{"image_path": "/home/hyem/workspace/frankmocap_notebooks/images/D9H-eRIROA/scene_00003279.jpg", "body_bbox_list": [[536, 159, 205, 476], [743, 172, 129, 421]], "hand_bbox_list": [{"left_hand": [728.9814453125, 200.66778564453125, 29.78411865234375, 35.57847595214844], "right_hand": [528.438720703125, 257.20855712890625, 33.26898193359375, 34.618560791015625]}, {"left_hand": null, "right_hand": null}]}