{"image_path": "/home/hyem/workspace/frankmocap_notebooks/images/D9H-eRIROA/scene_00009327.jpg", "body_bbox_list": [[402, 89, 321, 631]], "hand_bbox_list": [{"left_hand": [499.5171813964844, 432.19378662109375, 81.28115844726562, 70.92660522460938], "right_hand": [499.5171813964844, 432.19378662109375, 81.28115844726562, 70.92660522460938]}]}