{"image_path": "/home/hyem/workspace/frankmocap_notebooks/images/D9H-eRIROA/scene_00002871.jpg", "body_bbox_list": [[518, 171, 235, 451], [769, 109, 172, 446], [833, 187, 112, 88]], "hand_bbox_list": [{"left_hand": [742.6700439453125, 315.2727966308594, 34.74151611328125, 40.749725341796875], "right_hand": [520.244873046875, 267.1598205566406, 31.132568359375, 31.572540283203125]}, {"left_hand": null, "right_hand": null}, {"left_hand": null, "right_hand": null}]}