{"image_path": "/home/hyem/workspace/frankmocap_notebooks/images/D9H-eRIROA/scene_00007979.jpg", "body_bbox_list": [[573, 176, 137, 446], [683, 135, 186, 242]], "hand_bbox_list": [{"left_hand": [662.2885131835938, 392.112548828125, 36.49285888671875, 39.3853759765625], "right_hand": [575.9158325195312, 405.59698486328125, 32.529296875, 36.4871826171875]}, {"left_hand": null, "right_hand": null}]}