{"image_path": "/home/hyem/workspace/frankmocap_notebooks/images/D9H-eRIROA/scene_00005447.jpg", "body_bbox_list": [[566, 141, 156, 495], [782, 84, 112, 495]], "hand_bbox_list": [{"left_hand": [675.061279296875, 318.28717041015625, 45.78717041015625, 30.195648193359375], "right_hand": [675.061279296875, 318.28717041015625, 45.78717041015625, 30.195648193359375]}, {"left_hand": null, "right_hand": null}]}