{"image_path": "/home/hyem/workspace/frankmocap_notebooks/images/D9H-eRIROA/scene_00005036.jpg", "body_bbox_list": [[488, 175, 278, 465]], "hand_bbox_list": [{"left_hand": [755.5341186523438, 342.1484069824219, 29.58892822265625, 33.62957763671875], "right_hand": [698.5291748046875, 268.7420654296875, 38.30377197265625, 40.660552978515625]}]}