{"image_path": "/home/hyem/workspace/frankmocap_notebooks/images/D9H-eRIROA/scene_00002426.jpg", "body_bbox_list": [[785, 71, 185, 533], [588, 146, 191, 501], [926, 183, 50, 191]], "hand_bbox_list": [{"left_hand": null, "right_hand": null}, {"left_hand": [755.2360229492188, 407.5035705566406, 29.81219482421875, 43.991607666015625], "right_hand": [587.518310546875, 392.11761474609375, 29.95367431640625, 26.672637939453125]}, {"left_hand": null, "right_hand": null}]}