{"image_path": "/home/hyem/workspace/frankmocap_notebooks/images/D9H-eRIROA/scene_00002343.jpg", "body_bbox_list": [[453, 171, 303, 451], [725, 117, 260, 278], [833, 183, 129, 61]], "hand_bbox_list": [{"left_hand": [727.410400390625, 291.2362976074219, 45.03326416015625, 49.520263671875], "right_hand": [453.3678283691406, 227.02777099609375, 33.3812255859375, 51.724700927734375]}, {"left_hand": null, "right_hand": null}, {"left_hand": null, "right_hand": null}]}