{"image_path": "/home/hyem/workspace/frankmocap_notebooks/images/D9H-eRIROA/scene_00009325.jpg", "body_bbox_list": [[402, 82, 321, 638]], "hand_bbox_list": [{"left_hand": [500.8617858886719, 435.8193359375, 81.13790893554688, 71.95040893554688], "right_hand": [500.8617858886719, 435.8193359375, 81.13790893554688, 71.95040893554688]}]}