{"image_path": "/home/hyem/workspace/frankmocap_notebooks/images/D9H-eRIROA/scene_00006624.jpg", "body_bbox_list": [[538, 147, 161, 471], [727, 120, 99, 80]], "hand_bbox_list": [{"left_hand": [677.9071655273438, 238.93960571289062, 37.484375, 40.812652587890625], "right_hand": [569.8260498046875, 238.6332550048828, 35.7431640625, 40.01048278808594]}, {"left_hand": null, "right_hand": null}]}