{"image_path": "/home/hyem/workspace/frankmocap_notebooks/images/D9H-eRIROA/scene_00002148.jpg", "body_bbox_list": [[505, 172, 267, 427], [796, 186, 180, 112]], "hand_bbox_list": [{"left_hand": [726.198486328125, 330.80548095703125, 45.3626708984375, 47.423431396484375], "right_hand": [510.08392333984375, 351.1607360839844, 30.99774169921875, 41.023956298828125]}, {"left_hand": null, "right_hand": null}]}