{"image_path": "/home/hyem/workspace/frankmocap_notebooks/images/D9H-eRIROA/scene_00005396.jpg", "body_bbox_list": [[409, 131, 397, 587]], "hand_bbox_list": [{"left_hand": [614.7174072265625, 460.3100280761719, 89.285888671875, 72.08834838867188], "right_hand": [469.59613037109375, 479.95159912109375, 88.40057373046875, 86.95208740234375]}]}