{"image_path": "/home/hyem/workspace/frankmocap_notebooks/images/D9H-eRIROA/scene_00004924.jpg", "body_bbox_list": [[543, 141, 186, 489], [782, 102, 112, 476]], "hand_bbox_list": [{"left_hand": [715.5155029296875, 355.0848083496094, 29.97119140625, 45.561370849609375], "right_hand": [608.291748046875, 291.21990966796875, 42.9515380859375, 35.7591552734375]}, {"left_hand": null, "right_hand": null}]}