{"image_path": "/home/hyem/workspace/frankmocap_notebooks/images/D9H-eRIROA/scene_00006301.jpg", "body_bbox_list": [[518, 153, 224, 470], [742, 119, 148, 353]], "hand_bbox_list": [{"left_hand": [644.8077392578125, 256.62481689453125, 47.52935791015625, 41.70440673828125], "right_hand": [577.0343627929688, 261.7953186035156, 49.43560791015625, 35.466033935546875]}, {"left_hand": null, "right_hand": null}]}