{"image_path": "/home/hyem/workspace/frankmocap_notebooks/images/D9H-eRIROA/scene_00007668.jpg", "body_bbox_list": [[501, 159, 235, 470], [735, 117, 173, 408]], "hand_bbox_list": [{"left_hand": [637.5816650390625, 254.91796875, 49.66650390625, 41.0068359375], "right_hand": [561.8735961914062, 252.6637725830078, 49.2950439453125, 44.50428771972656]}, {"left_hand": null, "right_hand": null}]}