{"image_path": "/home/hyem/workspace/frankmocap_notebooks/images/D9H-eRIROA/scene_00009284.jpg", "body_bbox_list": [[481, 100, 315, 620]], "hand_bbox_list": [{"left_hand": [668.8557739257812, 346.2449035644531, 82.166748046875, 73.7608642578125], "right_hand": [492.9934997558594, 341.7312316894531, 70.52310180664062, 88.98086547851562]}]}