{"image_path": "/home/hyem/workspace/frankmocap_notebooks/images/D9H-eRIROA/scene_00001050.jpg", "body_bbox_list": [[556, 146, 148, 495], [365, 103, 148, 452]], "hand_bbox_list": [{"left_hand": [648.4754638671875, 233.91006469726562, 29.57373046875, 51.326629638671875], "right_hand": [585.8475341796875, 237.5333251953125, 43.4053955078125, 51.3902587890625]}, {"left_hand": null, "right_hand": null}]}