{"image_path": "/home/hyem/workspace/frankmocap_notebooks/images/D9H-eRIROA/scene_00006456.jpg", "body_bbox_list": [[544, 153, 161, 465], [696, 109, 155, 322]], "hand_bbox_list": [{"left_hand": [631.5728759765625, 254.38734436035156, 47.42425537109375, 47.09010314941406], "right_hand": [576.4973754882812, 264.6939392089844, 39.1624755859375, 39.697845458984375]}, {"left_hand": null, "right_hand": null}]}