{"image_path": "/home/hyem/workspace/frankmocap_notebooks/images/D9H-eRIROA/scene_00003885.jpg", "body_bbox_list": [[528, 182, 272, 457]], "hand_bbox_list": [{"left_hand": [761.0721435546875, 223.88465881347656, 34.0560302734375, 41.85090637207031], "right_hand": [521.216064453125, 241.04885864257812, 41.6060791015625, 36.561370849609375]}]}