{"image_path": "/home/hyem/workspace/frankmocap_notebooks/images/D9H-eRIROA/scene_00001782.jpg", "body_bbox_list": [[549, 147, 162, 471], [713, 103, 161, 452]], "hand_bbox_list": [{"left_hand": [661.5430908203125, 253.50369262695312, 35.9915771484375, 38.69940185546875], "right_hand": [566.6481323242188, 276.6773376464844, 40.0174560546875, 40.632415771484375]}, {"left_hand": null, "right_hand": null}]}