{"image_path": "/home/hyem/workspace/frankmocap_notebooks/images/D9H-eRIROA/scene_00003389.jpg", "body_bbox_list": [[500, 153, 254, 476]], "hand_bbox_list": [{"left_hand": [740.6915283203125, 228.8248748779297, 34.56756591796875, 36.27018737792969], "right_hand": [494.4143981933594, 244.3950653076172, 37.616851806640625, 38.82682800292969]}]}