{"image_path": "/home/hyem/workspace/frankmocap_notebooks/images/D9H-eRIROA/scene_00004877.jpg", "body_bbox_list": [[549, 146, 291, 484]], "hand_bbox_list": [{"left_hand": [773.9736938476562, 129.4800567626953, 47.46002197265625, 44.70069885253906], "right_hand": [534.40673828125, 280.546142578125, 37.368896484375, 41.424713134765625]}]}