{"image_path": "/home/hyem/workspace/frankmocap_notebooks/images/D9H-eRIROA/scene_00001369.jpg", "body_bbox_list": [[527, 141, 161, 500], [748, 99, 113, 421]], "hand_bbox_list": [{"left_hand": [647.4452514648438, 289.2506408691406, 34.06207275390625, 33.95367431640625], "right_hand": [563.1054077148438, 367.93768310546875, 32.47882080078125, 37.06976318359375]}, {"left_hand": null, "right_hand": null}]}