{"image_path": "/home/hyem/workspace/frankmocap_notebooks/images/D9H-eRIROA/scene_00001376.jpg", "body_bbox_list": [[538, 141, 161, 500], [817, 177, 88, 180]], "hand_bbox_list": [{"left_hand": [643.7373046875, 289.2378845214844, 39.8082275390625, 37.560394287109375], "right_hand": [560.7340698242188, 378.0499572753906, 32.37786865234375, 38.725311279296875]}, {"left_hand": null, "right_hand": null}]}