{"image_path": "/home/hyem/workspace/frankmocap_notebooks/images/D9H-eRIROA/scene_00009178.jpg", "body_bbox_list": [[483, 94, 278, 626]], "hand_bbox_list": [{"left_hand": [515.439453125, 376.8848876953125, 91.052001953125, 93.19387817382812], "right_hand": [515.439453125, 376.8848876953125, 91.052001953125, 93.19387817382812]}]}