{"image_path": "/home/hyem/workspace/frankmocap_notebooks/images/D9H-eRIROA/scene_00008358.jpg", "body_bbox_list": [[531, 159, 199, 464]], "hand_bbox_list": [{"left_hand": [693.3296508789062, 213.12168884277344, 57.827392578125, 55.70640563964844], "right_hand": [505.7574462890625, 240.96791076660156, 51.2381591796875, 44.06541442871094]}]}