{"image_path": "/home/hyem/workspace/frankmocap_notebooks/images/D9H-eRIROA/scene_00003420.jpg", "body_bbox_list": [[520, 160, 192, 457], [707, 124, 167, 354]], "hand_bbox_list": [{"left_hand": [688.13818359375, 261.58746337890625, 34.24688720703125, 34.311431884765625], "right_hand": [525.97412109375, 297.7566833496094, 37.78521728515625, 39.73046875]}, {"left_hand": null, "right_hand": null}]}