{"image_path": "/home/hyem/workspace/frankmocap_notebooks/images/D9H-eRIROA/scene_00000692.jpg", "body_bbox_list": [[469, 96, 327, 595]], "hand_bbox_list": [{"left_hand": [519.618896484375, 519.1144409179688, 128.99017333984375, 132.63006591796875], "right_hand": [491.4807434082031, 502.4627380371094, 90.17160034179688, 89.10031127929688]}]}