{"image_path": "/home/hyem/workspace/frankmocap_notebooks/images/D9H-eRIROA/scene_00002433.jpg", "body_bbox_list": [[549, 158, 173, 489], [809, 108, 143, 346], [856, 192, 94, 105]], "hand_bbox_list": [{"left_hand": [699.0240478515625, 328.22540283203125, 35.096923828125, 39.727386474609375], "right_hand": [547.6676635742188, 327.6102600097656, 30.478271484375, 35.56317138671875]}, {"left_hand": null, "right_hand": null}, {"left_hand": null, "right_hand": null}]}