{"image_path": "/home/hyem/workspace/frankmocap_notebooks/images/D9H-eRIROA/scene_00000819.jpg", "body_bbox_list": [[579, 128, 148, 520]], "hand_bbox_list": [{"left_hand": [666.4547119140625, 357.65087890625, 26.789306640625, 52.064422607421875], "right_hand": [584.8683471679688, 289.68359375, 34.84893798828125, 40.955169677734375]}]}