{"image_path": "/home/hyem/workspace/frankmocap_notebooks/images/D9H-eRIROA/scene_00009187.jpg", "body_bbox_list": [[447, 89, 327, 520]], "hand_bbox_list": [{"left_hand": [557.6480712890625, 433.1239929199219, 82.293212890625, 74.13784790039062], "right_hand": [557.6480712890625, 433.1239929199219, 82.293212890625, 74.13784790039062]}]}