{"image_path": "/home/hyem/workspace/frankmocap_notebooks/images/D9H-eRIROA/scene_00003349.jpg", "body_bbox_list": [[512, 153, 248, 470]], "hand_bbox_list": [{"left_hand": [744.003173828125, 207.51756286621094, 33.5970458984375, 40.97723388671875], "right_hand": [506.31640625, 239.27206420898438, 37.293212890625, 39.627960205078125]}]}