{"image_path": "/home/hyem/workspace/frankmocap_notebooks/images/D9H-eRIROA/scene_00002596.jpg", "body_bbox_list": [[556, 148, 148, 458], [715, 110, 123, 421]], "hand_bbox_list": [{"left_hand": [686.5932006835938, 383.9584655761719, 26.39453125, 40.1387939453125], "right_hand": [568.5549926757812, 368.0401306152344, 30.796875, 30.548675537109375]}, {"left_hand": null, "right_hand": null}]}