{"image_path": "/home/hyem/workspace/frankmocap_notebooks/images/D9H-eRIROA/scene_00001176.jpg", "body_bbox_list": [[367, 139, 340, 532]], "hand_bbox_list": [{"left_hand": [504.43389892578125, 463.9317932128906, 106.96337890625, 101.49935913085938], "right_hand": [440.4043884277344, 509.3822937011719, 116.88870239257812, 94.43740844726562]}]}