{"image_path": "/home/hyem/workspace/frankmocap_notebooks/images/D9H-eRIROA/scene_00005976.jpg", "body_bbox_list": [[539, 162, 148, 514], [728, 107, 181, 360]], "hand_bbox_list": [{"left_hand": [616.1907348632812, 397.4597473144531, 38.08880615234375, 43.099273681640625], "right_hand": [528.3262939453125, 336.51934814453125, 33.0489501953125, 40.816864013671875]}, {"left_hand": null, "right_hand": null}]}