{"image_path": "/home/hyem/workspace/frankmocap_notebooks/images/D9H-eRIROA/scene_00007543.jpg", "body_bbox_list": [[782, 101, 259, 501], [585, 172, 124, 539]], "hand_bbox_list": [{"left_hand": null, "right_hand": null}, {"left_hand": [678.7786865234375, 408.1685791015625, 40.2227783203125, 37.93035888671875], "right_hand": [560.7918701171875, 373.3509826660156, 39.70294189453125, 37.40057373046875]}]}