{"image_path": "/home/hyem/workspace/frankmocap_notebooks/images/D9H-eRIROA/scene_00008532.jpg", "body_bbox_list": [[483, 146, 272, 484], [739, 102, 199, 465]], "hand_bbox_list": [{"left_hand": [746.1284790039062, 347.2755126953125, 30.27850341796875, 37.2451171875], "right_hand": [465.5487976074219, 333.3749694824219, 33.326629638671875, 39.62841796875]}, {"left_hand": null, "right_hand": null}]}