{"image_path": "/home/hyem/workspace/frankmocap_notebooks/images/D9H-eRIROA/scene_00009412.jpg", "body_bbox_list": [[506, 97, 259, 582]], "hand_bbox_list": [{"left_hand": [648.0918579101562, 618.4989624023438, 59.79119873046875, 70.03851318359375], "right_hand": [610.7545166015625, 607.2413330078125, 89.516845703125, 90.8095703125]}]}