{"image_path": "/home/hyem/workspace/frankmocap_notebooks/images/D9H-eRIROA/scene_00003561.jpg", "body_bbox_list": [[524, 182, 223, 446]], "hand_bbox_list": [{"left_hand": [738.8814697265625, 243.7767791748047, 35.6837158203125, 42.84263610839844], "right_hand": [507.07122802734375, 250.0302734375, 45.93878173828125, 51.953216552734375]}]}