{"image_path": "/home/hyem/workspace/frankmocap_notebooks/images/D9H-eRIROA/scene_00001610.jpg", "body_bbox_list": [[549, 153, 156, 465], [726, 103, 123, 446]], "hand_bbox_list": [{"left_hand": [633.7230834960938, 316.3822937011719, 30.107177734375, 40.9942626953125], "right_hand": [602.8944702148438, 317.19891357421875, 38.3756103515625, 37.749176025390625]}, {"left_hand": null, "right_hand": null}]}