{"image_path": "/home/hyem/workspace/frankmocap_notebooks/images/D9H-eRIROA/scene_00006197.jpg", "body_bbox_list": [[561, 165, 161, 457], [723, 192, 191, 365], [811, 138, 88, 191]], "hand_bbox_list": [{"left_hand": [706.0684204101562, 350.2834167480469, 37.41876220703125, 26.527099609375], "right_hand": [573.6349487304688, 329.2836608886719, 40.88885498046875, 28.087890625]}, {"left_hand": null, "right_hand": null}, {"left_hand": null, "right_hand": null}]}