{"image_path": "/home/hyem/workspace/frankmocap_notebooks/images/D9H-eRIROA/scene_00009099.jpg", "body_bbox_list": [[311, 94, 587, 626]], "hand_bbox_list": [{"left_hand": [852.5790405273438, 417.9735412597656, 88.00994873046875, 75.85293579101562], "right_hand": [248.46328735351562, 406.2364196777344, 98.1370849609375, 64.06182861328125]}]}