{"image_path": "/home/hyem/workspace/frankmocap_notebooks/images/D9H-eRIROA/scene_00007153.jpg", "body_bbox_list": [[563, 152, 224, 489]], "hand_bbox_list": [{"left_hand": [733.2559204101562, 204.46493530273438, 29.048828125, 35.3072509765625], "right_hand": [556.2325439453125, 244.0353546142578, 41.05096435546875, 35.60704040527344]}]}