{"image_path": "/home/hyem/workspace/frankmocap_notebooks/images/D9H-eRIROA/scene_00005769.jpg", "body_bbox_list": [[504, 168, 162, 508]], "hand_bbox_list": [{"left_hand": [554.2018432617188, 204.79718017578125, 28.22821044921875, 31.842239379882812], "right_hand": [496.4837951660156, 231.13966369628906, 31.921783447265625, 40.19270324707031]}]}