{"image_path": "/home/hyem/workspace/frankmocap_notebooks/images/D9H-eRIROA/scene_00003314.jpg", "body_bbox_list": [[524, 182, 223, 452], [783, 188, 105, 74]], "hand_bbox_list": [{"left_hand": [728.4804077148438, 212.35467529296875, 32.2899169921875, 36.88935852050781], "right_hand": [529.81005859375, 242.4811248779297, 32.1019287109375, 31.504959106445312]}, {"left_hand": null, "right_hand": null}]}