{"image_path": "/home/hyem/workspace/frankmocap_notebooks/images/D9H-eRIROA/scene_00005433.jpg", "body_bbox_list": [[401, 112, 210, 519]], "hand_bbox_list": [{"left_hand": null, "right_hand": [348.6221923828125, 497.1935119628906, 70.95272827148438, 75.93399047851562]}]}