{"image_path": "/home/hyem/workspace/frankmocap_notebooks/images/D9H-eRIROA/scene_00005441.jpg", "body_bbox_list": [[545, 141, 148, 495], [736, 80, 148, 470]], "hand_bbox_list": [{"left_hand": [675.1367797851562, 352.25653076171875, 29.0096435546875, 37.144989013671875], "right_hand": [581.1665649414062, 313.7770080566406, 41.14715576171875, 37.9013671875]}, {"left_hand": null, "right_hand": null}]}