{"image_path": "/home/hyem/workspace/frankmocap_notebooks/images/D9H-eRIROA/scene_00007208.jpg", "body_bbox_list": [[486, 156, 204, 544], [493, 178, 167, 61]], "hand_bbox_list": [{"left_hand": null, "right_hand": [464.8578796386719, 172.3676300048828, 30.44989013671875, 35.90013122558594]}, {"left_hand": [464.8578796386719, 172.3676300048828, 30.44989013671875, 35.90013122558594], "right_hand": null}]}