{"image_path": "/home/hyem/workspace/frankmocap_notebooks/images/D9H-eRIROA/scene_00009387.jpg", "body_bbox_list": [[447, 112, 327, 519]], "hand_bbox_list": [{"left_hand": [549.1135864257812, 475.29730224609375, 68.17108154296875, 74.69732666015625], "right_hand": [549.1135864257812, 475.29730224609375, 68.17108154296875, 74.69732666015625]}]}