{"image_path": "/home/hyem/workspace/frankmocap_notebooks/images/D9H-eRIROA/scene_00003749.jpg", "body_bbox_list": [[542, 186, 199, 359]], "hand_bbox_list": [{"left_hand": [721.9488525390625, 371.9185791015625, 29.2447509765625, 47.7303466796875], "right_hand": [583.0750732421875, 362.42144775390625, 43.49713134765625, 43.153106689453125]}]}