{"image_path": "/home/hyem/workspace/frankmocap_notebooks/images/D9H-eRIROA/scene_00003031.jpg", "body_bbox_list": [[500, 147, 243, 476], [721, 112, 235, 254]], "hand_bbox_list": [{"left_hand": [717.6329956054688, 288.7236328125, 39.49114990234375, 48.625701904296875], "right_hand": [490.4819641113281, 296.1949157714844, 29.642730712890625, 38.59747314453125]}, {"left_hand": null, "right_hand": null}]}