{"image_path": "/home/hyem/workspace/frankmocap_notebooks/images/D9H-eRIROA/scene_00005384.jpg", "body_bbox_list": [[494, 123, 379, 525]], "hand_bbox_list": [{"left_hand": [580.0886840820312, 383.091796875, 77.04510498046875, 65.87677001953125], "right_hand": [497.3444519042969, 475.68145751953125, 84.62680053710938, 74.9091796875]}]}