{"image_path": "/home/hyem/workspace/frankmocap_notebooks/images/D9H-eRIROA/scene_00005880.jpg", "body_bbox_list": [[521, 153, 167, 470], [703, 107, 129, 484]], "hand_bbox_list": [{"left_hand": [654.2108154296875, 252.24240112304688, 32.544921875, 36.08905029296875], "right_hand": [519.6260375976562, 249.04974365234375, 34.09765625, 40.860107421875]}, {"left_hand": null, "right_hand": null}]}