{"image_path": "/home/hyem/workspace/frankmocap_notebooks/images/D9H-eRIROA/scene_00001796.jpg", "body_bbox_list": [[724, 103, 172, 452], [563, 153, 118, 465]], "hand_bbox_list": [{"left_hand": null, "right_hand": null}, {"left_hand": [632.3160400390625, 360.7386169433594, 36.391357421875, 34.41259765625], "right_hand": [621.9066772460938, 296.5884094238281, 37.26788330078125, 42.7569580078125]}]}