{"image_path": "/home/hyem/workspace/frankmocap_notebooks/images/D9H-eRIROA/scene_00002217.jpg", "body_bbox_list": [[567, 154, 137, 457], [731, 106, 118, 384]], "hand_bbox_list": [{"left_hand": [678.4426879882812, 399.36279296875, 33.20751953125, 41.586212158203125], "right_hand": [563.822021484375, 404.0099792480469, 28.17071533203125, 38.683135986328125]}, {"left_hand": null, "right_hand": null}]}