{"image_path": "/home/hyem/workspace/frankmocap_notebooks/images/D9H-eRIROA/scene_00003216.jpg", "body_bbox_list": [[490, 164, 235, 471], [729, 178, 156, 50]], "hand_bbox_list": [{"left_hand": [710.702392578125, 187.21278381347656, 32.166259765625, 35.47230529785156], "right_hand": [488.13226318359375, 215.79766845703125, 31.63201904296875, 34.46478271484375]}, {"left_hand": null, "right_hand": null}]}