{"image_path": "/home/hyem/workspace/frankmocap_notebooks/images/D9H-eRIROA/scene_00007811.jpg", "body_bbox_list": [[449, 121, 384, 557]], "hand_bbox_list": [{"left_hand": [584.278564453125, 500.5482177734375, 99.38037109375, 89.03546142578125], "right_hand": [584.278564453125, 500.5482177734375, 99.38037109375, 89.03546142578125]}]}