{"image_path": "/home/hyem/workspace/frankmocap_notebooks/images/D9H-eRIROA/scene_00009686.jpg", "body_bbox_list": [[91, 99, 341, 539]], "hand_bbox_list": [{"left_hand": [248.22630310058594, 311.01690673828125, 60.50202941894531, 78.39813232421875], "right_hand": null}]}