{"image_path": "/home/hyem/workspace/frankmocap_notebooks/images/D9H-eRIROA/scene_00006501.jpg", "body_bbox_list": [[538, 159, 173, 464], [752, 130, 156, 229]], "hand_bbox_list": [{"left_hand": [655.83056640625, 217.9488983154297, 34.22540283203125, 40.34275817871094], "right_hand": [566.3946533203125, 211.9176788330078, 27.10406494140625, 46.08680725097656]}, {"left_hand": null, "right_hand": null}]}