{"image_path": "/home/hyem/workspace/frankmocap_notebooks/images/D9H-eRIROA/scene_00004797.jpg", "body_bbox_list": [[440, 188, 335, 446], [647, 141, 242, 365]], "hand_bbox_list": [{"left_hand": [441.2796325683594, 301.06439208984375, 25.20611572265625, 25.04296875], "right_hand": [491.402099609375, 348.38348388671875, 29.238525390625, 32.269744873046875]}, {"left_hand": null, "right_hand": null}]}