{"image_path": "/home/hyem/workspace/frankmocap_notebooks/images/D9H-eRIROA/scene_00008676.jpg", "body_bbox_list": [[549, 151, 167, 519], [747, 101, 143, 490]], "hand_bbox_list": [{"left_hand": [620.1480712890625, 293.3897705078125, 48.8582763671875, 41.409088134765625], "right_hand": [620.1480712890625, 293.3897705078125, 48.8582763671875, 41.409088134765625]}, {"left_hand": null, "right_hand": null}]}