{"image_path": "/home/hyem/workspace/frankmocap_notebooks/images/D9H-eRIROA/scene_00004416.jpg", "body_bbox_list": [[604, 170, 204, 470]], "hand_bbox_list": [{"left_hand": null, "right_hand": [802.938720703125, 239.9034423828125, 30.35552978515625, 33.92156982421875]}]}