{"image_path": "/home/hyem/workspace/frankmocap_notebooks/images/D9H-eRIROA/scene_00000591.jpg", "body_bbox_list": [[432, 82, 413, 638]], "hand_bbox_list": [{"left_hand": [616.9442138671875, 472.3414001464844, 95.91851806640625, 68.80014038085938], "right_hand": [544.3124389648438, 449.99139404296875, 102.72589111328125, 117.09967041015625]}]}