{"image_path": "/home/hyem/workspace/frankmocap_notebooks/images/D9H-eRIROA/scene_00008718.jpg", "body_bbox_list": [[579, 153, 142, 470], [755, 110, 105, 421]], "hand_bbox_list": [{"left_hand": [652.6593017578125, 318.3846130371094, 36.25433349609375, 40.502166748046875], "right_hand": [614.990966796875, 311.55999755859375, 37.02447509765625, 37.060943603515625]}, {"left_hand": null, "right_hand": null}]}