{"image_path": "/home/hyem/workspace/frankmocap_notebooks/images/D9H-eRIROA/scene_00000687.jpg", "body_bbox_list": [[456, 94, 359, 626]], "hand_bbox_list": [{"left_hand": [577.3947143554688, 382.8855895996094, 131.84112548828125, 122.630615234375], "right_hand": null}]}