{"image_path": "/home/hyem/workspace/frankmocap_notebooks/images/D9H-eRIROA/scene_00004851.jpg", "body_bbox_list": [[527, 164, 291, 465]], "hand_bbox_list": [{"left_hand": [800.552490234375, 144.35926818847656, 45.9056396484375, 49.288299560546875], "right_hand": [529.8880004882812, 330.0860900878906, 51.90301513671875, 54.665283203125]}]}