{"image_path": "/home/hyem/workspace/frankmocap_notebooks/images/D9H-eRIROA/scene_00001387.jpg", "body_bbox_list": [[555, 134, 167, 514], [817, 180, 93, 12]], "hand_bbox_list": [{"left_hand": [656.9198608398438, 271.8413391113281, 37.095947265625, 40.97552490234375], "right_hand": [566.8208618164062, 373.7336120605469, 35.81768798828125, 39.911346435546875]}, {"left_hand": null, "right_hand": null}]}