{"image_path": "/home/hyem/workspace/frankmocap_notebooks/images/D9H-eRIROA/scene_00008370.jpg", "body_bbox_list": [[531, 152, 210, 484], [769, 102, 155, 476]], "hand_bbox_list": [{"left_hand": [668.9542236328125, 249.65158081054688, 34.96575927734375, 35.093505859375], "right_hand": [527.765380859375, 251.15882873535156, 34.19683837890625, 33.40458679199219]}, {"left_hand": null, "right_hand": null}]}