{"image_path": "/home/hyem/workspace/frankmocap_notebooks/images/D9H-eRIROA/scene_00007496.jpg", "body_bbox_list": [[516, 142, 267, 476]], "hand_bbox_list": [{"left_hand": [760.0365600585938, 109.66919708251953, 31.29656982421875, 61.59807586669922], "right_hand": [529.3536987304688, 320.34747314453125, 50.8336181640625, 51.068603515625]}]}