{"image_path": "/home/hyem/workspace/frankmocap_notebooks/images/D9H-eRIROA/scene_00004713.jpg", "body_bbox_list": [[517, 194, 243, 433], [828, 212, 99, 156]], "hand_bbox_list": [{"left_hand": [730.3474731445312, 335.9991760253906, 22.87347412109375, 33.813751220703125], "right_hand": [730.3474731445312, 335.9991760253906, 22.87347412109375, 33.813751220703125]}, {"left_hand": null, "right_hand": null}]}