{"image_path": "/home/hyem/workspace/frankmocap_notebooks/images/D9H-eRIROA/scene_00004559.jpg", "body_bbox_list": [[243, 59, 600, 568]], "hand_bbox_list": [{"left_hand": [753.2562866210938, 6.398821830749512, 78.51580810546875, 75.43603515625], "right_hand": [254.52418518066406, 42.11598205566406, 64.72062683105469, 104.94221496582031]}]}