{"image_path": "/home/hyem/workspace/frankmocap_notebooks/images/D9H-eRIROA/scene_00003931.jpg", "body_bbox_list": [[515, 170, 292, 470]], "hand_bbox_list": [{"left_hand": [791.9718627929688, 280.7820129394531, 38.28338623046875, 40.518402099609375], "right_hand": [512.8804321289062, 278.228515625, 36.58477783203125, 35.657745361328125]}]}