{"image_path": "/home/hyem/workspace/frankmocap_notebooks/images/D9H-eRIROA/scene_00004873.jpg", "body_bbox_list": [[549, 124, 286, 500]], "hand_bbox_list": [{"left_hand": [800.3121337890625, 85.93171691894531, 44.59423828125, 63.54493713378906], "right_hand": [507.7694396972656, 308.9210205078125, 52.085479736328125, 32.6890869140625]}]}