{"image_path": "/home/hyem/workspace/frankmocap_notebooks/images/D9H-eRIROA/scene_00000836.jpg", "body_bbox_list": [[565, 134, 180, 514], [365, 83, 142, 267]], "hand_bbox_list": [{"left_hand": [648.4879150390625, 300.1605529785156, 39.13226318359375, 40.090484619140625], "right_hand": [648.4879150390625, 300.1605529785156, 39.13226318359375, 40.090484619140625]}, {"left_hand": null, "right_hand": null}]}