{"image_path": "/home/hyem/workspace/frankmocap_notebooks/images/D9H-eRIROA/scene_00007276.jpg", "body_bbox_list": [[502, 171, 211, 451], [734, 118, 180, 484]], "hand_bbox_list": [{"left_hand": [690.5609741210938, 260.46246337890625, 32.92193603515625, 43.426055908203125], "right_hand": [532.9442749023438, 325.736083984375, 26.41387939453125, 39.443450927734375]}, {"left_hand": null, "right_hand": null}]}