{"image_path": "/home/hyem/workspace/frankmocap_notebooks/images/D9H-eRIROA/scene_00003324.jpg", "body_bbox_list": [[554, 164, 186, 471], [701, 126, 167, 440]], "hand_bbox_list": [{"left_hand": [735.9529418945312, 307.57891845703125, 33.8236083984375, 31.52197265625], "right_hand": [567.3544921875, 353.1690673828125, 32.79815673828125, 37.38726806640625]}, {"left_hand": null, "right_hand": null}]}