{"image_path": "/home/hyem/workspace/frankmocap_notebooks/images/D9H-eRIROA/scene_00004793.jpg", "body_bbox_list": [[458, 182, 327, 452], [665, 134, 229, 384]], "hand_bbox_list": [{"left_hand": [495.56494140625, 344.9759216308594, 29.583740234375, 31.47613525390625], "right_hand": [495.56494140625, 344.9759216308594, 29.583740234375, 31.47613525390625]}, {"left_hand": null, "right_hand": null}]}