{"image_path": "/home/hyem/workspace/frankmocap_notebooks/images/D9H-eRIROA/scene_00005807.jpg", "body_bbox_list": [[562, 179, 148, 525], [767, 122, 216, 297], [878, 199, 123, 204]], "hand_bbox_list": [{"left_hand": [687.9412841796875, 440.95965576171875, 35.40447998046875, 36.915283203125], "right_hand": [557.5607299804688, 402.438232421875, 30.80047607421875, 40.833221435546875]}, {"left_hand": null, "right_hand": null}, {"left_hand": null, "right_hand": null}]}