{"image_path": "/home/hyem/workspace/frankmocap_notebooks/images/D9H-eRIROA/scene_00000994.jpg", "body_bbox_list": [[549, 140, 156, 508], [389, 97, 105, 470]], "hand_bbox_list": [{"left_hand": [590.4135131835938, 299.3231201171875, 51.8062744140625, 40.538665771484375], "right_hand": [590.4135131835938, 299.3231201171875, 51.8062744140625, 40.538665771484375]}, {"left_hand": null, "right_hand": null}]}