{"image_path": "/home/hyem/workspace/frankmocap_notebooks/images/D9H-eRIROA/scene_00001683.jpg", "body_bbox_list": [[550, 147, 148, 476], [784, 102, 80, 235]], "hand_bbox_list": [{"left_hand": [683.4307250976562, 374.4058837890625, 27.59503173828125, 46.157989501953125], "right_hand": [549.9763793945312, 384.3780517578125, 30.06878662109375, 27.54620361328125]}, {"left_hand": null, "right_hand": null}]}