{"image_path": "/home/hyem/workspace/frankmocap_notebooks/images/D9H-eRIROA/scene_00007774.jpg", "body_bbox_list": [[488, 141, 155, 500], [710, 167, 93, 397], [764, 329, 25, 186]], "hand_bbox_list": [{"left_hand": [564.08203125, 332.8663024902344, 43.455078125, 36.049468994140625], "right_hand": [564.08203125, 332.8663024902344, 43.455078125, 36.049468994140625]}, {"left_hand": null, "right_hand": null}, {"left_hand": null, "right_hand": null}]}