{"image_path": "/home/hyem/workspace/frankmocap_notebooks/images/D9H-eRIROA/scene_00006063.jpg", "body_bbox_list": [[728, 107, 186, 495], [538, 159, 167, 464], [781, 136, 137, 105]], "hand_bbox_list": [{"left_hand": null, "right_hand": null}, {"left_hand": [643.4894409179688, 218.43052673339844, 46.181884765625, 55.18916320800781], "right_hand": [535.247802734375, 222.19464111328125, 52.19415283203125, 52.50286865234375]}, {"left_hand": null, "right_hand": null}]}