{"image_path": "/home/hyem/workspace/frankmocap_notebooks/images/D9H-eRIROA/scene_00004676.jpg", "body_bbox_list": [[457, 194, 335, 433], [670, 152, 229, 365]], "hand_bbox_list": [{"left_hand": [453.7452697753906, 320.1020812988281, 33.366790771484375, 28.70611572265625], "right_hand": [526.6434326171875, 362.0851745605469, 24.76837158203125, 35.84326171875]}, {"left_hand": null, "right_hand": null}]}