{"image_path": "/home/hyem/workspace/frankmocap_notebooks/images/D9H-eRIROA/scene_00003181.jpg", "body_bbox_list": [[769, 97, 155, 481], [600, 153, 156, 470]], "hand_bbox_list": [{"left_hand": null, "right_hand": null}, {"left_hand": [724.0736694335938, 386.4721984863281, 33.8587646484375, 33.4715576171875], "right_hand": [604.3951416015625, 375.5575256347656, 27.89678955078125, 31.64990234375]}]}