{"image_path": "/home/hyem/workspace/frankmocap_notebooks/images/D9H-eRIROA/scene_00002355.jpg", "body_bbox_list": [[452, 171, 316, 457]], "hand_bbox_list": [{"left_hand": [736.1751708984375, 255.82142639160156, 46.77862548828125, 55.57505798339844], "right_hand": [445.10186767578125, 264.7244567871094, 35.509368896484375, 56.8428955078125]}]}