{"image_path": "/home/hyem/workspace/frankmocap_notebooks/images/D9H-eRIROA/scene_00008710.jpg", "body_bbox_list": [[572, 159, 156, 464], [779, 189, 62, 156]], "hand_bbox_list": [{"left_hand": [676.2769775390625, 319.4247741699219, 28.46197509765625, 39.2933349609375], "right_hand": [606.5144653320312, 312.6908264160156, 32.88665771484375, 40.166778564453125]}, {"left_hand": null, "right_hand": null}]}