{"image_path": "/home/hyem/workspace/frankmocap_notebooks/images/D9H-eRIROA/scene_00008384.jpg", "body_bbox_list": [[555, 188, 161, 446], [772, 148, 99, 452], [866, 236, 18, 113]], "hand_bbox_list": [{"left_hand": [677.4012451171875, 372.4817199707031, 36.7957763671875, 31.648956298828125], "right_hand": [534.2857055664062, 380.2204284667969, 36.7659912109375, 29.039825439453125]}, {"left_hand": null, "right_hand": null}, {"left_hand": null, "right_hand": null}]}