{"image_path": "/home/hyem/workspace/frankmocap_notebooks/images/D9H-eRIROA/scene_00001777.jpg", "body_bbox_list": [[741, 103, 155, 452], [567, 147, 148, 465], [753, 334, 7, 204]], "hand_bbox_list": [{"left_hand": null, "right_hand": null}, {"left_hand": [681.9188232421875, 319.65203857421875, 27.45709228515625, 27.720245361328125], "right_hand": [579.586669921875, 316.95892333984375, 41.81982421875, 36.009490966796875]}, {"left_hand": null, "right_hand": null}]}