{"image_path": "/home/hyem/workspace/frankmocap_notebooks/images/D9H-eRIROA/scene_00005010.jpg", "body_bbox_list": [[459, 170, 303, 470], [670, 118, 224, 389]], "hand_bbox_list": [{"left_hand": [438.62042236328125, 310.7778625488281, 41.962921142578125, 36.519256591796875], "right_hand": [438.62042236328125, 310.7778625488281, 41.962921142578125, 36.519256591796875]}, {"left_hand": null, "right_hand": null}]}