{"image_path": "/home/hyem/workspace/frankmocap_notebooks/images/D9H-eRIROA/scene_00004608.jpg", "body_bbox_list": [[481, 106, 315, 525]], "hand_bbox_list": [{"left_hand": [667.7308959960938, 404.74432373046875, 81.4246826171875, 77.537109375], "right_hand": [477.30267333984375, 370.97900390625, 111.2264404296875, 85.81704711914062]}]}