{"image_path": "/home/hyem/workspace/frankmocap_notebooks/images/D9H-eRIROA/scene_00000714.jpg", "body_bbox_list": [[403, 91, 409, 606]], "hand_bbox_list": [{"left_hand": [645.3365478515625, 458.35302734375, 104.7989501953125, 111.16607666015625], "right_hand": [537.0945434570312, 431.48809814453125, 115.14312744140625, 142.060302734375]}]}