{"image_path": "/home/hyem/workspace/frankmocap_notebooks/images/D9H-eRIROA/scene_00006078.jpg", "body_bbox_list": [[549, 147, 156, 471], [696, 112, 167, 389]], "hand_bbox_list": [{"left_hand": [666.6480712890625, 257.8598327636719, 35.01898193359375, 37.7928466796875], "right_hand": [544.8541870117188, 252.47952270507812, 35.7569580078125, 40.80316162109375]}, {"left_hand": null, "right_hand": null}]}