{"image_path": "/home/hyem/workspace/frankmocap_notebooks/images/D9H-eRIROA/scene_00006980.jpg", "body_bbox_list": [[746, 97, 167, 481], [567, 142, 137, 481], [853, 189, 50, 156], [753, 351, 18, 215]], "hand_bbox_list": [{"left_hand": null, "right_hand": null}, {"left_hand": [679.0823974609375, 382.2628479003906, 28.63250732421875, 31.9708251953125], "right_hand": [567.4182739257812, 393.65386962890625, 31.4451904296875, 29.73651123046875]}, {"left_hand": null, "right_hand": null}, {"left_hand": null, "right_hand": null}]}