{"image_path": "/home/hyem/workspace/frankmocap_notebooks/images/D9H-eRIROA/scene_00006522.jpg", "body_bbox_list": [[395, 189, 341, 432]], "hand_bbox_list": [{"left_hand": [724.2530517578125, 244.9482879638672, 38.923828125, 55.36997985839844], "right_hand": [402.0851135253906, 387.58380126953125, 48.2152099609375, 47.3172607421875]}]}