{"image_path": "/home/hyem/workspace/frankmocap_notebooks/images/D9H-eRIROA/scene_00008835.jpg", "body_bbox_list": [[460, 188, 278, 446]], "hand_bbox_list": [{"left_hand": [624.7399291992188, 239.10186767578125, 57.14031982421875, 55.5487060546875], "right_hand": [455.6627197265625, 368.8205871582031, 40.027618408203125, 49.08807373046875]}]}