{"image_path": "/home/hyem/workspace/frankmocap_notebooks/images/D9H-eRIROA/scene_00004781.jpg", "body_bbox_list": [[542, 188, 199, 440], [775, 140, 132, 384]], "hand_bbox_list": [{"left_hand": [665.4346923828125, 362.2864990234375, 35.256591796875, 34.228118896484375], "right_hand": [610.6552734375, 351.7022705078125, 37.90106201171875, 31.600250244140625]}, {"left_hand": null, "right_hand": null}]}