{"image_path": "/home/hyem/workspace/frankmocap_notebooks/images/D9H-eRIROA/scene_00007676.jpg", "body_bbox_list": [[507, 153, 235, 470], [735, 121, 173, 315]], "hand_bbox_list": [{"left_hand": [642.2247314453125, 252.2058868408203, 48.4405517578125, 41.31028747558594], "right_hand": [567.3109130859375, 246.88299560546875, 46.3826904296875, 46.061431884765625]}, {"left_hand": null, "right_hand": null}]}