{"image_path": "/home/hyem/workspace/frankmocap_notebooks/images/D9H-eRIROA/scene_00001926.jpg", "body_bbox_list": [[572, 171, 161, 446], [780, 127, 167, 421]], "hand_bbox_list": [{"left_hand": [702.5746459960938, 292.0885314941406, 37.62835693359375, 34.728668212890625], "right_hand": [581.57275390625, 412.4544372558594, 21.7401123046875, 33.56939697265625]}, {"left_hand": null, "right_hand": null}]}