{"image_path": "/home/hyem/workspace/frankmocap_notebooks/images/D9H-eRIROA/scene_00005667.jpg", "body_bbox_list": [[490, 159, 224, 464], [730, 126, 137, 215]], "hand_bbox_list": [{"left_hand": [706.42626953125, 294.2291259765625, 29.6480712890625, 51.674224853515625], "right_hand": [579.4404907226562, 289.7952575683594, 45.5032958984375, 36.15087890625]}, {"left_hand": null, "right_hand": null}]}