{"image_path": "/home/hyem/workspace/frankmocap_notebooks/images/D9H-eRIROA/scene_00000718.jpg", "body_bbox_list": [[379, 96, 440, 612]], "hand_bbox_list": [{"left_hand": [649.6769409179688, 361.9842834472656, 117.06689453125, 94.0372314453125], "right_hand": [498.70001220703125, 466.28521728515625, 115.0679931640625, 130.80645751953125]}]}