{"image_path": "/home/hyem/workspace/frankmocap_notebooks/images/D9H-eRIROA/scene_00001698.jpg", "body_bbox_list": [[554, 175, 180, 465], [799, 118, 129, 254]], "hand_bbox_list": [{"left_hand": [715.0437622070312, 390.2634582519531, 28.51666259765625, 48.516632080078125], "right_hand": [553.2321166992188, 410.5992431640625, 30.796142578125, 32.388671875]}, {"left_hand": null, "right_hand": null}]}