{"image_path": "/home/hyem/workspace/frankmocap_notebooks/images/D9H-eRIROA/scene_00008920.jpg", "body_bbox_list": [[538, 145, 167, 514], [789, 156, 99, 172]], "hand_bbox_list": [{"left_hand": [601.8457641601562, 329.5126037597656, 43.95361328125, 41.762420654296875], "right_hand": [601.8457641601562, 329.5126037597656, 43.95361328125, 41.762420654296875]}, {"left_hand": null, "right_hand": null}]}