{"image_path": "/home/hyem/workspace/frankmocap_notebooks/images/D9H-eRIROA/scene_00007869.jpg", "body_bbox_list": [[377, 110, 354, 568]], "hand_bbox_list": [{"left_hand": [606.9356079101562, 438.6772155761719, 102.69049072265625, 106.56594848632812], "right_hand": [482.67608642578125, 435.2297058105469, 116.00091552734375, 112.40505981445312]}]}