{"image_path": "/home/hyem/workspace/frankmocap_notebooks/images/D9H-eRIROA/scene_00000641.jpg", "body_bbox_list": [[372, 115, 365, 563]], "hand_bbox_list": [{"left_hand": [481.9844970703125, 459.74456787109375, 111.90557861328125, 105.95941162109375], "right_hand": [458.98187255859375, 458.11090087890625, 79.6246337890625, 92.88385009765625]}]}