{"image_path": "/home/hyem/workspace/frankmocap_notebooks/images/D9H-eRIROA/scene_00005964.jpg", "body_bbox_list": [[744, 114, 211, 464], [522, 172, 148, 533], [856, 185, 94, 142], [831, 345, 31, 205]], "hand_bbox_list": [{"left_hand": null, "right_hand": null}, {"left_hand": [596.49658203125, 392.12432861328125, 36.66326904296875, 42.731201171875], "right_hand": [504.5569152832031, 281.45037841796875, 35.638946533203125, 32.931854248046875]}, {"left_hand": null, "right_hand": null}, {"left_hand": null, "right_hand": null}]}