{"image_path": "/home/hyem/workspace/frankmocap_notebooks/images/D9H-eRIROA/scene_00003043.jpg", "body_bbox_list": [[547, 165, 205, 457], [750, 202, 75, 18]], "hand_bbox_list": [{"left_hand": [615.4878540039062, 172.13873291015625, 35.44903564453125, 25.181076049804688], "right_hand": [570.2785034179688, 337.3335876464844, 28.541259765625, 55.33038330078125]}, {"left_hand": null, "right_hand": null}]}