{"image_path": "/home/hyem/workspace/frankmocap_notebooks/images/D9H-eRIROA/scene_00002995.jpg", "body_bbox_list": [[544, 182, 161, 440], [720, 156, 118, 397], [808, 228, 44, 180]], "hand_bbox_list": [{"left_hand": [688.2664184570312, 427.009033203125, 34.61669921875, 44.387451171875], "right_hand": [545.1019897460938, 430.8648681640625, 26.4857177734375, 48.126953125]}, {"left_hand": null, "right_hand": null}, {"left_hand": null, "right_hand": null}]}