{"image_path": "/home/hyem/workspace/frankmocap_notebooks/images/D9H-eRIROA/scene_00007512.jpg", "body_bbox_list": [[512, 100, 253, 525]], "hand_bbox_list": [{"left_hand": [754.6431274414062, 88.95252990722656, 56.8218994140625, 34.76220703125], "right_hand": [496.9790954589844, 357.0467224121094, 36.905364990234375, 45.85369873046875]}]}