{"image_path": "/home/hyem/workspace/frankmocap_notebooks/images/D9H-eRIROA/scene_00005927.jpg", "body_bbox_list": [[528, 169, 148, 489], [707, 107, 161, 371]], "hand_bbox_list": [{"left_hand": [654.4509887695312, 406.1251220703125, 28.70257568359375, 38.427520751953125], "right_hand": [527.0367431640625, 402.3153991699219, 30.02557373046875, 36.16522216796875]}, {"left_hand": null, "right_hand": null}]}