{"image_path": "/home/hyem/workspace/frankmocap_notebooks/images/D9H-eRIROA/scene_00005595.jpg", "body_bbox_list": [[563, 135, 229, 501]], "hand_bbox_list": [{"left_hand": [770.02294921875, 116.70620727539062, 38.968505859375, 37.58551025390625], "right_hand": [598.5452880859375, 285.8048400878906, 45.00079345703125, 53.452728271484375]}]}