{"image_path": "/home/hyem/workspace/frankmocap_notebooks/images/D9H-eRIROA/scene_00006673.jpg", "body_bbox_list": [[520, 165, 192, 457], [731, 130, 118, 353]], "hand_bbox_list": [{"left_hand": [632.9974365234375, 284.2664794921875, 32.623046875, 36.623046875], "right_hand": [551.2716674804688, 258.11431884765625, 33.6976318359375, 39.630706787109375]}, {"left_hand": null, "right_hand": null}]}