{"image_path": "/home/hyem/workspace/frankmocap_notebooks/images/D9H-eRIROA/scene_00009281.jpg", "body_bbox_list": [[493, 94, 302, 626]], "hand_bbox_list": [{"left_hand": [662.6915283203125, 338.4623107910156, 78.4737548828125, 64.72418212890625], "right_hand": [524.9592895507812, 340.1284484863281, 86.4552001953125, 76.7711181640625]}]}