{"image_path": "/home/hyem/workspace/frankmocap_notebooks/images/D9H-eRIROA/scene_00006093.jpg", "body_bbox_list": [[544, 147, 161, 471], [719, 102, 143, 476]], "hand_bbox_list": [{"left_hand": [663.8063354492188, 297.2281188964844, 31.68463134765625, 33.16571044921875], "right_hand": [538.107177734375, 284.6055908203125, 30.345703125, 32.13421630859375]}, {"left_hand": null, "right_hand": null}]}