{"image_path": "/home/hyem/workspace/frankmocap_notebooks/images/D9H-eRIROA/scene_00009575.jpg", "body_bbox_list": [[57, 92, 359, 576]], "hand_bbox_list": [{"left_hand": [218.5117645263672, 311.74383544921875, 67.63240051269531, 80.32391357421875], "right_hand": null}]}