{"image_path": "/home/hyem/workspace/frankmocap_notebooks/images/D9H-eRIROA/scene_00004814.jpg", "body_bbox_list": [[476, 188, 286, 446], [666, 133, 210, 397]], "hand_bbox_list": [{"left_hand": [471.6297302246094, 302.3742370605469, 42.418304443359375, 31.24224853515625], "right_hand": [512.6455078125, 343.2764587402344, 30.285888671875, 32.925537109375]}, {"left_hand": null, "right_hand": null}]}