{"image_path": "/home/hyem/workspace/frankmocap_notebooks/images/D9H-eRIROA/scene_00002331.jpg", "body_bbox_list": [[467, 176, 253, 446], [747, 184, 143, 167]], "hand_bbox_list": [{"left_hand": [678.0328979492188, 370.8534851074219, 41.36297607421875, 31.966827392578125], "right_hand": [466.46282958984375, 210.8368377685547, 34.272003173828125, 37.54557800292969]}, {"left_hand": null, "right_hand": null}]}