{"image_path": "/home/hyem/workspace/frankmocap_notebooks/images/D9H-eRIROA/scene_00002908.jpg", "body_bbox_list": [[556, 188, 272, 451], [800, 138, 223, 433]], "hand_bbox_list": [{"left_hand": [802.48779296875, 364.8795166015625, 36.3294677734375, 43.9775390625], "right_hand": [546.2821655273438, 280.24755859375, 32.6746826171875, 32.546722412109375]}, {"left_hand": null, "right_hand": null}]}