{"image_path": "/home/hyem/workspace/frankmocap_notebooks/images/D9H-eRIROA/scene_00008168.jpg", "body_bbox_list": [[525, 177, 210, 422], [745, 130, 192, 229]], "hand_bbox_list": [{"left_hand": [618.6612548828125, 266.0655212402344, 38.14141845703125, 36.449920654296875], "right_hand": [556.6672973632812, 372.9219970703125, 24.1182861328125, 26.200592041015625]}, {"left_hand": null, "right_hand": null}]}