{"image_path": "/home/hyem/workspace/frankmocap_notebooks/images/D9H-eRIROA/scene_00004696.jpg", "body_bbox_list": [[549, 206, 167, 427], [800, 173, 105, 278]], "hand_bbox_list": [{"left_hand": [671.2252807617188, 374.50604248046875, 39.60546875, 30.346649169921875], "right_hand": [598.6991577148438, 378.4090270996094, 37.037109375, 32.949554443359375]}, {"left_hand": null, "right_hand": null}]}