{"image_path": "/home/hyem/workspace/frankmocap_notebooks/images/D9H-eRIROA/scene_00005052.jpg", "body_bbox_list": [[487, 193, 185, 446], [708, 138, 142, 422]], "hand_bbox_list": [{"left_hand": [553.8892211914062, 337.7237548828125, 45.25689697265625, 36.635406494140625], "right_hand": [464.60699462890625, 316.77728271484375, 33.58306884765625, 35.173583984375]}, {"left_hand": null, "right_hand": null}]}