{"image_path": "/home/hyem/workspace/frankmocap_notebooks/images/D9H-eRIROA/scene_00004789.jpg", "body_bbox_list": [[512, 182, 242, 452], [735, 128, 156, 414], [755, 352, 88, 191], [791, 205, 50, 85]], "hand_bbox_list": [{"left_hand": [499.581298828125, 319.8585510253906, 48.476318359375, 59.05108642578125], "right_hand": [499.581298828125, 319.8585510253906, 48.476318359375, 59.05108642578125]}, {"left_hand": null, "right_hand": null}, {"left_hand": null, "right_hand": null}, {"left_hand": null, "right_hand": null}]}