{"image_path": "/home/hyem/workspace/frankmocap_notebooks/images/D9H-eRIROA/scene_00001685.jpg", "body_bbox_list": [[549, 164, 162, 471]], "hand_bbox_list": [{"left_hand": [685.069091796875, 388.95086669921875, 31.4454345703125, 43.319183349609375], "right_hand": [549.1201782226562, 397.57061767578125, 28.11492919921875, 26.199981689453125]}]}