{"image_path": "/home/hyem/workspace/frankmocap_notebooks/images/D9H-eRIROA/scene_00001925.jpg", "body_bbox_list": [[780, 109, 167, 440], [572, 165, 161, 452]], "hand_bbox_list": [{"left_hand": null, "right_hand": null}, {"left_hand": [703.3612060546875, 297.5606994628906, 36.25091552734375, 34.8138427734375], "right_hand": [582.9346923828125, 409.6803283691406, 20.69696044921875, 32.34991455078125]}]}