{"image_path": "/home/hyem/workspace/frankmocap_notebooks/images/D9H-eRIROA/scene_00000633.jpg", "body_bbox_list": [[347, 121, 403, 557]], "hand_bbox_list": [{"left_hand": [481.3230285644531, 464.8108825683594, 113.04776000976562, 85.47360229492188], "right_hand": [481.67938232421875, 446.4169616699219, 95.5562744140625, 69.13961791992188]}]}