{"image_path": "/home/hyem/workspace/frankmocap_notebooks/images/D9H-eRIROA/scene_00007664.jpg", "body_bbox_list": [[500, 153, 243, 476], [729, 111, 173, 414]], "hand_bbox_list": [{"left_hand": [642.3524780273438, 253.82373046875, 48.87774658203125, 42.344696044921875], "right_hand": [562.3571166992188, 250.49143981933594, 48.25848388671875, 49.14942932128906]}, {"left_hand": null, "right_hand": null}]}