{"image_path": "/home/hyem/workspace/frankmocap_notebooks/images/D9H-eRIROA/scene_00003681.jpg", "body_bbox_list": [[481, 153, 310, 465], [716, 126, 205, 199]], "hand_bbox_list": [{"left_hand": [773.9622802734375, 327.7754821777344, 38.90673828125, 34.159271240234375], "right_hand": [482.6083984375, 349.40802001953125, 26.011962890625, 40.051300048828125]}, {"left_hand": null, "right_hand": null}]}