{"image_path": "/home/hyem/workspace/frankmocap_notebooks/images/D9H-eRIROA/scene_00008516.jpg", "body_bbox_list": [[708, 101, 278, 501], [531, 146, 199, 484]], "hand_bbox_list": [{"left_hand": null, "right_hand": [711.8992919921875, 337.298828125, 51.7833251953125, 33.16400146484375]}, {"left_hand": [711.8992919921875, 337.298828125, 51.7833251953125, 33.16400146484375], "right_hand": [539.07373046875, 375.5589904785156, 34.989501953125, 45.370941162109375]}]}