{"image_path": "/home/hyem/workspace/frankmocap_notebooks/images/D9H-eRIROA/scene_00004523.jpg", "body_bbox_list": [[495, 70, 248, 552]], "hand_bbox_list": [{"left_hand": [661.0960083007812, 49.048973083496094, 55.571533203125, 51.86341094970703], "right_hand": [498.2942199707031, 106.4410171508789, 42.360870361328125, 43.461708068847656]}]}