{"image_path": "/home/hyem/workspace/frankmocap_notebooks/images/D9H-eRIROA/scene_00009603.jpg", "body_bbox_list": [[74, 95, 353, 625]], "hand_bbox_list": [{"left_hand": [232.76907348632812, 309.6293640136719, 62.14154052734375, 79.022705078125], "right_hand": null}]}