{"image_path": "/home/hyem/workspace/frankmocap_notebooks/images/D9H-eRIROA/scene_00002203.jpg", "body_bbox_list": [[572, 160, 161, 451]], "hand_bbox_list": [{"left_hand": [680.0916748046875, 284.0240173339844, 46.55853271484375, 38.87127685546875], "right_hand": [604.527587890625, 289.89166259765625, 52.93988037109375, 40.48944091796875]}]}