{"image_path": "/home/hyem/workspace/frankmocap_notebooks/images/D9H-eRIROA/scene_00008849.jpg", "body_bbox_list": [[484, 170, 253, 465]], "hand_bbox_list": [{"left_hand": [667.0512084960938, 310.73419189453125, 48.7491455078125, 53.133392333984375], "right_hand": [485.414306640625, 329.3724365234375, 37.8062744140625, 46.33282470703125]}]}