{"image_path": "/home/hyem/workspace/frankmocap_notebooks/images/D9H-eRIROA/scene_00004846.jpg", "body_bbox_list": [[516, 193, 267, 441]], "hand_bbox_list": [{"left_hand": [767.9117431640625, 204.155517578125, 40.87054443359375, 52.948211669921875], "right_hand": [522.5711669921875, 349.9330139160156, 39.11181640625, 55.336578369140625]}]}