{"image_path": "/home/hyem/workspace/frankmocap_notebooks/images/D9H-eRIROA/scene_00001164.jpg", "body_bbox_list": [[373, 121, 334, 557]], "hand_bbox_list": [{"left_hand": [495.8295593261719, 575.1782836914062, 114.01620483398438, 84.8575439453125], "right_hand": [424.37652587890625, 416.0893859863281, 115.2177734375, 117.86410522460938]}]}