{"image_path": "/home/hyem/workspace/frankmocap_notebooks/images/D9H-eRIROA/scene_00005120.jpg", "body_bbox_list": [[744, 85, 199, 477], [544, 141, 172, 489]], "hand_bbox_list": [{"left_hand": null, "right_hand": null}, {"left_hand": [697.2069091796875, 281.1446533203125, 33.8148193359375, 35.88995361328125], "right_hand": [564.3411865234375, 266.6210021972656, 39.17059326171875, 36.972381591796875]}]}