{"image_path": "/home/hyem/workspace/frankmocap_notebooks/images/D9H-eRIROA/scene_00004297.jpg", "body_bbox_list": [[547, 146, 199, 484], [734, 107, 186, 253]], "hand_bbox_list": [{"left_hand": [665.1889038085938, 292.712646484375, 36.53375244140625, 37.48297119140625], "right_hand": [579.7552490234375, 305.62896728515625, 33.659423828125, 31.77142333984375]}, {"left_hand": null, "right_hand": null}]}