{"image_path": "/home/hyem/workspace/frankmocap_notebooks/images/D9H-eRIROA/scene_00004818.jpg", "body_bbox_list": [[476, 188, 286, 446], [671, 188, 199, 310], [783, 329, 88, 191]], "hand_bbox_list": [{"left_hand": [474.7980041503906, 306.5062255859375, 38.446746826171875, 28.763824462890625], "right_hand": [511.9331970214844, 343.1186218261719, 30.454010009765625, 33.149658203125]}, {"left_hand": null, "right_hand": null}, {"left_hand": null, "right_hand": null}]}