{"image_path": "/home/hyem/workspace/frankmocap_notebooks/images/D9H-eRIROA/scene_00006563.jpg", "body_bbox_list": [[533, 153, 166, 465], [738, 107, 99, 371]], "hand_bbox_list": [{"left_hand": [679.3684692382812, 405.4825744628906, 24.60968017578125, 44.976776123046875], "right_hand": [549.5770263671875, 392.1747741699219, 29.22509765625, 40.838165283203125]}, {"left_hand": null, "right_hand": null}]}