{"image_path": "/home/hyem/workspace/frankmocap_notebooks/images/D9H-eRIROA/scene_00001864.jpg", "body_bbox_list": [[538, 160, 156, 457], [714, 104, 148, 433]], "hand_bbox_list": [{"left_hand": [667.2525634765625, 375.0431213378906, 30.7540283203125, 36.95050048828125], "right_hand": [548.5347900390625, 313.1583251953125, 31.78662109375, 34.174591064453125]}, {"left_hand": null, "right_hand": null}]}