{"image_path": "/home/hyem/workspace/frankmocap_notebooks/images/D9H-eRIROA/scene_00008564.jpg", "body_bbox_list": [[507, 170, 235, 470], [764, 150, 143, 161]], "hand_bbox_list": [{"left_hand": [729.5430908203125, 340.5214538574219, 31.88861083984375, 41.361053466796875], "right_hand": [563.8810424804688, 314.74383544921875, 35.84033203125, 40.875091552734375]}, {"left_hand": null, "right_hand": null}]}