{"image_path": "/home/hyem/workspace/frankmocap_notebooks/images/D9H-eRIROA/scene_00008646.jpg", "body_bbox_list": [[554, 139, 180, 532], [787, 172, 148, 292], [824, 320, 62, 260], [857, 111, 80, 155]], "hand_bbox_list": [{"left_hand": [669.2555541992188, 309.0424499511719, 46.4622802734375, 28.157867431640625], "right_hand": [583.5965576171875, 309.955078125, 43.19744873046875, 30.970123291015625]}, {"left_hand": null, "right_hand": null}, {"left_hand": null, "right_hand": null}, {"left_hand": null, "right_hand": null}]}