{"image_path": "/home/hyem/workspace/frankmocap_notebooks/images/D9H-eRIROA/scene_00005630.jpg", "body_bbox_list": [[635, 141, 137, 495], [827, 107, 129, 484]], "hand_bbox_list": [{"left_hand": [735.79833984375, 370.8650207519531, 31.7562255859375, 49.21051025390625], "right_hand": [707.8590698242188, 317.03338623046875, 46.82928466796875, 37.597747802734375]}, {"left_hand": null, "right_hand": null}]}