{"image_path": "/home/hyem/workspace/frankmocap_notebooks/images/D9H-eRIROA/scene_00005426.jpg", "body_bbox_list": [[442, 110, 286, 568]], "hand_bbox_list": [{"left_hand": [479.37115478515625, 331.89892578125, 55.7767333984375, 61.423583984375], "right_hand": [396.2426452636719, 499.38421630859375, 71.45233154296875, 76.81982421875]}]}