{"image_path": "/home/hyem/workspace/frankmocap_notebooks/images/D9H-eRIROA/scene_00007393.jpg", "body_bbox_list": [[497, 188, 311, 446], [903, 208, 56, 113]], "hand_bbox_list": [{"left_hand": [755.7589721679688, 371.3780517578125, 37.31689453125, 32.13250732421875], "right_hand": [730.021728515625, 342.7932434082031, 26.3240966796875, 29.410491943359375]}, {"left_hand": null, "right_hand": null}]}