{"image_path": "/home/hyem/workspace/frankmocap_notebooks/images/D9H-eRIROA/scene_00009552.jpg", "body_bbox_list": [[28, 85, 378, 595]], "hand_bbox_list": [{"left_hand": [198.78138732910156, 317.95465087890625, 57.84788513183594, 75.72006225585938], "right_hand": null}]}