{"image_path": "/home/hyem/workspace/frankmocap_notebooks/images/D9H-eRIROA/scene_00004884.jpg", "body_bbox_list": [[549, 159, 297, 464]], "hand_bbox_list": [{"left_hand": [818.8359985351562, 147.24998474121094, 55.6446533203125, 43.70745849609375], "right_hand": [528.8150634765625, 292.323974609375, 34.42291259765625, 48.111907958984375]}]}