{"image_path": "/home/hyem/workspace/frankmocap_notebooks/images/D9H-eRIROA/scene_00001761.jpg", "body_bbox_list": [[572, 152, 161, 495], [770, 115, 137, 446], [858, 205, 56, 74]], "hand_bbox_list": [{"left_hand": [680.5138549804688, 288.7601318359375, 48.1134033203125, 42.58184814453125], "right_hand": [630.4249877929688, 284.885009765625, 44.498779296875, 43.9718017578125]}, {"left_hand": null, "right_hand": null}, {"left_hand": null, "right_hand": null}]}