{"image_path": "/home/hyem/workspace/frankmocap_notebooks/images/D9H-eRIROA/scene_00004309.jpg", "body_bbox_list": [[736, 101, 142, 484], [550, 153, 137, 476]], "hand_bbox_list": [{"left_hand": null, "right_hand": null}, {"left_hand": [559.6468505859375, 232.3935089111328, 33.2303466796875, 34.68367004394531], "right_hand": [537.1887817382812, 243.05250549316406, 25.61224365234375, 36.58467102050781]}]}