{"image_path": "/home/hyem/workspace/frankmocap_notebooks/images/D9H-eRIROA/scene_00003346.jpg", "body_bbox_list": [[506, 153, 242, 476]], "hand_bbox_list": [{"left_hand": [740.5033569335938, 214.36019897460938, 32.3575439453125, 39.51904296875], "right_hand": [498.13079833984375, 236.39027404785156, 43.59588623046875, 43.74052429199219]}]}