{"image_path": "/home/hyem/workspace/frankmocap_notebooks/images/D9H-eRIROA/scene_00000769.jpg", "body_bbox_list": [[309, 121, 484, 563]], "hand_bbox_list": [{"left_hand": [554.3773193359375, 297.06646728515625, 121.930419921875, 78.4615478515625], "right_hand": [379.2239685058594, 296.5721740722656, 118.61642456054688, 105.94522094726562]}]}