{"image_path": "/home/hyem/workspace/frankmocap_notebooks/images/D9H-eRIROA/scene_00009526.jpg", "body_bbox_list": [[17, 92, 365, 576]], "hand_bbox_list": [{"left_hand": [145.8146209716797, 337.54705810546875, 74.62875366210938, 94.64376831054688], "right_hand": null}]}