{"image_path": "/home/hyem/workspace/frankmocap_notebooks/images/D9H-eRIROA/scene_00004811.jpg", "body_bbox_list": [[476, 188, 286, 446], [672, 195, 186, 302], [783, 335, 88, 185], [734, 353, 50, 172]], "hand_bbox_list": [{"left_hand": [470.0740661621094, 300.5352478027344, 37.147125244140625, 35.078155517578125], "right_hand": [515.4258422851562, 344.89923095703125, 29.71484375, 32.6441650390625]}, {"left_hand": null, "right_hand": null}, {"left_hand": null, "right_hand": null}, {"left_hand": null, "right_hand": null}]}