{"image_path": "/home/hyem/workspace/frankmocap_notebooks/images/D9H-eRIROA/scene_00002779.jpg", "body_bbox_list": [[529, 188, 253, 446], [732, 126, 224, 451]], "hand_bbox_list": [{"left_hand": [736.6700439453125, 378.38177490234375, 32.67523193359375, 41.800140380859375], "right_hand": [527.9309692382812, 400.44464111328125, 33.508544921875, 35.873443603515625]}, {"left_hand": null, "right_hand": null}]}