{"image_path": "/home/hyem/workspace/frankmocap_notebooks/images/D9H-eRIROA/scene_00003872.jpg", "body_bbox_list": [[551, 182, 248, 457]], "hand_bbox_list": [{"left_hand": [745.9020385742188, 219.6307830810547, 32.7569580078125, 39.69987487792969], "right_hand": [534.471923828125, 247.5962677001953, 39.042724609375, 36.63380432128906]}]}