{"image_path": "/home/hyem/workspace/frankmocap_notebooks/images/D9H-eRIROA/scene_00006265.jpg", "body_bbox_list": [[406, 165, 341, 457], [724, 110, 172, 433]], "hand_bbox_list": [{"left_hand": [634.98681640625, 245.43653869628906, 50.03717041015625, 48.11817932128906], "right_hand": [360.7811584472656, 224.91729736328125, 62.39959716796875, 60.00823974609375]}, {"left_hand": null, "right_hand": null}]}