{"image_path": "/home/hyem/workspace/frankmocap_notebooks/images/D9H-eRIROA/scene_00005697.jpg", "body_bbox_list": [[523, 117, 248, 508]], "hand_bbox_list": [{"left_hand": [756.545166015625, 115.24075317382812, 55.86822509765625, 31.287445068359375], "right_hand": [515.6797485351562, 328.8913879394531, 41.74432373046875, 55.067291259765625]}]}