{"image_path": "/home/hyem/workspace/frankmocap_notebooks/images/D9H-eRIROA/scene_00002152.jpg", "body_bbox_list": [[470, 159, 292, 481]], "hand_bbox_list": [{"left_hand": [714.0001220703125, 128.1660919189453, 45.34332275390625, 56.850433349609375], "right_hand": [477.4251403808594, 199.6399688720703, 34.410430908203125, 45.03279113769531]}]}