{"image_path": "/home/hyem/workspace/frankmocap_notebooks/images/D9H-eRIROA/scene_00001195.jpg", "body_bbox_list": [[375, 140, 302, 525]], "hand_bbox_list": [{"left_hand": [443.4828186035156, 516.54443359375, 108.20199584960938, 111.29473876953125], "right_hand": [426.0823059082031, 513.9268188476562, 69.06112670898438, 77.93194580078125]}]}