{"image_path": "/home/hyem/workspace/frankmocap_notebooks/images/D9H-eRIROA/scene_00008769.jpg", "body_bbox_list": [[544, 152, 155, 501], [794, 78, 94, 390]], "hand_bbox_list": [{"left_hand": [642.00146484375, 336.5507507324219, 37.03253173828125, 41.46923828125], "right_hand": [587.6598510742188, 352.11163330078125, 37.59307861328125, 41.060394287109375]}, {"left_hand": null, "right_hand": null}]}