{"image_path": "/home/hyem/workspace/frankmocap_notebooks/images/D9H-eRIROA/scene_00009545.jpg", "body_bbox_list": [[0, 84, 402, 625]], "hand_bbox_list": [{"left_hand": [186.08721923828125, 321.0915832519531, 73.3204345703125, 94.53607177734375], "right_hand": null}]}