{"image_path": "/home/hyem/workspace/frankmocap_notebooks/images/D9H-eRIROA/scene_00007490.jpg", "body_bbox_list": [[482, 188, 291, 440]], "hand_bbox_list": [{"left_hand": [753.6776123046875, 198.66136169433594, 36.98345947265625, 53.267120361328125], "right_hand": [526.1542358398438, 358.4741516113281, 44.25799560546875, 52.30792236328125]}]}