{"image_path": "/home/hyem/workspace/frankmocap_notebooks/images/D9H-eRIROA/scene_00000851.jpg", "body_bbox_list": [[561, 146, 161, 501], [371, 85, 124, 370]], "hand_bbox_list": [{"left_hand": [613.1744384765625, 273.5511779785156, 35.6893310546875, 44.921722412109375], "right_hand": [613.1744384765625, 273.5511779785156, 35.6893310546875, 44.921722412109375]}, {"left_hand": null, "right_hand": null}]}