{"image_path": "/home/hyem/workspace/frankmocap_notebooks/images/D9H-eRIROA/scene_00004043.jpg", "body_bbox_list": [[488, 147, 267, 465]], "hand_bbox_list": [{"left_hand": [679.8628540039062, 134.65408325195312, 37.55206298828125, 36.22682189941406], "right_hand": [558.8887939453125, 215.83380126953125, 32.6558837890625, 32.74311828613281]}]}