{"image_path": "/home/hyem/workspace/frankmocap_notebooks/images/D9H-eRIROA/scene_00000916.jpg", "body_bbox_list": [[538, 146, 167, 501], [434, 100, 94, 397]], "hand_bbox_list": [{"left_hand": [621.393798828125, 266.1733703613281, 49.88848876953125, 43.84185791015625], "right_hand": [565.0120849609375, 268.5308532714844, 52.7423095703125, 43.335296630859375]}, {"left_hand": null, "right_hand": null}]}