{"image_path": "/home/hyem/workspace/frankmocap_notebooks/images/D9H-eRIROA/scene_00004286.jpg", "body_bbox_list": [[561, 147, 155, 476], [743, 101, 129, 495]], "hand_bbox_list": [{"left_hand": [689.0504150390625, 363.840576171875, 30.79473876953125, 49.623443603515625], "right_hand": [607.9190673828125, 260.97705078125, 39.55084228515625, 33.444854736328125]}, {"left_hand": null, "right_hand": null}]}