{"image_path": "/home/hyem/workspace/frankmocap_notebooks/images/D9H-eRIROA/scene_00003051.jpg", "body_bbox_list": [[564, 142, 211, 481]], "hand_bbox_list": [{"left_hand": [595.819580078125, 140.06236267089844, 53.205078125, 43.17266845703125], "right_hand": null}]}