{"image_path": "/home/hyem/workspace/frankmocap_notebooks/images/D9H-eRIROA/scene_00005468.jpg", "body_bbox_list": [[489, 188, 254, 446], [671, 128, 205, 397]], "hand_bbox_list": [{"left_hand": [484.7401123046875, 285.4085998535156, 31.2061767578125, 28.48553466796875], "right_hand": [494.11566162109375, 323.95892333984375, 21.4559326171875, 27.93902587890625]}, {"left_hand": null, "right_hand": null}]}