{"image_path": "/home/hyem/workspace/frankmocap_notebooks/images/D9H-eRIROA/scene_00008266.jpg", "body_bbox_list": [[451, 193, 341, 441], [676, 140, 235, 378]], "hand_bbox_list": [{"left_hand": [485.4613342285156, 321.66094970703125, 28.175445556640625, 22.00946044921875], "right_hand": [444.41064453125, 331.6588134765625, 41.676666259765625, 27.83917236328125]}, {"left_hand": null, "right_hand": null}]}