{"image_path": "/home/hyem/workspace/frankmocap_notebooks/images/D9H-eRIROA/scene_00003929.jpg", "body_bbox_list": [[545, 170, 260, 465], [748, 124, 242, 354]], "hand_bbox_list": [{"left_hand": [795.0626831054688, 324.9557189941406, 35.36907958984375, 39.2139892578125], "right_hand": [552.3492431640625, 286.1569519042969, 38.0374755859375, 39.798919677734375]}, {"left_hand": null, "right_hand": null}]}