{"image_path": "/home/hyem/workspace/frankmocap_notebooks/images/D9H-eRIROA/scene_00003150.jpg", "body_bbox_list": [[551, 175, 254, 465]], "hand_bbox_list": [{"left_hand": [743.4005126953125, 185.01832580566406, 25.3802490234375, 33.79046630859375], "right_hand": [551.2713623046875, 213.0356903076172, 37.9271240234375, 32.55226135253906]}]}