{"image_path": "/home/hyem/workspace/frankmocap_notebooks/images/D9H-eRIROA/scene_00002492.jpg", "body_bbox_list": [[495, 154, 259, 457], [738, 111, 229, 278]], "hand_bbox_list": [{"left_hand": [735.2534790039062, 311.3004455566406, 30.54974365234375, 50.060211181640625], "right_hand": [477.930419921875, 294.77386474609375, 34.73919677734375, 48.682098388671875]}, {"left_hand": null, "right_hand": null}]}