{"image_path": "/home/hyem/workspace/frankmocap_notebooks/images/D9H-eRIROA/scene_00002599.jpg", "body_bbox_list": [[550, 148, 143, 458], [727, 183, 104, 180]], "hand_bbox_list": [{"left_hand": [675.5650634765625, 381.5908203125, 26.87847900390625, 39.047515869140625], "right_hand": [568.9252319335938, 368.8226013183594, 30.448974609375, 30.009185791015625]}, {"left_hand": null, "right_hand": null}]}