{"image_path": "/home/hyem/workspace/frankmocap_notebooks/images/D9H-eRIROA/scene_00002683.jpg", "body_bbox_list": [[514, 146, 199, 484], [718, 84, 173, 495], [830, 180, 56, 124]], "hand_bbox_list": [{"left_hand": [658.6639404296875, 340.0802001953125, 34.10626220703125, 37.067169189453125], "right_hand": [519.6013793945312, 353.82513427734375, 30.9976806640625, 36.26043701171875]}, {"left_hand": null, "right_hand": null}, {"left_hand": null, "right_hand": null}]}