{"image_path": "/home/hyem/workspace/frankmocap_notebooks/images/D9H-eRIROA/scene_00004412.jpg", "body_bbox_list": [[601, 177, 137, 428]], "hand_bbox_list": [{"left_hand": null, "right_hand": [715.0106811523438, 193.49481201171875, 35.4278564453125, 33.328857421875]}]}