{"image_path": "/home/hyem/workspace/frankmocap_notebooks/images/D9H-eRIROA/scene_00002195.jpg", "body_bbox_list": [[730, 104, 148, 433], [596, 147, 118, 465]], "hand_bbox_list": [{"left_hand": null, "right_hand": null}, {"left_hand": [653.3453979492188, 330.877685546875, 36.337158203125, 28.037994384765625], "right_hand": [632.22314453125, 330.3288879394531, 41.456298828125, 40.131561279296875]}]}