{"image_path": "/home/hyem/workspace/frankmocap_notebooks/images/D9H-eRIROA/scene_00003175.jpg", "body_bbox_list": [[589, 153, 161, 476], [764, 178, 148, 291]], "hand_bbox_list": [{"left_hand": [731.44921875, 367.7887878417969, 26.58966064453125, 46.55169677734375], "right_hand": [597.2240600585938, 385.6639099121094, 34.000244140625, 40.15240478515625]}, {"left_hand": null, "right_hand": null}]}