{"image_path": "/home/hyem/workspace/frankmocap_notebooks/images/D9H-eRIROA/scene_00007430.jpg", "body_bbox_list": [[451, 188, 335, 440], [634, 141, 267, 365]], "hand_bbox_list": [{"left_hand": [452.2489318847656, 319.5850524902344, 33.62335205078125, 32.6806640625], "right_hand": [452.2489318847656, 319.5850524902344, 33.62335205078125, 32.6806640625]}, {"left_hand": null, "right_hand": null}]}