{"image_path": "/home/hyem/workspace/frankmocap_notebooks/images/D9H-eRIROA/scene_00006707.jpg", "body_bbox_list": [[165, 112, 693, 519]], "hand_bbox_list": [{"left_hand": [826.9030151367188, 377.4462585449219, 101.68450927734375, 83.19503784179688], "right_hand": [104.16744232177734, 487.5254821777344, 95.76544952392578, 77.73617553710938]}]}