{"image_path": "/home/hyem/workspace/frankmocap_notebooks/images/D9H-eRIROA/scene_00002815.jpg", "body_bbox_list": [[452, 194, 311, 433], [699, 131, 205, 446]], "hand_bbox_list": [{"left_hand": [678.703125, 354.28692626953125, 33.4285888671875, 41.8565673828125], "right_hand": [457.1502380371094, 377.4669189453125, 32.55023193359375, 37.02642822265625]}, {"left_hand": null, "right_hand": null}]}