{"image_path": "/home/hyem/workspace/frankmocap_notebooks/images/D9H-eRIROA/scene_00006537.jpg", "body_bbox_list": [[401, 171, 335, 451]], "hand_bbox_list": [{"left_hand": [719.6573486328125, 199.92254638671875, 40.4361572265625, 37.81095886230469], "right_hand": [371.5931396484375, 342.1298828125, 44.59918212890625, 35.91680908203125]}]}