{"image_path": "/home/hyem/workspace/frankmocap_notebooks/images/D9H-eRIROA/scene_00002041.jpg", "body_bbox_list": [[517, 172, 243, 433], [792, 196, 148, 137]], "hand_bbox_list": [{"left_hand": [718.2402954101562, 366.9688415527344, 41.66632080078125, 49.44891357421875], "right_hand": [527.7858276367188, 381.3511657714844, 36.1767578125, 41.227569580078125]}, {"left_hand": null, "right_hand": null}]}