{"image_path": "/home/hyem/workspace/frankmocap_notebooks/images/D9H-eRIROA/scene_00004768.jpg", "body_bbox_list": [[536, 194, 210, 433], [816, 154, 129, 316]], "hand_bbox_list": [{"left_hand": [724.3143920898438, 337.8511657714844, 28.01165771484375, 28.776641845703125], "right_hand": [724.3143920898438, 337.8511657714844, 28.01165771484375, 28.776641845703125]}, {"left_hand": null, "right_hand": null}]}