{"image_path": "/home/hyem/workspace/frankmocap_notebooks/images/D9H-eRIROA/scene_00001528.jpg", "body_bbox_list": [[562, 147, 148, 465], [719, 103, 143, 446]], "hand_bbox_list": [{"left_hand": [659.909423828125, 282.2772521972656, 30.77667236328125, 43.815460205078125], "right_hand": [605.1810913085938, 284.1689758300781, 34.72784423828125, 35.926239013671875]}, {"left_hand": null, "right_hand": null}]}