{"image_path": "/home/hyem/workspace/frankmocap_notebooks/images/D9H-eRIROA/scene_00004659.jpg", "body_bbox_list": [[461, 159, 259, 470], [746, 167, 162, 414], [817, 116, 88, 173]], "hand_bbox_list": [{"left_hand": [681.335205078125, 324.60113525390625, 37.98236083984375, 31.761077880859375], "right_hand": [456.09600830078125, 362.6214294433594, 30.474609375, 50.80645751953125]}, {"left_hand": null, "right_hand": null}, {"left_hand": null, "right_hand": null}]}