{"image_path": "/home/hyem/workspace/frankmocap_notebooks/images/D9H-eRIROA/scene_00008378.jpg", "body_bbox_list": [[572, 188, 167, 446], [769, 207, 161, 402]], "hand_bbox_list": [{"left_hand": [722.22900390625, 356.7606506347656, 33.71929931640625, 33.9591064453125], "right_hand": [601.3822631835938, 337.77996826171875, 33.296630859375, 31.47039794921875]}, {"left_hand": null, "right_hand": null}]}