{"image_path": "/home/hyem/workspace/frankmocap_notebooks/images/D9H-eRIROA/scene_00005738.jpg", "body_bbox_list": [[467, 106, 253, 514]], "hand_bbox_list": [{"left_hand": [676.25732421875, 81.66629791259766, 41.55572509765625, 50.18750762939453], "right_hand": [452.8946228027344, 325.2427062988281, 34.6812744140625, 39.671295166015625]}]}