{"image_path": "/home/hyem/workspace/frankmocap_notebooks/images/D9H-eRIROA/scene_00000770.jpg", "body_bbox_list": [[322, 118, 465, 602]], "hand_bbox_list": [{"left_hand": [565.1642456054688, 280.0120849609375, 121.0546875, 74.7491455078125], "right_hand": [367.4468994140625, 280.4004821777344, 111.6805419921875, 97.51544189453125]}]}