{"image_path": "/home/hyem/workspace/frankmocap_notebooks/images/D9H-eRIROA/scene_00000709.jpg", "body_bbox_list": [[445, 91, 359, 612]], "hand_bbox_list": [{"left_hand": [607.64794921875, 486.6907043457031, 117.2572021484375, 108.84982299804688], "right_hand": [555.1683349609375, 364.571533203125, 108.248291015625, 145.74130249023438]}]}