{"image_path": "/home/hyem/workspace/frankmocap_notebooks/images/D9H-eRIROA/scene_00004707.jpg", "body_bbox_list": [[476, 194, 297, 433], [808, 149, 173, 433]], "hand_bbox_list": [{"left_hand": [737.7459716796875, 361.299560546875, 26.1494140625, 29.54925537109375], "right_hand": [737.7459716796875, 361.299560546875, 26.1494140625, 29.54925537109375]}, {"left_hand": null, "right_hand": null}]}