{"image_path": "/home/hyem/workspace/frankmocap_notebooks/images/D9H-eRIROA/scene_00007771.jpg", "body_bbox_list": [[500, 141, 148, 495], [699, 104, 99, 422]], "hand_bbox_list": [{"left_hand": [562.6312866210938, 318.3147277832031, 40.47869873046875, 37.001556396484375], "right_hand": [562.6312866210938, 318.3147277832031, 40.47869873046875, 37.001556396484375]}, {"left_hand": null, "right_hand": null}]}