{"image_path": "/home/hyem/workspace/frankmocap_notebooks/images/D9H-eRIROA/scene_00004643.jpg", "body_bbox_list": [[591, 142, 123, 481], [766, 107, 94, 371]], "hand_bbox_list": [{"left_hand": [670.8309326171875, 375.24359130859375, 38.13897705078125, 41.731231689453125], "right_hand": [677.599609375, 263.9382019042969, 40.3614501953125, 34.469482421875]}, {"left_hand": null, "right_hand": null}]}