{"image_path": "/home/hyem/workspace/frankmocap_notebooks/images/D9H-eRIROA/scene_00005832.jpg", "body_bbox_list": [[538, 162, 173, 520], [773, 113, 192, 370]], "hand_bbox_list": [{"left_hand": [593.059814453125, 241.32554626464844, 32.1826171875, 31.901962280273438], "right_hand": [532.9651489257812, 242.43016052246094, 30.029541015625, 46.02943420410156]}, {"left_hand": null, "right_hand": null}]}