{"image_path": "/home/hyem/workspace/frankmocap_notebooks/images/D9H-eRIROA/scene_00008715.jpg", "body_bbox_list": [[573, 159, 148, 464], [761, 124, 104, 354]], "hand_bbox_list": [{"left_hand": [664.0113525390625, 320.5334167480469, 34.33795166015625, 41.60906982421875], "right_hand": [611.8417358398438, 311.7912902832031, 35.037841796875, 38.1002197265625]}, {"left_hand": null, "right_hand": null}]}