{"image_path": "/home/hyem/workspace/frankmocap_notebooks/images/D9H-eRIROA/scene_00006952.jpg", "body_bbox_list": [[545, 165, 148, 457], [749, 115, 99, 457]], "hand_bbox_list": [{"left_hand": [655.5090942382812, 356.03369140625, 38.693359375, 38.296234130859375], "right_hand": [574.2830200195312, 366.6824951171875, 36.1304931640625, 39.99298095703125]}, {"left_hand": null, "right_hand": null}]}