{"image_path": "/home/hyem/workspace/frankmocap_notebooks/images/D9H-eRIROA/scene_00007651.jpg", "body_bbox_list": [[395, 164, 335, 465], [713, 122, 172, 403]], "hand_bbox_list": [{"left_hand": [626.2208862304688, 251.6937255859375, 47.47247314453125, 44.434326171875], "right_hand": [348.7964782714844, 234.79344177246094, 63.3433837890625, 59.68916320800781]}, {"left_hand": null, "right_hand": null}]}