{"image_path": "/home/hyem/workspace/frankmocap_notebooks/images/D9H-eRIROA/scene_00006226.jpg", "body_bbox_list": [[544, 142, 267, 476]], "hand_bbox_list": [{"left_hand": [790.249755859375, 207.223876953125, 57.09649658203125, 59.195831298828125], "right_hand": [548.8689575195312, 377.51971435546875, 24.85516357421875, 32.170257568359375]}]}