{"image_path": "/home/hyem/workspace/frankmocap_notebooks/images/D9H-eRIROA/scene_00005015.jpg", "body_bbox_list": [[442, 170, 286, 470], [683, 116, 186, 427]], "hand_bbox_list": [{"left_hand": [487.81829833984375, 328.2884826660156, 44.22998046875, 37.7239990234375], "right_hand": [427.4423828125, 288.172119140625, 36.608978271484375, 33.335906982421875]}, {"left_hand": null, "right_hand": null}]}