{"image_path": "/home/hyem/workspace/frankmocap_notebooks/images/D9H-eRIROA/scene_00008965.jpg", "body_bbox_list": [[549, 127, 162, 533]], "hand_bbox_list": [{"left_hand": [572.02197265625, 325.3447265625, 52.03948974609375, 31.89794921875], "right_hand": [572.02197265625, 325.3447265625, 52.03948974609375, 31.89794921875]}]}