{"image_path": "/home/hyem/workspace/frankmocap_notebooks/images/D9H-eRIROA/scene_00004411.jpg", "body_bbox_list": [[601, 130, 137, 477]], "hand_bbox_list": [{"left_hand": [666.9923095703125, 135.68309020996094, 37.5140380859375, 33.267547607421875], "right_hand": [646.936279296875, 180.20040893554688, 65.60662841796875, 76.15521240234375]}]}