{"image_path": "/home/hyem/workspace/frankmocap_notebooks/images/D9H-eRIROA/scene_00000964.jpg", "body_bbox_list": [[560, 134, 191, 520], [365, 95, 142, 260]], "hand_bbox_list": [{"left_hand": [628.5169067382812, 299.64208984375, 52.21307373046875, 41.410736083984375], "right_hand": [628.5169067382812, 299.64208984375, 52.21307373046875, 41.410736083984375]}, {"left_hand": null, "right_hand": null}]}