{"image_path": "/home/hyem/workspace/frankmocap_notebooks/images/D9H-eRIROA/scene_00003665.jpg", "body_bbox_list": [[723, 103, 186, 452], [563, 141, 129, 495]], "hand_bbox_list": [{"left_hand": null, "right_hand": null}, {"left_hand": [635.2824096679688, 326.4251403808594, 41.5875244140625, 45.451385498046875], "right_hand": [596.1317749023438, 328.64385986328125, 38.87872314453125, 38.68951416015625]}]}