{"image_path": "/home/hyem/workspace/frankmocap_notebooks/images/D9H-eRIROA/scene_00003528.jpg", "body_bbox_list": [[514, 154, 204, 446], [700, 120, 180, 452]], "hand_bbox_list": [{"left_hand": [704.3660888671875, 296.58514404296875, 32.5770263671875, 31.48974609375], "right_hand": [509.45465087890625, 239.2452392578125, 33.02264404296875, 36.431793212890625]}, {"left_hand": null, "right_hand": null}]}