{"image_path": "/home/hyem/workspace/frankmocap_notebooks/images/D9H-eRIROA/scene_00003879.jpg", "body_bbox_list": [[545, 170, 254, 465]], "hand_bbox_list": [{"left_hand": [762.6103515625, 209.17173767089844, 33.78973388671875, 40.35169982910156], "right_hand": [531.2171020507812, 256.7983703613281, 39.7259521484375, 38.34442138671875]}]}