{"image_path": "/home/hyem/workspace/frankmocap_notebooks/images/D9H-eRIROA/scene_00003090.jpg", "body_bbox_list": [[591, 171, 224, 457], [809, 117, 143, 402]], "hand_bbox_list": [{"left_hand": [655.6526489257812, 237.01170349121094, 37.66436767578125, 39.84364318847656], "right_hand": [664.6190795898438, 376.26806640625, 42.26123046875, 38.88043212890625]}, {"left_hand": null, "right_hand": null}]}