{"image_path": "/home/hyem/workspace/frankmocap_notebooks/images/D9H-eRIROA/scene_00004222.jpg", "body_bbox_list": [[512, 223, 253, 414], [761, 176, 210, 340]], "hand_bbox_list": [{"left_hand": [701.9931030273438, 408.3684997558594, 37.39544677734375, 36.202484130859375], "right_hand": [552.5011596679688, 404.6299133300781, 31.4779052734375, 32.918609619140625]}, {"left_hand": null, "right_hand": null}]}