{"image_path": "/home/hyem/workspace/frankmocap_notebooks/images/D9H-eRIROA/scene_00002366.jpg", "body_bbox_list": [[459, 188, 286, 446]], "hand_bbox_list": [{"left_hand": [704.1066284179688, 326.3505859375, 39.2457275390625, 45.474273681640625], "right_hand": [470.3340759277344, 363.5341491699219, 38.47247314453125, 42.159912109375]}]}