{"image_path": "/home/hyem/workspace/frankmocap_notebooks/images/D9H-eRIROA/scene_00009586.jpg", "body_bbox_list": [[68, 90, 354, 625]], "hand_bbox_list": [{"left_hand": [224.67926025390625, 309.77197265625, 63.398773193359375, 79.1497802734375], "right_hand": null}]}