{"image_path": "/home/hyem/workspace/frankmocap_notebooks/images/D9H-eRIROA/scene_00001467.jpg", "body_bbox_list": [[565, 153, 192, 470], [788, 128, 123, 155], [767, 136, 75, 229]], "hand_bbox_list": [{"left_hand": [687.3191528320312, 316.0794372558594, 46.94097900390625, 41.7701416015625], "right_hand": [578.451416015625, 327.218994140625, 31.39862060546875, 36.211090087890625]}, {"left_hand": null, "right_hand": null}, {"left_hand": null, "right_hand": null}]}