{"image_path": "/home/hyem/workspace/frankmocap_notebooks/images/D9H-eRIROA/scene_00004093.jpg", "body_bbox_list": [[489, 223, 254, 414], [773, 193, 80, 210]], "hand_bbox_list": [{"left_hand": [595.89892578125, 387.4154052734375, 35.41998291015625, 36.9388427734375], "right_hand": [595.89892578125, 387.4154052734375, 35.41998291015625, 36.9388427734375]}, {"left_hand": null, "right_hand": null}]}