{"image_path": "/home/hyem/workspace/frankmocap_notebooks/images/D9H-eRIROA/scene_00008942.jpg", "body_bbox_list": [[561, 127, 167, 539]], "hand_bbox_list": [{"left_hand": [637.1284790039062, 327.7340087890625, 33.11248779296875, 35.540313720703125], "right_hand": [619.91357421875, 325.728271484375, 44.91241455078125, 40.6055908203125]}]}