{"image_path": "/home/hyem/workspace/frankmocap_notebooks/images/D9H-eRIROA/scene_00008197.jpg", "body_bbox_list": [[493, 212, 291, 414]], "hand_bbox_list": [{"left_hand": [742.878173828125, 181.58287048339844, 32.35638427734375, 52.02879333496094], "right_hand": [503.4097900390625, 180.4590301513672, 39.43463134765625, 51.27717590332031]}]}