{"image_path": "/home/hyem/workspace/frankmocap_notebooks/images/D9H-eRIROA/scene_00000526.jpg", "body_bbox_list": [[361, 126, 346, 552]], "hand_bbox_list": [{"left_hand": [588.4599609375, 488.90179443359375, 87.6644287109375, 100.563720703125], "right_hand": [437.9958801269531, 478.8421325683594, 117.33541870117188, 96.81344604492188]}]}