{"image_path": "/home/hyem/workspace/frankmocap_notebooks/images/D9H-eRIROA/scene_00008612.jpg", "body_bbox_list": [[659, 103, 235, 446], [458, 146, 186, 490]], "hand_bbox_list": [{"left_hand": null, "right_hand": null}, {"left_hand": [620.96923828125, 290.8273620605469, 43.00634765625, 46.25128173828125], "right_hand": [482.77911376953125, 283.40362548828125, 49.6923828125, 42.639495849609375]}]}