{"image_path": "/home/hyem/workspace/frankmocap_notebooks/images/D9H-eRIROA/scene_00008578.jpg", "body_bbox_list": [[512, 170, 124, 470], [681, 128, 112, 408]], "hand_bbox_list": [{"left_hand": [495.91217041015625, 334.46917724609375, 39.00274658203125, 31.04901123046875], "right_hand": [596.8721923828125, 328.92559814453125, 29.969970703125, 32.0638427734375]}, {"left_hand": null, "right_hand": null}]}