{"image_path": "/home/hyem/workspace/frankmocap_notebooks/images/D9H-eRIROA/scene_00001184.jpg", "body_bbox_list": [[357, 140, 327, 525]], "hand_bbox_list": [{"left_hand": [553.54736328125, 314.7594909667969, 111.5181884765625, 113.89822387695312], "right_hand": [458.6473388671875, 525.2975463867188, 118.113037109375, 86.2261962890625]}]}