{"image_path": "/home/hyem/workspace/frankmocap_notebooks/images/D9H-eRIROA/scene_00003732.jpg", "body_bbox_list": [[507, 160, 229, 440], [707, 184, 161, 172]], "hand_bbox_list": [{"left_hand": [721.401611328125, 364.5378112792969, 25.80859375, 34.638397216796875], "right_hand": [505.21209716796875, 368.35772705078125, 24.17095947265625, 35.820159912109375]}, {"left_hand": null, "right_hand": null}]}