{"image_path": "/home/hyem/workspace/frankmocap_notebooks/images/D9H-eRIROA/scene_00003269.jpg", "body_bbox_list": [[542, 170, 204, 465]], "hand_bbox_list": [{"left_hand": [704.8165283203125, 239.11280822753906, 28.18231201171875, 32.25730895996094], "right_hand": [535.9895629882812, 235.05397033691406, 30.77423095703125, 32.04060363769531]}]}