{"image_path": "/home/hyem/workspace/frankmocap_notebooks/images/D9H-eRIROA/scene_00009492.jpg", "body_bbox_list": [[453, 94, 292, 626]], "hand_bbox_list": [{"left_hand": [707.3551025390625, 547.9642944335938, 40.112548828125, 53.71051025390625], "right_hand": [487.9288635253906, 577.895263671875, 19.99945068359375, 44.3135986328125]}]}