{"image_path": "/home/hyem/workspace/frankmocap_notebooks/images/D9H-eRIROA/scene_00003046.jpg", "body_bbox_list": [[557, 129, 248, 495]], "hand_bbox_list": [{"left_hand": [617.6443481445312, 124.1331558227539, 42.571533203125, 34.37865447998047], "right_hand": [583.1270141601562, 341.7913513183594, 24.74505615234375, 58.96807861328125]}]}