{"image_path": "/home/hyem/workspace/frankmocap_notebooks/images/D9H-eRIROA/scene_00007200.jpg", "body_bbox_list": [[525, 127, 210, 539]], "hand_bbox_list": [{"left_hand": [726.1783447265625, 129.218994140625, 33.64178466796875, 30.1712646484375], "right_hand": [569.5440673828125, 179.56320190429688, 33.0157470703125, 32.784820556640625]}]}