{"image_path": "/home/hyem/workspace/frankmocap_notebooks/images/D9H-eRIROA/scene_00002983.jpg", "body_bbox_list": [[568, 154, 124, 446], [673, 132, 173, 310]], "hand_bbox_list": [{"left_hand": [649.63916015625, 372.32891845703125, 32.9454345703125, 39.114959716796875], "right_hand": [649.63916015625, 372.32891845703125, 32.9454345703125, 39.114959716796875]}, {"left_hand": null, "right_hand": null}]}