{"image_path": "/home/hyem/workspace/frankmocap_notebooks/images/D9H-eRIROA/scene_00008051.jpg", "body_bbox_list": [[566, 193, 286, 452], [784, 191, 204, 389]], "hand_bbox_list": [{"left_hand": [666.1744995117188, 307.9623107910156, 39.7137451171875, 55.155975341796875], "right_hand": [609.8690795898438, 414.8059997558594, 27.77215576171875, 29.228546142578125]}, {"left_hand": null, "right_hand": null}]}