{"image_path": "/home/hyem/workspace/frankmocap_notebooks/images/D9H-eRIROA/scene_00001711.jpg", "body_bbox_list": [[565, 147, 186, 471], [810, 162, 129, 272], [876, 169, 37, 118]], "hand_bbox_list": [{"left_hand": [726.2262573242188, 339.11016845703125, 33.2642822265625, 44.706146240234375], "right_hand": [577.0774536132812, 381.79510498046875, 16.81732177734375, 21.916412353515625]}, {"left_hand": null, "right_hand": null}, {"left_hand": null, "right_hand": null}]}