{"image_path": "/home/hyem/workspace/frankmocap_notebooks/images/D9H-eRIROA/scene_00004816.jpg", "body_bbox_list": [[476, 188, 286, 446], [666, 133, 210, 397], [680, 214, 18, 112]], "hand_bbox_list": [{"left_hand": [472.0792541503906, 302.2082214355469, 43.270904541015625, 32.153533935546875], "right_hand": [511.8479919433594, 343.2488708496094, 30.252593994140625, 32.53369140625]}, {"left_hand": null, "right_hand": null}, {"left_hand": null, "right_hand": null}]}