{"image_path": "/home/hyem/workspace/frankmocap_notebooks/images/D9H-eRIROA/scene_00000877.jpg", "body_bbox_list": [[539, 152, 148, 489], [371, 101, 124, 383]], "hand_bbox_list": [{"left_hand": [598.9121704101562, 265.63385009765625, 30.96044921875, 51.2508544921875], "right_hand": [598.9121704101562, 265.63385009765625, 30.96044921875, 51.2508544921875]}, {"left_hand": null, "right_hand": null}]}