{"image_path": "/home/hyem/workspace/frankmocap_notebooks/images/D9H-eRIROA/scene_00005296.jpg", "body_bbox_list": [[539, 176, 267, 458]], "hand_bbox_list": [{"left_hand": [790.1417236328125, 212.9346923828125, 35.75006103515625, 44.16217041015625], "right_hand": [572.2911376953125, 372.2468566894531, 40.221435546875, 54.487884521484375]}]}