{"image_path": "/home/hyem/workspace/frankmocap_notebooks/images/D9H-eRIROA/scene_00000859.jpg", "body_bbox_list": [[556, 146, 148, 501]], "hand_bbox_list": [{"left_hand": [605.1514892578125, 263.78546142578125, 33.2958984375, 46.690582275390625], "right_hand": [605.1514892578125, 263.78546142578125, 33.2958984375, 46.690582275390625]}]}