{"image_path": "/home/hyem/workspace/frankmocap_notebooks/images/D9H-eRIROA/scene_00003062.jpg", "body_bbox_list": [[575, 142, 229, 481]], "hand_bbox_list": [{"left_hand": [614.532470703125, 149.26400756835938, 38.40447998046875, 37.507965087890625], "right_hand": [615.047119140625, 403.7261047363281, 26.04168701171875, 28.534271240234375]}]}