{"image_path": "/home/hyem/workspace/frankmocap_notebooks/images/D9H-eRIROA/scene_00002222.jpg", "body_bbox_list": [[549, 154, 167, 457], [721, 103, 99, 441]], "hand_bbox_list": [{"left_hand": [697.2992553710938, 383.62994384765625, 25.11065673828125, 36.652679443359375], "right_hand": [549.914306640625, 389.7865905761719, 27.92822265625, 39.797515869140625]}, {"left_hand": null, "right_hand": null}]}