{"image_path": "/home/hyem/workspace/frankmocap_notebooks/images/D9H-eRIROA/scene_00006710.jpg", "body_bbox_list": [[178, 112, 674, 513]], "hand_bbox_list": [{"left_hand": [815.13330078125, 318.2836608886719, 101.78424072265625, 83.94528198242188], "right_hand": [111.72167205810547, 460.6893005371094, 94.44091033935547, 76.78756713867188]}]}