{"image_path": "/home/hyem/workspace/frankmocap_notebooks/images/D9H-eRIROA/scene_00009611.jpg", "body_bbox_list": [[80, 95, 346, 620]], "hand_bbox_list": [{"left_hand": [237.5355682373047, 312.4120788574219, 61.69758605957031, 75.47027587890625], "right_hand": null}]}