{"image_path": "/home/hyem/workspace/frankmocap_notebooks/images/D9H-eRIROA/scene_00006465.jpg", "body_bbox_list": [[544, 153, 167, 465], [730, 103, 137, 446]], "hand_bbox_list": [{"left_hand": [629.826904296875, 260.44012451171875, 48.42413330078125, 39.304168701171875], "right_hand": [580.1630249023438, 260.333984375, 43.3875732421875, 41.348785400390625]}, {"left_hand": null, "right_hand": null}]}