{"image_path": "/home/hyem/workspace/frankmocap_notebooks/images/D9H-eRIROA/scene_00003258.jpg", "body_bbox_list": [[536, 164, 205, 471]], "hand_bbox_list": [{"left_hand": [701.3804931640625, 232.07080078125, 28.59149169921875, 33.406341552734375], "right_hand": [530.395751953125, 232.1587371826172, 33.9940185546875, 33.24052429199219]}]}