{"image_path": "/home/hyem/workspace/frankmocap_notebooks/images/D9H-eRIROA/scene_00008570.jpg", "body_bbox_list": [[527, 159, 167, 481]], "hand_bbox_list": [{"left_hand": [693.9979858398438, 357.9186706542969, 38.76544189453125, 32.873565673828125], "right_hand": [567.5067749023438, 318.2491455078125, 37.10479736328125, 38.572662353515625]}]}