{"image_path": "/home/hyem/workspace/frankmocap_notebooks/images/D9H-eRIROA/scene_00003464.jpg", "body_bbox_list": [[573, 160, 137, 451], [743, 103, 118, 452]], "hand_bbox_list": [{"left_hand": [652.0288696289062, 249.33497619628906, 34.00677490234375, 36.15428161621094], "right_hand": [611.06396484375, 251.29733276367188, 32.771484375, 36.815582275390625]}, {"left_hand": null, "right_hand": null}]}