{"image_path": "/home/hyem/workspace/frankmocap_notebooks/images/D9H-eRIROA/scene_00008158.jpg", "body_bbox_list": [[526, 112, 186, 508]], "hand_bbox_list": [{"left_hand": [606.2079467773438, 118.92990112304688, 33.74517822265625, 26.401641845703125], "right_hand": [512.3167114257812, 158.93104553222656, 34.0101318359375, 33.16754150390625]}]}