{"image_path": "/home/hyem/workspace/frankmocap_notebooks/images/D9H-eRIROA/scene_00004249.jpg", "body_bbox_list": [[517, 124, 248, 500]], "hand_bbox_list": [{"left_hand": [677.95556640625, 110.04871368408203, 59.52032470703125, 44.41649627685547], "right_hand": [518.4279174804688, 137.831787109375, 40.6868896484375, 37.9923095703125]}]}