{"image_path": "/home/hyem/workspace/frankmocap_notebooks/images/D9H-eRIROA/scene_00008692.jpg", "body_bbox_list": [[584, 164, 137, 465]], "hand_bbox_list": [{"left_hand": [705.5308227539062, 332.69720458984375, 22.830322265625, 42.712982177734375], "right_hand": [636.9996337890625, 324.04962158203125, 35.697998046875, 36.880889892578125]}]}