{"image_path": "/home/hyem/workspace/frankmocap_notebooks/images/D9H-eRIROA/scene_00005252.jpg", "body_bbox_list": [[494, 170, 272, 465], [827, 111, 124, 414]], "hand_bbox_list": [{"left_hand": [755.5447998046875, 309.96307373046875, 32.61669921875, 34.025634765625], "right_hand": [686.6019897460938, 294.0296325683594, 39.11151123046875, 35.64752197265625]}, {"left_hand": null, "right_hand": null}]}