{"image_path": "/home/hyem/workspace/frankmocap_notebooks/images/D9H-eRIROA/scene_00004775.jpg", "body_bbox_list": [[499, 194, 267, 433], [833, 135, 123, 354]], "hand_bbox_list": [{"left_hand": [738.7257690429688, 354.13348388671875, 30.5526123046875, 31.60760498046875], "right_hand": [738.7001342773438, 327.915771484375, 33.18218994140625, 58.631011962890625]}, {"left_hand": null, "right_hand": null}]}