{"image_path": "/home/hyem/workspace/frankmocap_notebooks/images/D9H-eRIROA/scene_00007760.jpg", "body_bbox_list": [[697, 107, 260, 489], [466, 153, 267, 476], [809, 190, 137, 148]], "hand_bbox_list": [{"left_hand": null, "right_hand": null}, {"left_hand": [723.8666381835938, 359.3653869628906, 42.23577880859375, 37.691436767578125], "right_hand": [456.3885498046875, 393.62152099609375, 31.670562744140625, 43.036651611328125]}, {"left_hand": null, "right_hand": null}]}