{"image_path": "/home/hyem/workspace/frankmocap_notebooks/images/D9H-eRIROA/scene_00004963.jpg", "body_bbox_list": [[521, 164, 167, 471], [745, 97, 80, 481]], "hand_bbox_list": [{"left_hand": [643.3185424804688, 360.9912109375, 31.75177001953125, 38.9183349609375], "right_hand": [528.326904296875, 364.815185546875, 29.61328125, 36.7916259765625]}, {"left_hand": null, "right_hand": null}]}