{"image_path": "/home/hyem/workspace/frankmocap_notebooks/images/D9H-eRIROA/scene_00003753.jpg", "body_bbox_list": [[516, 148, 267, 452], [733, 114, 210, 211]], "hand_bbox_list": [{"left_hand": [756.7367553710938, 292.4037170410156, 33.4693603515625, 59.43499755859375], "right_hand": [523.7883911132812, 304.6986083984375, 37.90179443359375, 49.045196533203125]}, {"left_hand": null, "right_hand": null}]}