{"image_path": "/home/hyem/workspace/frankmocap_notebooks/images/D9H-eRIROA/scene_00001247.jpg", "body_bbox_list": [[418, 96, 441, 601]], "hand_bbox_list": [{"left_hand": [640.304443359375, 511.0047607421875, 91.3525390625, 87.79852294921875], "right_hand": [556.5613403320312, 549.2473754882812, 98.44195556640625, 96.140380859375]}]}