{"image_path": "/home/hyem/workspace/frankmocap_notebooks/images/D9H-eRIROA/scene_00008219.jpg", "body_bbox_list": [[550, 189, 143, 427], [719, 146, 143, 389]], "hand_bbox_list": [{"left_hand": [614.080078125, 386.7135925292969, 29.850341796875, 28.325103759765625], "right_hand": [538.2237548828125, 395.8021240234375, 36.64422607421875, 39.0244140625]}, {"left_hand": null, "right_hand": null}]}