{"image_path": "/home/hyem/workspace/frankmocap_notebooks/images/D9H-eRIROA/scene_00004072.jpg", "body_bbox_list": [[489, 218, 254, 414], [742, 170, 148, 346]], "hand_bbox_list": [{"left_hand": [647.8173217773438, 447.4762268066406, 30.50787353515625, 35.79931640625], "right_hand": [567.6008911132812, 331.2055358886719, 36.08648681640625, 31.843292236328125]}, {"left_hand": null, "right_hand": null}]}