{"image_path": "/home/hyem/workspace/frankmocap_notebooks/images/D9H-eRIROA/scene_00008709.jpg", "body_bbox_list": [[572, 159, 156, 464], [780, 189, 26, 156]], "hand_bbox_list": [{"left_hand": [681.5357666015625, 318.1375427246094, 26.79644775390625, 32.979248046875], "right_hand": [605.645751953125, 313.44110107421875, 33.198974609375, 39.654144287109375]}, {"left_hand": null, "right_hand": null}]}