{"image_path": "/home/hyem/workspace/frankmocap_notebooks/images/D9H-eRIROA/scene_00004914.jpg", "body_bbox_list": [[612, 141, 148, 489], [793, 97, 124, 476]], "hand_bbox_list": [{"left_hand": [702.1759033203125, 333.9001159667969, 40.94818115234375, 51.69287109375], "right_hand": [652.7705078125, 238.26693725585938, 48.9937744140625, 51.71197509765625]}, {"left_hand": null, "right_hand": null}]}