{"image_path": "/home/hyem/workspace/frankmocap_notebooks/images/D9H-eRIROA/scene_00004213.jpg", "body_bbox_list": [[498, 159, 286, 476]], "hand_bbox_list": [{"left_hand": [740.0531616210938, 125.59113311767578, 41.58251953125, 57.030967712402344], "right_hand": [502.0083923339844, 143.132080078125, 41.829864501953125, 49.09465026855469]}]}