{"image_path": "/home/hyem/workspace/frankmocap_notebooks/images/D9H-eRIROA/scene_00007338.jpg", "body_bbox_list": [[488, 246, 278, 408], [765, 197, 253, 365]], "hand_bbox_list": [{"left_hand": [691.0143432617188, 445.904541015625, 50.2069091796875, 48.166900634765625], "right_hand": [508.0581359863281, 413.2789306640625, 44.033660888671875, 55.031951904296875]}, {"left_hand": null, "right_hand": null}]}