{"image_path": "/home/hyem/workspace/frankmocap_notebooks/images/D9H-eRIROA/scene_00007398.jpg", "body_bbox_list": [[547, 193, 205, 441], [793, 147, 129, 365]], "hand_bbox_list": [{"left_hand": [677.7139892578125, 377.0697937011719, 38.91424560546875, 37.608612060546875], "right_hand": [591.7400512695312, 356.1943664550781, 41.12359619140625, 27.74359130859375]}, {"left_hand": null, "right_hand": null}]}