{"image_path": "/home/hyem/workspace/frankmocap_notebooks/images/D9H-eRIROA/scene_00009368.jpg", "body_bbox_list": [[451, 106, 335, 519]], "hand_bbox_list": [{"left_hand": [549.22119140625, 445.1212158203125, 78.93524169921875, 75.3287353515625], "right_hand": [549.22119140625, 445.1212158203125, 78.93524169921875, 75.3287353515625]}]}