{"image_path": "/home/hyem/workspace/frankmocap_notebooks/images/D9H-eRIROA/scene_00006949.jpg", "body_bbox_list": [[545, 165, 142, 457], [727, 131, 104, 452]], "hand_bbox_list": [{"left_hand": [635.6072387695312, 346.3945007324219, 36.65264892578125, 34.339752197265625], "right_hand": [579.1703491210938, 359.8737487792969, 35.19647216796875, 36.91827392578125]}, {"left_hand": null, "right_hand": null}]}