{"image_path": "/home/hyem/workspace/frankmocap_notebooks/images/D9H-eRIROA/scene_00003276.jpg", "body_bbox_list": [[542, 159, 199, 476]], "hand_bbox_list": [{"left_hand": [721.4993286132812, 207.85369873046875, 28.8525390625, 34.813751220703125], "right_hand": [532.403564453125, 253.2504119873047, 35.53863525390625, 35.79756164550781]}]}