{"image_path": "/home/hyem/workspace/frankmocap_notebooks/images/D9H-eRIROA/scene_00009300.jpg", "body_bbox_list": [[447, 100, 310, 620]], "hand_bbox_list": [{"left_hand": [572.072509765625, 475.88702392578125, 75.88031005859375, 31.211822509765625], "right_hand": [538.5924072265625, 435.4661560058594, 84.4581298828125, 69.128662109375]}]}