{"image_path": "/home/hyem/workspace/frankmocap_notebooks/images/D9H-eRIROA/scene_00006252.jpg", "body_bbox_list": [[542, 153, 204, 470], [746, 108, 162, 346]], "hand_bbox_list": [{"left_hand": [643.9931640625, 255.5770263671875, 50.4478759765625, 44.133331298828125], "right_hand": [551.8628540039062, 391.6891174316406, 26.73309326171875, 37.08013916015625]}, {"left_hand": null, "right_hand": null}]}