{"image_path": "/home/hyem/workspace/frankmocap_notebooks/images/D9H-eRIROA/scene_00003673.jpg", "body_bbox_list": [[514, 147, 204, 471], [715, 103, 117, 446]], "hand_bbox_list": [{"left_hand": [708.1865234375, 358.1766052246094, 21.72344970703125, 40.09454345703125], "right_hand": [517.2547607421875, 384.9886779785156, 28.59844970703125, 38.47406005859375]}, {"left_hand": null, "right_hand": null}]}