{"image_path": "/home/hyem/workspace/frankmocap_notebooks/images/D9H-eRIROA/scene_00000581.jpg", "body_bbox_list": [[443, 94, 397, 626]], "hand_bbox_list": [{"left_hand": [602.6942138671875, 375.8652648925781, 101.598388671875, 74.42080688476562], "right_hand": [556.232666015625, 394.8478088378906, 80.1710205078125, 60.070648193359375]}]}