{"image_path": "/home/hyem/workspace/frankmocap_notebooks/images/D9H-eRIROA/scene_00007414.jpg", "body_bbox_list": [[470, 194, 292, 433], [713, 141, 166, 371], [686, 156, 113, 161]], "hand_bbox_list": [{"left_hand": [456.8995666503906, 315.66961669921875, 24.91748046875, 30.03179931640625], "right_hand": [456.8995666503906, 315.66961669921875, 24.91748046875, 30.03179931640625]}, {"left_hand": null, "right_hand": null}, {"left_hand": null, "right_hand": null}]}