{"image_path": "/home/hyem/workspace/frankmocap_notebooks/images/D9H-eRIROA/scene_00003048.jpg", "body_bbox_list": [[557, 129, 248, 495]], "hand_bbox_list": [{"left_hand": [620.4677124023438, 128.1612548828125, 37.23052978515625, 35.21385192871094], "right_hand": null}]}