{"image_path": "/home/hyem/workspace/frankmocap_notebooks/images/D9H-eRIROA/scene_00004131.jpg", "body_bbox_list": [[512, 182, 248, 452], [746, 122, 156, 403]], "hand_bbox_list": [{"left_hand": [622.4308471679688, 352.0060729980469, 33.83123779296875, 36.267822265625], "right_hand": [555.1823120117188, 395.8077087402344, 23.5830078125, 27.637908935546875]}, {"left_hand": null, "right_hand": null}]}