{"image_path": "/home/hyem/workspace/frankmocap_notebooks/images/D9H-eRIROA/scene_00001713.jpg", "body_bbox_list": [[571, 159, 180, 464], [761, 89, 205, 390]], "hand_bbox_list": [{"left_hand": [725.6795043945312, 359.1656494140625, 33.86431884765625, 45.582305908203125], "right_hand": [578.1368408203125, 393.541259765625, 18.3822021484375, 26.814666748046875]}, {"left_hand": null, "right_hand": null}]}