{"image_path": "/home/hyem/workspace/frankmocap_notebooks/images/D9H-eRIROA/scene_00007424.jpg", "body_bbox_list": [[470, 194, 303, 433], [659, 193, 235, 334]], "hand_bbox_list": [{"left_hand": [459.3974609375, 320.07232666015625, 31.87347412109375, 36.214630126953125], "right_hand": [459.3974609375, 320.07232666015625, 31.87347412109375, 36.214630126953125]}, {"left_hand": null, "right_hand": null}]}