{"image_path": "/home/hyem/workspace/frankmocap_notebooks/images/D9H-eRIROA/scene_00008624.jpg", "body_bbox_list": [[533, 142, 161, 481], [755, 185, 88, 7]], "hand_bbox_list": [{"left_hand": [681.3680419921875, 392.9985046386719, 20.60028076171875, 39.523406982421875], "right_hand": [531.0354614257812, 394.542724609375, 30.87591552734375, 42.611602783203125]}, {"left_hand": null, "right_hand": null}]}