{"image_path": "/home/hyem/workspace/frankmocap_notebooks/images/D9H-eRIROA/scene_00007965.jpg", "body_bbox_list": [[535, 173, 235, 402], [795, 225, 75, 129]], "hand_bbox_list": [{"left_hand": [759.6035766601562, 377.68145751953125, 27.768310546875, 36.0052490234375], "right_hand": [526.7828979492188, 370.7528381347656, 29.20550537109375, 39.607147216796875]}, {"left_hand": [759.6035766601562, 377.68145751953125, 27.768310546875, 36.0052490234375], "right_hand": null}]}