{"image_path": "/home/hyem/workspace/frankmocap_notebooks/images/D9H-eRIROA/scene_00007136.jpg", "body_bbox_list": [[547, 158, 216, 489]], "hand_bbox_list": [{"left_hand": [747.7491455078125, 205.6206512451172, 28.6846923828125, 35.44075012207031], "right_hand": [541.18896484375, 210.09934997558594, 40.5106201171875, 31.764373779296875]}]}