{"image_path": "/home/hyem/workspace/frankmocap_notebooks/images/D9H-eRIROA/scene_00005985.jpg", "body_bbox_list": [[533, 163, 161, 495], [730, 111, 137, 414]], "hand_bbox_list": [{"left_hand": [659.0974731445312, 408.7704772949219, 32.80914306640625, 40.644378662109375], "right_hand": [533.02587890625, 399.5688781738281, 31.81268310546875, 36.2313232421875]}, {"left_hand": null, "right_hand": null}]}