{"image_path": "/home/hyem/workspace/frankmocap_notebooks/images/D9H-eRIROA/scene_00002159.jpg", "body_bbox_list": [[512, 183, 253, 433]], "hand_bbox_list": [{"left_hand": [722.343505859375, 336.88677978515625, 38.2139892578125, 42.127044677734375], "right_hand": [529.039794921875, 351.9507751464844, 32.4564208984375, 31.93914794921875]}]}