{"image_path": "/home/hyem/workspace/frankmocap_notebooks/images/D9H-eRIROA/scene_00001839.jpg", "body_bbox_list": [[521, 165, 173, 446], [727, 125, 104, 346]], "hand_bbox_list": [{"left_hand": [655.226806640625, 367.26702880859375, 35.97772216796875, 37.974822998046875], "right_hand": [508.32391357421875, 303.06158447265625, 32.90509033203125, 35.95745849609375]}, {"left_hand": null, "right_hand": null}]}