{"image_path": "/home/hyem/workspace/frankmocap_notebooks/images/D9H-eRIROA/scene_00008664.jpg", "body_bbox_list": [[515, 139, 191, 532], [770, 164, 142, 229]], "hand_bbox_list": [{"left_hand": [591.8010864257812, 312.3065490722656, 50.7012939453125, 43.540130615234375], "right_hand": [591.8010864257812, 312.3065490722656, 50.7012939453125, 43.540130615234375]}, {"left_hand": null, "right_hand": null}]}