{"image_path": "/home/hyem/workspace/frankmocap_notebooks/images/D9H-eRIROA/scene_00004562.jpg", "body_bbox_list": [[248, 65, 601, 562]], "hand_bbox_list": [{"left_hand": [760.506103515625, 4.758306980133057, 80.4735107421875, 78.13081359863281], "right_hand": [258.5356140136719, 37.890933990478516, 64.09661865234375, 105.86494445800781]}]}