{"image_path": "/home/hyem/workspace/frankmocap_notebooks/images/D9H-eRIROA/scene_00008180.jpg", "body_bbox_list": [[493, 259, 286, 365]], "hand_bbox_list": [{"left_hand": [686.9177856445312, 364.375732421875, 27.8858642578125, 52.845703125], "right_hand": [648.0327758789062, 475.33172607421875, 31.12982177734375, 30.1226806640625]}]}