{"image_path": "/home/hyem/workspace/frankmocap_notebooks/images/D9H-eRIROA/scene_00004356.jpg", "body_bbox_list": [[570, 165, 199, 452]], "hand_bbox_list": [{"left_hand": [763.1717529296875, 233.39610290527344, 29.79022216796875, 33.15397644042969], "right_hand": [580.7608032226562, 253.3675994873047, 34.21697998046875, 40.98341369628906]}]}