{"image_path": "/home/hyem/workspace/frankmocap_notebooks/images/D9H-eRIROA/scene_00005416.jpg", "body_bbox_list": [[511, 103, 384, 587]], "hand_bbox_list": [{"left_hand": [740.5078125, 426.4924621582031, 91.8623046875, 71.55181884765625], "right_hand": [585.565185546875, 488.4785461425781, 88.2279052734375, 94.06185913085938]}]}