{"image_path": "/home/hyem/workspace/frankmocap_notebooks/images/D9H-eRIROA/scene_00001406.jpg", "body_bbox_list": [[533, 140, 166, 508], [741, 87, 161, 428]], "hand_bbox_list": [{"left_hand": [631.7819213867188, 282.3426513671875, 30.2208251953125, 35.74212646484375], "right_hand": [534.2155151367188, 335.86553955078125, 36.70001220703125, 39.199798583984375]}, {"left_hand": null, "right_hand": null}]}