{"image_path": "/home/hyem/workspace/frankmocap_notebooks/images/D9H-eRIROA/scene_00009733.jpg", "body_bbox_list": [[91, 105, 346, 533]], "hand_bbox_list": [{"left_hand": [249.0189208984375, 309.4018249511719, 60.510498046875, 80.62582397460938], "right_hand": null}]}