{"image_path": "/home/hyem/workspace/frankmocap_notebooks/images/D9H-eRIROA/scene_00000788.jpg", "body_bbox_list": [[444, 120, 259, 582]], "hand_bbox_list": [{"left_hand": [538.0036010742188, 664.9778442382812, 108.87054443359375, 51.87841796875], "right_hand": [538.0036010742188, 664.9778442382812, 108.87054443359375, 51.87841796875]}]}