{"image_path": "/home/hyem/workspace/frankmocap_notebooks/images/D9H-eRIROA/scene_00009358.jpg", "body_bbox_list": [[436, 78, 310, 525]], "hand_bbox_list": [{"left_hand": [499.2939453125, 388.1506042480469, 116.87115478515625, 78.60696411132812], "right_hand": [499.2939453125, 388.1506042480469, 116.87115478515625, 78.60696411132812]}]}