{"image_path": "/home/hyem/workspace/frankmocap_notebooks/images/D9H-eRIROA/scene_00002364.jpg", "body_bbox_list": [[448, 176, 302, 452]], "hand_bbox_list": [{"left_hand": [712.6655883789062, 313.7206115722656, 37.77978515625, 45.341064453125], "right_hand": [447.5288391113281, 346.5252380371094, 37.51361083984375, 49.50286865234375]}]}