{"image_path": "/home/hyem/workspace/frankmocap_notebooks/images/D9H-eRIROA/scene_00000540.jpg", "body_bbox_list": [[371, 120, 378, 576]], "hand_bbox_list": [{"left_hand": [539.8347778320312, 531.5101928710938, 96.712646484375, 84.615234375], "right_hand": [502.7978515625, 525.0662231445312, 87.8267822265625, 67.7359619140625]}]}