{"image_path": "/home/hyem/workspace/frankmocap_notebooks/images/D9H-eRIROA/scene_00007313.jpg", "body_bbox_list": [[488, 235, 278, 408], [792, 249, 137, 335]], "hand_bbox_list": [{"left_hand": [718.4901733398438, 470.63665771484375, 26.68829345703125, 33.8126220703125], "right_hand": [515.6904296875, 423.6019287109375, 39.3828125, 36.501312255859375]}, {"left_hand": null, "right_hand": null}]}