{"image_path": "/home/hyem/workspace/frankmocap_notebooks/images/D9H-eRIROA/scene_00007370.jpg", "body_bbox_list": [[485, 188, 341, 440], [710, 139, 234, 403]], "hand_bbox_list": [{"left_hand": [486.140625, 301.2637634277344, 23.865814208984375, 28.672637939453125], "right_hand": [551.8699340820312, 369.425048828125, 34.66693115234375, 38.39837646484375]}, {"left_hand": null, "right_hand": null}]}