{"image_path": "/home/hyem/workspace/frankmocap_notebooks/images/D9H-eRIROA/scene_00003135.jpg", "body_bbox_list": [[557, 164, 242, 476]], "hand_bbox_list": [{"left_hand": [775.1455688476562, 195.255859375, 36.0438232421875, 38.519561767578125], "right_hand": [561.1431274414062, 204.2570343017578, 34.79638671875, 29.929855346679688]}]}