{"image_path": "/home/hyem/workspace/frankmocap_notebooks/images/D9H-eRIROA/scene_00001036.jpg", "body_bbox_list": [[545, 152, 148, 489], [388, 103, 118, 452]], "hand_bbox_list": [{"left_hand": [643.2193603515625, 237.05413818359375, 38.9244384765625, 45.580902099609375], "right_hand": [583.6334838867188, 235.46885681152344, 38.98492431640625, 42.91453552246094]}, {"left_hand": null, "right_hand": null}]}