{"image_path": "/home/hyem/workspace/frankmocap_notebooks/images/D9H-eRIROA/scene_00009385.jpg", "body_bbox_list": [[451, 146, 330, 490]], "hand_bbox_list": [{"left_hand": [548.7092895507812, 497.2186279296875, 72.705810546875, 81.4068603515625], "right_hand": [548.7092895507812, 497.2186279296875, 72.705810546875, 81.4068603515625]}]}