{"image_path": "/home/hyem/workspace/frankmocap_notebooks/images/D9H-eRIROA/scene_00006745.jpg", "body_bbox_list": [[476, 95, 291, 525]], "hand_bbox_list": [{"left_hand": [607.6110229492188, 281.1063232421875, 55.80364990234375, 98.65240478515625], "right_hand": [607.6110229492188, 281.1063232421875, 55.80364990234375, 98.65240478515625]}]}