{"image_path": "/home/hyem/workspace/frankmocap_notebooks/images/D9H-eRIROA/scene_00000962.jpg", "body_bbox_list": [[565, 127, 186, 528], [365, 88, 142, 403]], "hand_bbox_list": [{"left_hand": [625.9559936523438, 293.3763427734375, 53.29058837890625, 42.931427001953125], "right_hand": [625.9559936523438, 293.3763427734375, 53.29058837890625, 42.931427001953125]}, {"left_hand": null, "right_hand": null}]}