{"image_path": "/home/hyem/workspace/frankmocap_notebooks/images/D9H-eRIROA/scene_00001218.jpg", "body_bbox_list": [[402, 132, 321, 563]], "hand_bbox_list": [{"left_hand": [594.3103637695312, 460.3741455078125, 39.7728271484375, 109.124267578125], "right_hand": [557.4426879882812, 461.0015869140625, 76.61407470703125, 113.448974609375]}]}