{"image_path": "/home/hyem/workspace/frankmocap_notebooks/images/D9H-eRIROA/scene_00008515.jpg", "body_bbox_list": [[737, 101, 259, 501], [524, 153, 223, 476]], "hand_bbox_list": [{"left_hand": null, "right_hand": null}, {"left_hand": [732.4254150390625, 334.7624206542969, 54.85101318359375, 32.56927490234375], "right_hand": [511.48907470703125, 375.15386962890625, 36.9515380859375, 42.26641845703125]}]}