{"image_path": "/home/hyem/workspace/frankmocap_notebooks/images/D9H-eRIROA/scene_00004234.jpg", "body_bbox_list": [[487, 142, 286, 470]], "hand_bbox_list": [{"left_hand": [710.1964111328125, 162.78004455566406, 39.98297119140625, 50.763214111328125], "right_hand": [488.97967529296875, 189.45840454101562, 32.40087890625, 45.60447692871094]}]}