{"image_path": "/home/hyem/workspace/frankmocap_notebooks/images/D9H-eRIROA/scene_00006663.jpg", "body_bbox_list": [[497, 165, 204, 452]], "hand_bbox_list": [{"left_hand": [646.5917358398438, 224.23199462890625, 36.22479248046875, 39.07916259765625], "right_hand": [491.8199768066406, 261.4045104980469, 42.213653564453125, 56.24609375]}]}