{"image_path": "/home/hyem/workspace/frankmocap_notebooks/images/D9H-eRIROA/scene_00002268.jpg", "body_bbox_list": [[543, 194, 191, 422], [771, 198, 112, 234]], "hand_bbox_list": [{"left_hand": [726.211181640625, 381.7602844238281, 40.11981201171875, 39.613861083984375], "right_hand": [558.3323364257812, 416.4735107421875, 36.91314697265625, 40.5126953125]}, {"left_hand": null, "right_hand": null}]}