{"image_path": "/home/hyem/workspace/frankmocap_notebooks/images/D9H-eRIROA/scene_00004628.jpg", "body_bbox_list": [[440, 117, 335, 514]], "hand_bbox_list": [{"left_hand": [666.2427368164062, 456.0087890625, 75.78253173828125, 75.134765625], "right_hand": [555.3377685546875, 346.8053894042969, 106.072509765625, 62.141021728515625]}]}