{"image_path": "/home/hyem/workspace/frankmocap_notebooks/images/D9H-eRIROA/scene_00004663.jpg", "body_bbox_list": [[462, 176, 229, 458], [730, 127, 132, 433]], "hand_bbox_list": [{"left_hand": [623.6643676757812, 344.61456298828125, 42.40625, 33.628662109375], "right_hand": [455.5320129394531, 373.4642028808594, 31.529388427734375, 42.039642333984375]}, {"left_hand": null, "right_hand": null}]}