{"image_path": "/home/hyem/workspace/frankmocap_notebooks/images/D9H-eRIROA/scene_00001510.jpg", "body_bbox_list": [[590, 153, 137, 470], [748, 116, 118, 421], [759, 335, 18, 185]], "hand_bbox_list": [{"left_hand": [634.5065307617188, 291.68133544921875, 40.486572265625, 38.144744873046875], "right_hand": [634.5065307617188, 291.68133544921875, 40.486572265625, 38.144744873046875]}, {"left_hand": null, "right_hand": null}, {"left_hand": null, "right_hand": null}]}