{"image_path": "/home/hyem/workspace/frankmocap_notebooks/images/D9H-eRIROA/scene_00003787.jpg", "body_bbox_list": [[526, 194, 180, 433], [705, 157, 210, 243]], "hand_bbox_list": [{"left_hand": [652.9738159179688, 390.4402160644531, 40.9813232421875, 38.828948974609375], "right_hand": [536.7842407226562, 431.37677001953125, 35.84100341796875, 31.588043212890625]}, {"left_hand": null, "right_hand": null}]}