{"image_path": "/home/hyem/workspace/frankmocap_notebooks/images/D9H-eRIROA/scene_00009163.jpg", "body_bbox_list": [[487, 94, 292, 626]], "hand_bbox_list": [{"left_hand": [595.226806640625, 436.8163146972656, 70.04644775390625, 67.43795776367188], "right_hand": [590.044921875, 431.8402099609375, 51.5435791015625, 59.4639892578125]}]}