{"image_path": "/home/hyem/workspace/frankmocap_notebooks/images/D9H-eRIROA/scene_00006160.jpg", "body_bbox_list": [[538, 147, 156, 471], [702, 103, 148, 452]], "hand_bbox_list": [{"left_hand": [660.3103637695312, 354.745849609375, 33.29290771484375, 35.24127197265625], "right_hand": [527.559326171875, 327.97186279296875, 34.43408203125, 37.4532470703125]}, {"left_hand": null, "right_hand": null}]}