{"image_path": "/home/hyem/workspace/frankmocap_notebooks/images/D9H-eRIROA/scene_00004666.jpg", "body_bbox_list": [[474, 193, 199, 441], [678, 139, 180, 408]], "hand_bbox_list": [{"left_hand": [571.4098510742188, 354.6717224121094, 38.4552001953125, 34.425384521484375], "right_hand": [466.4687805175781, 373.83477783203125, 30.142669677734375, 39.6737060546875]}, {"left_hand": null, "right_hand": null}]}