{"image_path": "/home/hyem/workspace/frankmocap_notebooks/images/D9H-eRIROA/scene_00008452.jpg", "body_bbox_list": [[519, 182, 199, 440], [743, 201, 129, 37]], "hand_bbox_list": [{"left_hand": [681.8939208984375, 254.87864685058594, 29.89898681640625, 48.45503234863281], "right_hand": [624.7850952148438, 282.8374328613281, 24.18829345703125, 36.578277587890625]}, {"left_hand": null, "right_hand": null}]}