{"image_path": "/home/hyem/workspace/frankmocap_notebooks/images/D9H-eRIROA/scene_00008066.jpg", "body_bbox_list": [[550, 162, 278, 520]], "hand_bbox_list": [{"left_hand": [812.70166015625, 263.8174133300781, 35.53759765625, 37.417266845703125], "right_hand": [552.3489990234375, 192.2021026611328, 33.78692626953125, 35.57823181152344]}]}