{"image_path": "/home/hyem/workspace/frankmocap_notebooks/images/D9H-eRIROA/scene_00002167.jpg", "body_bbox_list": [[518, 171, 235, 446], [739, 122, 210, 161]], "hand_bbox_list": [{"left_hand": [711.9121704101562, 335.5013122558594, 41.2174072265625, 48.307708740234375], "right_hand": [526.1882934570312, 346.9445495605469, 37.61181640625, 42.996551513671875]}, {"left_hand": null, "right_hand": null}]}