{"image_path": "/home/hyem/workspace/frankmocap_notebooks/images/D9H-eRIROA/scene_00003771.jpg", "body_bbox_list": [[488, 166, 278, 433], [750, 128, 216, 172]], "hand_bbox_list": [{"left_hand": [731.3232421875, 330.7278137207031, 33.2430419921875, 49.08270263671875], "right_hand": [497.14617919921875, 309.7198486328125, 34.01385498046875, 48.203369140625]}, {"left_hand": null, "right_hand": null}]}