{"image_path": "/home/hyem/workspace/frankmocap_notebooks/images/D9H-eRIROA/scene_00004079.jpg", "body_bbox_list": [[489, 223, 259, 409], [792, 205, 137, 85]], "hand_bbox_list": [{"left_hand": [710.2263793945312, 315.611572265625, 33.456787109375, 35.074798583984375], "right_hand": [620.00634765625, 467.8273620605469, 32.64923095703125, 30.789215087890625]}, {"left_hand": null, "right_hand": null}]}