{"image_path": "/home/hyem/workspace/frankmocap_notebooks/images/D9H-eRIROA/scene_00003384.jpg", "body_bbox_list": [[495, 153, 253, 470]], "hand_bbox_list": [{"left_hand": [736.7127685546875, 228.5320281982422, 33.24725341796875, 39.16618347167969], "right_hand": [486.7432556152344, 247.94786071777344, 38.248199462890625, 37.10490417480469]}]}