{"image_path": "/home/hyem/workspace/frankmocap_notebooks/images/D9H-eRIROA/scene_00008824.jpg", "body_bbox_list": [[489, 164, 254, 476], [750, 96, 210, 235]], "hand_bbox_list": [{"left_hand": [644.1595458984375, 260.86602783203125, 53.4136962890625, 54.027191162109375], "right_hand": [480.2349853515625, 317.52032470703125, 41.82781982421875, 49.820556640625]}, {"left_hand": null, "right_hand": null}]}