{"image_path": "/home/hyem/workspace/frankmocap_notebooks/images/D9H-eRIROA/scene_00008562.jpg", "body_bbox_list": [[513, 164, 229, 476], [776, 137, 124, 216], [788, 197, 118, 118]], "hand_bbox_list": [{"left_hand": [722.834228515625, 355.3421630859375, 30.03704833984375, 36.520782470703125], "right_hand": [562.165283203125, 326.7119140625, 33.28265380859375, 40.823211669921875]}, {"left_hand": null, "right_hand": null}, {"left_hand": null, "right_hand": null}]}