{"image_path": "/home/hyem/workspace/frankmocap_notebooks/images/D9H-eRIROA/scene_00006854.jpg", "body_bbox_list": [[509, 99, 327, 533]], "hand_bbox_list": [{"left_hand": [638.50634765625, 421.8143615722656, 66.447509765625, 62.652496337890625], "right_hand": [608.7533569335938, 439.4878234863281, 88.98101806640625, 62.200653076171875]}]}