{"image_path": "/home/hyem/workspace/frankmocap_notebooks/images/D9H-eRIROA/scene_00002109.jpg", "body_bbox_list": [[589, 146, 161, 501], [815, 89, 142, 390], [850, 111, 117, 172]], "hand_bbox_list": [{"left_hand": [687.4351806640625, 291.2413330078125, 49.45965576171875, 44.13909912109375], "right_hand": [645.528564453125, 372.65167236328125, 39.75665283203125, 45.284423828125]}, {"left_hand": null, "right_hand": null}, {"left_hand": null, "right_hand": null}]}