{"image_path": "/home/hyem/workspace/frankmocap_notebooks/images/D9H-eRIROA/scene_00001312.jpg", "body_bbox_list": [[545, 165, 148, 446], [429, 130, 99, 224]], "hand_bbox_list": [{"left_hand": [590.0870361328125, 323.6263427734375, 37.71240234375, 32.819122314453125], "right_hand": [590.0870361328125, 323.6263427734375, 37.71240234375, 32.819122314453125]}, {"left_hand": null, "right_hand": null}]}