{"image_path": "/home/hyem/workspace/frankmocap_notebooks/images/D9H-eRIROA/scene_00002688.jpg", "body_bbox_list": [[497, 160, 204, 457], [713, 97, 172, 465]], "hand_bbox_list": [{"left_hand": [658.5211791992188, 335.41510009765625, 32.40203857421875, 36.782073974609375], "right_hand": [504.3836669921875, 361.0657958984375, 32.60400390625, 35.671905517578125]}, {"left_hand": null, "right_hand": null}]}