{"image_path": "/home/hyem/workspace/frankmocap_notebooks/images/D9H-eRIROA/scene_00001701.jpg", "body_bbox_list": [[554, 188, 180, 451], [805, 141, 112, 224]], "hand_bbox_list": [{"left_hand": [711.6055297851562, 397.17578125, 31.56414794921875, 47.928070068359375], "right_hand": [550.7516479492188, 418.6863708496094, 31.38983154296875, 32.09918212890625]}, {"left_hand": null, "right_hand": null}]}