{"image_path": "/home/hyem/workspace/frankmocap_notebooks/images/D9H-eRIROA/scene_00001508.jpg", "body_bbox_list": [[590, 159, 137, 464], [754, 116, 118, 421], [765, 329, 12, 191]], "hand_bbox_list": [{"left_hand": [634.0626831054688, 282.3525085449219, 39.06060791015625, 37.65032958984375], "right_hand": [634.0626831054688, 282.3525085449219, 39.06060791015625, 37.65032958984375]}, {"left_hand": null, "right_hand": null}, {"left_hand": null, "right_hand": null}]}