{"image_path": "/home/hyem/workspace/frankmocap_notebooks/images/D9H-eRIROA/scene_00009558.jpg", "body_bbox_list": [[33, 85, 378, 595]], "hand_bbox_list": [{"left_hand": [203.67469787597656, 317.80224609375, 64.82975769042969, 82.34701538085938], "right_hand": null}]}