{"image_path": "/home/hyem/workspace/frankmocap_notebooks/images/D9H-eRIROA/scene_00000954.jpg", "body_bbox_list": [[566, 134, 162, 520]], "hand_bbox_list": [{"left_hand": [623.0847778320312, 254.905517578125, 30.91583251953125, 56.485015869140625], "right_hand": [623.0847778320312, 254.905517578125, 30.91583251953125, 56.485015869140625]}]}