{"image_path": "/home/hyem/workspace/frankmocap_notebooks/images/D9H-eRIROA/scene_00004083.jpg", "body_bbox_list": [[489, 218, 254, 414]], "hand_bbox_list": [{"left_hand": null, "right_hand": [631.364501953125, 463.6374206542969, 31.53875732421875, 30.653594970703125]}]}