{"image_path": "/home/hyem/workspace/frankmocap_notebooks/images/D9H-eRIROA/scene_00005545.jpg", "body_bbox_list": [[460, 206, 278, 427], [797, 164, 161, 223]], "hand_bbox_list": [{"left_hand": [708.2483520507812, 365.0255432128906, 29.8243408203125, 29.182281494140625], "right_hand": [708.2483520507812, 365.0255432128906, 29.8243408203125, 29.182281494140625]}, {"left_hand": null, "right_hand": null}]}