{"image_path": "/home/hyem/workspace/frankmocap_notebooks/images/D9H-eRIROA/scene_00002390.jpg", "body_bbox_list": [[488, 193, 278, 452]], "hand_bbox_list": [{"left_hand": [651.3525390625, 242.53651428222656, 49.70086669921875, 48.45228576660156], "right_hand": [497.8922119140625, 297.152099609375, 43.99346923828125, 50.533843994140625]}]}