{"image_path": "/home/hyem/workspace/frankmocap_notebooks/images/D9H-eRIROA/scene_00008461.jpg", "body_bbox_list": [[519, 100, 216, 525]], "hand_bbox_list": [{"left_hand": null, "right_hand": [596.3456420898438, 85.89501190185547, 59.66827392578125, 40.08734893798828]}]}