{"image_path": "/home/hyem/workspace/frankmocap_notebooks/images/D9H-eRIROA/scene_00001977.jpg", "body_bbox_list": [[517, 147, 243, 465], [727, 118, 199, 259]], "hand_bbox_list": [{"left_hand": [719.3588256835938, 347.20098876953125, 34.785400390625, 44.991424560546875], "right_hand": [522.2601318359375, 346.08050537109375, 33.32672119140625, 42.563140869140625]}, {"left_hand": null, "right_hand": null}]}