{"image_path": "/home/hyem/workspace/frankmocap_notebooks/images/D9H-eRIROA/scene_00007362.jpg", "body_bbox_list": [[544, 188, 167, 440], [729, 136, 156, 335]], "hand_bbox_list": [{"left_hand": [541.7459106445312, 363.7401428222656, 42.18548583984375, 26.653961181640625], "right_hand": [541.7459106445312, 363.7401428222656, 42.18548583984375, 26.653961181640625]}, {"left_hand": null, "right_hand": null}]}