{"image_path": "/home/hyem/workspace/frankmocap_notebooks/images/D9H-eRIROA/scene_00004513.jpg", "body_bbox_list": [[500, 65, 243, 557]], "hand_bbox_list": [{"left_hand": [670.5638427734375, 42.61065673828125, 56.5494384765625, 53.423667907714844], "right_hand": [501.1891784667969, 105.47517395019531, 41.438385009765625, 44.52644348144531]}]}