{"image_path": "/home/hyem/workspace/frankmocap_notebooks/images/D9H-eRIROA/scene_00009212.jpg", "body_bbox_list": [[384, 77, 335, 538]], "hand_bbox_list": [{"left_hand": [465.4848937988281, 349.7158508300781, 85.78591918945312, 104.31771850585938], "right_hand": [465.4848937988281, 349.7158508300781, 85.78591918945312, 104.31771850585938]}]}