{"image_path": "/home/hyem/workspace/frankmocap_notebooks/images/D9H-eRIROA/scene_00003509.jpg", "body_bbox_list": [[568, 147, 129, 465], [720, 109, 124, 446]], "hand_bbox_list": [{"left_hand": [637.1861572265625, 254.90809631347656, 31.89996337890625, 34.95173645019531], "right_hand": [581.6517944335938, 263.2249755859375, 30.8875732421875, 34.81365966796875]}, {"left_hand": null, "right_hand": null}]}