{"image_path": "/home/hyem/workspace/frankmocap_notebooks/images/D9H-eRIROA/scene_00008490.jpg", "body_bbox_list": [[532, 146, 180, 484], [773, 115, 80, 457]], "hand_bbox_list": [{"left_hand": [682.9193115234375, 407.7393493652344, 23.16412353515625, 40.21142578125], "right_hand": [546.3222045898438, 404.3897399902344, 23.82080078125, 36.154327392578125]}, {"left_hand": null, "right_hand": null}]}