{"image_path": "/home/hyem/workspace/frankmocap_notebooks/images/D9H-eRIROA/scene_00003194.jpg", "body_bbox_list": [[572, 147, 156, 476], [742, 103, 142, 458]], "hand_bbox_list": [{"left_hand": [710.1322021484375, 390.23309326171875, 27.2935791015625, 36.2286376953125], "right_hand": [574.1118774414062, 368.86407470703125, 27.534912109375, 31.68212890625]}, {"left_hand": null, "right_hand": null}]}