{"image_path": "/home/hyem/workspace/frankmocap_notebooks/images/D9H-eRIROA/scene_00002715.jpg", "body_bbox_list": [[498, 171, 191, 457], [683, 111, 181, 408]], "hand_bbox_list": [{"left_hand": [645.7833251953125, 350.1382751464844, 29.94158935546875, 33.979461669921875], "right_hand": [507.124267578125, 396.1462097167969, 32.63336181640625, 32.6617431640625]}, {"left_hand": null, "right_hand": null}]}