{"image_path": "/home/hyem/workspace/frankmocap_notebooks/images/D9H-eRIROA/scene_00002032.jpg", "body_bbox_list": [[555, 154, 161, 452], [744, 174, 104, 389], [831, 190, 31, 148]], "hand_bbox_list": [{"left_hand": [699.3060302734375, 376.288818359375, 26.0966796875, 43.22015380859375], "right_hand": [559.1664428710938, 388.9777526855469, 32.6873779296875, 38.156036376953125]}, {"left_hand": null, "right_hand": null}, {"left_hand": null, "right_hand": null}]}