{"image_path": "/home/hyem/workspace/frankmocap_notebooks/images/D9H-eRIROA/scene_00002998.jpg", "body_bbox_list": [[519, 180, 211, 365], [819, 231, 55, 123]], "hand_bbox_list": [{"left_hand": [700.70654296875, 404.5935363769531, 28.23748779296875, 45.69415283203125], "right_hand": [524.3168334960938, 401.7612609863281, 32.20770263671875, 46.995208740234375]}, {"left_hand": null, "right_hand": null}]}