{"image_path": "/home/hyem/workspace/frankmocap_notebooks/images/D9H-eRIROA/scene_00003882.jpg", "body_bbox_list": [[540, 170, 259, 465]], "hand_bbox_list": [{"left_hand": [765.5513916015625, 218.18597412109375, 33.20074462890625, 40.01715087890625], "right_hand": [525.634521484375, 248.3767852783203, 39.512451171875, 38.33244323730469]}]}