{"image_path": "/home/hyem/workspace/frankmocap_notebooks/images/D9H-eRIROA/scene_00009329.jpg", "body_bbox_list": [[402, 89, 316, 631]], "hand_bbox_list": [{"left_hand": [509.89105224609375, 450.55157470703125, 96.9984130859375, 51.648223876953125], "right_hand": [498.93890380859375, 427.3337097167969, 80.72711181640625, 72.46945190429688]}]}