{"image_path": "/home/hyem/workspace/frankmocap_notebooks/images/D9H-eRIROA/scene_00002628.jpg", "body_bbox_list": [[520, 171, 192, 451], [726, 118, 224, 248]], "hand_bbox_list": [{"left_hand": [653.9193725585938, 375.2173156738281, 46.40380859375, 51.763824462890625], "right_hand": [547.3411254882812, 400.3138427734375, 31.06890869140625, 35.439666748046875]}, {"left_hand": null, "right_hand": null}]}