{"image_path": "/home/hyem/workspace/frankmocap_notebooks/images/D9H-eRIROA/scene_00004988.jpg", "body_bbox_list": [[756, 78, 204, 514], [519, 159, 216, 476]], "hand_bbox_list": [{"left_hand": null, "right_hand": null}, {"left_hand": [716.708251953125, 326.4444580078125, 27.03240966796875, 38.268463134765625], "right_hand": [511.8285217285156, 306.8746337890625, 33.619659423828125, 36.406219482421875]}]}