{"image_path": "/home/hyem/workspace/frankmocap_notebooks/images/D9H-eRIROA/scene_00005346.jpg", "body_bbox_list": [[429, 121, 340, 557]], "hand_bbox_list": [{"left_hand": [586.0770263671875, 462.9023742675781, 84.452392578125, 74.52517700195312], "right_hand": [440.6709899902344, 496.79278564453125, 96.56710815429688, 87.02252197265625]}]}