{"image_path": "/home/hyem/workspace/frankmocap_notebooks/images/D9H-eRIROA/scene_00002827.jpg", "body_bbox_list": [[541, 212, 235, 414], [727, 161, 205, 432]], "hand_bbox_list": [{"left_hand": [711.3443603515625, 390.2666320800781, 34.09283447265625, 40.98291015625], "right_hand": [561.2109985351562, 424.99102783203125, 29.33074951171875, 22.392791748046875]}, {"left_hand": null, "right_hand": null}]}