{"image_path": "/home/hyem/workspace/frankmocap_notebooks/images/D9H-eRIROA/scene_00002308.jpg", "body_bbox_list": [[442, 159, 303, 464]], "hand_bbox_list": [{"left_hand": [683.6813354492188, 145.4955291748047, 50.93115234375, 49.528472900390625], "right_hand": [447.3050842285156, 210.80413818359375, 31.462615966796875, 40.63371276855469]}]}