{"image_path": "/home/hyem/workspace/frankmocap_notebooks/images/D9H-eRIROA/scene_00008688.jpg", "body_bbox_list": [[573, 164, 148, 471], [803, 187, 31, 104]], "hand_bbox_list": [{"left_hand": [709.1559448242188, 327.0677795410156, 26.08013916015625, 43.827789306640625], "right_hand": [626.7255249023438, 323.884765625, 37.7066650390625, 38.053131103515625]}, {"left_hand": null, "right_hand": null}]}