{"image_path": "/home/hyem/workspace/frankmocap_notebooks/images/D9H-eRIROA/scene_00002830.jpg", "body_bbox_list": [[541, 212, 235, 414], [745, 195, 180, 397]], "hand_bbox_list": [{"left_hand": [715.0038452148438, 389.6112976074219, 33.004638671875, 39.42059326171875], "right_hand": [564.9189453125, 426.59222412109375, 31.0350341796875, 22.72406005859375]}, {"left_hand": null, "right_hand": null}]}