{"image_path": "/home/hyem/workspace/frankmocap_notebooks/images/D9H-eRIROA/scene_00006870.jpg", "body_bbox_list": [[480, 87, 340, 563]], "hand_bbox_list": [{"left_hand": [634.4189453125, 444.0515441894531, 58.139404296875, 60.673370361328125], "right_hand": [593.4205932617188, 470.99713134765625, 78.8206787109375, 70.1182861328125]}]}