{"image_path": "/home/hyem/workspace/frankmocap_notebooks/images/D9H-eRIROA/scene_00006513.jpg", "body_bbox_list": [[509, 171, 191, 451], [727, 122, 104, 403], [791, 199, 50, 75]], "hand_bbox_list": [{"left_hand": [639.7456665039062, 301.1790771484375, 28.985595703125, 47.801025390625], "right_hand": [524.4818725585938, 333.0385437011719, 29.4476318359375, 28.72552490234375]}, {"left_hand": null, "right_hand": null}, {"left_hand": null, "right_hand": null}]}