{"image_path": "/home/hyem/workspace/frankmocap_notebooks/images/D9H-eRIROA/scene_00008539.jpg", "body_bbox_list": [[512, 171, 242, 457], [751, 126, 186, 451]], "hand_bbox_list": [{"left_hand": [736.5957641601562, 404.9078674316406, 32.7784423828125, 42.064422607421875], "right_hand": [507.28167724609375, 394.1075744628906, 29.3216552734375, 46.642791748046875]}, {"left_hand": null, "right_hand": null}]}