{"image_path": "/home/hyem/workspace/frankmocap_notebooks/images/D9H-eRIROA/scene_00001191.jpg", "body_bbox_list": [[380, 140, 297, 525]], "hand_bbox_list": [{"left_hand": [469.0712890625, 516.3564453125, 107.0615234375, 106.9775390625], "right_hand": [439.08599853515625, 520.9007568359375, 69.73855590820312, 76.72607421875]}]}