{"image_path": "/home/hyem/workspace/frankmocap_notebooks/images/D9H-eRIROA/scene_00001286.jpg", "body_bbox_list": [[534, 146, 254, 501], [336, 97, 172, 470], [333, 175, 88, 129]], "hand_bbox_list": [{"left_hand": [776.019775390625, 352.96746826171875, 43.26812744140625, 39.25244140625], "right_hand": [525.7841796875, 346.7098083496094, 45.69744873046875, 39.54327392578125]}, {"left_hand": null, "right_hand": null}, {"left_hand": null, "right_hand": null}]}