{"image_path": "/home/hyem/workspace/frankmocap_notebooks/images/D9H-eRIROA/scene_00001563.jpg", "body_bbox_list": [[724, 96, 172, 495], [555, 141, 156, 495]], "hand_bbox_list": [{"left_hand": null, "right_hand": [661.7796020507812, 293.2590026855469, 32.9678955078125, 42.20770263671875]}, {"left_hand": [661.7796020507812, 293.2590026855469, 32.9678955078125, 42.20770263671875], "right_hand": [619.3720092773438, 299.2833251953125, 41.57537841796875, 43.700469970703125]}]}