{"image_path": "/home/hyem/workspace/frankmocap_notebooks/images/D9H-eRIROA/scene_00003806.jpg", "body_bbox_list": [[561, 182, 167, 446], [754, 196, 118, 272]], "hand_bbox_list": [{"left_hand": null, "right_hand": [595.7060546875, 434.7601013183594, 24.0330810546875, 28.49578857421875]}, {"left_hand": null, "right_hand": null}]}