{"image_path": "/home/hyem/workspace/frankmocap_notebooks/images/D9H-eRIROA/scene_00008806.jpg", "body_bbox_list": [[494, 134, 267, 508]], "hand_bbox_list": [{"left_hand": [609.1390380859375, 126.4120864868164, 49.40972900390625, 32.28705596923828], "right_hand": [496.4146423339844, 359.4912109375, 39.020660400390625, 47.420562744140625]}]}