{"image_path": "/home/hyem/workspace/frankmocap_notebooks/images/D9H-eRIROA/scene_00007519.jpg", "body_bbox_list": [[512, 106, 248, 519]], "hand_bbox_list": [{"left_hand": [686.336669921875, 100.6270523071289, 34.98699951171875, 39.157081604003906], "right_hand": [517.9827880859375, 338.21160888671875, 39.5919189453125, 40.443939208984375]}]}