{"image_path": "/home/hyem/workspace/frankmocap_notebooks/images/D9H-eRIROA/scene_00004879.jpg", "body_bbox_list": [[556, 159, 283, 470]], "hand_bbox_list": [{"left_hand": [777.2083129882812, 153.74057006835938, 45.388916015625, 35.411865234375], "right_hand": [547.9246215820312, 281.23895263671875, 31.12396240234375, 41.44464111328125]}]}