{"image_path": "/home/hyem/workspace/frankmocap_notebooks/images/D9H-eRIROA/scene_00004502.jpg", "body_bbox_list": [[482, 165, 297, 452]], "hand_bbox_list": [{"left_hand": [714.6494140625, 259.9678649902344, 43.9683837890625, 35.8355712890625], "right_hand": [475.8775634765625, 259.73614501953125, 42.8955078125, 58.8489990234375]}]}