{"image_path": "/home/hyem/workspace/frankmocap_notebooks/images/D9H-eRIROA/scene_00007426.jpg", "body_bbox_list": [[458, 188, 327, 440], [647, 147, 259, 365]], "hand_bbox_list": [{"left_hand": [444.71240234375, 312.9239196777344, 23.49810791015625, 28.54876708984375], "right_hand": [444.71240234375, 312.9239196777344, 23.49810791015625, 28.54876708984375]}, {"left_hand": null, "right_hand": null}]}