{"image_path": "/home/hyem/workspace/frankmocap_notebooks/images/D9H-eRIROA/scene_00003218.jpg", "body_bbox_list": [[490, 164, 229, 471]], "hand_bbox_list": [{"left_hand": [707.369140625, 188.8166046142578, 30.3271484375, 35.04541015625], "right_hand": [487.00323486328125, 216.82455444335938, 33.2572021484375, 34.863861083984375]}]}