{"image_path": "/home/hyem/workspace/frankmocap_notebooks/images/D9H-eRIROA/scene_00001227.jpg", "body_bbox_list": [[406, 120, 346, 576]], "hand_bbox_list": [{"left_hand": [598.8331909179688, 470.16998291015625, 36.412353515625, 107.98040771484375], "right_hand": [541.9529418945312, 465.5621337890625, 54.7734375, 108.08612060546875]}]}