{"image_path": "/home/hyem/workspace/frankmocap_notebooks/images/D9H-eRIROA/scene_00007582.jpg", "body_bbox_list": [[519, 153, 205, 465], [736, 107, 148, 489]], "hand_bbox_list": [{"left_hand": [659.074951171875, 273.16180419921875, 33.6781005859375, 32.372344970703125], "right_hand": [525.2002563476562, 265.2869567871094, 31.034423828125, 32.68157958984375]}, {"left_hand": null, "right_hand": null}]}