{"image_path": "/home/hyem/workspace/frankmocap_notebooks/images/D9H-eRIROA/scene_00002631.jpg", "body_bbox_list": [[514, 176, 199, 452]], "hand_bbox_list": [{"left_hand": [630.1881103515625, 304.50732421875, 50.92425537109375, 52.970916748046875], "right_hand": [552.599365234375, 401.6659851074219, 28.52783203125, 35.690338134765625]}]}