{"image_path": "/home/hyem/workspace/frankmocap_notebooks/images/D9H-eRIROA/scene_00007777.jpg", "body_bbox_list": [[493, 141, 167, 500], [698, 92, 129, 440]], "hand_bbox_list": [{"left_hand": [572.2748413085938, 343.69207763671875, 42.26202392578125, 38.58050537109375], "right_hand": [572.2748413085938, 343.69207763671875, 42.26202392578125, 38.58050537109375]}, {"left_hand": null, "right_hand": null}]}