{"image_path": "/home/hyem/workspace/frankmocap_notebooks/images/D9H-eRIROA/scene_00001908.jpg", "body_bbox_list": [[560, 188, 191, 440], [797, 134, 161, 384]], "hand_bbox_list": [{"left_hand": [738.1231689453125, 380.6939392089844, 29.10565185546875, 38.736083984375], "right_hand": [557.4338989257812, 412.23870849609375, 31.45550537109375, 32.62255859375]}, {"left_hand": null, "right_hand": null}]}