{"image_path": "/home/hyem/workspace/frankmocap_notebooks/images/D9H-eRIROA/scene_00001420.jpg", "body_bbox_list": [[507, 147, 235, 476]], "hand_bbox_list": [{"left_hand": [695.050048828125, 157.4693145751953, 52.137939453125, 51.116424560546875], "right_hand": [495.0243835449219, 174.99339294433594, 51.526641845703125, 55.58296203613281]}]}