{"image_path": "/home/hyem/workspace/frankmocap_notebooks/images/D9H-eRIROA/scene_00002546.jpg", "body_bbox_list": [[600, 93, 167, 551]], "hand_bbox_list": [{"left_hand": [645.34521484375, 106.60639190673828, 44.66448974609375, 23.103660583496094], "right_hand": [660.5512084960938, 380.4446105957031, 21.630615234375, 22.569671630859375]}]}