{"image_path": "/home/hyem/workspace/frankmocap_notebooks/images/D9H-eRIROA/scene_00000611.jpg", "body_bbox_list": [[424, 115, 316, 563]], "hand_bbox_list": [{"left_hand": [579.7271118164062, 332.1393737792969, 37.3052978515625, 118.55001831054688], "right_hand": [549.5620727539062, 328.69525146484375, 62.43896484375, 125.75079345703125]}]}