{"image_path": "/home/hyem/workspace/frankmocap_notebooks/images/D9H-eRIROA/scene_00005793.jpg", "body_bbox_list": [[499, 186, 161, 489]], "hand_bbox_list": [{"left_hand": [539.1177368164062, 213.45108032226562, 29.67425537109375, 30.663772583007812], "right_hand": [486.1270751953125, 245.93524169921875, 35.77972412109375, 42.88018798828125]}]}