{"image_path": "/home/hyem/workspace/frankmocap_notebooks/images/D9H-eRIROA/scene_00008541.jpg", "body_bbox_list": [[537, 164, 192, 465], [753, 119, 137, 476]], "hand_bbox_list": [{"left_hand": [706.9332885742188, 410.45709228515625, 28.18499755859375, 47.612335205078125], "right_hand": [541.66259765625, 402.1646423339844, 36.6004638671875, 39.67822265625]}, {"left_hand": null, "right_hand": null}]}