{"image_path": "/home/hyem/workspace/frankmocap_notebooks/images/D9H-eRIROA/scene_00006841.jpg", "body_bbox_list": [[493, 117, 297, 508]], "hand_bbox_list": [{"left_hand": [641.6458129882812, 423.5427551269531, 83.430908203125, 73.62210083007812], "right_hand": [598.1458740234375, 465.9808349609375, 84.961181640625, 52.262451171875]}]}