{"image_path": "/home/hyem/workspace/frankmocap_notebooks/images/D9H-eRIROA/scene_00007379.jpg", "body_bbox_list": [[583, 193, 156, 441], [775, 142, 137, 335]], "hand_bbox_list": [{"left_hand": [681.8463745117188, 397.6336364746094, 34.376708984375, 31.71966552734375], "right_hand": [615.7974853515625, 396.6156005859375, 34.2484130859375, 34.42138671875]}, {"left_hand": null, "right_hand": null}]}