{"image_path": "/home/hyem/workspace/frankmocap_notebooks/images/D9H-eRIROA/scene_00009773.jpg", "body_bbox_list": [[91, 99, 346, 539]], "hand_bbox_list": [{"left_hand": [249.30584716796875, 309.98724365234375, 59.13043212890625, 80.46908569335938], "right_hand": null}]}