{"image_path": "/home/hyem/workspace/frankmocap_notebooks/images/D9H-eRIROA/scene_00009150.jpg", "body_bbox_list": [[465, 89, 291, 631]], "hand_bbox_list": [{"left_hand": [609.9525146484375, 430.9689025878906, 83.8709716796875, 91.23776245117188], "right_hand": [520.3993530273438, 380.9372863769531, 66.24652099609375, 80.99948120117188]}]}