{"image_path": "/home/hyem/workspace/frankmocap_notebooks/images/D9H-eRIROA/scene_00001428.jpg", "body_bbox_list": [[536, 153, 216, 470]], "hand_bbox_list": [{"left_hand": [685.0689086914062, 129.8189239501953, 62.87078857421875, 61.97111511230469], "right_hand": [523.8131713867188, 144.5447235107422, 62.57763671875, 64.10362243652344]}]}