{"image_path": "/home/hyem/workspace/frankmocap_notebooks/images/D9H-eRIROA/scene_00006216.jpg", "body_bbox_list": [[550, 153, 148, 465], [731, 112, 118, 384]], "hand_bbox_list": [{"left_hand": [682.0771484375, 388.1885070800781, 26.49847412109375, 30.92291259765625], "right_hand": [543.2951049804688, 401.9495849609375, 30.98516845703125, 27.271209716796875]}, {"left_hand": null, "right_hand": null}]}