{"image_path": "/home/hyem/workspace/frankmocap_notebooks/images/D9H-eRIROA/scene_00005645.jpg", "body_bbox_list": [[572, 153, 172, 476], [796, 196, 45, 1]], "hand_bbox_list": [{"left_hand": [737.8672485351562, 373.9411926269531, 28.94036865234375, 45.0777587890625], "right_hand": [648.2841186523438, 229.42507934570312, 40.189453125, 37.831817626953125]}, {"left_hand": null, "right_hand": null}]}