{"image_path": "/home/hyem/workspace/frankmocap_notebooks/images/D9H-eRIROA/scene_00003644.jpg", "body_bbox_list": [[583, 146, 156, 490], [764, 97, 148, 481]], "hand_bbox_list": [{"left_hand": [656.6063842773438, 297.4764099121094, 38.45355224609375, 38.199920654296875], "right_hand": [656.6063842773438, 297.4764099121094, 38.45355224609375, 38.199920654296875]}, {"left_hand": null, "right_hand": null}]}