{"image_path": "/home/hyem/workspace/frankmocap_notebooks/images/D9H-eRIROA/scene_00003817.jpg", "body_bbox_list": [[569, 171, 223, 451], [752, 117, 172, 402], [804, 320, 18, 142]], "hand_bbox_list": [{"left_hand": null, "right_hand": [599.0269165039062, 394.50616455078125, 32.04132080078125, 27.67376708984375]}, {"left_hand": null, "right_hand": null}, {"left_hand": null, "right_hand": null}]}