{"image_path": "/home/hyem/workspace/frankmocap_notebooks/images/D9H-eRIROA/scene_00000605.jpg", "body_bbox_list": [[436, 96, 327, 601]], "hand_bbox_list": [{"left_hand": [591.3274536132812, 306.3433837890625, 41.70574951171875, 117.74880981445312], "right_hand": [568.9208984375, 304.1437072753906, 55.159912109375, 121.34051513671875]}]}