{"image_path": "/home/hyem/workspace/frankmocap_notebooks/images/D9H-eRIROA/scene_00006179.jpg", "body_bbox_list": [[538, 171, 156, 446], [725, 126, 142, 440]], "hand_bbox_list": [{"left_hand": [656.8948364257812, 364.84893798828125, 38.05181884765625, 26.265655517578125], "right_hand": [525.3055419921875, 355.4819030761719, 36.531982421875, 29.39105224609375]}, {"left_hand": null, "right_hand": null}]}