{"image_path": "/home/hyem/workspace/frankmocap_notebooks/images/D9H-eRIROA/scene_00006520.jpg", "body_bbox_list": [[419, 189, 321, 432], [760, 201, 129, 37]], "hand_bbox_list": [{"left_hand": [726.6060180664062, 270.2524108886719, 27.86651611328125, 56.840576171875], "right_hand": [432.3211364746094, 388.5892333984375, 46.71875, 40.157928466796875]}, {"left_hand": null, "right_hand": null}]}