{"image_path": "/home/hyem/workspace/frankmocap_notebooks/images/D9H-eRIROA/scene_00004907.jpg", "body_bbox_list": [[603, 142, 229, 481]], "hand_bbox_list": [{"left_hand": [779.7147827148438, 187.9446563720703, 34.93035888671875, 32.907379150390625], "right_hand": [589.9525146484375, 244.2263641357422, 44.55438232421875, 47.74482727050781]}]}