{"image_path": "/home/hyem/workspace/frankmocap_notebooks/images/D9H-eRIROA/scene_00009216.jpg", "body_bbox_list": [[378, 82, 341, 528]], "hand_bbox_list": [{"left_hand": [460.3678283691406, 330.46563720703125, 77.63082885742188, 102.06777954101562], "right_hand": [460.3678283691406, 330.46563720703125, 77.63082885742188, 102.06777954101562]}]}