{"image_path": "/home/hyem/workspace/frankmocap_notebooks/images/D9H-eRIROA/scene_00000766.jpg", "body_bbox_list": [[304, 121, 495, 551]], "hand_bbox_list": [{"left_hand": [534.5833740234375, 348.6316223144531, 108.92852783203125, 95.69009399414062], "right_hand": [425.4806823730469, 342.8392639160156, 117.87075805664062, 121.00411987304688]}]}