{"image_path": "/home/hyem/workspace/frankmocap_notebooks/images/D9H-eRIROA/scene_00006599.jpg", "body_bbox_list": [[497, 153, 204, 465], [751, 125, 50, 223]], "hand_bbox_list": [{"left_hand": [664.2402954101562, 233.35879516601562, 36.822265625, 37.8809814453125], "right_hand": [494.4483337402344, 260.8363342285156, 40.873809814453125, 51.227294921875]}, {"left_hand": null, "right_hand": null}]}