{"image_path": "/home/hyem/workspace/frankmocap_notebooks/images/D9H-eRIROA/scene_00004842.jpg", "body_bbox_list": [[506, 164, 254, 465]], "hand_bbox_list": [{"left_hand": [740.3904418945312, 179.46893310546875, 36.4501953125, 39.405548095703125], "right_hand": [521.63916015625, 287.26824951171875, 58.2158203125, 38.166259765625]}]}