{"image_path": "/home/hyem/workspace/frankmocap_notebooks/images/D9H-eRIROA/scene_00004624.jpg", "body_bbox_list": [[446, 117, 335, 514]], "hand_bbox_list": [{"left_hand": [674.0509643554688, 385.8331298828125, 73.77239990234375, 69.50869750976562], "right_hand": [496.9138488769531, 357.01141357421875, 85.04922485351562, 68.0345458984375]}]}