{"image_path": "/home/hyem/workspace/frankmocap_notebooks/images/D9H-eRIROA/scene_00001768.jpg", "body_bbox_list": [[583, 153, 161, 476], [758, 112, 172, 389]], "hand_bbox_list": [{"left_hand": [699.6603393554688, 305.8066711425781, 47.0400390625, 37.288238525390625], "right_hand": [626.654541015625, 298.5955505371094, 45.3289794921875, 39.430206298828125]}, {"left_hand": null, "right_hand": null}]}