{"image_path": "/home/hyem/workspace/frankmocap_notebooks/images/D9H-eRIROA/scene_00005182.jpg", "body_bbox_list": [[470, 176, 292, 458]], "hand_bbox_list": [{"left_hand": [748.6163330078125, 313.08258056640625, 30.2445068359375, 31.891448974609375], "right_hand": [691.759033203125, 302.2137451171875, 37.56396484375, 33.967864990234375]}]}