{"image_path": "/home/hyem/workspace/frankmocap_notebooks/images/D9H-eRIROA/scene_00005622.jpg", "body_bbox_list": [[626, 141, 210, 495]], "hand_bbox_list": [{"left_hand": [725.5682983398438, 209.51190185546875, 48.59771728515625, 44.632476806640625], "right_hand": [664.0626831054688, 221.72076416015625, 50.52838134765625, 53.234283447265625]}]}