{"image_path": "/home/hyem/workspace/frankmocap_notebooks/images/D9H-eRIROA/scene_00002565.jpg", "body_bbox_list": [[558, 145, 223, 525]], "hand_bbox_list": [{"left_hand": [686.6976318359375, 227.33932495117188, 53.025634765625, 43.142913818359375], "right_hand": [558.8310546875, 390.42474365234375, 33.80169677734375, 42.235015869140625]}]}