{"image_path": "/home/hyem/workspace/frankmocap_notebooks/images/D9H-eRIROA/scene_00007627.jpg", "body_bbox_list": [[546, 147, 235, 465]], "hand_bbox_list": [{"left_hand": [772.0575561523438, 268.21441650390625, 39.1270751953125, 51.118988037109375], "right_hand": [551.3927612304688, 370.9410400390625, 27.0792236328125, 30.78167724609375]}]}