{"image_path": "/home/hyem/workspace/frankmocap_notebooks/images/D9H-eRIROA/scene_00005410.jpg", "body_bbox_list": [[509, 133, 316, 533]], "hand_bbox_list": [{"left_hand": [799.1856689453125, 492.7852478027344, 61.6124267578125, 65.14242553710938], "right_hand": [683.7333374023438, 414.16961669921875, 83.63116455078125, 70.85870361328125]}]}