{"image_path": "/home/hyem/workspace/frankmocap_notebooks/images/D9H-eRIROA/scene_00003396.jpg", "body_bbox_list": [[495, 164, 248, 465]], "hand_bbox_list": [{"left_hand": [727.5608520507812, 235.53770446777344, 35.512451171875, 37.01728820800781], "right_hand": [488.45452880859375, 239.90841674804688, 38.26824951171875, 37.886199951171875]}]}