{"image_path": "/home/hyem/workspace/frankmocap_notebooks/images/D9H-eRIROA/scene_00008047.jpg", "body_bbox_list": [[548, 128, 316, 520], [822, 221, 105, 216]], "hand_bbox_list": [{"left_hand": null, "right_hand": [609.48974609375, 427.1366882324219, 25.50372314453125, 29.252349853515625]}, {"left_hand": null, "right_hand": null}]}