{"image_path": "/home/hyem/workspace/frankmocap_notebooks/images/D9H-eRIROA/scene_00009457.jpg", "body_bbox_list": [[400, 89, 370, 631]], "hand_bbox_list": [{"left_hand": [638.8347778320312, 118.68485260009766, 84.5242919921875, 116.59471893310547], "right_hand": [402.12127685546875, 153.85183715820312, 62.699371337890625, 116.17269897460938]}]}