{"image_path": "/home/hyem/workspace/frankmocap_notebooks/images/D9H-eRIROA/scene_00007700.jpg", "body_bbox_list": [[508, 171, 216, 451]], "hand_bbox_list": [{"left_hand": [699.095947265625, 239.0985870361328, 27.42559814453125, 51.62156677246094], "right_hand": [614.512939453125, 264.1642761230469, 35.7431640625, 37.746856689453125]}]}