{"image_path": "/home/hyem/workspace/frankmocap_notebooks/images/D9H-eRIROA/scene_00003129.jpg", "body_bbox_list": [[563, 163, 229, 484]], "hand_bbox_list": [{"left_hand": [773.233642578125, 202.23577880859375, 34.33599853515625, 37.05322265625], "right_hand": [563.3348388671875, 205.8068084716797, 33.50323486328125, 29.114532470703125]}]}