{"image_path": "/home/hyem/workspace/frankmocap_notebooks/images/D9H-eRIROA/scene_00001091.jpg", "body_bbox_list": [[332, 108, 501, 611]], "hand_bbox_list": [{"left_hand": [703.4271240234375, 406.4358215332031, 102.4124755859375, 129.66372680664062], "right_hand": [333.5947570800781, 378.64654541015625, 94.503173828125, 113.44802856445312]}]}