{"image_path": "/home/hyem/workspace/frankmocap_notebooks/images/D9H-eRIROA/scene_00006009.jpg", "body_bbox_list": [[522, 186, 148, 495], [752, 126, 156, 457]], "hand_bbox_list": [{"left_hand": [569.9801635742188, 233.4784393310547, 27.96380615234375, 24.021621704101562], "right_hand": [516.515625, 252.02841186523438, 32.8187255859375, 29.7696533203125]}, {"left_hand": null, "right_hand": null}]}