{"image_path": "/home/hyem/workspace/frankmocap_notebooks/images/D9H-eRIROA/scene_00002630.jpg", "body_bbox_list": [[514, 171, 199, 457], [725, 184, 248, 172]], "hand_bbox_list": [{"left_hand": [642.3758544921875, 332.9378662109375, 49.260009765625, 54.637481689453125], "right_hand": [551.1278076171875, 400.2209777832031, 31.45135498046875, 38.048248291015625]}, {"left_hand": null, "right_hand": null}]}