{"image_path": "/home/hyem/workspace/frankmocap_notebooks/images/D9H-eRIROA/scene_00009269.jpg", "body_bbox_list": [[504, 94, 291, 626]], "hand_bbox_list": [{"left_hand": [647.158203125, 421.8894958496094, 74.9268798828125, 69.16802978515625], "right_hand": [647.158203125, 421.8894958496094, 74.9268798828125, 69.16802978515625]}]}