{"image_path": "/home/hyem/workspace/frankmocap_notebooks/images/D9H-eRIROA/scene_00000731.jpg", "body_bbox_list": [[385, 115, 310, 563]], "hand_bbox_list": [{"left_hand": [439.2898254394531, 480.499755859375, 115.26107788085938, 114.821533203125], "right_hand": [435.62152099609375, 464.29827880859375, 84.75323486328125, 104.11572265625]}]}