{"image_path": "/home/hyem/workspace/frankmocap_notebooks/images/D9H-eRIROA/scene_00001799.jpg", "body_bbox_list": [[724, 103, 161, 452], [563, 153, 112, 465], [824, 203, 50, 112]], "hand_bbox_list": [{"left_hand": null, "right_hand": null}, {"left_hand": [616.1860961914062, 301.90814208984375, 40.6279296875, 38.09417724609375], "right_hand": [616.7313842773438, 304.1346435546875, 24.8037109375, 29.5159912109375]}, {"left_hand": null, "right_hand": null}]}