{"image_path": "/home/hyem/workspace/frankmocap_notebooks/images/D9H-eRIROA/scene_00004806.jpg", "body_bbox_list": [[465, 188, 297, 446], [666, 194, 210, 327], [734, 347, 50, 172]], "hand_bbox_list": [{"left_hand": [462.41851806640625, 305.7314453125, 42.38812255859375, 30.4879150390625], "right_hand": [506.4147033691406, 347.0364685058594, 29.671417236328125, 31.217864990234375]}, {"left_hand": null, "right_hand": null}, {"left_hand": null, "right_hand": null}]}