{"image_path": "/home/hyem/workspace/frankmocap_notebooks/images/D9H-eRIROA/scene_00007596.jpg", "body_bbox_list": [[745, 148, 180, 446], [566, 182, 173, 440], [846, 226, 80, 88]], "hand_bbox_list": [{"left_hand": null, "right_hand": null}, {"left_hand": [711.66796875, 313.4888610839844, 37.06512451171875, 37.93524169921875], "right_hand": [611.8268432617188, 311.0071105957031, 40.92694091796875, 32.5653076171875]}, {"left_hand": null, "right_hand": null}]}