{"image_path": "/home/hyem/workspace/frankmocap_notebooks/images/D9H-eRIROA/scene_00004358.jpg", "body_bbox_list": [[577, 165, 191, 452]], "hand_bbox_list": [{"left_hand": [765.9263916015625, 235.80178833007812, 29.67681884765625, 31.935577392578125], "right_hand": [580.84814453125, 252.5109100341797, 34.1717529296875, 41.47383117675781]}]}