{"image_path": "/home/hyem/workspace/frankmocap_notebooks/images/D9H-eRIROA/scene_00002311.jpg", "body_bbox_list": [[442, 153, 297, 476]], "hand_bbox_list": [{"left_hand": [679.490234375, 142.1739044189453, 52.70489501953125, 50.24223327636719], "right_hand": [447.1453857421875, 212.97256469726562, 29.779998779296875, 42.32933044433594]}]}