{"image_path": "/home/hyem/workspace/frankmocap_notebooks/images/D9H-eRIROA/scene_00009569.jpg", "body_bbox_list": [[51, 92, 365, 581]], "hand_bbox_list": [{"left_hand": [214.2291717529297, 311.99951171875, 63.22566223144531, 82.82803344726562], "right_hand": null}]}