{"image_path": "/home/hyem/workspace/frankmocap_notebooks/images/D9H-eRIROA/scene_00008494.jpg", "body_bbox_list": [[532, 146, 180, 484], [714, 120, 148, 452]], "hand_bbox_list": [{"left_hand": [684.57373046875, 408.277099609375, 22.66375732421875, 37.423492431640625], "right_hand": [547.891845703125, 406.0660705566406, 24.00177001953125, 36.591033935546875]}, {"left_hand": null, "right_hand": null}]}