{"image_path": "/home/hyem/workspace/frankmocap_notebooks/images/D9H-eRIROA/scene_00004537.jpg", "body_bbox_list": [[495, 70, 248, 552]], "hand_bbox_list": [{"left_hand": [658.278076171875, 59.30217742919922, 58.637939453125, 49.53948974609375], "right_hand": [500.3568115234375, 110.81670379638672, 39.705078125, 36.408103942871094]}]}