{"image_path": "/home/hyem/workspace/frankmocap_notebooks/images/D9H-eRIROA/scene_00008221.jpg", "body_bbox_list": [[543, 194, 180, 422], [688, 160, 199, 310]], "hand_bbox_list": [{"left_hand": [544.434814453125, 344.92022705078125, 20.5400390625, 27.403289794921875], "right_hand": [567.225341796875, 391.83660888671875, 26.70843505859375, 23.021728515625]}, {"left_hand": null, "right_hand": null}]}