{"image_path": "/home/hyem/workspace/frankmocap_notebooks/images/D9H-eRIROA/scene_00005921.jpg", "body_bbox_list": [[527, 169, 156, 484], [725, 101, 148, 501]], "hand_bbox_list": [{"left_hand": [656.5430297851562, 403.6090087890625, 32.23382568359375, 38.40924072265625], "right_hand": [527.5763549804688, 403.45703125, 29.8409423828125, 36.159332275390625]}, {"left_hand": null, "right_hand": null}]}