{"image_path": "/home/hyem/workspace/frankmocap_notebooks/images/D9H-eRIROA/scene_00001289.jpg", "body_bbox_list": [[522, 146, 272, 501], [297, 91, 267, 471], [327, 186, 94, 129]], "hand_bbox_list": [{"left_hand": [778.9312744140625, 355.83148193359375, 43.4466552734375, 37.841949462890625], "right_hand": [505.9976806640625, 355.56732177734375, 45.450927734375, 44.936065673828125]}, {"left_hand": null, "right_hand": null}, {"left_hand": null, "right_hand": null}]}