{"image_path": "/home/hyem/workspace/frankmocap_notebooks/images/D9H-eRIROA/scene_00003912.jpg", "body_bbox_list": [[551, 170, 248, 465], [767, 195, 69, 156]], "hand_bbox_list": [{"left_hand": [715.4677734375, 384.48046875, 25.64312744140625, 30.3392333984375], "right_hand": [543.7054443359375, 235.1106719970703, 39.4556884765625, 39.76997375488281]}, {"left_hand": null, "right_hand": null}]}