{"image_path": "/home/hyem/workspace/frankmocap_notebooks/images/D9H-eRIROA/scene_00009441.jpg", "body_bbox_list": [[450, 94, 253, 626]], "hand_bbox_list": [{"left_hand": [595.0558471679688, 575.5565795898438, 58.59588623046875, 59.09295654296875], "right_hand": [535.640380859375, 560.6499633789062, 77.9713134765625, 85.11724853515625]}]}