{"image_path": "/home/hyem/workspace/frankmocap_notebooks/images/D9H-eRIROA/scene_00006664.jpg", "body_bbox_list": [[497, 165, 204, 452]], "hand_bbox_list": [{"left_hand": [646.1270141601562, 224.43482971191406, 36.676025390625, 39.09852600097656], "right_hand": [491.47308349609375, 263.1639404296875, 42.21197509765625, 55.299896240234375]}]}