{"image_path": "/home/hyem/workspace/frankmocap_notebooks/images/D9H-eRIROA/scene_00007258.jpg", "body_bbox_list": [[543, 133, 180, 544]], "hand_bbox_list": [{"left_hand": [711.6695556640625, 137.0924072265625, 38.2177734375, 32.90013122558594], "right_hand": [716.3167114257812, 286.4775085449219, 37.94927978515625, 28.100799560546875]}]}