{"image_path": "/home/hyem/workspace/frankmocap_notebooks/images/D9H-eRIROA/scene_00001591.jpg", "body_bbox_list": [[567, 153, 137, 476], [743, 100, 123, 509], [752, 321, 26, 230]], "hand_bbox_list": [{"left_hand": [615.81494140625, 308.7715759277344, 36.98486328125, 39.457427978515625], "right_hand": [615.81494140625, 308.7715759277344, 36.98486328125, 39.457427978515625]}, {"left_hand": null, "right_hand": null}, {"left_hand": null, "right_hand": null}]}