{"image_path": "/home/hyem/workspace/frankmocap_notebooks/images/D9H-eRIROA/scene_00003576.jpg", "body_bbox_list": [[548, 188, 192, 440], [695, 159, 180, 199]], "hand_bbox_list": [{"left_hand": [712.6431274414062, 382.67364501953125, 28.07659912109375, 48.047271728515625], "right_hand": [572.9290771484375, 434.8164978027344, 24.78253173828125, 28.884979248046875]}, {"left_hand": null, "right_hand": null}]}