{"image_path": "/home/hyem/workspace/frankmocap_notebooks/images/D9H-eRIROA/scene_00006607.jpg", "body_bbox_list": [[538, 147, 161, 471], [708, 109, 148, 457]], "hand_bbox_list": [{"left_hand": [672.6257934570312, 324.7815246582031, 33.80352783203125, 45.490234375], "right_hand": [583.6566772460938, 332.4313049316406, 47.02294921875, 47.794586181640625]}, {"left_hand": null, "right_hand": null}]}