{"image_path": "/home/hyem/workspace/frankmocap_notebooks/images/D9H-eRIROA/scene_00001447.jpg", "body_bbox_list": [[541, 153, 229, 470]], "hand_bbox_list": [{"left_hand": [713.1643676757812, 267.2538146972656, 34.8497314453125, 23.029754638671875], "right_hand": [560.37890625, 278.6183776855469, 30.4658203125, 24.45416259765625]}]}