{"image_path": "/home/hyem/workspace/frankmocap_notebooks/images/D9H-eRIROA/scene_00007389.jpg", "body_bbox_list": [[486, 193, 322, 441]], "hand_bbox_list": [{"left_hand": [774.846435546875, 365.90374755859375, 32.865966796875, 31.083526611328125], "right_hand": [774.846435546875, 365.90374755859375, 32.865966796875, 31.083526611328125]}]}