{"image_path": "/home/hyem/workspace/frankmocap_notebooks/images/D9H-eRIROA/scene_00001774.jpg", "body_bbox_list": [[572, 147, 156, 465], [764, 123, 137, 384]], "hand_bbox_list": [{"left_hand": [683.131591796875, 328.0494689941406, 32.24737548828125, 27.008026123046875], "right_hand": [596.5223999023438, 317.2726135253906, 42.79132080078125, 35.813720703125]}, {"left_hand": null, "right_hand": null}]}