{"image_path": "/home/hyem/workspace/frankmocap_notebooks/images/D9H-eRIROA/scene_00005372.jpg", "body_bbox_list": [[567, 134, 267, 514]], "hand_bbox_list": [{"left_hand": [823.0709838867188, 486.9190673828125, 58.98345947265625, 65.577880859375], "right_hand": [772.8480834960938, 413.8606262207031, 44.02606201171875, 72.4541015625]}]}