{"image_path": "/home/hyem/workspace/frankmocap_notebooks/images/D9H-eRIROA/scene_00007929.jpg", "body_bbox_list": [[200, 123, 810, 597]], "hand_bbox_list": [{"left_hand": [982.7055053710938, 554.7199096679688, 78.74249267578125, 63.82708740234375], "right_hand": [151.39410400390625, 504.56488037109375, 98.37565612792969, 60.455078125]}]}