{"image_path": "/home/hyem/workspace/frankmocap_notebooks/images/D9H-eRIROA/scene_00005377.jpg", "body_bbox_list": [[490, 126, 365, 558]], "hand_bbox_list": [{"left_hand": [787.8050537109375, 490.6963806152344, 68.42529296875, 70.03561401367188], "right_hand": [652.0248413085938, 458.08892822265625, 84.086181640625, 80.349609375]}]}