{"image_path": "/home/hyem/workspace/frankmocap_notebooks/images/D9H-eRIROA/scene_00009589.jpg", "body_bbox_list": [[68, 90, 354, 625]], "hand_bbox_list": [{"left_hand": [228.18739318847656, 308.59832763671875, 64.33958435058594, 83.03543090820312], "right_hand": null}]}