{"image_path": "/home/hyem/workspace/frankmocap_notebooks/images/D9H-eRIROA/scene_00007458.jpg", "body_bbox_list": [[514, 194, 210, 433], [807, 216, 68, 327]], "hand_bbox_list": [{"left_hand": [635.3968505859375, 374.1593322753906, 39.67437744140625, 32.399383544921875], "right_hand": [586.2665405273438, 355.9916076660156, 39.28143310546875, 32.6217041015625]}, {"left_hand": null, "right_hand": null}]}