{"image_path": "/home/hyem/workspace/frankmocap_notebooks/images/D9H-eRIROA/scene_00007185.jpg", "body_bbox_list": [[569, 170, 223, 476]], "hand_bbox_list": [{"left_hand": [788.7532958984375, 271.5917663574219, 33.6436767578125, 31.3795166015625], "right_hand": [575.40576171875, 254.28878784179688, 31.43988037109375, 38.730865478515625]}]}