{"image_path": "/home/hyem/workspace/frankmocap_notebooks/images/D9H-eRIROA/scene_00008823.jpg", "body_bbox_list": [[489, 164, 254, 476], [751, 114, 191, 211]], "hand_bbox_list": [{"left_hand": [646.6407470703125, 258.83447265625, 49.81256103515625, 50.8760986328125], "right_hand": [482.90045166015625, 319.3511962890625, 46.2220458984375, 50.102691650390625]}, {"left_hand": null, "right_hand": null}]}