{"image_path": "/home/hyem/workspace/frankmocap_notebooks/images/D9H-eRIROA/scene_00009416.jpg", "body_bbox_list": [[476, 64, 291, 587]], "hand_bbox_list": [{"left_hand": [614.8541870117188, 583.4072265625, 64.764892578125, 68.28857421875], "right_hand": [568.2372436523438, 568.521728515625, 86.88446044921875, 91.80084228515625]}]}