{"image_path": "/home/hyem/workspace/frankmocap_notebooks/images/D9H-eRIROA/scene_00000858.jpg", "body_bbox_list": [[556, 146, 148, 501], [389, 174, 94, 12]], "hand_bbox_list": [{"left_hand": [605.8875732421875, 259.0340576171875, 31.869384765625, 49.305419921875], "right_hand": [605.8875732421875, 259.0340576171875, 31.869384765625, 49.305419921875]}, {"left_hand": null, "right_hand": null}]}