{"image_path": "/home/hyem/workspace/frankmocap_notebooks/images/D9H-eRIROA/scene_00006592.jpg", "body_bbox_list": [[533, 153, 166, 465], [726, 109, 129, 446]], "hand_bbox_list": [{"left_hand": [669.4724731445312, 219.18609619140625, 34.465576171875, 57.176910400390625], "right_hand": [522.0814208984375, 248.43447875976562, 41.86248779296875, 59.0567626953125]}, {"left_hand": null, "right_hand": null}]}