{"image_path": "/home/hyem/workspace/frankmocap_notebooks/images/D9H-eRIROA/scene_00004087.jpg", "body_bbox_list": [[489, 218, 254, 414], [791, 193, 50, 205]], "hand_bbox_list": [{"left_hand": [671.3209838867188, 370.0758361816406, 26.19256591796875, 35.666412353515625], "right_hand": [631.8184814453125, 454.51129150390625, 31.0499267578125, 32.180694580078125]}, {"left_hand": null, "right_hand": null}]}