{"image_path": "/home/hyem/workspace/frankmocap_notebooks/images/D9H-eRIROA/scene_00004157.jpg", "body_bbox_list": [[512, 193, 248, 441], [769, 170, 155, 346]], "hand_bbox_list": [{"left_hand": [696.536376953125, 348.51617431640625, 32.3721923828125, 31.212432861328125], "right_hand": [625.0479125976562, 451.8890686035156, 29.8551025390625, 26.446990966796875]}, {"left_hand": null, "right_hand": null}]}