{"image_path": "/home/hyem/workspace/frankmocap_notebooks/images/D9H-eRIROA/scene_00000551.jpg", "body_bbox_list": [[393, 114, 378, 576]], "hand_bbox_list": [{"left_hand": [562.52294921875, 358.0265197753906, 104.98248291015625, 89.66543579101562], "right_hand": [485.4169616699219, 371.2516174316406, 101.75070190429688, 80.135986328125]}]}