{"image_path": "/home/hyem/workspace/frankmocap_notebooks/images/D9H-eRIROA/scene_00008163.jpg", "body_bbox_list": [[488, 171, 273, 446], [827, 142, 124, 93]], "hand_bbox_list": [{"left_hand": [741.3875122070312, 173.68557739257812, 26.55157470703125, 41.16993713378906], "right_hand": [525.8961181640625, 292.52862548828125, 28.79022216796875, 33.679840087890625]}, {"left_hand": null, "right_hand": null}]}