{"image_path": "/home/hyem/workspace/frankmocap_notebooks/images/D9H-eRIROA/scene_00009762.jpg", "body_bbox_list": [[91, 99, 346, 539]], "hand_bbox_list": [{"left_hand": [249.2569580078125, 309.96380615234375, 59.198944091796875, 80.45947265625], "right_hand": null}]}