{"image_path": "/home/hyem/workspace/frankmocap_notebooks/images/D9H-eRIROA/scene_00001259.jpg", "body_bbox_list": [[430, 96, 316, 595]], "hand_bbox_list": [{"left_hand": [653.792724609375, 164.8992462158203, 66.18048095703125, 136.69908142089844], "right_hand": [411.01123046875, 609.3660888671875, 66.036376953125, 109.535400390625]}]}