{"image_path": "/home/hyem/workspace/frankmocap_notebooks/images/D9H-eRIROA/scene_00008063.jpg", "body_bbox_list": [[550, 162, 273, 508]], "hand_bbox_list": [{"left_hand": [812.5623779296875, 275.5465393066406, 35.4248046875, 37.423370361328125], "right_hand": [553.017578125, 184.4423370361328, 32.199951171875, 34.96897888183594]}]}