{"image_path": "/home/hyem/workspace/frankmocap_notebooks/images/D9H-eRIROA/scene_00006780.jpg", "body_bbox_list": [[510, 112, 297, 513]], "hand_bbox_list": [{"left_hand": [660.8037719726562, 405.07342529296875, 101.1083984375, 84.18927001953125], "right_hand": [660.8037719726562, 405.07342529296875, 101.1083984375, 84.18927001953125]}]}