{"image_path": "/home/hyem/workspace/frankmocap_notebooks/images/D9H-eRIROA/scene_00008135.jpg", "body_bbox_list": [[536, 124, 199, 489]], "hand_bbox_list": [{"left_hand": [661.1828002929688, 129.83905029296875, 26.64208984375, 24.816787719726562], "right_hand": [522.2615356445312, 174.6170654296875, 28.49139404296875, 29.524826049804688]}]}