{"image_path": "/home/hyem/workspace/frankmocap_notebooks/images/D9H-eRIROA/scene_00008009.jpg", "body_bbox_list": [[465, 146, 297, 490]], "hand_bbox_list": [{"left_hand": [722.8310546875, 300.8838195800781, 39.652587890625, 53.46417236328125], "right_hand": [461.5284729003906, 264.7979431152344, 46.114715576171875, 55.038421630859375]}]}