{"image_path": "/home/hyem/workspace/frankmocap_notebooks/images/D9H-eRIROA/scene_00003627.jpg", "body_bbox_list": [[562, 159, 148, 470], [720, 121, 118, 427]], "hand_bbox_list": [{"left_hand": [621.6160888671875, 283.89935302734375, 37.4522705078125, 39.944976806640625], "right_hand": [621.6160888671875, 283.89935302734375, 37.4522705078125, 39.944976806640625]}, {"left_hand": null, "right_hand": null}]}