{"image_path": "/home/hyem/workspace/frankmocap_notebooks/images/D9H-eRIROA/scene_00000992.jpg", "body_bbox_list": [[549, 140, 162, 508], [424, 97, 75, 470]], "hand_bbox_list": [{"left_hand": [595.3909912109375, 297.29638671875, 50.11956787109375, 41.42291259765625], "right_hand": [595.3909912109375, 297.29638671875, 50.11956787109375, 41.42291259765625]}, {"left_hand": null, "right_hand": null}]}