{"image_path": "/home/hyem/workspace/frankmocap_notebooks/images/D9H-eRIROA/scene_00000543.jpg", "body_bbox_list": [[376, 138, 390, 551]], "hand_bbox_list": [{"left_hand": [563.6239013671875, 519.70361328125, 99.00799560546875, 102.6741943359375], "right_hand": [493.1893005371094, 517.2640380859375, 95.63705444335938, 93.6439208984375]}]}