{"image_path": "/home/hyem/workspace/frankmocap_notebooks/images/D9H-eRIROA/scene_00002726.jpg", "body_bbox_list": [[498, 193, 286, 441], [728, 137, 181, 452]], "hand_bbox_list": [{"left_hand": [675.187744140625, 382.5762939453125, 28.97576904296875, 33.371337890625], "right_hand": [507.9020080566406, 400.16448974609375, 34.227996826171875, 36.280120849609375]}, {"left_hand": null, "right_hand": null}]}