{"image_path": "/home/hyem/workspace/frankmocap_notebooks/images/D9H-eRIROA/scene_00007995.jpg", "body_bbox_list": [[539, 182, 137, 452], [736, 208, 142, 378]], "hand_bbox_list": [{"left_hand": [652.5567016601562, 398.9248962402344, 36.09393310546875, 46.792144775390625], "right_hand": [551.5396118164062, 437.8174743652344, 34.368408203125, 41.160400390625]}, {"left_hand": null, "right_hand": null}]}