{"image_path": "/home/hyem/workspace/frankmocap_notebooks/images/D9H-eRIROA/scene_00006146.jpg", "body_bbox_list": [[543, 189, 180, 427], [741, 195, 155, 403]], "hand_bbox_list": [{"left_hand": [702.5300903320312, 402.2958068847656, 42.32159423828125, 27.10394287109375], "right_hand": [550.5950927734375, 370.73193359375, 33.140625, 33.96673583984375]}, {"left_hand": null, "right_hand": null}]}