{"image_path": "/home/hyem/workspace/frankmocap_notebooks/images/D9H-eRIROA/scene_00005458.jpg", "body_bbox_list": [[530, 146, 223, 490], [775, 81, 137, 451]], "hand_bbox_list": [{"left_hand": [677.9332885742188, 288.0054016113281, 37.272705078125, 32.41400146484375], "right_hand": [568.08935546875, 309.19500732421875, 38.691650390625, 41.1265869140625]}, {"left_hand": null, "right_hand": null}]}