{"image_path": "/home/hyem/workspace/frankmocap_notebooks/images/D9H-eRIROA/scene_00006157.jpg", "body_bbox_list": [[701, 103, 162, 446], [545, 147, 148, 471]], "hand_bbox_list": [{"left_hand": null, "right_hand": null}, {"left_hand": [668.611572265625, 368.59405517578125, 32.959228515625, 36.330657958984375], "right_hand": [545.1136474609375, 349.019287109375, 33.70355224609375, 35.85821533203125]}]}