{"image_path": "/home/hyem/workspace/frankmocap_notebooks/images/D9H-eRIROA/scene_00005580.jpg", "body_bbox_list": [[465, 164, 291, 471]], "hand_bbox_list": [{"left_hand": [731.7898559570312, 193.32110595703125, 32.57861328125, 45.067535400390625], "right_hand": [565.1708984375, 262.999267578125, 50.79449462890625, 46.69366455078125]}]}