{"image_path": "/home/hyem/workspace/frankmocap_notebooks/images/D9H-eRIROA/scene_00004335.jpg", "body_bbox_list": [[559, 165, 199, 452]], "hand_bbox_list": [{"left_hand": [749.056396484375, 248.73483276367188, 32.17120361328125, 35.429351806640625], "right_hand": [569.3571166992188, 265.18865966796875, 35.9532470703125, 39.23895263671875]}]}