{"image_path": "/home/hyem/workspace/frankmocap_notebooks/images/D9H-eRIROA/scene_00003098.jpg", "body_bbox_list": [[544, 171, 267, 457], [789, 126, 99, 215]], "hand_bbox_list": [{"left_hand": [686.0859375, 302.2874755859375, 35.41156005859375, 45.32513427734375], "right_hand": [540.4841918945312, 372.4271240234375, 28.7021484375, 43.295135498046875]}, {"left_hand": null, "right_hand": null}]}