{"image_path": "/home/hyem/workspace/frankmocap_notebooks/images/D9H-eRIROA/scene_00007846.jpg", "body_bbox_list": [[366, 121, 365, 551]], "hand_bbox_list": [{"left_hand": [535.0552368164062, 479.838623046875, 98.57177734375, 111.011474609375], "right_hand": [483.5400085449219, 465.12078857421875, 102.12863159179688, 99.83197021484375]}]}