{"image_path": "/home/hyem/workspace/frankmocap_notebooks/images/D9H-eRIROA/scene_00000899.jpg", "body_bbox_list": [[533, 159, 172, 476], [375, 106, 156, 378]], "hand_bbox_list": [{"left_hand": [601.8417358398438, 305.67022705078125, 45.59002685546875, 38.89154052734375], "right_hand": [601.8417358398438, 305.67022705078125, 45.59002685546875, 38.89154052734375]}, {"left_hand": null, "right_hand": null}]}