{"image_path": "/home/hyem/workspace/frankmocap_notebooks/images/D9H-eRIROA/scene_00000937.jpg", "body_bbox_list": [[561, 134, 155, 514], [370, 85, 132, 370]], "hand_bbox_list": [{"left_hand": [599.9210815429688, 282.7769775390625, 49.14080810546875, 44.38751220703125], "right_hand": [599.9210815429688, 282.7769775390625, 49.14080810546875, 44.38751220703125]}, {"left_hand": null, "right_hand": null}]}