{"image_path": "/home/hyem/workspace/frankmocap_notebooks/images/D9H-eRIROA/scene_00002559.jpg", "body_bbox_list": [[594, 103, 173, 582]], "hand_bbox_list": [{"left_hand": [672.9632568359375, 110.68190002441406, 44.2484130859375, 37.44573974609375], "right_hand": [602.091064453125, 406.0425109863281, 25.138916015625, 38.373626708984375]}]}