{"image_path": "/home/hyem/workspace/frankmocap_notebooks/images/D9H-eRIROA/scene_00002447.jpg", "body_bbox_list": [[538, 147, 156, 465], [727, 136, 104, 223]], "hand_bbox_list": [{"left_hand": [654.5050048828125, 312.4358825683594, 39.48248291015625, 50.76123046875], "right_hand": [566.4598388671875, 281.5050964355469, 40.47247314453125, 37.8642578125]}, {"left_hand": null, "right_hand": null}]}