{"image_path": "/home/hyem/workspace/frankmocap_notebooks/images/D9H-eRIROA/scene_00008988.jpg", "body_bbox_list": [[572, 145, 167, 509], [405, 96, 129, 495]], "hand_bbox_list": [{"left_hand": [651.7675170898438, 295.2380065917969, 40.70538330078125, 48.9588623046875], "right_hand": [651.7675170898438, 295.2380065917969, 40.70538330078125, 48.9588623046875]}, {"left_hand": null, "right_hand": null}]}