{"image_path": "/home/hyem/workspace/frankmocap_notebooks/images/D9H-eRIROA/scene_00003604.jpg", "body_bbox_list": [[543, 165, 191, 457], [690, 126, 156, 440]], "hand_bbox_list": [{"left_hand": [624.2505493164062, 330.4831848144531, 29.64617919921875, 26.439361572265625], "right_hand": [595.751220703125, 309.14642333984375, 45.4671630859375, 25.615478515625]}, {"left_hand": null, "right_hand": [624.2505493164062, 330.4831848144531, 29.64617919921875, 26.439361572265625]}]}