{"image_path": "/home/hyem/workspace/frankmocap_notebooks/images/D9H-eRIROA/scene_00009370.jpg", "body_bbox_list": [[451, 142, 341, 476]], "hand_bbox_list": [{"left_hand": [551.9973754882812, 477.72412109375, 77.5831298828125, 78.17913818359375], "right_hand": [551.9973754882812, 477.72412109375, 77.5831298828125, 78.17913818359375]}]}