{"image_path": "/home/hyem/workspace/frankmocap_notebooks/images/D9H-eRIROA/scene_00005825.jpg", "body_bbox_list": [[756, 109, 204, 452], [538, 168, 156, 514]], "hand_bbox_list": [{"left_hand": null, "right_hand": null}, {"left_hand": [580.17919921875, 241.06039428710938, 30.66131591796875, 32.41241455078125], "right_hand": [530.5242919921875, 247.58847045898438, 32.64898681640625, 42.343475341796875]}]}