{"image_path": "/home/hyem/workspace/frankmocap_notebooks/images/D9H-eRIROA/scene_00007728.jpg", "body_bbox_list": [[519, 159, 199, 464], [755, 130, 93, 229]], "hand_bbox_list": [{"left_hand": [676.5860595703125, 222.58001708984375, 29.98162841796875, 53.953521728515625], "right_hand": [565.8329467773438, 238.84970092773438, 35.760009765625, 45.717132568359375]}, {"left_hand": null, "right_hand": null}]}