{"image_path": "/home/hyem/workspace/frankmocap_notebooks/images/D9H-eRIROA/scene_00007971.jpg", "body_bbox_list": [[597, 162, 99, 408], [763, 203, 61, 129]], "hand_bbox_list": [{"left_hand": [646.84228515625, 319.0878601074219, 27.30963134765625, 45.4266357421875], "right_hand": [646.84228515625, 319.0878601074219, 27.30963134765625, 45.4266357421875]}, {"left_hand": null, "right_hand": null}]}