{"image_path": "/home/hyem/workspace/frankmocap_notebooks/images/D9H-eRIROA/scene_00009581.jpg", "body_bbox_list": [[62, 92, 360, 576]], "hand_bbox_list": [{"left_hand": [222.81460571289062, 307.63531494140625, 62.815673828125, 80.3994140625], "right_hand": null}]}