{"image_path": "/home/hyem/workspace/frankmocap_notebooks/images/D9H-eRIROA/scene_00002142.jpg", "body_bbox_list": [[525, 172, 216, 421], [752, 119, 167, 229]], "hand_bbox_list": [{"left_hand": [713.4999389648438, 383.62603759765625, 32.5491943359375, 49.306365966796875], "right_hand": [525.708740234375, 328.6438903808594, 37.81488037109375, 68.92291259765625]}, {"left_hand": null, "right_hand": null}]}