{"image_path": "/home/hyem/workspace/frankmocap_notebooks/images/D9H-eRIROA/scene_00008683.jpg", "body_bbox_list": [[566, 163, 156, 484], [772, 109, 104, 457]], "hand_bbox_list": [{"left_hand": [680.5462646484375, 308.25616455078125, 41.58111572265625, 42.81298828125], "right_hand": [609.7652587890625, 311.38165283203125, 43.0516357421875, 42.54754638671875]}, {"left_hand": null, "right_hand": null}]}