{"image_path": "/home/hyem/workspace/frankmocap_notebooks/images/D9H-eRIROA/scene_00006715.jpg", "body_bbox_list": [[353, 100, 414, 620]], "hand_bbox_list": [{"left_hand": [736.9732666015625, 301.8268737792969, 105.26751708984375, 88.74749755859375], "right_hand": [353.9580078125, 464.8668518066406, 60.85791015625, 68.95291137695312]}]}