{"image_path": "/home/hyem/workspace/frankmocap_notebooks/images/D9H-eRIROA/scene_00006620.jpg", "body_bbox_list": [[538, 147, 161, 471], [736, 109, 137, 452]], "hand_bbox_list": [{"left_hand": [676.916015625, 246.7529296875, 34.139404296875, 39.92529296875], "right_hand": [575.4750366210938, 249.65164184570312, 35.775634765625, 36.845855712890625]}, {"left_hand": null, "right_hand": null}]}