{"image_path": "/home/hyem/workspace/frankmocap_notebooks/images/D9H-eRIROA/scene_00006427.jpg", "body_bbox_list": [[537, 147, 192, 471], [729, 123, 156, 390]], "hand_bbox_list": [{"left_hand": [629.9793701171875, 258.5440979003906, 50.799560546875, 41.53875732421875], "right_hand": [573.1094970703125, 255.77513122558594, 48.26446533203125, 38.46809387207031]}, {"left_hand": null, "right_hand": null}]}