{"image_path": "/home/hyem/workspace/frankmocap_notebooks/images/D9H-eRIROA/scene_00003287.jpg", "body_bbox_list": [[531, 176, 215, 458], [730, 266, 148, 210], [783, 188, 99, 74]], "hand_bbox_list": [{"left_hand": [724.0052490234375, 217.3062286376953, 32.201904296875, 37.28211975097656], "right_hand": [527.3646240234375, 238.27044677734375, 35.055419921875, 34.13519287109375]}, {"left_hand": null, "right_hand": null}, {"left_hand": null, "right_hand": null}]}