{"image_path": "/home/hyem/workspace/frankmocap_notebooks/images/D9H-eRIROA/scene_00003577.jpg", "body_bbox_list": [[554, 194, 186, 433], [706, 160, 180, 316]], "hand_bbox_list": [{"left_hand": [713.7406616210938, 400.7943420410156, 25.811279296875, 44.211273193359375], "right_hand": [578.0220947265625, 436.3807067871094, 21.87548828125, 27.3641357421875]}, {"left_hand": null, "right_hand": null}]}