{"image_path": "/home/hyem/workspace/frankmocap_notebooks/images/D9H-eRIROA/scene_00004321.jpg", "body_bbox_list": [[717, 107, 180, 495], [578, 147, 161, 471]], "hand_bbox_list": [{"left_hand": null, "right_hand": null}, {"left_hand": [675.370849609375, 339.1856994628906, 37.6190185546875, 33.78948974609375], "right_hand": [596.8555297851562, 295.2494201660156, 41.3360595703125, 32.570098876953125]}]}