{"image_path": "/home/hyem/workspace/frankmocap_notebooks/images/D9H-eRIROA/scene_00009271.jpg", "body_bbox_list": [[504, 94, 291, 626]], "hand_bbox_list": [{"left_hand": [640.118408203125, 424.03265380859375, 77.0313720703125, 65.619140625], "right_hand": [640.118408203125, 424.03265380859375, 77.0313720703125, 65.619140625]}]}