{"image_path": "/home/hyem/workspace/frankmocap_notebooks/images/D9H-eRIROA/scene_00007165.jpg", "body_bbox_list": [[540, 175, 248, 471]], "hand_bbox_list": [{"left_hand": [745.3236694335938, 217.42388916015625, 29.65057373046875, 35.878204345703125], "right_hand": [541.3464965820312, 236.8253936767578, 40.83489990234375, 37.03028869628906]}]}