{"image_path": "/home/hyem/workspace/frankmocap_notebooks/images/D9H-eRIROA/scene_00002959.jpg", "body_bbox_list": [[555, 161, 161, 432]], "hand_bbox_list": [{"left_hand": [711.3779296875, 366.22088623046875, 33.82855224609375, 28.550445556640625], "right_hand": [563.3416137695312, 385.8727111816406, 35.6658935546875, 39.1700439453125]}]}