{"image_path": "/home/hyem/workspace/frankmocap_notebooks/images/D9H-eRIROA/scene_00008026.jpg", "body_bbox_list": [[472, 188, 248, 451], [748, 131, 242, 216]], "hand_bbox_list": [{"left_hand": [667.3147583007812, 359.7076721191406, 32.57501220703125, 24.069549560546875], "right_hand": [513.6685791015625, 394.6466369628906, 33.28656005859375, 32.653228759765625]}, {"left_hand": null, "right_hand": null}]}