{"image_path": "/home/hyem/workspace/frankmocap_notebooks/images/D9H-eRIROA/scene_00005157.jpg", "body_bbox_list": [[446, 182, 335, 452], [652, 123, 243, 390]], "hand_bbox_list": [{"left_hand": [442.129150390625, 287.9376220703125, 38.186492919921875, 45.83062744140625], "right_hand": [442.129150390625, 287.9376220703125, 38.186492919921875, 45.83062744140625]}, {"left_hand": null, "right_hand": null}]}