{"image_path": "/home/hyem/workspace/frankmocap_notebooks/images/D9H-eRIROA/scene_00002412.jpg", "body_bbox_list": [[558, 163, 223, 484], [815, 167, 142, 302]], "hand_bbox_list": [{"left_hand": [688.4500122070312, 296.9075622558594, 51.1102294921875, 49.97894287109375], "right_hand": [571.9443359375, 336.0614013671875, 44.119140625, 51.779754638671875]}, {"left_hand": null, "right_hand": null}]}