{"image_path": "/home/hyem/workspace/frankmocap_notebooks/images/D9H-eRIROA/scene_00008587.jpg", "body_bbox_list": [[429, 158, 199, 495], [657, 108, 137, 465]], "hand_bbox_list": [{"left_hand": [591.134765625, 346.5771179199219, 38.7388916015625, 44.670196533203125], "right_hand": [471.8948974609375, 308.30279541015625, 42.19732666015625, 45.884765625]}, {"left_hand": null, "right_hand": null}]}