{"image_path": "/home/hyem/workspace/frankmocap_notebooks/images/D9H-eRIROA/scene_00000549.jpg", "body_bbox_list": [[388, 121, 383, 568]], "hand_bbox_list": [{"left_hand": [573.054443359375, 402.25775146484375, 93.66607666015625, 68.35189819335938], "right_hand": [489.4727478027344, 409.4924011230469, 93.17471313476562, 54.752410888671875]}]}