{"image_path": "/home/hyem/workspace/frankmocap_notebooks/images/D9H-eRIROA/scene_00003873.jpg", "body_bbox_list": [[551, 175, 248, 465]], "hand_bbox_list": [{"left_hand": [748.9267578125, 214.8146514892578, 32.9991455078125, 39.96514892578125], "right_hand": [533.434814453125, 248.9356231689453, 39.156982421875, 36.79829406738281]}]}