{"image_path": "/home/hyem/workspace/frankmocap_notebooks/images/D9H-eRIROA/scene_00004177.jpg", "body_bbox_list": [[512, 211, 248, 422], [807, 182, 68, 216]], "hand_bbox_list": [{"left_hand": [627.7010498046875, 395.3037414550781, 29.55657958984375, 32.19305419921875], "right_hand": [627.7010498046875, 395.3037414550781, 29.55657958984375, 32.19305419921875]}, {"left_hand": null, "right_hand": null}]}