{"image_path": "/home/hyem/workspace/frankmocap_notebooks/images/D9H-eRIROA/scene_00009604.jpg", "body_bbox_list": [[74, 95, 353, 625]], "hand_bbox_list": [{"left_hand": [233.071044921875, 308.85321044921875, 61.758209228515625, 79.31906127929688], "right_hand": null}]}