{"image_path": "/home/hyem/workspace/frankmocap_notebooks/images/D9H-eRIROA/scene_00009098.jpg", "body_bbox_list": [[311, 94, 587, 626]], "hand_bbox_list": [{"left_hand": [857.1273193359375, 412.40234375, 82.02923583984375, 81.24273681640625], "right_hand": [248.82777404785156, 405.29290771484375, 98.57136535644531, 64.4029541015625]}]}