{"image_path": "/home/hyem/workspace/frankmocap_notebooks/images/D9H-eRIROA/scene_00007750.jpg", "body_bbox_list": [[526, 153, 186, 470], [737, 103, 118, 441]], "hand_bbox_list": [{"left_hand": [685.3565673828125, 407.98370361328125, 23.03802490234375, 36.446014404296875], "right_hand": [548.5451049804688, 405.6377258300781, 22.71875, 34.954681396484375]}, {"left_hand": null, "right_hand": null}]}