{"image_path": "/home/hyem/workspace/frankmocap_notebooks/images/D9H-eRIROA/scene_00006834.jpg", "body_bbox_list": [[489, 112, 248, 608]], "hand_bbox_list": [{"left_hand": [632.1124877929688, 448.3598937988281, 71.294677734375, 82.44937133789062], "right_hand": [550.4242553710938, 443.5298156738281, 95.93377685546875, 55.121734619140625]}]}