{"image_path": "/home/hyem/workspace/frankmocap_notebooks/images/D9H-eRIROA/scene_00006750.jpg", "body_bbox_list": [[416, 87, 389, 569]], "hand_bbox_list": [{"left_hand": [599.1132202148438, 386.8585510253906, 72.413818359375, 80.33554077148438], "right_hand": [568.0769653320312, 397.99334716796875, 91.2725830078125, 79.51712036132812]}]}