{"image_path": "/home/hyem/workspace/frankmocap_notebooks/images/D9H-eRIROA/scene_00006575.jpg", "body_bbox_list": [[538, 153, 161, 465], [726, 100, 112, 514]], "hand_bbox_list": [{"left_hand": [681.2216186523438, 401.7560729980469, 24.8505859375, 47.101806640625], "right_hand": [558.222900390625, 396.0770568847656, 26.31219482421875, 39.96649169921875]}, {"left_hand": null, "right_hand": null}]}