{"image_path": "/home/hyem/workspace/frankmocap_notebooks/images/D9H-eRIROA/scene_00007769.jpg", "body_bbox_list": [[505, 146, 148, 484], [681, 110, 118, 433]], "hand_bbox_list": [{"left_hand": [562.5853271484375, 320.0019226074219, 41.3211669921875, 36.3251953125], "right_hand": [562.5853271484375, 320.0019226074219, 41.3211669921875, 36.3251953125]}, {"left_hand": null, "right_hand": null}]}