{"image_path": "/home/hyem/workspace/frankmocap_notebooks/images/D9H-eRIROA/scene_00007034.jpg", "body_bbox_list": [[499, 142, 279, 470], [759, 95, 243, 260]], "hand_bbox_list": [{"left_hand": [746.6082153320312, 305.0472717285156, 38.31011962890625, 56.178802490234375], "right_hand": [503.8479309082031, 318.332763671875, 39.565704345703125, 52.7142333984375]}, {"left_hand": null, "right_hand": null}]}