{"image_path": "/home/hyem/workspace/frankmocap_notebooks/images/D9H-eRIROA/scene_00002306.jpg", "body_bbox_list": [[448, 171, 297, 457]], "hand_bbox_list": [{"left_hand": [686.8919067382812, 146.66412353515625, 50.96209716796875, 50.9302978515625], "right_hand": [446.187744140625, 209.04733276367188, 31.9205322265625, 40.11976623535156]}]}