{"image_path": "/home/hyem/workspace/frankmocap_notebooks/images/D9H-eRIROA/scene_00001413.jpg", "body_bbox_list": [[495, 141, 242, 500], [726, 102, 224, 370]], "hand_bbox_list": [{"left_hand": [665.1783447265625, 281.3367614746094, 38.34844970703125, 49.87823486328125], "right_hand": [510.3599853515625, 293.323486328125, 39.75994873046875, 42.033111572265625]}, {"left_hand": null, "right_hand": null}]}