{"image_path": "/home/hyem/workspace/frankmocap_notebooks/images/D9H-eRIROA/scene_00008946.jpg", "body_bbox_list": [[568, 128, 124, 520]], "hand_bbox_list": [{"left_hand": [622.9408569335938, 336.0477600097656, 33.407958984375, 41.5086669921875], "right_hand": [608.85693359375, 343.6715393066406, 34.813232421875, 36.26800537109375]}]}