{"image_path": "/home/hyem/workspace/frankmocap_notebooks/images/D9H-eRIROA/scene_00003472.jpg", "body_bbox_list": [[560, 165, 180, 446], [788, 193, 129, 75]], "hand_bbox_list": [{"left_hand": [720.6840209960938, 247.50570678710938, 32.33111572265625, 35.3818359375], "right_hand": [589.5236206054688, 253.0111541748047, 37.3387451171875, 34.61314392089844]}, {"left_hand": null, "right_hand": null}]}