{"image_path": "/home/hyem/workspace/frankmocap_notebooks/images/D9H-eRIROA/scene_00003173.jpg", "body_bbox_list": [[751, 115, 186, 457], [582, 164, 180, 471], [845, 186, 88, 123]], "hand_bbox_list": [{"left_hand": null, "right_hand": null}, {"left_hand": [753.6344604492188, 351.92816162109375, 25.74273681640625, 44.629150390625], "right_hand": [590.730712890625, 368.4716491699219, 34.2396240234375, 42.8321533203125]}, {"left_hand": null, "right_hand": null}]}