{"image_path": "/home/hyem/workspace/frankmocap_notebooks/images/D9H-eRIROA/scene_00000872.jpg", "body_bbox_list": [[538, 146, 156, 501], [369, 90, 162, 365]], "hand_bbox_list": [{"left_hand": [597.2236938476562, 290.8258056640625, 39.12506103515625, 46.449493408203125], "right_hand": [597.2236938476562, 290.8258056640625, 39.12506103515625, 46.449493408203125]}, {"left_hand": null, "right_hand": null}]}