{"image_path": "/home/hyem/workspace/frankmocap_notebooks/images/D9H-eRIROA/scene_00009529.jpg", "body_bbox_list": [[12, 86, 370, 582]], "hand_bbox_list": [{"left_hand": [153.86940002441406, 334.69097900390625, 79.85317993164062, 93.12069702148438], "right_hand": null}]}