{"image_path": "/home/hyem/workspace/frankmocap_notebooks/images/D9H-eRIROA/scene_00008467.jpg", "body_bbox_list": [[514, 123, 204, 508]], "hand_bbox_list": [{"left_hand": [588.4722290039062, 110.89061737060547, 37.28680419921875, 35.80846405029297], "right_hand": [529.4201049804688, 113.90132904052734, 32.52618408203125, 50.24211883544922]}]}