{"image_path": "/home/hyem/workspace/frankmocap_notebooks/images/D9H-eRIROA/scene_00001931.jpg", "body_bbox_list": [[560, 147, 191, 471], [761, 93, 210, 286]], "hand_bbox_list": [{"left_hand": [674.8878784179688, 278.2349548339844, 41.0643310546875, 38.2366943359375], "right_hand": [566.9547119140625, 400.2427673339844, 21.51171875, 35.390899658203125]}, {"left_hand": null, "right_hand": null}]}