{"image_path": "/home/hyem/workspace/frankmocap_notebooks/images/D9H-eRIROA/scene_00001485.jpg", "body_bbox_list": [[591, 153, 129, 470], [737, 116, 124, 427]], "hand_bbox_list": [{"left_hand": [644.8547973632812, 285.65301513671875, 37.30224609375, 31.34637451171875], "right_hand": [630.2828369140625, 322.7373962402344, 40.793212890625, 30.097015380859375]}, {"left_hand": null, "right_hand": null}]}