{"image_path": "/home/hyem/workspace/frankmocap_notebooks/images/D9H-eRIROA/scene_00002747.jpg", "body_bbox_list": [[546, 218, 235, 414], [752, 203, 156, 365]], "hand_bbox_list": [{"left_hand": [702.5360717773438, 393.1630554199219, 30.66729736328125, 32.9971923828125], "right_hand": [568.2889404296875, 357.8581237792969, 32.1876220703125, 32.83038330078125]}, {"left_hand": null, "right_hand": null}]}