{"image_path": "/home/hyem/workspace/frankmocap_notebooks/images/D9H-eRIROA/scene_00002170.jpg", "body_bbox_list": [[525, 165, 216, 452], [723, 115, 186, 327]], "hand_bbox_list": [{"left_hand": [702.8932495117188, 354.7466735839844, 40.44390869140625, 47.729705810546875], "right_hand": [537.9713745117188, 369.2545166015625, 33.85772705078125, 41.74102783203125]}, {"left_hand": null, "right_hand": null}]}