{"image_path": "/home/hyem/workspace/frankmocap_notebooks/images/D9H-eRIROA/scene_00004812.jpg", "body_bbox_list": [[476, 188, 286, 446], [671, 140, 205, 384]], "hand_bbox_list": [{"left_hand": [470.8778381347656, 301.4742736816406, 42.645843505859375, 33.031341552734375], "right_hand": [514.7578125, 344.1407470703125, 30.4127197265625, 32.91021728515625]}, {"left_hand": null, "right_hand": null}]}