{"image_path": "/home/hyem/workspace/frankmocap_notebooks/images/D9H-eRIROA/scene_00003642.jpg", "body_bbox_list": [[584, 146, 143, 490], [771, 103, 123, 452]], "hand_bbox_list": [{"left_hand": [650.7869262695312, 287.735107421875, 38.39013671875, 38.743133544921875], "right_hand": [650.7869262695312, 287.735107421875, 38.39013671875, 38.743133544921875]}, {"left_hand": null, "right_hand": null}]}