{"image_path": "/home/hyem/workspace/frankmocap_notebooks/images/D9H-eRIROA/scene_00007057.jpg", "body_bbox_list": [[476, 136, 297, 476]], "hand_bbox_list": [{"left_hand": [730.775146484375, 255.70472717285156, 44.30926513671875, 55.41169738769531], "right_hand": [469.20159912109375, 250.51060485839844, 37.320220947265625, 60.34083557128906]}]}