{"image_path": "/home/hyem/workspace/frankmocap_notebooks/images/D9H-eRIROA/scene_00001795.jpg", "body_bbox_list": [[724, 109, 172, 446], [563, 153, 118, 465]], "hand_bbox_list": [{"left_hand": null, "right_hand": null}, {"left_hand": [635.2545776367188, 359.00537109375, 36.780517578125, 36.61944580078125], "right_hand": [622.082275390625, 295.7774353027344, 39.478759765625, 40.55120849609375]}]}