{"image_path": "/home/hyem/workspace/frankmocap_notebooks/images/D9H-eRIROA/scene_00001975.jpg", "body_bbox_list": [[524, 147, 223, 465], [734, 118, 180, 259]], "hand_bbox_list": [{"left_hand": [715.0470581054688, 356.2666015625, 34.57952880859375, 44.137664794921875], "right_hand": [529.1475219726562, 353.9344482421875, 33.84088134765625, 42.65478515625]}, {"left_hand": null, "right_hand": null}]}