{"image_path": "/home/hyem/workspace/frankmocap_notebooks/images/D9H-eRIROA/scene_00003631.jpg", "body_bbox_list": [[556, 159, 137, 470], [731, 119, 113, 471]], "hand_bbox_list": [{"left_hand": [620.298828125, 285.55963134765625, 37.03656005859375, 38.32427978515625], "right_hand": [620.298828125, 285.55963134765625, 37.03656005859375, 38.32427978515625]}, {"left_hand": null, "right_hand": null}]}