{"image_path": "/home/hyem/workspace/frankmocap_notebooks/images/D9H-eRIROA/scene_00002255.jpg", "body_bbox_list": [[494, 147, 278, 471], [740, 108, 185, 335]], "hand_bbox_list": [{"left_hand": [754.5062866210938, 362.51123046875, 28.1719970703125, 37.448089599609375], "right_hand": [490.3672180175781, 360.705322265625, 26.963653564453125, 40.793731689453125]}, {"left_hand": null, "right_hand": null}]}