{"image_path": "/home/hyem/workspace/frankmocap_notebooks/images/D9H-eRIROA/scene_00005153.jpg", "body_bbox_list": [[465, 188, 291, 446], [653, 124, 229, 371]], "hand_bbox_list": [{"left_hand": [450.5749816894531, 285.61346435546875, 32.377227783203125, 37.18212890625], "right_hand": [450.5749816894531, 285.61346435546875, 32.377227783203125, 37.18212890625]}, {"left_hand": null, "right_hand": null}]}