{"image_path": "/home/hyem/workspace/frankmocap_notebooks/images/D9H-eRIROA/scene_00009355.jpg", "body_bbox_list": [[425, 76, 297, 644]], "hand_bbox_list": [{"left_hand": [484.7508239746094, 388.9710388183594, 109.74703979492188, 86.3026123046875], "right_hand": [484.7508239746094, 388.9710388183594, 109.74703979492188, 86.3026123046875]}]}