{"image_path": "/home/hyem/workspace/frankmocap_notebooks/images/D9H-eRIROA/scene_00007029.jpg", "body_bbox_list": [[544, 176, 172, 441], [773, 202, 69, 1]], "hand_bbox_list": [{"left_hand": [682.7758178710938, 405.7102966308594, 33.34796142578125, 42.767333984375], "right_hand": [549.3982543945312, 413.1458740234375, 31.8426513671875, 31.762969970703125]}, {"left_hand": null, "right_hand": null}]}