{"image_path": "/home/hyem/workspace/frankmocap_notebooks/images/D9H-eRIROA/scene_00006475.jpg", "body_bbox_list": [[538, 153, 167, 465], [708, 111, 148, 397]], "hand_bbox_list": [{"left_hand": [625.5764770507812, 264.0197448730469, 49.09613037109375, 33.599365234375], "right_hand": [582.9144287109375, 262.229248046875, 40.763427734375, 35.7349853515625]}, {"left_hand": null, "right_hand": null}]}