{"image_path": "/home/hyem/workspace/frankmocap_notebooks/images/D9H-eRIROA/scene_00008315.jpg", "body_bbox_list": [[506, 147, 259, 476]], "hand_bbox_list": [{"left_hand": [757.6817626953125, 112.27290344238281, 31.88330078125, 52.28877258300781], "right_hand": [521.6458740234375, 314.2727355957031, 53.89581298828125, 44.67926025390625]}]}