{"image_path": "/home/hyem/workspace/frankmocap_notebooks/images/D9H-eRIROA/scene_00009654.jpg", "body_bbox_list": [[86, 98, 346, 558]], "hand_bbox_list": [{"left_hand": [245.76170349121094, 306.70550537109375, 61.11625671386719, 79.93365478515625], "right_hand": null}]}