{"image_path": "/home/hyem/workspace/frankmocap_notebooks/images/D9H-eRIROA/scene_00005974.jpg", "body_bbox_list": [[539, 162, 143, 525], [745, 113, 186, 354], [831, 345, 31, 205]], "hand_bbox_list": [{"left_hand": [614.541748046875, 388.654296875, 37.012939453125, 41.874481201171875], "right_hand": [522.2086181640625, 303.03082275390625, 33.30535888671875, 38.345611572265625]}, {"left_hand": null, "right_hand": null}, {"left_hand": null, "right_hand": null}]}