{"image_path": "/home/hyem/workspace/frankmocap_notebooks/images/D9H-eRIROA/scene_00009361.jpg", "body_bbox_list": [[429, 77, 340, 538]], "hand_bbox_list": [{"left_hand": [534.2559204101562, 397.4164123535156, 85.38800048828125, 77.86428833007812], "right_hand": [527.597900390625, 427.1206970214844, 75.68817138671875, 52.284423828125]}]}