{"image_path": "/home/hyem/workspace/frankmocap_notebooks/images/D9H-eRIROA/scene_00007066.jpg", "body_bbox_list": [[477, 142, 272, 481], [743, 95, 235, 148]], "hand_bbox_list": [{"left_hand": [701.464599609375, 305.7082214355469, 45.14447021484375, 51.67108154296875], "right_hand": [493.9067687988281, 341.77947998046875, 37.689422607421875, 40.589111328125]}, {"left_hand": null, "right_hand": null}]}