{"image_path": "/home/hyem/workspace/frankmocap_notebooks/images/D9H-eRIROA/scene_00001486.jpg", "body_bbox_list": [[591, 159, 123, 464], [755, 128, 105, 414]], "hand_bbox_list": [{"left_hand": [633.450927734375, 308.7441711425781, 39.49078369140625, 38.46087646484375], "right_hand": [633.450927734375, 308.7441711425781, 39.49078369140625, 38.46087646484375]}, {"left_hand": null, "right_hand": null}]}