{"image_path": "/home/hyem/workspace/frankmocap_notebooks/images/D9H-eRIROA/scene_00003696.jpg", "body_bbox_list": [[591, 166, 129, 433]], "hand_bbox_list": [{"left_hand": [649.6256713867188, 344.7807312011719, 44.5850830078125, 36.49945068359375], "right_hand": [649.6256713867188, 344.7807312011719, 44.5850830078125, 36.49945068359375]}]}