{"image_path": "/home/hyem/workspace/frankmocap_notebooks/images/D9H-eRIROA/scene_00009383.jpg", "body_bbox_list": [[446, 193, 335, 441]], "hand_bbox_list": [{"left_hand": [552.412353515625, 521.7823486328125, 73.37860107421875, 83.283203125], "right_hand": [552.412353515625, 521.7823486328125, 73.37860107421875, 83.283203125]}]}