{"image_path": "/home/hyem/workspace/frankmocap_notebooks/images/D9H-eRIROA/scene_00009475.jpg", "body_bbox_list": [[393, 94, 378, 626]], "hand_bbox_list": [{"left_hand": [630.3464965820312, 111.21461486816406, 88.15826416015625, 118.25328063964844], "right_hand": [399.1590881347656, 157.6671142578125, 62.74896240234375, 118.03948974609375]}]}