{"image_path": "/home/hyem/workspace/frankmocap_notebooks/images/D9H-eRIROA/scene_00008903.jpg", "body_bbox_list": [[526, 145, 180, 514], [741, 101, 167, 490], [829, 187, 69, 93]], "hand_bbox_list": [{"left_hand": [676.7079467773438, 308.4841613769531, 36.0682373046875, 41.08416748046875], "right_hand": [531.3662719726562, 363.5762634277344, 42.9952392578125, 33.827056884765625]}, {"left_hand": null, "right_hand": null}, {"left_hand": null, "right_hand": null}]}