{"image_path": "/home/hyem/workspace/frankmocap_notebooks/images/D9H-eRIROA/scene_00000572.jpg", "body_bbox_list": [[437, 89, 408, 631]], "hand_bbox_list": [{"left_hand": [550.791259765625, 466.142822265625, 109.298583984375, 78.44403076171875], "right_hand": [550.791259765625, 466.142822265625, 109.298583984375, 78.44403076171875]}]}