{"image_path": "/home/hyem/workspace/frankmocap_notebooks/images/D9H-eRIROA/scene_00002708.jpg", "body_bbox_list": [[480, 165, 216, 457], [700, 105, 186, 409]], "hand_bbox_list": [{"left_hand": [658.8604125976562, 299.8333740234375, 33.36669921875, 39.5491943359375], "right_hand": [483.1626892089844, 397.4344177246094, 33.820892333984375, 34.326324462890625]}, {"left_hand": null, "right_hand": null}]}