{"image_path": "/home/hyem/workspace/frankmocap_notebooks/images/D9H-eRIROA/scene_00002899.jpg", "body_bbox_list": [[543, 199, 286, 440], [782, 144, 242, 427]], "hand_bbox_list": [{"left_hand": [776.7973022460938, 358.2723693847656, 36.7099609375, 43.93829345703125], "right_hand": [530.8560180664062, 309.1843566894531, 37.4676513671875, 30.842864990234375]}, {"left_hand": null, "right_hand": null}]}