{"image_path": "/home/hyem/workspace/frankmocap_notebooks/images/D9H-eRIROA/scene_00001972.jpg", "body_bbox_list": [[524, 147, 235, 465], [734, 107, 186, 371]], "hand_bbox_list": [{"left_hand": [723.3355712890625, 359.3995056152344, 35.34112548828125, 47.1837158203125], "right_hand": [533.460205078125, 357.1487731933594, 33.57098388671875, 47.8426513671875]}, {"left_hand": null, "right_hand": null}]}