{"image_path": "/home/hyem/workspace/frankmocap_notebooks/images/D9H-eRIROA/scene_00006397.jpg", "body_bbox_list": [[543, 147, 180, 476], [748, 101, 124, 490]], "hand_bbox_list": [{"left_hand": [645.2669067382812, 253.58677673339844, 41.318115234375, 37.44227600097656], "right_hand": [572.6043701171875, 259.9123840332031, 39.67169189453125, 37.648712158203125]}, {"left_hand": null, "right_hand": null}]}