{"image_path": "/home/hyem/workspace/frankmocap_notebooks/images/D9H-eRIROA/scene_00002204.jpg", "body_bbox_list": [[578, 154, 155, 457]], "hand_bbox_list": [{"left_hand": [678.658935546875, 284.78240966796875, 47.34576416015625, 38.644744873046875], "right_hand": [604.7130737304688, 292.6741943359375, 46.8651123046875, 42.95916748046875]}]}