{"image_path": "/home/hyem/workspace/frankmocap_notebooks/images/D9H-eRIROA/scene_00003845.jpg", "body_bbox_list": [[563, 176, 229, 458]], "hand_bbox_list": [{"left_hand": [747.7677001953125, 231.5796661376953, 33.5655517578125, 36.20338439941406], "right_hand": [544.3604736328125, 242.68333435058594, 40.86187744140625, 36.40830993652344]}]}