{"image_path": "/home/hyem/workspace/frankmocap_notebooks/images/D9H-eRIROA/scene_00007079.jpg", "body_bbox_list": [[522, 146, 267, 484]], "hand_bbox_list": [{"left_hand": null, "right_hand": [548.7216186523438, 354.660888671875, 28.63677978515625, 36.080230712890625]}]}