{"image_path": "/home/hyem/workspace/frankmocap_notebooks/images/D9H-eRIROA/scene_00008963.jpg", "body_bbox_list": [[544, 127, 161, 533]], "hand_bbox_list": [{"left_hand": [560.0411376953125, 313.9602966308594, 51.99432373046875, 48.15234375], "right_hand": [560.0411376953125, 313.9602966308594, 51.99432373046875, 48.15234375]}]}