{"image_path": "/home/hyem/workspace/frankmocap_notebooks/images/D9H-eRIROA/scene_00003727.jpg", "body_bbox_list": [[574, 166, 118, 433], [721, 143, 99, 69]], "hand_bbox_list": [{"left_hand": [630.7182006835938, 381.91412353515625, 33.5811767578125, 31.24603271484375], "right_hand": [578.7271728515625, 393.7677917480469, 26.8741455078125, 36.1778564453125]}, {"left_hand": null, "right_hand": null}]}