{"image_path": "/home/hyem/workspace/frankmocap_notebooks/images/D9H-eRIROA/scene_00003220.jpg", "body_bbox_list": [[490, 159, 229, 481], [777, 183, 88, 50]], "hand_bbox_list": [{"left_hand": [707.2444458007812, 195.2124786376953, 31.29608154296875, 35.975006103515625], "right_hand": [489.628662109375, 217.07583618164062, 33.40093994140625, 33.21351623535156]}, {"left_hand": null, "right_hand": null}]}