{"image_path": "/home/hyem/workspace/frankmocap_notebooks/images/D9H-eRIROA/scene_00006614.jpg", "body_bbox_list": [[538, 147, 161, 471], [743, 102, 112, 465]], "hand_bbox_list": [{"left_hand": [663.1983642578125, 299.9775085449219, 34.90472412109375, 33.040802001953125], "right_hand": [587.0259399414062, 306.1990966796875, 37.8680419921875, 34.07977294921875]}, {"left_hand": null, "right_hand": null}]}