{"image_path": "/home/hyem/workspace/frankmocap_notebooks/images/D9H-eRIROA/scene_00003751.jpg", "body_bbox_list": [[523, 165, 242, 446], [763, 204, 173, 99]], "hand_bbox_list": [{"left_hand": [742.4293212890625, 333.96392822265625, 30.391845703125, 49.938812255859375], "right_hand": [550.2921752929688, 337.3658142089844, 37.16571044921875, 43.10015869140625]}, {"left_hand": null, "right_hand": null}]}