{"image_path": "/home/hyem/workspace/frankmocap_notebooks/images/D9H-eRIROA/scene_00003214.jpg", "body_bbox_list": [[489, 164, 248, 476]], "hand_bbox_list": [{"left_hand": [715.81396484375, 189.18057250976562, 33.1806640625, 36.42787170410156], "right_hand": [487.4668884277344, 213.945556640625, 32.074371337890625, 36.56495666503906]}]}