{"image_path": "/home/hyem/workspace/frankmocap_notebooks/images/D9H-eRIROA/scene_00004516.jpg", "body_bbox_list": [[500, 65, 243, 557]], "hand_bbox_list": [{"left_hand": [662.8021240234375, 44.557071685791016, 57.00244140625, 53.656497955322266], "right_hand": [502.1868591308594, 106.65242004394531, 38.845306396484375, 40.436431884765625]}]}