{"image_path": "/home/hyem/workspace/frankmocap_notebooks/images/D9H-eRIROA/scene_00006152.jpg", "body_bbox_list": [[706, 130, 191, 471], [549, 171, 167, 446]], "hand_bbox_list": [{"left_hand": null, "right_hand": null}, {"left_hand": [697.5642700195312, 398.8765563964844, 34.7738037109375, 37.18829345703125], "right_hand": [553.3482666015625, 370.9005432128906, 31.2225341796875, 33.950103759765625]}]}