{"image_path": "/home/hyem/workspace/frankmocap_notebooks/images/D9H-eRIROA/scene_00009697.jpg", "body_bbox_list": [[91, 98, 346, 552]], "hand_bbox_list": [{"left_hand": [248.5025634765625, 310.02166748046875, 60.0574951171875, 79.14117431640625], "right_hand": null}]}