{"image_path": "/home/hyem/workspace/frankmocap_notebooks/images/D9H-eRIROA/scene_00009340.jpg", "body_bbox_list": [[396, 82, 316, 638]], "hand_bbox_list": [{"left_hand": [537.287353515625, 450.738525390625, 82.921875, 66.07818603515625], "right_hand": [480.935546875, 430.4720764160156, 75.09674072265625, 71.46600341796875]}]}