{"image_path": "/home/hyem/workspace/frankmocap_notebooks/images/D9H-eRIROA/scene_00002254.jpg", "body_bbox_list": [[499, 147, 267, 465], [734, 108, 191, 346]], "hand_bbox_list": [{"left_hand": [749.1928100585938, 368.8441467285156, 26.34210205078125, 40.4493408203125], "right_hand": [495.19921875, 361.3305358886719, 30.10211181640625, 40.1925048828125]}, {"left_hand": null, "right_hand": null}]}