{"image_path": "/home/hyem/workspace/frankmocap_notebooks/images/D9H-eRIROA/scene_00002049.jpg", "body_bbox_list": [[503, 171, 310, 457]], "hand_bbox_list": [{"left_hand": [797.4141235351562, 189.80088806152344, 26.26043701171875, 52.026641845703125], "right_hand": [507.0337829589844, 175.02178955078125, 42.486724853515625, 55.74212646484375]}]}