{"image_path": "/home/hyem/workspace/frankmocap_notebooks/images/D9H-eRIROA/scene_00006303.jpg", "body_bbox_list": [[518, 153, 224, 470], [771, 126, 118, 440]], "hand_bbox_list": [{"left_hand": [644.4851684570312, 256.462158203125, 48.229248046875, 42.434906005859375], "right_hand": [578.0228881835938, 262.08062744140625, 48.93524169921875, 35.453094482421875]}, {"left_hand": null, "right_hand": null}]}