{"image_path": "/home/hyem/workspace/frankmocap_notebooks/images/D9H-eRIROA/scene_00002589.jpg", "body_bbox_list": [[549, 160, 167, 451], [750, 179, 75, 148]], "hand_bbox_list": [{"left_hand": [703.474365234375, 375.8087463378906, 24.9964599609375, 43.52752685546875], "right_hand": [573.4791870117188, 363.4283142089844, 31.0308837890625, 27.914581298828125]}, {"left_hand": null, "right_hand": null}]}