{"image_path": "/home/hyem/workspace/frankmocap_notebooks/images/D9H-eRIROA/scene_00000998.jpg", "body_bbox_list": [[544, 146, 167, 495], [389, 102, 105, 471], [431, 334, 55, 199], [380, 198, 56, 105]], "hand_bbox_list": [{"left_hand": [612.140869140625, 307.6072998046875, 43.480712890625, 34.4990234375], "right_hand": [576.7549438476562, 298.7956848144531, 44.6805419921875, 43.515228271484375]}, {"left_hand": null, "right_hand": null}, {"left_hand": null, "right_hand": null}, {"left_hand": null, "right_hand": null}]}