{"image_path": "/home/hyem/workspace/frankmocap_notebooks/images/D9H-eRIROA/scene_00004631.jpg", "body_bbox_list": [[483, 123, 278, 519]], "hand_bbox_list": [{"left_hand": [658.525634765625, 520.7423706054688, 76.86566162109375, 77.56829833984375], "right_hand": [635.4213256835938, 328.7334289550781, 94.08270263671875, 74.78009033203125]}]}