{"image_path": "/home/hyem/workspace/frankmocap_notebooks/images/D9H-eRIROA/scene_00008864.jpg", "body_bbox_list": [[556, 145, 148, 514]], "hand_bbox_list": [{"left_hand": [677.2218627929688, 385.5862731933594, 36.4742431640625, 37.807952880859375], "right_hand": [635.7570190429688, 340.0950012207031, 45.323974609375, 45.7545166015625]}]}