{"image_path": "/home/hyem/workspace/frankmocap_notebooks/images/D9H-eRIROA/scene_00002737.jpg", "body_bbox_list": [[534, 218, 248, 414], [746, 156, 167, 403]], "hand_bbox_list": [{"left_hand": [700.8099975585938, 395.5555419921875, 28.262939453125, 34.635040283203125], "right_hand": [539.2335815429688, 398.31976318359375, 34.6552734375, 33.915313720703125]}, {"left_hand": null, "right_hand": null}]}