{"image_path": "/home/hyem/workspace/frankmocap_notebooks/images/D9H-eRIROA/scene_00007793.jpg", "body_bbox_list": [[481, 86, 321, 587]], "hand_bbox_list": [{"left_hand": [632.1173706054688, 294.1192321777344, 40.05426025390625, 120.58306884765625], "right_hand": [606.1810913085938, 296.47955322265625, 46.01263427734375, 117.29067993164062]}]}