{"image_path": "/home/hyem/workspace/frankmocap_notebooks/images/D9H-eRIROA/scene_00006617.jpg", "body_bbox_list": [[538, 147, 167, 471], [713, 109, 161, 452]], "hand_bbox_list": [{"left_hand": [677.10400390625, 261.4714050292969, 29.1009521484375, 41.151397705078125], "right_hand": [582.5360107421875, 264.03387451171875, 32.27337646484375, 34.210113525390625]}, {"left_hand": null, "right_hand": null}]}