{"image_path": "/home/hyem/workspace/frankmocap_notebooks/images/D9H-eRIROA/scene_00002146.jpg", "body_bbox_list": [[524, 201, 235, 403], [757, 160, 180, 186]], "hand_bbox_list": [{"left_hand": [709.9491577148438, 377.8699645996094, 35.1995849609375, 44.108154296875], "right_hand": [537.4801635742188, 383.1738586425781, 29.93072509765625, 37.47662353515625]}, {"left_hand": null, "right_hand": null}]}