{"image_path": "/home/hyem/workspace/frankmocap_notebooks/images/D9H-eRIROA/scene_00006659.jpg", "body_bbox_list": [[497, 165, 199, 452]], "hand_bbox_list": [{"left_hand": [649.9354858398438, 224.96591186523438, 38.48028564453125, 38.29022216796875], "right_hand": [493.05615234375, 255.57278442382812, 38.92535400390625, 54.608612060546875]}]}