{"image_path": "/home/hyem/workspace/frankmocap_notebooks/images/D9H-eRIROA/scene_00006896.jpg", "body_bbox_list": [[433, 74, 378, 595]], "hand_bbox_list": [{"left_hand": [778.2164916992188, 622.6079711914062, 58.567138671875, 91.46942138671875], "right_hand": [443.80621337890625, 630.9052734375, 69.1571044921875, 83.2999267578125]}]}