{"image_path": "/home/hyem/workspace/frankmocap_notebooks/images/D9H-eRIROA/scene_00001157.jpg", "body_bbox_list": [[408, 116, 303, 533]], "hand_bbox_list": [{"left_hand": [540.0752563476562, 508.0865478515625, 111.464599609375, 109.23529052734375], "right_hand": [458.36187744140625, 482.9168395996094, 119.81671142578125, 100.52365112304688]}]}