{"image_path": "/home/hyem/workspace/frankmocap_notebooks/images/D9H-eRIROA/scene_00005403.jpg", "body_bbox_list": [[422, 128, 360, 520]], "hand_bbox_list": [{"left_hand": [724.1048583984375, 483.96466064453125, 66.06256103515625, 64.803955078125], "right_hand": [610.4608154296875, 427.02752685546875, 49.6820068359375, 65.7298583984375]}]}