{"image_path": "/home/hyem/workspace/frankmocap_notebooks/images/D9H-eRIROA/scene_00001872.jpg", "body_bbox_list": [[707, 115, 161, 451], [545, 160, 142, 451]], "hand_bbox_list": [{"left_hand": null, "right_hand": null}, {"left_hand": [668.4746704101562, 389.4834289550781, 30.026611328125, 40.039642333984375], "right_hand": [568.49365234375, 308.9037170410156, 36.11944580078125, 34.732269287109375]}]}