{"image_path": "/home/hyem/workspace/frankmocap_notebooks/images/D9H-eRIROA/scene_00007856.jpg", "body_bbox_list": [[379, 110, 327, 551]], "hand_bbox_list": [{"left_hand": [566.5389404296875, 306.1300964355469, 95.8553466796875, 102.97869873046875], "right_hand": [477.65643310546875, 315.1939392089844, 102.94873046875, 98.556396484375]}]}