{"image_path": "/home/hyem/workspace/frankmocap_notebooks/images/D9H-eRIROA/scene_00000864.jpg", "body_bbox_list": [[544, 146, 155, 501], [366, 181, 123, 94]], "hand_bbox_list": [{"left_hand": [601.7971801757812, 280.2129821777344, 34.391845703125, 45.05096435546875], "right_hand": [601.7971801757812, 280.2129821777344, 34.391845703125, 45.05096435546875]}, {"left_hand": null, "right_hand": null}]}