{"image_path": "/home/hyem/workspace/frankmocap_notebooks/images/D9H-eRIROA/scene_00002944.jpg", "body_bbox_list": [[590, 171, 148, 446]], "hand_bbox_list": [{"left_hand": [731.3680419921875, 392.8310852050781, 24.81494140625, 36.678863525390625], "right_hand": [584.392333984375, 396.1148376464844, 30.16986083984375, 37.3765869140625]}]}