{"image_path": "/home/hyem/workspace/frankmocap_notebooks/images/D9H-eRIROA/scene_00007372.jpg", "body_bbox_list": [[533, 188, 273, 440], [711, 131, 215, 452]], "hand_bbox_list": [{"left_hand": [517.8289184570312, 307.2086486816406, 24.01513671875, 29.075775146484375], "right_hand": [558.1806030273438, 367.8503723144531, 36.20068359375, 37.9627685546875]}, {"left_hand": null, "right_hand": null}]}