{"image_path": "/home/hyem/workspace/frankmocap_notebooks/images/D9H-eRIROA/scene_00006341.jpg", "body_bbox_list": [[531, 171, 210, 451], [747, 117, 143, 408]], "hand_bbox_list": [{"left_hand": [648.8187866210938, 263.81097412109375, 43.19525146484375, 36.193817138671875], "right_hand": [583.1446533203125, 260.91986083984375, 46.26336669921875, 35.737213134765625]}, {"left_hand": null, "right_hand": null}]}