{"image_path": "/home/hyem/workspace/frankmocap_notebooks/images/D9H-eRIROA/scene_00009375.jpg", "body_bbox_list": [[451, 230, 341, 490]], "hand_bbox_list": [{"left_hand": [564.6912841796875, 542.5708618164062, 68.80517578125, 87.19757080078125], "right_hand": [564.6912841796875, 542.5708618164062, 68.80517578125, 87.19757080078125]}]}