{"image_path": "/home/hyem/workspace/frankmocap_notebooks/images/D9H-eRIROA/scene_00002482.jpg", "body_bbox_list": [[494, 171, 272, 451]], "hand_bbox_list": [{"left_hand": [757.9301147460938, 255.39453125, 36.4124755859375, 41.321075439453125], "right_hand": [490.4662780761719, 231.23721313476562, 31.556060791015625, 51.643890380859375]}]}