{"image_path": "/home/hyem/workspace/frankmocap_notebooks/images/D9H-eRIROA/scene_00003650.jpg", "body_bbox_list": [[589, 146, 167, 490], [769, 90, 167, 484]], "hand_bbox_list": [{"left_hand": [672.7685546875, 340.1997985839844, 32.10791015625, 36.90374755859375], "right_hand": [649.1221923828125, 338.6979064941406, 36.9515380859375, 39.8365478515625]}, {"left_hand": null, "right_hand": null}]}