{"image_path": "/home/hyem/workspace/frankmocap_notebooks/images/D9H-eRIROA/scene_00003246.jpg", "body_bbox_list": [[531, 170, 210, 465]], "hand_bbox_list": [{"left_hand": [695.7334594726562, 228.80572509765625, 27.91424560546875, 32.996002197265625], "right_hand": [524.4020385742188, 234.4405975341797, 35.26336669921875, 30.643478393554688]}]}