{"image_path": "/home/hyem/workspace/frankmocap_notebooks/images/D9H-eRIROA/scene_00008931.jpg", "body_bbox_list": [[561, 122, 161, 538], [797, 83, 156, 267]], "hand_bbox_list": [{"left_hand": [633.1278076171875, 245.18495178222656, 44.21453857421875, 49.22911071777344], "right_hand": [633.1278076171875, 245.18495178222656, 44.21453857421875, 49.22911071777344]}, {"left_hand": null, "right_hand": null}]}