{"image_path": "/home/hyem/workspace/frankmocap_notebooks/images/D9H-eRIROA/scene_00008293.jpg", "body_bbox_list": [[470, 193, 292, 441], [653, 146, 229, 389]], "hand_bbox_list": [{"left_hand": [455.6855773925781, 325.4435119628906, 27.7919921875, 23.38201904296875], "right_hand": [501.24847412109375, 379.3950500488281, 35.666748046875, 39.523468017578125]}, {"left_hand": null, "right_hand": null}]}