{"image_path": "/home/hyem/workspace/frankmocap_notebooks/images/D9H-eRIROA/scene_00007938.jpg", "body_bbox_list": [[540, 153, 124, 470], [722, 191, 80, 1]], "hand_bbox_list": [{"left_hand": [521.6300048828125, 309.2633361816406, 37.89447021484375, 30.350799560546875], "right_hand": [521.6300048828125, 309.2633361816406, 37.89447021484375, 30.350799560546875]}, {"left_hand": null, "right_hand": null}]}