{"image_path": "/home/hyem/workspace/frankmocap_notebooks/images/D9H-eRIROA/scene_00003602.jpg", "body_bbox_list": [[548, 159, 186, 464], [708, 125, 137, 470]], "hand_bbox_list": [{"left_hand": [632.859619140625, 325.31201171875, 33.983642578125, 30.31365966796875], "right_hand": [598.423583984375, 304.1827697753906, 41.9638671875, 29.10333251953125]}, {"left_hand": null, "right_hand": null}]}