{"image_path": "/home/hyem/workspace/frankmocap_notebooks/images/D9H-eRIROA/scene_00007983.jpg", "body_bbox_list": [[532, 160, 180, 457]], "hand_bbox_list": [{"left_hand": [691.9209594726562, 370.5476989746094, 27.921142578125, 33.2266845703125], "right_hand": [533.5977783203125, 385.1808166503906, 25.58612060546875, 31.61859130859375]}]}