{"image_path": "/home/hyem/workspace/frankmocap_notebooks/images/D9H-eRIROA/scene_00009036.jpg", "body_bbox_list": [[545, 160, 148, 457], [412, 122, 99, 403]], "hand_bbox_list": [{"left_hand": [640.8263549804688, 327.6851806640625, 42.31695556640625, 31.136260986328125], "right_hand": [603.9873657226562, 277.7492370605469, 47.85772705078125, 43.780364990234375]}, {"left_hand": null, "right_hand": null}]}