{"image_path": "/home/hyem/workspace/frankmocap_notebooks/images/D9H-eRIROA/scene_00002216.jpg", "body_bbox_list": [[574, 154, 129, 457], [726, 103, 123, 446]], "hand_bbox_list": [{"left_hand": [668.9474487304688, 392.25054931640625, 33.1397705078125, 42.977447509765625], "right_hand": [574.9470825195312, 399.1719970703125, 32.13006591796875, 39.645233154296875]}, {"left_hand": null, "right_hand": null}]}