{"image_path": "/home/hyem/workspace/frankmocap_notebooks/images/D9H-eRIROA/scene_00004927.jpg", "body_bbox_list": [[526, 142, 186, 481], [765, 161, 118, 427]], "hand_bbox_list": [{"left_hand": [699.3765869140625, 351.206298828125, 28.09344482421875, 48.825592041015625], "right_hand": [586.835205078125, 299.8682556152344, 42.783447265625, 36.3406982421875]}, {"left_hand": null, "right_hand": null}]}