{"image_path": "/home/hyem/workspace/frankmocap_notebooks/images/D9H-eRIROA/scene_00005421.jpg", "body_bbox_list": [[514, 121, 316, 557]], "hand_bbox_list": [{"left_hand": [632.6006469726562, 387.8705139160156, 83.54498291015625, 69.5362548828125], "right_hand": [513.6198120117188, 500.7676086425781, 88.84344482421875, 78.01522827148438]}]}