{"image_path": "/home/hyem/workspace/frankmocap_notebooks/images/D9H-eRIROA/scene_00005772.jpg", "body_bbox_list": [[499, 168, 167, 514]], "hand_bbox_list": [{"left_hand": [549.0050048828125, 197.21519470214844, 31.55816650390625, 32.729644775390625], "right_hand": [493.981689453125, 224.11619567871094, 33.0655517578125, 43.07423400878906]}]}