{"image_path": "/home/hyem/workspace/frankmocap_notebooks/images/D9H-eRIROA/scene_00008129.jpg", "body_bbox_list": [[533, 123, 161, 514]], "hand_bbox_list": [{"left_hand": [657.2572631835938, 108.07212829589844, 40.48443603515625, 36.93937683105469], "right_hand": [521.1165771484375, 153.47854614257812, 34.28411865234375, 37.45965576171875]}]}