{"image_path": "/home/hyem/workspace/frankmocap_notebooks/images/D9H-eRIROA/scene_00004175.jpg", "body_bbox_list": [[512, 211, 253, 422], [802, 182, 50, 204]], "hand_bbox_list": [{"left_hand": [636.3441772460938, 422.44500732421875, 30.31781005859375, 28.07379150390625], "right_hand": [636.3441772460938, 422.44500732421875, 30.31781005859375, 28.07379150390625]}, {"left_hand": null, "right_hand": null}]}