{"image_path": "/home/hyem/workspace/frankmocap_notebooks/images/D9H-eRIROA/scene_00005395.jpg", "body_bbox_list": [[433, 131, 383, 576]], "hand_bbox_list": [{"left_hand": [587.4976806640625, 446.88720703125, 88.98028564453125, 71.82611083984375], "right_hand": [467.7436218261719, 482.02197265625, 80.33078002929688, 83.84063720703125]}]}