{"image_path": "/home/hyem/workspace/frankmocap_notebooks/images/D9H-eRIROA/scene_00008028.jpg", "body_bbox_list": [[497, 193, 204, 446]], "hand_bbox_list": [{"left_hand": [604.7718505859375, 277.079833984375, 47.59832763671875, 48.8135986328125], "right_hand": [535.7310180664062, 403.95806884765625, 31.8670654296875, 31.212188720703125]}]}