{"image_path": "/home/hyem/workspace/frankmocap_notebooks/images/D9H-eRIROA/scene_00002623.jpg", "body_bbox_list": [[544, 153, 167, 465], [729, 102, 162, 465]], "hand_bbox_list": [{"left_hand": [671.65185546875, 390.244384765625, 35.94281005859375, 42.343597412109375], "right_hand": [542.71630859375, 382.3844909667969, 34.7469482421875, 40.777557373046875]}, {"left_hand": null, "right_hand": null}]}