{"image_path": "/home/hyem/workspace/frankmocap_notebooks/images/D9H-eRIROA/scene_00006092.jpg", "body_bbox_list": [[544, 147, 161, 471], [725, 103, 137, 458]], "hand_bbox_list": [{"left_hand": [667.7474365234375, 289.7406311035156, 30.345458984375, 32.27789306640625], "right_hand": [540.6564331054688, 275.1175231933594, 32.81011962890625, 34.611846923828125]}, {"left_hand": null, "right_hand": null}]}