{"image_path": "/home/hyem/workspace/frankmocap_notebooks/images/D9H-eRIROA/scene_00006131.jpg", "body_bbox_list": [[520, 194, 186, 427], [702, 149, 143, 422]], "hand_bbox_list": [{"left_hand": [652.3239135742188, 364.2691955566406, 36.5584716796875, 29.177276611328125], "right_hand": [514.9507446289062, 375.95611572265625, 36.25286865234375, 30.3900146484375]}, {"left_hand": null, "right_hand": null}]}