{"image_path": "/home/hyem/workspace/frankmocap_notebooks/images/D9H-eRIROA/scene_00002053.jpg", "body_bbox_list": [[529, 142, 253, 470], [761, 100, 216, 278], [850, 182, 117, 69]], "hand_bbox_list": [{"left_hand": [755.5071411132812, 286.936767578125, 40.37664794921875, 47.664276123046875], "right_hand": [534.697265625, 276.1136169433594, 29.84820556640625, 42.3236083984375]}, {"left_hand": null, "right_hand": null}, {"left_hand": null, "right_hand": null}]}