{"image_path": "/home/hyem/workspace/frankmocap_notebooks/images/D9H-eRIROA/scene_00005223.jpg", "body_bbox_list": [[471, 170, 278, 465], [659, 128, 235, 397]], "hand_bbox_list": [{"left_hand": [466.0223388671875, 282.8601379394531, 34.78546142578125, 36.866485595703125], "right_hand": [452.9676208496094, 284.8974609375, 41.2930908203125, 43.65631103515625]}, {"left_hand": null, "right_hand": null}]}