{"image_path": "/home/hyem/workspace/frankmocap_notebooks/images/D9H-eRIROA/scene_00003735.jpg", "body_bbox_list": [[483, 165, 278, 441], [719, 114, 148, 199]], "hand_bbox_list": [{"left_hand": [743.3770141601562, 337.6764221191406, 26.13006591796875, 33.728790283203125], "right_hand": [481.76422119140625, 351.81683349609375, 26.039031982421875, 34.6319580078125]}, {"left_hand": null, "right_hand": null}]}