{"image_path": "/home/hyem/workspace/frankmocap_notebooks/images/D9H-eRIROA/scene_00005400.jpg", "body_bbox_list": [[357, 121, 428, 568]], "hand_bbox_list": [{"left_hand": [680.1399536132812, 470.65338134765625, 71.25531005859375, 66.69256591796875], "right_hand": [539.126708984375, 433.5091247558594, 81.674560546875, 72.01437377929688]}]}