{"image_path": "/home/hyem/workspace/frankmocap_notebooks/images/D9H-eRIROA/scene_00003283.jpg", "body_bbox_list": [[531, 164, 215, 471], [724, 184, 161, 403]], "hand_bbox_list": [{"left_hand": [731.6436767578125, 206.08778381347656, 30.917236328125, 36.18292236328125], "right_hand": [525.3881225585938, 249.84274291992188, 34.280517578125, 33.97430419921875]}, {"left_hand": null, "right_hand": null}]}