{"image_path": "/home/hyem/workspace/frankmocap_notebooks/images/D9H-eRIROA/scene_00006684.jpg", "body_bbox_list": [[533, 147, 166, 471], [774, 122, 50, 414]], "hand_bbox_list": [{"left_hand": [673.1703491210938, 406.4601745605469, 22.04296875, 45.56219482421875], "right_hand": [549.7318725585938, 394.5101318359375, 22.34912109375, 51.680084228515625]}, {"left_hand": null, "right_hand": null}]}