{"image_path": "/home/hyem/workspace/frankmocap_notebooks/images/D9H-eRIROA/scene_00002924.jpg", "body_bbox_list": [[587, 164, 199, 476], [807, 102, 186, 476]], "hand_bbox_list": [{"left_hand": [772.14306640625, 367.7235107421875, 29.3189697265625, 43.053680419921875], "right_hand": [605.5228881835938, 331.5734558105469, 42.70513916015625, 48.362823486328125]}, {"left_hand": null, "right_hand": null}]}