{"image_path": "/home/hyem/workspace/frankmocap_notebooks/images/D9H-eRIROA/scene_00001758.jpg", "body_bbox_list": [[584, 152, 143, 501], [764, 185, 137, 378], [864, 204, 61, 104]], "hand_bbox_list": [{"left_hand": [673.9050903320312, 340.80938720703125, 42.02655029296875, 38.69403076171875], "right_hand": [630.740234375, 322.04534912109375, 47.05902099609375, 42.832061767578125]}, {"left_hand": null, "right_hand": null}, {"left_hand": null, "right_hand": null}]}