{"image_path": "/home/hyem/workspace/frankmocap_notebooks/images/D9H-eRIROA/scene_00007063.jpg", "body_bbox_list": [[459, 176, 303, 458]], "hand_bbox_list": [{"left_hand": [704.2024536132812, 190.13084411621094, 51.3541259765625, 54.13505554199219], "right_hand": [460.9948425292969, 223.7581329345703, 43.70989990234375, 48.47343444824219]}]}