{"image_path": "/home/hyem/workspace/frankmocap_notebooks/images/D9H-eRIROA/scene_00003335.jpg", "body_bbox_list": [[495, 164, 248, 465], [706, 126, 191, 457]], "hand_bbox_list": [{"left_hand": [737.711669921875, 318.4677429199219, 32.06182861328125, 32.14166259765625], "right_hand": [491.16241455078125, 332.8668212890625, 34.1552734375, 39.147705078125]}, {"left_hand": null, "right_hand": null}]}