{"image_path": "/home/hyem/workspace/frankmocap_notebooks/images/D9H-eRIROA/scene_00003355.jpg", "body_bbox_list": [[512, 159, 248, 464], [715, 121, 224, 427]], "hand_bbox_list": [{"left_hand": [742.349365234375, 221.2489013671875, 34.4290771484375, 39.808624267578125], "right_hand": [508.4797058105469, 235.78201293945312, 38.687408447265625, 38.801605224609375]}, {"left_hand": null, "right_hand": null}]}