{"image_path": "/home/hyem/workspace/frankmocap_notebooks/images/D9H-eRIROA/scene_00006758.jpg", "body_bbox_list": [[388, 93, 378, 557]], "hand_bbox_list": [{"left_hand": [593.7891845703125, 412.2837219238281, 94.75238037109375, 99.11676025390625], "right_hand": [510.0030517578125, 410.97357177734375, 98.23614501953125, 103.02093505859375]}]}