{"image_path": "/home/hyem/workspace/frankmocap_notebooks/images/D9H-eRIROA/scene_00008152.jpg", "body_bbox_list": [[554, 138, 186, 557]], "hand_bbox_list": [{"left_hand": [741.4739990234375, 147.34629821777344, 33.7655029296875, 26.829254150390625], "right_hand": [726.3346557617188, 294.0918273925781, 32.0447998046875, 31.954803466796875]}]}