{"image_path": "/home/hyem/workspace/frankmocap_notebooks/images/D9H-eRIROA/scene_00004966.jpg", "body_bbox_list": [[521, 164, 173, 471], [738, 101, 93, 484], [825, 185, 32, 142]], "hand_bbox_list": [{"left_hand": [645.6292724609375, 361.5955810546875, 36.13323974609375, 39.90545654296875], "right_hand": [535.7396240234375, 365.3109130859375, 26.86151123046875, 36.035491943359375]}, {"left_hand": null, "right_hand": null}, {"left_hand": null, "right_hand": null}]}