{"image_path": "/home/hyem/workspace/frankmocap_notebooks/images/D9H-eRIROA/scene_00005263.jpg", "body_bbox_list": [[509, 188, 180, 451], [707, 132, 156, 422]], "hand_bbox_list": [{"left_hand": [558.2066650390625, 314.4964599609375, 33.720458984375, 34.33062744140625], "right_hand": [506.2096252441406, 310.44146728515625, 30.743011474609375, 32.41064453125]}, {"left_hand": null, "right_hand": null}]}