{"image_path": "/home/hyem/workspace/frankmocap_notebooks/images/D9H-eRIROA/scene_00008982.jpg", "body_bbox_list": [[572, 145, 161, 514]], "hand_bbox_list": [{"left_hand": [653.1990356445312, 301.0986022949219, 40.486328125, 52.749542236328125], "right_hand": [653.1990356445312, 301.0986022949219, 40.486328125, 52.749542236328125]}]}