{"image_path": "/home/hyem/workspace/frankmocap_notebooks/images/D9H-eRIROA/scene_00003320.jpg", "body_bbox_list": [[542, 164, 199, 471]], "hand_bbox_list": [{"left_hand": [731.3486938476562, 226.89129638671875, 33.1954345703125, 35.825469970703125], "right_hand": [543.0864868164062, 252.63084411621094, 33.53070068359375, 34.38661193847656]}]}