{"image_path": "/home/hyem/workspace/frankmocap_notebooks/images/D9H-eRIROA/scene_00008703.jpg", "body_bbox_list": [[579, 153, 148, 470]], "hand_bbox_list": [{"left_hand": [685.8787231445312, 319.6080017089844, 25.211669921875, 31.54541015625], "right_hand": [611.8585205078125, 316.3875732421875, 34.22613525390625, 39.54339599609375]}]}