{"image_path": "/home/hyem/workspace/frankmocap_notebooks/images/D9H-eRIROA/scene_00000921.jpg", "body_bbox_list": [[538, 146, 167, 501], [346, 177, 186, 321]], "hand_bbox_list": [{"left_hand": [663.0455932617188, 284.94970703125, 42.1163330078125, 47.650970458984375], "right_hand": [543.3773193359375, 287.8185729980469, 47.2940673828125, 38.603179931640625]}, {"left_hand": null, "right_hand": null}]}