{"image_path": "/home/hyem/workspace/frankmocap_notebooks/images/D9H-eRIROA/scene_00007486.jpg", "body_bbox_list": [[478, 159, 259, 464]], "hand_bbox_list": [{"left_hand": [705.9954833984375, 186.6702423095703, 41.1759033203125, 34.66807556152344], "right_hand": [553.646484375, 293.2940979003906, 48.69232177734375, 46.19342041015625]}]}