{"image_path": "/home/hyem/workspace/frankmocap_notebooks/images/D9H-eRIROA/scene_00004770.jpg", "body_bbox_list": [[499, 194, 267, 433], [838, 141, 129, 230]], "hand_bbox_list": [{"left_hand": [744.8936767578125, 351.7975158691406, 26.39263916015625, 33.266876220703125], "right_hand": [744.8936767578125, 351.7975158691406, 26.39263916015625, 33.266876220703125]}, {"left_hand": null, "right_hand": null}]}