{"image_path": "/home/hyem/workspace/frankmocap_notebooks/images/D9H-eRIROA/scene_00007834.jpg", "body_bbox_list": [[382, 97, 378, 582]], "hand_bbox_list": [{"left_hand": [641.0626831054688, 426.8271484375, 137.2938232421875, 71.610595703125], "right_hand": [359.3231201171875, 429.19775390625, 139.095458984375, 58.902984619140625]}]}