{"image_path": "/home/hyem/workspace/frankmocap_notebooks/images/D9H-eRIROA/scene_00007377.jpg", "body_bbox_list": [[560, 193, 180, 441], [763, 132, 156, 422]], "hand_bbox_list": [{"left_hand": [622.958984375, 373.7802734375, 41.8544921875, 30.764190673828125], "right_hand": [590.4391479492188, 380.60968017578125, 29.84588623046875, 30.933502197265625]}, {"left_hand": null, "right_hand": null}]}