{"image_path": "/home/hyem/workspace/frankmocap_notebooks/images/D9H-eRIROA/scene_00007801.jpg", "body_bbox_list": [[450, 79, 365, 601]], "hand_bbox_list": [{"left_hand": [581.1358642578125, 321.6429748535156, 108.37628173828125, 112.584716796875], "right_hand": [581.1358642578125, 321.6429748535156, 108.37628173828125, 112.584716796875]}]}