{"image_path": "/home/hyem/workspace/frankmocap_notebooks/images/D9H-eRIROA/scene_00004721.jpg", "body_bbox_list": [[543, 193, 191, 441], [746, 209, 156, 353]], "hand_bbox_list": [{"left_hand": [650.4801025390625, 360.39801025390625, 39.81903076171875, 32.4990234375], "right_hand": [548.3467407226562, 339.1969299316406, 31.83984375, 28.697235107421875]}, {"left_hand": null, "right_hand": null}]}