{"image_path": "/home/hyem/workspace/frankmocap_notebooks/images/D9H-eRIROA/scene_00003192.jpg", "body_bbox_list": [[583, 147, 156, 476], [741, 109, 155, 452]], "hand_bbox_list": [{"left_hand": [716.1826171875, 390.9541015625, 28.6995849609375, 35.823272705078125], "right_hand": [585.6787719726562, 370.9249572753906, 26.71240234375, 32.175750732421875]}, {"left_hand": null, "right_hand": null}]}