{"image_path": "/home/hyem/workspace/frankmocap_notebooks/images/D9H-eRIROA/scene_00004430.jpg", "body_bbox_list": [[605, 138, 180, 557]], "hand_bbox_list": [{"left_hand": [779.0416870117188, 146.4873046875, 38.3052978515625, 30.859359741210938], "right_hand": [778.69287109375, 292.50616455078125, 28.1458740234375, 27.521484375]}]}