{"image_path": "/home/hyem/workspace/frankmocap_notebooks/images/D9H-eRIROA/scene_00008178.jpg", "body_bbox_list": [[487, 253, 292, 378], [803, 265, 37, 123]], "hand_bbox_list": [{"left_hand": [691.1486206054688, 327.8627624511719, 30.5693359375, 35.62164306640625], "right_hand": [624.1735229492188, 486.005859375, 33.12322998046875, 29.5137939453125]}, {"left_hand": null, "right_hand": null}]}