{"image_path": "/home/hyem/workspace/frankmocap_notebooks/images/D9H-eRIROA/scene_00007441.jpg", "body_bbox_list": [[549, 211, 156, 422], [771, 171, 118, 310]], "hand_bbox_list": [{"left_hand": [672.525146484375, 383.1799621582031, 30.06927490234375, 30.410980224609375], "right_hand": [617.8673095703125, 371.4147033691406, 33.69793701171875, 31.41778564453125]}, {"left_hand": null, "right_hand": null}]}