{"image_path": "/home/hyem/workspace/frankmocap_notebooks/images/D9H-eRIROA/scene_00005102.jpg", "body_bbox_list": [[468, 152, 223, 484], [679, 103, 155, 458]], "hand_bbox_list": [{"left_hand": [543.9346923828125, 319.48040771484375, 43.6578369140625, 37.33355712890625], "right_hand": [452.27325439453125, 301.6064147949219, 31.141754150390625, 35.347869873046875]}, {"left_hand": null, "right_hand": null}]}