{"image_path": "/home/hyem/workspace/frankmocap_notebooks/images/D9H-eRIROA/scene_00004511.jpg", "body_bbox_list": [[507, 65, 235, 557]], "hand_bbox_list": [{"left_hand": [674.7379150390625, 39.64371109008789, 56.60821533203125, 55.726566314697266], "right_hand": [509.8441162109375, 107.20178985595703, 37.8560791015625, 39.055259704589844]}]}