{"image_path": "/home/hyem/workspace/frankmocap_notebooks/images/D9H-eRIROA/scene_00002063.jpg", "body_bbox_list": [[487, 148, 292, 452]], "hand_bbox_list": [{"left_hand": [747.6888427734375, 287.68011474609375, 35.05474853515625, 50.775634765625], "right_hand": [485.4676513671875, 287.3827819824219, 43.358154296875, 52.300811767578125]}]}