{"image_path": "/home/hyem/workspace/frankmocap_notebooks/images/D9H-eRIROA/scene_00004944.jpg", "body_bbox_list": [[728, 72, 192, 514], [544, 141, 172, 495]], "hand_bbox_list": [{"left_hand": null, "right_hand": null}, {"left_hand": [687.9847412109375, 351.0155944824219, 34.76556396484375, 47.67205810546875], "right_hand": [559.9818115234375, 291.86871337890625, 40.53045654296875, 38.201995849609375]}]}