{"image_path": "/home/hyem/workspace/frankmocap_notebooks/images/D9H-eRIROA/scene_00007090.jpg", "body_bbox_list": [[533, 193, 166, 441]], "hand_bbox_list": [{"left_hand": null, "right_hand": [571.6099243164062, 370.3918762207031, 22.12933349609375, 32.216156005859375]}]}