{"image_path": "/home/hyem/workspace/frankmocap_notebooks/images/D9H-eRIROA/scene_00004352.jpg", "body_bbox_list": [[564, 171, 205, 446]], "hand_bbox_list": [{"left_hand": [757.5913696289062, 241.90887451171875, 29.6055908203125, 32.826812744140625], "right_hand": [576.418701171875, 249.1879119873047, 35.6771240234375, 39.63426208496094]}]}