{"image_path": "/home/hyem/workspace/frankmocap_notebooks/images/D9H-eRIROA/scene_00001857.jpg", "body_bbox_list": [[533, 153, 161, 465], [708, 104, 148, 427]], "hand_bbox_list": [{"left_hand": [668.8707885742188, 375.0545654296875, 27.664794921875, 38.391143798828125], "right_hand": [523.70703125, 312.2709655761719, 31.8187255859375, 34.563812255859375]}, {"left_hand": null, "right_hand": null}]}