{"image_path": "/home/hyem/workspace/frankmocap_notebooks/images/D9H-eRIROA/scene_00006795.jpg", "body_bbox_list": [[481, 112, 310, 508]], "hand_bbox_list": [{"left_hand": [677.0640258789062, 273.7170715332031, 92.9354248046875, 94.72393798828125], "right_hand": [529.9457397460938, 432.658447265625, 76.85858154296875, 89.7950439453125]}]}