{"image_path": "/home/hyem/workspace/frankmocap_notebooks/images/D9H-eRIROA/scene_00008712.jpg", "body_bbox_list": [[572, 159, 156, 464], [761, 125, 99, 346]], "hand_bbox_list": [{"left_hand": [675.6140747070312, 318.56488037109375, 29.03277587890625, 33.482879638671875], "right_hand": [607.172607421875, 312.1077880859375, 33.811767578125, 39.90191650390625]}, {"left_hand": null, "right_hand": null}]}