{"image_path": "/home/hyem/workspace/frankmocap_notebooks/images/D9H-eRIROA/scene_00001442.jpg", "body_bbox_list": [[541, 153, 235, 470]], "hand_bbox_list": [{"left_hand": [717.7503051757812, 227.8621063232422, 35.2396240234375, 23.227493286132812], "right_hand": [554.036865234375, 232.3762969970703, 29.93682861328125, 24.728469848632812]}]}