{"image_path": "/home/hyem/workspace/frankmocap_notebooks/images/D9H-eRIROA/scene_00006311.jpg", "body_bbox_list": [[512, 159, 242, 464], [770, 113, 137, 365]], "hand_bbox_list": [{"left_hand": [644.8489990234375, 248.51437377929688, 47.33062744140625, 39.104888916015625], "right_hand": [579.9339599609375, 250.6518096923828, 47.4822998046875, 36.90110778808594]}, {"left_hand": null, "right_hand": null}]}