{"image_path": "/home/hyem/workspace/frankmocap_notebooks/images/D9H-eRIROA/scene_00008933.jpg", "body_bbox_list": [[561, 134, 167, 525], [797, 72, 167, 278]], "hand_bbox_list": [{"left_hand": [629.99658203125, 284.390380859375, 45.11749267578125, 49.821868896484375], "right_hand": [629.99658203125, 284.390380859375, 45.11749267578125, 49.821868896484375]}, {"left_hand": null, "right_hand": null}]}