{"image_path": "/home/hyem/workspace/frankmocap_notebooks/images/D9H-eRIROA/scene_00001626.jpg", "body_bbox_list": [[567, 171, 148, 446], [760, 115, 129, 446], [848, 198, 25, 105]], "hand_bbox_list": [{"left_hand": [687.5009155273438, 339.2594909667969, 40.29156494140625, 50.59423828125], "right_hand": [563.1144409179688, 341.8623352050781, 33.87506103515625, 45.844207763671875]}, {"left_hand": null, "right_hand": null}, {"left_hand": null, "right_hand": null}]}