{"image_path": "/home/hyem/workspace/frankmocap_notebooks/images/D9H-eRIROA/scene_00002814.jpg", "body_bbox_list": [[453, 189, 297, 432], [706, 180, 186, 248]], "hand_bbox_list": [{"left_hand": [679.365478515625, 346.94171142578125, 33.6248779296875, 44.128509521484375], "right_hand": [456.2713317871094, 374.1717834472656, 31.406768798828125, 37.060333251953125]}, {"left_hand": null, "right_hand": null}]}