{"image_path": "/home/hyem/workspace/frankmocap_notebooks/images/D9H-eRIROA/scene_00009798.jpg", "body_bbox_list": [[91, 99, 346, 539]], "hand_bbox_list": [{"left_hand": [249.3237762451172, 309.98565673828125, 59.09111022949219, 80.41201782226562], "right_hand": null}]}