{"image_path": "/home/hyem/workspace/frankmocap_notebooks/images/D9H-eRIROA/scene_00001280.jpg", "body_bbox_list": [[566, 140, 162, 508]], "hand_bbox_list": [{"left_hand": [704.1085815429688, 423.84320068359375, 27.3319091796875, 50.015167236328125], "right_hand": [563.1906127929688, 382.045654296875, 30.99432373046875, 52.85125732421875]}]}