{"image_path": "/home/hyem/workspace/frankmocap_notebooks/images/D9H-eRIROA/scene_00006477.jpg", "body_bbox_list": [[538, 165, 173, 457], [743, 122, 123, 403]], "hand_bbox_list": [{"left_hand": [641.8040771484375, 256.6296691894531, 35.05474853515625, 45.103759765625], "right_hand": [579.1829833984375, 262.439208984375, 39.04949951171875, 40.494964599609375]}, {"left_hand": null, "right_hand": null}]}