{"image_path": "/home/hyem/workspace/frankmocap_notebooks/images/D9H-eRIROA/scene_00007643.jpg", "body_bbox_list": [[518, 159, 224, 470], [759, 122, 142, 302]], "hand_bbox_list": [{"left_hand": [644.3248291015625, 263.426025390625, 50.6187744140625, 44.005279541015625], "right_hand": [542.7808837890625, 379.3303527832031, 28.5484619140625, 28.4794921875]}, {"left_hand": null, "right_hand": null}]}