{"image_path": "/home/hyem/workspace/frankmocap_notebooks/images/D9H-eRIROA/scene_00004184.jpg", "body_bbox_list": [[512, 218, 248, 414], [763, 177, 156, 321]], "hand_bbox_list": [{"left_hand": null, "right_hand": [578.277099609375, 307.2686462402344, 26.98480224609375, 30.707611083984375]}, {"left_hand": null, "right_hand": null}]}