{"image_path": "/home/hyem/workspace/frankmocap_notebooks/images/D9H-eRIROA/scene_00007608.jpg", "body_bbox_list": [[543, 182, 180, 440], [754, 124, 118, 484]], "hand_bbox_list": [{"left_hand": [647.3549194335938, 321.5473937988281, 34.51702880859375, 32.92681884765625], "right_hand": [535.49560546875, 312.1653747558594, 36.33367919921875, 31.08123779296875]}, {"left_hand": null, "right_hand": null}]}