{"image_path": "/home/hyem/workspace/frankmocap_notebooks/images/D9H-eRIROA/scene_00009711.jpg", "body_bbox_list": [[91, 98, 346, 552]], "hand_bbox_list": [{"left_hand": [248.49403381347656, 310.148193359375, 61.11296081542969, 81.51022338867188], "right_hand": null}]}