{"image_path": "/home/hyem/workspace/frankmocap_notebooks/images/D9H-eRIROA/scene_00003820.jpg", "body_bbox_list": [[748, 176, 242, 340], [554, 176, 180, 441]], "hand_bbox_list": [{"left_hand": null, "right_hand": null}, {"left_hand": [698.1465454101562, 324.9432678222656, 35.4638671875, 39.340362548828125], "right_hand": [559.3568725585938, 362.844970703125, 36.66845703125, 40.23834228515625]}]}