{"image_path": "/home/hyem/workspace/frankmocap_notebooks/images/D9H-eRIROA/scene_00005146.jpg", "body_bbox_list": [[474, 193, 211, 446], [673, 134, 167, 390]], "hand_bbox_list": [{"left_hand": [517.8209228515625, 312.7491455078125, 33.66339111328125, 36.07904052734375], "right_hand": [459.4245910644531, 352.2500305175781, 29.663238525390625, 30.787200927734375]}, {"left_hand": null, "right_hand": null}]}