{"image_path": "/home/hyem/workspace/frankmocap_notebooks/images/D9H-eRIROA/scene_00006523.jpg", "body_bbox_list": [[395, 189, 341, 432]], "hand_bbox_list": [{"left_hand": [725.60986328125, 237.3005828857422, 39.01983642578125, 50.82954406738281], "right_hand": [390.0684814453125, 385.6656799316406, 47.227874755859375, 48.635406494140625]}]}