{"image_path": "/home/hyem/workspace/frankmocap_notebooks/images/D9H-eRIROA/scene_00002649.jpg", "body_bbox_list": [[523, 135, 259, 501]], "hand_bbox_list": [{"left_hand": [563.5451049804688, 140.32005310058594, 56.17828369140625, 29.15631103515625], "right_hand": [554.6276245117188, 407.6544494628906, 32.10626220703125, 37.565521240234375]}]}