{"image_path": "/home/hyem/workspace/frankmocap_notebooks/images/D9H-eRIROA/scene_00001739.jpg", "body_bbox_list": [[745, 111, 180, 408], [573, 169, 142, 484]], "hand_bbox_list": [{"left_hand": null, "right_hand": null}, {"left_hand": [684.2276000976562, 415.23406982421875, 33.3988037109375, 38.269744873046875], "right_hand": [579.2931518554688, 414.013671875, 21.897216796875, 35.480621337890625]}]}