{"image_path": "/home/hyem/workspace/frankmocap_notebooks/images/D9H-eRIROA/scene_00002456.jpg", "body_bbox_list": [[563, 154, 129, 446]], "hand_bbox_list": [{"left_hand": [645.744140625, 313.3813781738281, 36.751220703125, 35.796142578125], "right_hand": [620.484375, 317.1563415527344, 35.4071044921875, 34.264984130859375]}]}