{"image_path": "/home/hyem/workspace/frankmocap_notebooks/images/D9H-eRIROA/scene_00003801.jpg", "body_bbox_list": [[542, 147, 199, 476]], "hand_bbox_list": [{"left_hand": [569.2915649414062, 146.6834716796875, 51.5968017578125, 44.115234375], "right_hand": [592.3955688476562, 423.5735168457031, 24.28839111328125, 27.446014404296875]}]}