{"image_path": "/home/hyem/workspace/frankmocap_notebooks/images/D9H-eRIROA/scene_00007826.jpg", "body_bbox_list": [[422, 97, 360, 576]], "hand_bbox_list": [{"left_hand": [642.0908203125, 366.70166015625, 136.86712646484375, 73.86080932617188], "right_hand": [429.94989013671875, 360.7718505859375, 125.6048583984375, 79.66680908203125]}]}