{"image_path": "/home/hyem/workspace/frankmocap_notebooks/images/D9H-eRIROA/scene_00003302.jpg", "body_bbox_list": [[548, 159, 192, 476]], "hand_bbox_list": [{"left_hand": [734.7482299804688, 198.77186584472656, 30.13232421875, 35.62882995605469], "right_hand": [540.3613891601562, 248.52256774902344, 30.64068603515625, 32.91456604003906]}]}