{"image_path": "/home/hyem/workspace/frankmocap_notebooks/images/D9H-eRIROA/scene_00009476.jpg", "body_bbox_list": [[393, 94, 378, 626]], "hand_bbox_list": [{"left_hand": [629.7758178710938, 111.19651794433594, 88.38031005859375, 118.141845703125], "right_hand": [398.5610046386719, 156.7047119140625, 62.479583740234375, 118.1624755859375]}]}