{"image_path": "/home/hyem/workspace/frankmocap_notebooks/images/D9H-eRIROA/scene_00006623.jpg", "body_bbox_list": [[538, 147, 161, 471], [732, 112, 99, 254]], "hand_bbox_list": [{"left_hand": [677.9176635742188, 240.02737426757812, 36.41888427734375, 39.96490478515625], "right_hand": [573.3477783203125, 239.48330688476562, 36.5040283203125, 39.6575927734375]}, {"left_hand": null, "right_hand": null}]}