{"image_path": "/home/hyem/workspace/frankmocap_notebooks/images/D9H-eRIROA/scene_00006312.jpg", "body_bbox_list": [[513, 159, 234, 464], [735, 118, 161, 242]], "hand_bbox_list": [{"left_hand": [644.0413208007812, 252.15350341796875, 47.5189208984375, 38.981719970703125], "right_hand": [581.1220703125, 254.04005432128906, 47.03875732421875, 37.76713562011719]}, {"left_hand": null, "right_hand": null}]}