{"image_path": "/home/hyem/workspace/frankmocap_notebooks/images/D9H-eRIROA/scene_00004761.jpg", "body_bbox_list": [[544, 193, 167, 441], [742, 131, 142, 441]], "hand_bbox_list": [{"left_hand": [633.6721801757812, 358.4885559082031, 41.08953857421875, 31.991729736328125], "right_hand": [564.0480346679688, 352.8493957519531, 30.84173583984375, 29.415802001953125]}, {"left_hand": null, "right_hand": null}]}