{"image_path": "/home/hyem/workspace/frankmocap_notebooks/images/D9H-eRIROA/scene_00007152.jpg", "body_bbox_list": [[570, 152, 216, 495]], "hand_bbox_list": [{"left_hand": [732.0249633789062, 213.22352600097656, 28.24163818359375, 35.356170654296875], "right_hand": [558.1119384765625, 243.22203063964844, 40.9410400390625, 33.98567199707031]}]}