{"image_path": "/home/hyem/workspace/frankmocap_notebooks/images/D9H-eRIROA/scene_00006387.jpg", "body_bbox_list": [[537, 147, 192, 476], [736, 103, 148, 458]], "hand_bbox_list": [{"left_hand": [635.1800537109375, 262.6065368652344, 48.8258056640625, 39.563385009765625], "right_hand": [573.0374755859375, 264.8324890136719, 48.916015625, 37.74334716796875]}, {"left_hand": null, "right_hand": null}]}