{"image_path": "/home/hyem/workspace/frankmocap_notebooks/images/D9H-eRIROA/scene_00008701.jpg", "body_bbox_list": [[579, 165, 148, 452]], "hand_bbox_list": [{"left_hand": [687.2821044921875, 317.83026123046875, 25.36334228515625, 33.536834716796875], "right_hand": [614.2703247070312, 316.5941467285156, 34.81866455078125, 39.546875]}]}