{"image_path": "/home/hyem/workspace/frankmocap_notebooks/images/D9H-eRIROA/scene_00007475.jpg", "body_bbox_list": [[485, 182, 234, 452], [679, 139, 155, 414]], "hand_bbox_list": [{"left_hand": [551.7396240234375, 373.57147216796875, 40.06658935546875, 36.447784423828125], "right_hand": [498.2522277832031, 367.906494140625, 37.710906982421875, 37.83807373046875]}, {"left_hand": null, "right_hand": null}]}