{"image_path": "/home/hyem/workspace/frankmocap_notebooks/images/D9H-eRIROA/scene_00006000.jpg", "body_bbox_list": [[481, 160, 186, 451], [724, 120, 172, 346]], "hand_bbox_list": [{"left_hand": [559.5892333984375, 266.0616149902344, 43.5601806640625, 37.066009521484375], "right_hand": [474.4273681640625, 282.93560791015625, 34.584320068359375, 37.5472412109375]}, {"left_hand": null, "right_hand": null}]}