{"image_path": "/home/hyem/workspace/frankmocap_notebooks/images/D9H-eRIROA/scene_00003032.jpg", "body_bbox_list": [[507, 146, 235, 484], [721, 104, 223, 321], [827, 181, 112, 99]], "hand_bbox_list": [{"left_hand": [713.809814453125, 331.2266540527344, 29.99169921875, 47.771484375], "right_hand": [509.80078125, 331.4115905761719, 31.559326171875, 43.059844970703125]}, {"left_hand": null, "right_hand": null}, {"left_hand": null, "right_hand": null}]}