{"image_path": "/home/hyem/workspace/frankmocap_notebooks/images/D9H-eRIROA/scene_00004498.jpg", "body_bbox_list": [[512, 236, 253, 383], [743, 199, 224, 327]], "hand_bbox_list": [{"left_hand": [702.1074829101562, 424.3004150390625, 39.667236328125, 38.14886474609375], "right_hand": [530.2591552734375, 409.2466125488281, 35.8343505859375, 38.68011474609375]}, {"left_hand": null, "right_hand": null}]}