{"image_path": "/home/hyem/workspace/frankmocap_notebooks/images/D9H-eRIROA/scene_00002860.jpg", "body_bbox_list": [[506, 171, 254, 451], [769, 114, 167, 216], [828, 176, 105, 99]], "hand_bbox_list": [{"left_hand": [740.2024536132812, 312.34710693359375, 33.784423828125, 41.423614501953125], "right_hand": [501.26165771484375, 292.9775695800781, 35.44403076171875, 34.630645751953125]}, {"left_hand": null, "right_hand": null}, {"left_hand": null, "right_hand": null}]}