{"image_path": "/home/hyem/workspace/frankmocap_notebooks/images/D9H-eRIROA/scene_00008352.jpg", "body_bbox_list": [[751, 101, 186, 501], [543, 157, 180, 513]], "hand_bbox_list": [{"left_hand": null, "right_hand": null}, {"left_hand": [664.3784790039062, 303.99114990234375, 29.99761962890625, 36.517547607421875], "right_hand": [578.142333984375, 291.418701171875, 30.28521728515625, 33.585418701171875]}]}