{"image_path": "/home/hyem/workspace/frankmocap_notebooks/images/D9H-eRIROA/scene_00003226.jpg", "body_bbox_list": [[501, 164, 224, 471]], "hand_bbox_list": [{"left_hand": [700.8643798828125, 202.68002319335938, 28.299072265625, 33.190582275390625], "right_hand": [500.85687255859375, 216.77011108398438, 36.45208740234375, 33.16217041015625]}]}