{"image_path": "/home/hyem/workspace/frankmocap_notebooks/images/D9H-eRIROA/scene_00002400.jpg", "body_bbox_list": [[488, 140, 397, 508], [794, 169, 229, 354]], "hand_bbox_list": [{"left_hand": [608.8414916992188, 150.05819702148438, 59.89593505859375, 36.754241943359375], "right_hand": [499.463623046875, 211.67660522460938, 44.03155517578125, 44.870758056640625]}, {"left_hand": null, "right_hand": null}]}