{"image_path": "/home/hyem/workspace/frankmocap_notebooks/images/D9H-eRIROA/scene_00002935.jpg", "body_bbox_list": [[612, 141, 143, 500], [800, 108, 88, 476]], "hand_bbox_list": [{"left_hand": [739.4171142578125, 388.3282775878906, 20.6605224609375, 32.852569580078125], "right_hand": null}, {"left_hand": null, "right_hand": null}]}