{"image_path": "/home/hyem/workspace/frankmocap_notebooks/images/D9H-eRIROA/scene_00005984.jpg", "body_bbox_list": [[533, 163, 161, 501], [743, 110, 129, 433]], "hand_bbox_list": [{"left_hand": [654.0385131835938, 413.7112121582031, 33.010986328125, 38.16357421875], "right_hand": [535.3750610351562, 399.61370849609375, 34.28973388671875, 36.625823974609375]}, {"left_hand": null, "right_hand": null}]}