{"image_path": "/home/hyem/workspace/frankmocap_notebooks/images/D9H-eRIROA/scene_00007039.jpg", "body_bbox_list": [[497, 176, 311, 458]], "hand_bbox_list": [{"left_hand": [784.367431640625, 205.45729064941406, 29.44091796875, 57.46891784667969], "right_hand": [502.8765563964844, 200.6199493408203, 34.467132568359375, 46.57670593261719]}]}