{"image_path": "/home/hyem/workspace/frankmocap_notebooks/images/D9H-eRIROA/scene_00006492.jpg", "body_bbox_list": [[538, 147, 173, 476], [795, 158, 80, 229]], "hand_bbox_list": [{"left_hand": [647.1947631835938, 133.92391967773438, 40.05706787109375, 36.51225280761719], "right_hand": [520.1607666015625, 181.3574676513672, 45.89202880859375, 36.85552978515625]}, {"left_hand": null, "right_hand": null}]}