{"image_path": "/home/hyem/workspace/frankmocap_notebooks/images/D9H-eRIROA/scene_00007729.jpg", "body_bbox_list": [[519, 159, 199, 464], [729, 116, 173, 427]], "hand_bbox_list": [{"left_hand": [682.5275268554688, 266.1094970703125, 31.056640625, 51.347320556640625], "right_hand": [564.7521362304688, 276.7651672363281, 36.875244140625, 37.759796142578125]}, {"left_hand": null, "right_hand": null}]}