{"image_path": "/home/hyem/workspace/frankmocap_notebooks/images/D9H-eRIROA/scene_00004246.jpg", "body_bbox_list": [[500, 76, 254, 551]], "hand_bbox_list": [{"left_hand": [690.4921875, 58.52730941772461, 53.46258544921875, 54.27260971069336], "right_hand": [505.8961181640625, 97.79541778564453, 40.25787353515625, 48.755287170410156]}]}