{"image_path": "/home/hyem/workspace/frankmocap_notebooks/images/D9H-eRIROA/scene_00000651.jpg", "body_bbox_list": [[359, 114, 379, 576]], "hand_bbox_list": [{"left_hand": [575.5606689453125, 462.6402893066406, 116.43121337890625, 116.43923950195312], "right_hand": [360.59747314453125, 354.82025146484375, 111.29519653320312, 108.83209228515625]}]}