{"image_path": "/home/hyem/workspace/frankmocap_notebooks/images/D9H-eRIROA/scene_00008796.jpg", "body_bbox_list": [[519, 163, 199, 490], [758, 98, 172, 322]], "hand_bbox_list": [{"left_hand": [653.9325561523438, 326.35589599609375, 45.55303955078125, 51.842803955078125], "right_hand": [528.1511840820312, 358.1700744628906, 39.64776611328125, 50.71435546875]}, {"left_hand": null, "right_hand": null}]}