{"image_path": "/home/hyem/workspace/frankmocap_notebooks/images/D9H-eRIROA/scene_00001465.jpg", "body_bbox_list": [[565, 159, 192, 464], [728, 129, 192, 248]], "hand_bbox_list": [{"left_hand": [682.5469970703125, 320.6121520996094, 49.51763916015625, 38.11968994140625], "right_hand": [572.2012329101562, 325.9787902832031, 36.50189208984375, 31.99658203125]}, {"left_hand": null, "right_hand": null}]}