{"image_path": "/home/hyem/workspace/frankmocap_notebooks/images/D9H-eRIROA/scene_00008050.jpg", "body_bbox_list": [[566, 193, 286, 458], [771, 185, 224, 384]], "hand_bbox_list": [{"left_hand": null, "right_hand": [595.1991577148438, 358.76727294921875, 41.1549072265625, 60.345062255859375]}, {"left_hand": null, "right_hand": null}]}