{"image_path": "/home/hyem/workspace/frankmocap_notebooks/images/D9H-eRIROA/scene_00005923.jpg", "body_bbox_list": [[528, 169, 148, 484], [730, 102, 143, 471]], "hand_bbox_list": [{"left_hand": [654.5076293945312, 405.22076416015625, 30.73779296875, 38.7088623046875], "right_hand": [526.9498901367188, 403.3457946777344, 30.118896484375, 35.92718505859375]}, {"left_hand": null, "right_hand": null}]}