{"image_path": "/home/hyem/workspace/frankmocap_notebooks/images/D9H-eRIROA/scene_00008848.jpg", "body_bbox_list": [[484, 170, 253, 465]], "hand_bbox_list": [{"left_hand": [650.87548828125, 283.4540100097656, 46.1529541015625, 39.331573486328125], "right_hand": [483.92047119140625, 341.9795227050781, 41.91998291015625, 51.459259033203125]}]}