{"image_path": "/home/hyem/workspace/frankmocap_notebooks/images/D9H-eRIROA/scene_00009632.jpg", "body_bbox_list": [[86, 98, 346, 558]], "hand_bbox_list": [{"left_hand": [241.76173400878906, 306.5201110839844, 59.09068298339844, 78.85476684570312], "right_hand": null}]}