{"image_path": "/home/hyem/workspace/frankmocap_notebooks/images/D9H-eRIROA/scene_00003795.jpg", "body_bbox_list": [[540, 129, 248, 501], [720, 165, 118, 205]], "hand_bbox_list": [{"left_hand": [574.4429321289062, 134.24728393554688, 42.28106689453125, 26.246047973632812], "right_hand": null}, {"left_hand": null, "right_hand": null}]}