{"image_path": "/home/hyem/workspace/frankmocap_notebooks/images/D9H-eRIROA/scene_00001543.jpg", "body_bbox_list": [[545, 154, 148, 452], [720, 109, 112, 446]], "hand_bbox_list": [{"left_hand": [629.5380249023438, 308.2379150390625, 45.280517578125, 39.22320556640625], "right_hand": [591.210693359375, 301.1846008300781, 44.67962646484375, 39.95819091796875]}, {"left_hand": null, "right_hand": null}]}