{"image_path": "/home/hyem/workspace/frankmocap_notebooks/images/D9H-eRIROA/scene_00004870.jpg", "body_bbox_list": [[537, 117, 310, 508]], "hand_bbox_list": [{"left_hand": [820.9521484375, 79.16744995117188, 40.25286865234375, 62.91950988769531], "right_hand": [501.2033996582031, 327.2244873046875, 54.096038818359375, 28.891815185546875]}]}