{"image_path": "/home/hyem/workspace/frankmocap_notebooks/images/D9H-eRIROA/scene_00007017.jpg", "body_bbox_list": [[543, 171, 191, 446], [747, 109, 143, 440]], "hand_bbox_list": [{"left_hand": [712.25732421875, 382.0022277832031, 27.49786376953125, 36.355072021484375], "right_hand": [545.4813232421875, 382.56976318359375, 25.77081298828125, 30.17730712890625]}, {"left_hand": null, "right_hand": null}]}