{"image_path": "/home/hyem/workspace/frankmocap_notebooks/images/D9H-eRIROA/scene_00009376.jpg", "body_bbox_list": [[451, 236, 335, 484]], "hand_bbox_list": [{"left_hand": [564.4208984375, 544.6763305664062, 68.926513671875, 89.054443359375], "right_hand": [564.4208984375, 544.6763305664062, 68.926513671875, 89.054443359375]}]}