{"image_path": "/home/hyem/workspace/frankmocap_notebooks/images/D9H-eRIROA/scene_00004583.jpg", "body_bbox_list": [[274, 88, 656, 538]], "hand_bbox_list": [{"left_hand": [846.9290161132812, 5.470253944396973, 76.19036865234375, 103.56616973876953], "right_hand": [283.725830078125, 25.633380889892578, 81.60275268554688, 104.45150756835938]}]}