{"image_path": "/home/hyem/workspace/frankmocap_notebooks/images/D9H-eRIROA/scene_00004150.jpg", "body_bbox_list": [[512, 193, 248, 441], [752, 152, 156, 354]], "hand_bbox_list": [{"left_hand": [648.5971069335938, 438.7222595214844, 30.61773681640625, 33.90185546875], "right_hand": [606.8299560546875, 390.7447204589844, 32.0489501953125, 32.666015625]}, {"left_hand": null, "right_hand": null}]}