{"image_path": "/home/hyem/workspace/frankmocap_notebooks/images/D9H-eRIROA/scene_00002333.jpg", "body_bbox_list": [[467, 176, 259, 446], [741, 142, 161, 216]], "hand_bbox_list": [{"left_hand": [681.1079711914062, 371.4048767089844, 40.5460205078125, 33.324920654296875], "right_hand": [467.0559387207031, 211.52310180664062, 33.55230712890625, 38.72169494628906]}, {"left_hand": null, "right_hand": null}]}