{"image_path": "/home/hyem/workspace/frankmocap_notebooks/images/D9H-eRIROA/scene_00003486.jpg", "body_bbox_list": [[542, 160, 216, 451]], "hand_bbox_list": [{"left_hand": [738.7481079101562, 226.10523986816406, 34.911376953125, 37.38380432128906], "right_hand": [557.74267578125, 231.8745574951172, 40.3072509765625, 36.04734802246094]}]}