{"image_path": "/home/hyem/workspace/frankmocap_notebooks/images/D9H-eRIROA/scene_00002563.jpg", "body_bbox_list": [[576, 133, 204, 544]], "hand_bbox_list": [{"left_hand": [671.8168334960938, 122.7816162109375, 50.149658203125, 40.58642578125], "right_hand": [572.6592407226562, 398.9998474121094, 28.90283203125, 42.915924072265625]}]}