{"image_path": "/home/hyem/workspace/frankmocap_notebooks/images/D9H-eRIROA/scene_00005125.jpg", "body_bbox_list": [[548, 135, 186, 501], [762, 79, 180, 495]], "hand_bbox_list": [{"left_hand": [706.1265869140625, 278.1279602050781, 35.70635986328125, 35.281402587890625], "right_hand": [578.1361694335938, 262.7720031738281, 41.72711181640625, 37.63336181640625]}, {"left_hand": null, "right_hand": null}]}