{"image_path": "/home/hyem/workspace/frankmocap_notebooks/images/D9H-eRIROA/scene_00004365.jpg", "body_bbox_list": [[575, 160, 223, 457], [791, 119, 167, 229], [808, 182, 156, 80]], "hand_bbox_list": [{"left_hand": [788.0925903320312, 292.919921875, 30.0677490234375, 34.184417724609375], "right_hand": [588.1188354492188, 271.5417785644531, 29.6265869140625, 38.84283447265625]}, {"left_hand": null, "right_hand": null}, {"left_hand": null, "right_hand": null}]}