{"image_path": "/home/hyem/workspace/frankmocap_notebooks/images/D9H-eRIROA/scene_00000957.jpg", "body_bbox_list": [[566, 134, 167, 520], [395, 174, 93, 7]], "hand_bbox_list": [{"left_hand": [622.7852783203125, 260.3912048339844, 39.766845703125, 53.01885986328125], "right_hand": [622.7852783203125, 260.3912048339844, 39.766845703125, 53.01885986328125]}, {"left_hand": null, "right_hand": null}]}