{"image_path": "/home/hyem/workspace/frankmocap_notebooks/images/D9H-eRIROA/scene_00003367.jpg", "body_bbox_list": [[506, 153, 254, 470], [704, 121, 235, 427]], "hand_bbox_list": [{"left_hand": [742.603271484375, 224.98294067382812, 33.900146484375, 39.438018798828125], "right_hand": [499.54736328125, 230.32492065429688, 37.58453369140625, 40.426239013671875]}, {"left_hand": null, "right_hand": null}]}