{"image_path": "/home/hyem/workspace/frankmocap_notebooks/images/D9H-eRIROA/scene_00005528.jpg", "body_bbox_list": [[466, 182, 278, 446], [648, 128, 229, 397]], "hand_bbox_list": [{"left_hand": [483.777099609375, 328.9195861816406, 35.875732421875, 33.025726318359375], "right_hand": [483.777099609375, 328.9195861816406, 35.875732421875, 33.025726318359375]}, {"left_hand": null, "right_hand": null}]}