{"image_path": "/home/hyem/workspace/frankmocap_notebooks/images/D9H-eRIROA/scene_00001581.jpg", "body_bbox_list": [[523, 146, 242, 490], [794, 168, 105, 148]], "hand_bbox_list": [{"left_hand": [748.052490234375, 294.3695373535156, 36.34600830078125, 44.356475830078125], "right_hand": [520.3457641601562, 277.9599304199219, 30.574951171875, 47.605194091796875]}, {"left_hand": null, "right_hand": null}]}