{"image_path": "/home/hyem/workspace/frankmocap_notebooks/images/D9H-eRIROA/scene_00004838.jpg", "body_bbox_list": [[495, 164, 259, 471]], "hand_bbox_list": [{"left_hand": [738.92138671875, 202.4258270263672, 49.37396240234375, 41.33546447753906], "right_hand": [491.55267333984375, 249.9142303466797, 36.72064208984375, 38.48866271972656]}]}