{"image_path": "/home/hyem/workspace/frankmocap_notebooks/images/D9H-eRIROA/scene_00004919.jpg", "body_bbox_list": [[572, 141, 161, 489], [800, 102, 99, 476]], "hand_bbox_list": [{"left_hand": [710.9498291015625, 359.9420471191406, 29.5404052734375, 49.26971435546875], "right_hand": [652.14013671875, 269.08544921875, 49.44989013671875, 34.3302001953125]}, {"left_hand": null, "right_hand": null}]}