{"image_path": "/home/hyem/workspace/frankmocap_notebooks/images/D9H-eRIROA/scene_00001013.jpg", "body_bbox_list": [[514, 164, 204, 471]], "hand_bbox_list": [{"left_hand": [688.7388916015625, 275.73590087890625, 40.794677734375, 35.912933349609375], "right_hand": [511.18695068359375, 276.86029052734375, 32.57421875, 34.15277099609375]}]}