{"image_path": "/home/hyem/workspace/frankmocap_notebooks/images/D9H-eRIROA/scene_00006675.jpg", "body_bbox_list": [[532, 165, 180, 452], [714, 120, 136, 452]], "hand_bbox_list": [{"left_hand": [638.5740966796875, 316.895263671875, 29.0189208984375, 30.50579833984375], "right_hand": [567.7704467773438, 298.2335205078125, 37.528564453125, 32.89532470703125]}, {"left_hand": null, "right_hand": null}]}