{"image_path": "/home/hyem/workspace/frankmocap_notebooks/images/D9H-eRIROA/scene_00009367.jpg", "body_bbox_list": [[446, 100, 340, 525]], "hand_bbox_list": [{"left_hand": [549.0945434570312, 437.994140625, 71.2979736328125, 73.88583374023438], "right_hand": [549.0945434570312, 437.994140625, 71.2979736328125, 73.88583374023438]}]}