{"image_path": "/home/hyem/workspace/frankmocap_notebooks/images/D9H-eRIROA/scene_00003983.jpg", "body_bbox_list": [[508, 129, 216, 490]], "hand_bbox_list": [{"left_hand": [686.3916625976562, 124.60751342773438, 26.48468017578125, 25.8126220703125], "right_hand": [542.5413818359375, 131.0054473876953, 27.904541015625, 30.052291870117188]}]}