{"image_path": "/home/hyem/workspace/frankmocap_notebooks/images/D9H-eRIROA/scene_00001547.jpg", "body_bbox_list": [[545, 153, 142, 465], [756, 118, 74, 490]], "hand_bbox_list": [{"left_hand": [630.0728759765625, 295.64501953125, 42.14483642578125, 40.41644287109375], "right_hand": [587.1018676757812, 300.9264831542969, 42.21221923828125, 33.9593505859375]}, {"left_hand": null, "right_hand": null}]}