{"image_path": "/home/hyem/workspace/frankmocap_notebooks/images/D9H-eRIROA/scene_00002265.jpg", "body_bbox_list": [[568, 165, 124, 452], [738, 108, 105, 470]], "hand_bbox_list": [{"left_hand": [670.633544921875, 401.5465087890625, 24.68939208984375, 34.81353759765625], "right_hand": [571.6901245117188, 420.2558898925781, 29.9542236328125, 40.7738037109375]}, {"left_hand": null, "right_hand": null}]}