{"image_path": "/home/hyem/workspace/frankmocap_notebooks/images/D9H-eRIROA/scene_00004578.jpg", "body_bbox_list": [[263, 81, 655, 552]], "hand_bbox_list": [{"left_hand": [836.8426513671875, 2.819091796875, 74.2125244140625, 101.8126449584961], "right_hand": [269.1784973144531, 25.396310806274414, 80.24380493164062, 106.9999008178711]}]}