{"image_path": "/home/hyem/workspace/frankmocap_notebooks/images/D9H-eRIROA/scene_00006144.jpg", "body_bbox_list": [[549, 194, 173, 422], [753, 163, 137, 378]], "hand_bbox_list": [{"left_hand": [703.3352661132812, 406.8299255371094, 39.7476806640625, 27.958526611328125], "right_hand": [548.896240234375, 381.0592346191406, 33.6737060546875, 33.126861572265625]}, {"left_hand": null, "right_hand": null}]}