{"image_path": "/home/hyem/workspace/frankmocap_notebooks/images/D9H-eRIROA/scene_00009740.jpg", "body_bbox_list": [[91, 105, 346, 533]], "hand_bbox_list": [{"left_hand": [249.60293579101562, 310.0798645019531, 59.746917724609375, 79.9451904296875], "right_hand": null}]}