{"image_path": "/home/hyem/workspace/frankmocap_notebooks/images/D9H-eRIROA/scene_00006833.jpg", "body_bbox_list": [[484, 112, 248, 608]], "hand_bbox_list": [{"left_hand": [646.7109375, 444.128662109375, 68.1429443359375, 84.09442138671875], "right_hand": [556.2337646484375, 433.4156494140625, 99.23974609375, 56.010986328125]}]}