{"image_path": "/home/hyem/workspace/frankmocap_notebooks/images/D9H-eRIROA/scene_00002804.jpg", "body_bbox_list": [[450, 176, 259, 452], [700, 115, 192, 316]], "hand_bbox_list": [{"left_hand": [685.3922119140625, 342.4486083984375, 32.10089111328125, 41.145782470703125], "right_hand": [448.1645202636719, 372.2995910644531, 32.54034423828125, 38.03704833984375]}, {"left_hand": null, "right_hand": null}]}