{"image_path": "/home/hyem/workspace/frankmocap_notebooks/images/D9H-eRIROA/scene_00005619.jpg", "body_bbox_list": [[602, 146, 242, 490]], "hand_bbox_list": [{"left_hand": [757.908935546875, 140.81549072265625, 43.89898681640625, 52.482147216796875], "right_hand": [596.543212890625, 245.79107666015625, 50.91046142578125, 46.723663330078125]}]}