{"image_path": "/home/hyem/workspace/frankmocap_notebooks/images/D9H-eRIROA/scene_00007863.jpg", "body_bbox_list": [[378, 115, 335, 557]], "hand_bbox_list": [{"left_hand": [593.9318237304688, 405.579833984375, 100.580322265625, 108.478515625], "right_hand": [465.4606628417969, 415.49676513671875, 112.94235229492188, 110.91278076171875]}]}