{"image_path": "/home/hyem/workspace/frankmocap_notebooks/images/D9H-eRIROA/scene_00002242.jpg", "body_bbox_list": [[743, 104, 118, 433], [597, 147, 105, 471]], "hand_bbox_list": [{"left_hand": null, "right_hand": null}, {"left_hand": [603.0803833007812, 317.1325378417969, 36.7601318359375, 34.02099609375], "right_hand": [603.0803833007812, 317.1325378417969, 36.7601318359375, 34.02099609375]}]}