{"image_path": "/home/hyem/workspace/frankmocap_notebooks/images/D9H-eRIROA/scene_00002706.jpg", "body_bbox_list": [[473, 164, 224, 465], [700, 105, 186, 403]], "hand_bbox_list": [{"left_hand": [659.8531494140625, 304.4404602050781, 32.915283203125, 39.267242431640625], "right_hand": [480.3587646484375, 395.9331359863281, 34.6453857421875, 35.52947998046875]}, {"left_hand": null, "right_hand": null}]}