{"image_path": "/home/hyem/workspace/frankmocap_notebooks/images/D9H-eRIROA/scene_00008429.jpg", "body_bbox_list": [[512, 152, 242, 484], [746, 115, 167, 310]], "hand_bbox_list": [{"left_hand": [653.4228515625, 257.4425354003906, 46.87335205078125, 41.461273193359375], "right_hand": [574.388916015625, 255.43751525878906, 40.94781494140625, 51.95173645019531]}, {"left_hand": null, "right_hand": null}]}