{"image_path": "/home/hyem/workspace/frankmocap_notebooks/images/D9H-eRIROA/scene_00001677.jpg", "body_bbox_list": [[545, 189, 148, 421], [765, 145, 112, 408]], "hand_bbox_list": [{"left_hand": [676.4791259765625, 407.5908203125, 22.8096923828125, 46.649200439453125], "right_hand": [552.3666381835938, 421.1126708984375, 32.56903076171875, 33.81427001953125]}, {"left_hand": null, "right_hand": null}]}