{"image_path": "/home/hyem/workspace/frankmocap_notebooks/images/D9H-eRIROA/scene_00008771.jpg", "body_bbox_list": [[550, 163, 148, 495], [812, 103, 69, 75]], "hand_bbox_list": [{"left_hand": [647.8880615234375, 339.8961486816406, 38.7440185546875, 39.6871337890625], "right_hand": [584.5169067382812, 351.59600830078125, 39.5079345703125, 42.548736572265625]}, {"left_hand": null, "right_hand": null}]}