{"image_path": "/home/hyem/workspace/frankmocap_notebooks/images/D9H-eRIROA/scene_00007356.jpg", "body_bbox_list": [[530, 146, 229, 484], [739, 89, 210, 390]], "hand_bbox_list": [{"left_hand": [692.0043334960938, 338.03228759765625, 37.44622802734375, 40.72576904296875], "right_hand": [535.1563720703125, 338.26885986328125, 35.32513427734375, 39.52264404296875]}, {"left_hand": null, "right_hand": null}]}