{"image_path": "/home/hyem/workspace/frankmocap_notebooks/images/D9H-eRIROA/scene_00008130.jpg", "body_bbox_list": [[513, 117, 223, 508]], "hand_bbox_list": [{"left_hand": [714.1007690429688, 99.41624450683594, 50.6630859375, 40.003662109375], "right_hand": [547.887451171875, 135.66494750976562, 34.02886962890625, 33.69987487792969]}]}