{"image_path": "/home/hyem/workspace/frankmocap_notebooks/images/D9H-eRIROA/scene_00001634.jpg", "body_bbox_list": [[562, 171, 148, 446], [730, 179, 143, 379]], "hand_bbox_list": [{"left_hand": [671.5044555664062, 343.5856628417969, 41.710205078125, 49.56549072265625], "right_hand": [562.2076416015625, 339.18524169921875, 32.65087890625, 45.564788818359375]}, {"left_hand": null, "right_hand": null}]}