{"image_path": "/home/hyem/workspace/frankmocap_notebooks/images/D9H-eRIROA/scene_00002615.jpg", "body_bbox_list": [[544, 147, 172, 471], [742, 103, 148, 446]], "hand_bbox_list": [{"left_hand": [688.2555541992188, 334.47674560546875, 35.955810546875, 44.248931884765625], "right_hand": [575.0550537109375, 331.3376770019531, 38.23455810546875, 38.734405517578125]}, {"left_hand": null, "right_hand": null}]}