{"image_path": "/home/hyem/workspace/frankmocap_notebooks/images/D9H-eRIROA/scene_00009656.jpg", "body_bbox_list": [[91, 98, 341, 558]], "hand_bbox_list": [{"left_hand": [246.03109741210938, 306.4920349121094, 60.845550537109375, 80.11090087890625], "right_hand": null}]}