{"image_path": "/home/hyem/workspace/frankmocap_notebooks/images/D9H-eRIROA/scene_00007493.jpg", "body_bbox_list": [[493, 171, 291, 446]], "hand_bbox_list": [{"left_hand": [769.9837646484375, 164.83786010742188, 54.85968017578125, 39.79539489746094], "right_hand": [529.4917602539062, 361.49993896484375, 46.74310302734375, 44.1456298828125]}]}