{"image_path": "/home/hyem/workspace/frankmocap_notebooks/images/D9H-eRIROA/scene_00006995.jpg", "body_bbox_list": [[544, 142, 167, 476], [731, 103, 124, 452]], "hand_bbox_list": [{"left_hand": [685.6651000976562, 393.92205810546875, 25.64013671875, 37.518798828125], "right_hand": [565.232177734375, 388.6242370605469, 30.686767578125, 29.273101806640625]}, {"left_hand": null, "right_hand": null}]}