{"image_path": "/home/hyem/workspace/frankmocap_notebooks/images/D9H-eRIROA/scene_00003050.jpg", "body_bbox_list": [[564, 135, 216, 495], [783, 151, 88, 278], [884, 212, 99, 37]], "hand_bbox_list": [{"left_hand": [595.9169921875, 129.94969177246094, 54.126708984375, 41.046875], "right_hand": null}, {"left_hand": null, "right_hand": null}, {"left_hand": null, "right_hand": null}]}