{"image_path": "/home/hyem/workspace/frankmocap_notebooks/images/D9H-eRIROA/scene_00007614.jpg", "body_bbox_list": [[560, 189, 180, 432], [775, 149, 132, 316], [793, 156, 118, 155]], "hand_bbox_list": [{"left_hand": [711.2603149414062, 316.2416687011719, 35.748291015625, 36.643310546875], "right_hand": [589.7681274414062, 266.364013671875, 42.220947265625, 38.346343994140625]}, {"left_hand": null, "right_hand": null}, {"left_hand": null, "right_hand": null}]}