{"image_path": "/home/hyem/workspace/frankmocap_notebooks/images/D9H-eRIROA/scene_00005967.jpg", "body_bbox_list": [[744, 114, 199, 464], [522, 167, 148, 533], [809, 131, 143, 199], [837, 346, 25, 191]], "hand_bbox_list": [{"left_hand": null, "right_hand": null}, {"left_hand": [595.2642211914062, 389.45928955078125, 37.23236083984375, 42.7906494140625], "right_hand": [505.530517578125, 281.74163818359375, 35.3837890625, 32.316192626953125]}, {"left_hand": null, "right_hand": null}, {"left_hand": null, "right_hand": null}]}