{"image_path": "/home/hyem/workspace/frankmocap_notebooks/images/D9H-eRIROA/scene_00001592.jpg", "body_bbox_list": [[562, 153, 142, 476], [737, 103, 129, 458]], "hand_bbox_list": [{"left_hand": [611.0729370117188, 307.6632995605469, 37.5794677734375, 38.035308837890625], "right_hand": [611.0729370117188, 307.6632995605469, 37.5794677734375, 38.035308837890625]}, {"left_hand": null, "right_hand": null}]}