{"image_path": "/home/hyem/workspace/frankmocap_notebooks/images/D9H-eRIROA/scene_00004577.jpg", "body_bbox_list": [[256, 82, 663, 544]], "hand_bbox_list": [{"left_hand": [839.5289306640625, 3.023030996322632, 70.9632568359375, 94.75141906738281], "right_hand": [265.3808288574219, 23.83604621887207, 76.95904541015625, 109.10092163085938]}]}