{"image_path": "/home/hyem/workspace/frankmocap_notebooks/images/D9H-eRIROA/scene_00002003.jpg", "body_bbox_list": [[504, 147, 286, 465]], "hand_bbox_list": [{"left_hand": [757.2538452148438, 169.21517944335938, 41.97021484375, 54.97650146484375], "right_hand": [507.0907897949219, 164.61427307128906, 37.763763427734375, 52.41740417480469]}]}