{"image_path": "/home/hyem/workspace/frankmocap_notebooks/images/D9H-eRIROA/scene_00005362.jpg", "body_bbox_list": [[419, 126, 422, 569]], "hand_bbox_list": [{"left_hand": [655.5064086914062, 494.2885437011719, 91.12689208984375, 75.58535766601562], "right_hand": [520.6556396484375, 493.3235778808594, 82.57080078125, 96.13320922851562]}]}