{"image_path": "/home/hyem/workspace/frankmocap_notebooks/images/D9H-eRIROA/scene_00000500.jpg", "body_bbox_list": [[395, 97, 346, 588]], "hand_bbox_list": [{"left_hand": [573.1763305664062, 402.26361083984375, 113.313720703125, 113.83758544921875], "right_hand": [461.2549743652344, 383.4398498535156, 128.24844360351562, 128.36993408203125]}]}