{"image_path": "/home/hyem/workspace/frankmocap_notebooks/images/D9H-eRIROA/scene_00002097.jpg", "body_bbox_list": [[555, 145, 161, 509], [789, 101, 93, 501]], "hand_bbox_list": [{"left_hand": [653.559814453125, 341.10833740234375, 44.1922607421875, 46.702392578125], "right_hand": [619.2919311523438, 305.3389587402344, 51.17523193359375, 38.094512939453125]}, {"left_hand": null, "right_hand": null}]}