{"image_path": "/home/hyem/workspace/frankmocap_notebooks/images/D9H-eRIROA/scene_00007799.jpg", "body_bbox_list": [[487, 93, 303, 563]], "hand_bbox_list": [{"left_hand": [601.2521362304688, 303.09649658203125, 89.730712890625, 111.298583984375], "right_hand": [593.3304443359375, 335.3778991699219, 75.318359375, 75.5994873046875]}]}