{"image_path": "/home/hyem/workspace/frankmocap_notebooks/images/D9H-eRIROA/scene_00000590.jpg", "body_bbox_list": [[437, 83, 408, 637]], "hand_bbox_list": [{"left_hand": [624.1610107421875, 471.3203430175781, 101.902099609375, 71.20144653320312], "right_hand": [531.1136474609375, 454.4637145996094, 95.014404296875, 122.29171752929688]}]}