{"image_path": "/home/hyem/workspace/frankmocap_notebooks/images/D9H-eRIROA/scene_00003783.jpg", "body_bbox_list": [[495, 171, 242, 446], [721, 132, 229, 186]], "hand_bbox_list": [{"left_hand": [706.7603759765625, 347.14068603515625, 28.99273681640625, 45.668792724609375], "right_hand": [494.3562927246094, 350.2388000488281, 43.788238525390625, 52.969207763671875]}, {"left_hand": null, "right_hand": null}]}