{"image_path": "/home/hyem/workspace/frankmocap_notebooks/images/D9H-eRIROA/scene_00007186.jpg", "body_bbox_list": [[562, 170, 243, 476]], "hand_bbox_list": [{"left_hand": [796.6091918945312, 275.21978759765625, 34.870361328125, 31.7691650390625], "right_hand": [585.0391845703125, 257.9639892578125, 26.7684326171875, 45.166107177734375]}]}