{"image_path": "/home/hyem/workspace/frankmocap_notebooks/images/D9H-eRIROA/scene_00006940.jpg", "body_bbox_list": [[534, 171, 148, 440], [699, 126, 104, 446]], "hand_bbox_list": [{"left_hand": [591.4744262695312, 325.2467346191406, 39.75396728515625, 30.0889892578125], "right_hand": [567.9312744140625, 350.5985412597656, 32.63580322265625, 34.1611328125]}, {"left_hand": null, "right_hand": null}]}