{"image_path": "/home/hyem/workspace/frankmocap_notebooks/images/D9H-eRIROA/scene_00000742.jpg", "body_bbox_list": [[323, 121, 440, 557]], "hand_bbox_list": [{"left_hand": [529.7018432617188, 379.6217041015625, 114.1834716796875, 92.22613525390625], "right_hand": [423.10211181640625, 362.4012756347656, 113.7265625, 111.70159912109375]}]}