{"image_path": "/home/hyem/workspace/frankmocap_notebooks/images/D9H-eRIROA/scene_00005689.jpg", "body_bbox_list": [[547, 147, 199, 476]], "hand_bbox_list": [{"left_hand": [730.3677368164062, 140.0083465576172, 41.43798828125, 35.252716064453125], "right_hand": [569.2457275390625, 321.7587890625, 51.7415771484375, 40.014190673828125]}]}