{"image_path": "/home/hyem/workspace/frankmocap_notebooks/images/D9H-eRIROA/scene_00002920.jpg", "body_bbox_list": [[806, 101, 199, 484], [587, 159, 199, 481]], "hand_bbox_list": [{"left_hand": null, "right_hand": null}, {"left_hand": [764.419677734375, 363.58172607421875, 32.91937255859375, 40.937652587890625], "right_hand": [605.8353881835938, 319.80035400390625, 41.400146484375, 49.0718994140625]}]}