{"image_path": "/home/hyem/workspace/frankmocap_notebooks/images/D9H-eRIROA/scene_00002752.jpg", "body_bbox_list": [[558, 211, 223, 422], [752, 203, 161, 359]], "hand_bbox_list": [{"left_hand": [706.4093627929688, 392.155517578125, 29.31121826171875, 34.346405029296875], "right_hand": [582.4236450195312, 437.9958190917969, 30.606689453125, 27.006866455078125]}, {"left_hand": null, "right_hand": null}]}