{"image_path": "/home/hyem/workspace/frankmocap_notebooks/images/D9H-eRIROA/scene_00001927.jpg", "body_bbox_list": [[779, 127, 186, 427], [572, 171, 167, 451]], "hand_bbox_list": [{"left_hand": null, "right_hand": null}, {"left_hand": [699.7892456054688, 283.1068115234375, 37.6861572265625, 35.42584228515625], "right_hand": [579.914306640625, 415.253662109375, 20.60931396484375, 32.567413330078125]}]}