{"image_path": "/home/hyem/workspace/frankmocap_notebooks/images/D9H-eRIROA/scene_00004255.jpg", "body_bbox_list": [[572, 147, 161, 476], [752, 102, 156, 471]], "hand_bbox_list": [{"left_hand": [696.184814453125, 381.35546875, 31.8870849609375, 52.880157470703125], "right_hand": [569.8726806640625, 367.65484619140625, 29.89837646484375, 43.130859375]}, {"left_hand": null, "right_hand": null}]}