{"image_path": "/home/hyem/workspace/frankmocap_notebooks/images/D9H-eRIROA/scene_00004187.jpg", "body_bbox_list": [[512, 218, 248, 414], [763, 176, 167, 335]], "hand_bbox_list": [{"left_hand": null, "right_hand": [559.7724609375, 343.2376708984375, 26.51727294921875, 30.56707763671875]}, {"left_hand": null, "right_hand": null}]}