{"image_path": "/home/hyem/workspace/frankmocap_notebooks/images/D9H-eRIROA/scene_00001614.jpg", "body_bbox_list": [[562, 165, 148, 452], [743, 103, 129, 446], [759, 328, 1, 216]], "hand_bbox_list": [{"left_hand": [658.2453002929688, 321.5517578125, 46.13787841796875, 45.11907958984375], "right_hand": [571.8414306640625, 327.5890197753906, 37.3380126953125, 38.411773681640625]}, {"left_hand": null, "right_hand": null}, {"left_hand": null, "right_hand": null}]}