{"image_path": "/home/hyem/workspace/frankmocap_notebooks/images/D9H-eRIROA/scene_00007785.jpg", "body_bbox_list": [[445, 85, 370, 612]], "hand_bbox_list": [{"left_hand": [739.7254028320312, 357.48724365234375, 122.123779296875, 103.06829833984375], "right_hand": [428.1402893066406, 524.7099609375, 69.4581298828125, 84.51080322265625]}]}