{"image_path": "/home/hyem/workspace/frankmocap_notebooks/images/D9H-eRIROA/scene_00005456.jpg", "body_bbox_list": [[535, 141, 229, 495], [774, 81, 156, 457]], "hand_bbox_list": [{"left_hand": [692.9388427734375, 290.4512939453125, 40.5167236328125, 34.77239990234375], "right_hand": [608.5720825195312, 328.2215576171875, 41.39263916015625, 46.786224365234375]}, {"left_hand": null, "right_hand": null}]}