{"image_path": "/home/hyem/workspace/frankmocap_notebooks/images/D9H-eRIROA/scene_00001024.jpg", "body_bbox_list": [[533, 152, 172, 484], [383, 97, 123, 465], [437, 352, 31, 185]], "hand_bbox_list": [{"left_hand": [637.7413330078125, 249.26736450195312, 43.66424560546875, 45.5040283203125], "right_hand": [558.1471557617188, 252.10658264160156, 47.20941162109375, 47.63600158691406]}, {"left_hand": null, "right_hand": null}, {"left_hand": null, "right_hand": null}]}