{"image_path": "/home/hyem/workspace/frankmocap_notebooks/images/D9H-eRIROA/scene_00006215.jpg", "body_bbox_list": [[549, 153, 156, 465], [767, 189, 69, 286]], "hand_bbox_list": [{"left_hand": [682.2215576171875, 381.082275390625, 27.30645751953125, 30.9058837890625], "right_hand": [545.1183471679688, 397.5834045410156, 32.92523193359375, 33.664794921875]}, {"left_hand": null, "right_hand": null}]}