{"image_path": "/home/hyem/workspace/frankmocap_notebooks/images/D9H-eRIROA/scene_00009035.jpg", "body_bbox_list": [[545, 160, 148, 457], [405, 117, 129, 402]], "hand_bbox_list": [{"left_hand": [647.6546630859375, 324.1885070800781, 40.283203125, 28.3095703125], "right_hand": [606.4890747070312, 285.5364990234375, 47.20355224609375, 41.961029052734375]}, {"left_hand": null, "right_hand": null}]}