{"image_path": "/home/hyem/workspace/frankmocap_notebooks/images/D9H-eRIROA/scene_00006483.jpg", "body_bbox_list": [[535, 176, 224, 452], [756, 205, 204, 192]], "hand_bbox_list": [{"left_hand": [648.330810546875, 269.3224792480469, 41.93048095703125, 37.694580078125], "right_hand": [567.8413696289062, 268.8664245605469, 36.91497802734375, 37.17095947265625]}, {"left_hand": null, "right_hand": null}]}