{"image_path": "/home/hyem/workspace/frankmocap_notebooks/images/D9H-eRIROA/scene_00009208.jpg", "body_bbox_list": [[396, 77, 327, 538]], "hand_bbox_list": [{"left_hand": [475.8766174316406, 372.7717590332031, 89.07846069335938, 94.77474975585938], "right_hand": [475.8766174316406, 372.7717590332031, 89.07846069335938, 94.77474975585938]}]}