{"image_path": "/home/hyem/workspace/frankmocap_notebooks/images/D9H-eRIROA/scene_00009239.jpg", "body_bbox_list": [[376, 76, 390, 644]], "hand_bbox_list": [{"left_hand": [673.2733154296875, 358.22479248046875, 78.0897216796875, 107.17108154296875], "right_hand": [379.6552429199219, 335.98260498046875, 86.37881469726562, 96.07659912109375]}]}