{"image_path": "/home/hyem/workspace/frankmocap_notebooks/images/D9H-eRIROA/scene_00008241.jpg", "body_bbox_list": [[470, 212, 297, 408], [817, 177, 99, 180]], "hand_bbox_list": [{"left_hand": [706.1083984375, 371.6395568847656, 30.1390380859375, 26.87396240234375], "right_hand": [681.974853515625, 350.0279541015625, 32.95660400390625, 25.699462890625]}, {"left_hand": null, "right_hand": null}]}