{"image_path": "/home/hyem/workspace/frankmocap_notebooks/images/D9H-eRIROA/scene_00009050.jpg", "body_bbox_list": [[545, 160, 148, 457], [429, 120, 99, 340]], "hand_bbox_list": [{"left_hand": [633.045654296875, 317.739990234375, 42.45050048828125, 33.063629150390625], "right_hand": [604.3609619140625, 308.4734191894531, 31.7117919921875, 39.238006591796875]}, {"left_hand": null, "right_hand": null}]}