{"image_path": "/home/hyem/workspace/frankmocap_notebooks/images/D9H-eRIROA/scene_00007488.jpg", "body_bbox_list": [[483, 171, 266, 451]], "hand_bbox_list": [{"left_hand": [735.352783203125, 195.3952178955078, 30.9019775390625, 46.818328857421875], "right_hand": [542.7775268554688, 336.4643859863281, 41.76220703125, 51.808929443359375]}]}