{"image_path": "/home/hyem/workspace/frankmocap_notebooks/images/D9H-eRIROA/scene_00007476.jpg", "body_bbox_list": [[490, 182, 224, 446], [684, 133, 156, 414]], "hand_bbox_list": [{"left_hand": [598.7223510742188, 376.5737609863281, 36.28173828125, 39.449188232421875], "right_hand": [498.4444274902344, 356.6791076660156, 32.659515380859375, 36.546844482421875]}, {"left_hand": null, "right_hand": null}]}