{"image_path": "/home/hyem/workspace/frankmocap_notebooks/images/D9H-eRIROA/scene_00004353.jpg", "body_bbox_list": [[564, 171, 205, 446]], "hand_bbox_list": [{"left_hand": [758.4691162109375, 238.53253173828125, 29.969970703125, 32.151031494140625], "right_hand": [577.0634765625, 251.3518524169922, 36.5360107421875, 39.64448547363281]}]}