{"image_path": "/home/hyem/workspace/frankmocap_notebooks/images/D9H-eRIROA/scene_00006416.jpg", "body_bbox_list": [[544, 147, 172, 476], [730, 115, 137, 451]], "hand_bbox_list": [{"left_hand": [633.544189453125, 256.4207458496094, 49.9766845703125, 42.8646240234375], "right_hand": [574.5858154296875, 257.3436279296875, 48.7911376953125, 41.912933349609375]}, {"left_hand": null, "right_hand": null}]}