{"image_path": "/home/hyem/workspace/frankmocap_notebooks/images/D9H-eRIROA/scene_00005855.jpg", "body_bbox_list": [[514, 169, 199, 500], [718, 126, 167, 446]], "hand_bbox_list": [{"left_hand": [633.0535888671875, 270.9378967285156, 38.21331787109375, 38.413665771484375], "right_hand": [532.2448120117188, 270.59771728515625, 35.443115234375, 41.228668212890625]}, {"left_hand": null, "right_hand": null}]}