{"image_path": "/home/hyem/workspace/frankmocap_notebooks/images/D9H-eRIROA/scene_00001327.jpg", "body_bbox_list": [[545, 171, 148, 440], [429, 122, 104, 403]], "hand_bbox_list": [{"left_hand": [600.9028930664062, 327.7752685546875, 42.496337890625, 31.583160400390625], "right_hand": [600.9028930664062, 327.7752685546875, 42.496337890625, 31.583160400390625]}, {"left_hand": null, "right_hand": null}]}