{"image_path": "/home/hyem/workspace/frankmocap_notebooks/images/D9H-eRIROA/scene_00009517.jpg", "body_bbox_list": [[0, 85, 354, 601]], "hand_bbox_list": [{"left_hand": [118.2042236328125, 354.9075927734375, 65.75862121582031, 102.24465942382812], "right_hand": null}]}