{"image_path": "/home/hyem/workspace/frankmocap_notebooks/images/D9H-eRIROA/scene_00005920.jpg", "body_bbox_list": [[527, 169, 156, 484], [725, 101, 148, 495]], "hand_bbox_list": [{"left_hand": [656.7360229492188, 403.2774963378906, 33.36346435546875, 38.559478759765625], "right_hand": [528.7288818359375, 403.5860290527344, 30.80987548828125, 36.56097412109375]}, {"left_hand": null, "right_hand": null}]}