{"image_path": "/home/hyem/workspace/frankmocap_notebooks/images/D9H-eRIROA/scene_00003645.jpg", "body_bbox_list": [[583, 146, 161, 490], [775, 97, 137, 470]], "hand_bbox_list": [{"left_hand": [657.1669921875, 303.5102844238281, 37.968017578125, 37.972259521484375], "right_hand": [657.1669921875, 303.5102844238281, 37.968017578125, 37.972259521484375]}, {"left_hand": null, "right_hand": null}]}