{"image_path": "/home/hyem/workspace/frankmocap_notebooks/images/D9H-eRIROA/scene_00003639.jpg", "body_bbox_list": [[573, 152, 142, 484], [772, 107, 104, 484]], "hand_bbox_list": [{"left_hand": [637.9180297851562, 280.2655334472656, 40.97607421875, 43.736236572265625], "right_hand": [637.9180297851562, 280.2655334472656, 40.97607421875, 43.736236572265625]}, {"left_hand": null, "right_hand": null}]}