{"image_path": "/home/hyem/workspace/frankmocap_notebooks/images/D9H-eRIROA/scene_00002513.jpg", "body_bbox_list": [[544, 123, 273, 514]], "hand_bbox_list": [{"left_hand": [593.6468505859375, 138.03115844726562, 35.09063720703125, 23.452285766601562], "right_hand": null}]}