{"image_path": "/home/hyem/workspace/frankmocap_notebooks/images/D9H-eRIROA/scene_00001168.jpg", "body_bbox_list": [[366, 122, 354, 544]], "hand_bbox_list": [{"left_hand": [503.24774169921875, 553.1400146484375, 109.873046875, 93.2423095703125], "right_hand": [404.2108459472656, 337.53692626953125, 126.41659545898438, 101.61746215820312]}]}