{"image_path": "/home/hyem/workspace/frankmocap_notebooks/images/D9H-eRIROA/scene_00002435.jpg", "body_bbox_list": [[544, 152, 167, 489], [754, 111, 129, 403]], "hand_bbox_list": [{"left_hand": [673.3685302734375, 315.8681945800781, 39.42657470703125, 31.697052001953125], "right_hand": [556.0744018554688, 302.45013427734375, 38.77532958984375, 39.558624267578125]}, {"left_hand": null, "right_hand": null}]}