{"image_path": "/home/hyem/workspace/frankmocap_notebooks/images/D9H-eRIROA/scene_00006289.jpg", "body_bbox_list": [[513, 153, 229, 465], [729, 125, 167, 341]], "hand_bbox_list": [{"left_hand": [645.4627075195312, 256.3133850097656, 45.50653076171875, 39.73541259765625], "right_hand": [576.3695678710938, 261.4212951660156, 46.90948486328125, 36.117340087890625]}, {"left_hand": null, "right_hand": null}]}