{"image_path": "/home/hyem/workspace/frankmocap_notebooks/images/D9H-eRIROA/scene_00005381.jpg", "body_bbox_list": [[499, 126, 408, 569]], "hand_bbox_list": [{"left_hand": [705.5714111328125, 450.2308349609375, 98.28399658203125, 70.53460693359375], "right_hand": [537.1174926757812, 486.17999267578125, 87.01959228515625, 79.0992431640625]}]}