{"image_path": "/home/hyem/workspace/frankmocap_notebooks/images/D9H-eRIROA/scene_00003782.jpg", "body_bbox_list": [[484, 165, 253, 446], [717, 118, 180, 248]], "hand_bbox_list": [{"left_hand": [717.1490478515625, 298.6485290527344, 30.29132080078125, 44.59417724609375], "right_hand": [488.6441955566406, 324.7958068847656, 31.005950927734375, 35.514739990234375]}, {"left_hand": null, "right_hand": null}]}