{"image_path": "/home/hyem/workspace/frankmocap_notebooks/images/D9H-eRIROA/scene_00003289.jpg", "body_bbox_list": [[531, 182, 215, 452], [724, 266, 155, 210], [784, 211, 80, 50]], "hand_bbox_list": [{"left_hand": [719.1171264648438, 222.17398071289062, 31.0816650390625, 36.38397216796875], "right_hand": [527.149658203125, 235.159423828125, 36.3502197265625, 35.550628662109375]}, {"left_hand": null, "right_hand": null}, {"left_hand": null, "right_hand": null}]}