{"image_path": "/home/hyem/workspace/frankmocap_notebooks/images/D9H-eRIROA/scene_00004018.jpg", "body_bbox_list": [[561, 150, 167, 538], [772, 180, 99, 248]], "hand_bbox_list": [{"left_hand": [720.5678100585938, 160.15235900878906, 30.36920166015625, 29.413558959960938], "right_hand": [709.1560668945312, 312.3484191894531, 26.6944580078125, 26.898681640625]}, {"left_hand": null, "right_hand": null}]}