{"image_path": "/home/hyem/workspace/frankmocap_notebooks/images/D9H-eRIROA/scene_00006077.jpg", "body_bbox_list": [[549, 147, 162, 471], [725, 112, 142, 384]], "hand_bbox_list": [{"left_hand": [667.3582153320312, 258.60888671875, 34.37396240234375, 37.242156982421875], "right_hand": [545.622802734375, 252.7215118408203, 35.47869873046875, 41.12831115722656]}, {"left_hand": null, "right_hand": null}]}