{"image_path": "/home/hyem/workspace/frankmocap_notebooks/images/D9H-eRIROA/scene_00003877.jpg", "body_bbox_list": [[545, 170, 248, 465]], "hand_bbox_list": [{"left_hand": [758.4985961914062, 206.03359985351562, 33.22247314453125, 38.23236083984375], "right_hand": [532.2112426757812, 257.47991943359375, 39.33551025390625, 37.6319580078125]}]}