{"image_path": "/home/hyem/workspace/frankmocap_notebooks/images/D9H-eRIROA/scene_00003661.jpg", "body_bbox_list": [[740, 103, 180, 458], [566, 141, 162, 495]], "hand_bbox_list": [{"left_hand": null, "right_hand": null}, {"left_hand": [659.9021606445312, 229.0704803466797, 52.2767333984375, 56.26863098144531], "right_hand": [596.3509521484375, 231.4308624267578, 49.89776611328125, 48.56080627441406]}]}