{"image_path": "/home/hyem/workspace/frankmocap_notebooks/images/D9H-eRIROA/scene_00004878.jpg", "body_bbox_list": [[556, 146, 283, 484]], "hand_bbox_list": [{"left_hand": [777.0884399414062, 142.87826538085938, 45.66241455078125, 35.39036560058594], "right_hand": [545.066162109375, 278.6144714355469, 28.818359375, 48.261260986328125]}]}