{"image_path": "/home/hyem/workspace/frankmocap_notebooks/images/D9H-eRIROA/scene_00007301.jpg", "body_bbox_list": [[488, 269, 278, 379], [828, 237, 93, 235]], "hand_bbox_list": [{"left_hand": [695.0845947265625, 396.7620544433594, 24.8587646484375, 39.891632080078125], "right_hand": [634.3681640625, 502.27734375, 29.19561767578125, 25.0216064453125]}, {"left_hand": null, "right_hand": null}]}