{"image_path": "/home/hyem/workspace/frankmocap_notebooks/images/D9H-eRIROA/scene_00001496.jpg", "body_bbox_list": [[596, 159, 118, 464], [748, 124, 118, 354]], "hand_bbox_list": [{"left_hand": [626.1166381835938, 304.27001953125, 39.04217529296875, 36.952667236328125], "right_hand": [626.1166381835938, 304.27001953125, 39.04217529296875, 36.952667236328125]}, {"left_hand": null, "right_hand": null}]}