{"image_path": "/home/hyem/workspace/frankmocap_notebooks/images/D9H-eRIROA/scene_00003418.jpg", "body_bbox_list": [[677, 126, 199, 446], [515, 165, 191, 457]], "hand_bbox_list": [{"left_hand": null, "right_hand": null}, {"left_hand": [689.1741333007812, 271.3348083496094, 34.80670166015625, 34.600616455078125], "right_hand": [517.351806640625, 284.2459411621094, 40.85882568359375, 33.85162353515625]}]}