{"image_path": "/home/hyem/workspace/frankmocap_notebooks/images/D9H-eRIROA/scene_00004984.jpg", "body_bbox_list": [[768, 79, 191, 500], [536, 159, 199, 476]], "hand_bbox_list": [{"left_hand": null, "right_hand": null}, {"left_hand": [727.057861328125, 331.17791748046875, 29.31744384765625, 37.621826171875], "right_hand": [525.319580078125, 307.2585144042969, 33.77020263671875, 36.033416748046875]}]}