{"image_path": "/home/hyem/workspace/frankmocap_notebooks/images/D9H-eRIROA/scene_00007268.jpg", "body_bbox_list": [[472, 124, 248, 500]], "hand_bbox_list": [{"left_hand": [655.7625732421875, 126.10687255859375, 24.796142578125, 26.616683959960938], "right_hand": [549.5653076171875, 156.65957641601562, 34.90411376953125, 33.780792236328125]}]}