{"image_path": "/home/hyem/workspace/frankmocap_notebooks/images/D9H-eRIROA/scene_00006572.jpg", "body_bbox_list": [[538, 147, 161, 471], [726, 100, 112, 514]], "hand_bbox_list": [{"left_hand": [681.4030151367188, 401.17303466796875, 24.6671142578125, 47.35382080078125], "right_hand": [556.3758544921875, 396.6299133300781, 27.304931640625, 38.64556884765625]}, {"left_hand": null, "right_hand": null}]}