{"image_path": "/home/hyem/workspace/frankmocap_notebooks/images/D9H-eRIROA/scene_00009088.jpg", "body_bbox_list": [[318, 94, 557, 626]], "hand_bbox_list": [{"left_hand": [840.7059936523438, 420.7624206542969, 92.5767822265625, 67.539306640625], "right_hand": [252.20880126953125, 408.1914978027344, 100.24716186523438, 71.82919311523438]}]}