{"image_path": "/home/hyem/workspace/frankmocap_notebooks/images/D9H-eRIROA/scene_00007802.jpg", "body_bbox_list": [[438, 79, 390, 601]], "hand_bbox_list": [{"left_hand": [577.1033325195312, 349.6090393066406, 113.234375, 106.13623046875], "right_hand": [577.1033325195312, 349.6090393066406, 113.234375, 106.13623046875]}]}