{"image_path": "/home/hyem/workspace/frankmocap_notebooks/images/D9H-eRIROA/scene_00006524.jpg", "body_bbox_list": [[390, 189, 346, 432]], "hand_bbox_list": [{"left_hand": [720.111572265625, 228.78009033203125, 44.16845703125, 49.40472412109375], "right_hand": [381.6641845703125, 381.6822204589844, 42.81134033203125, 49.995819091796875]}]}