{"image_path": "/home/hyem/workspace/frankmocap_notebooks/images/D9H-eRIROA/scene_00005770.jpg", "body_bbox_list": [[504, 168, 162, 514]], "hand_bbox_list": [{"left_hand": [551.9401245117188, 203.26890563964844, 27.79608154296875, 30.771469116210938], "right_hand": [495.3003845214844, 228.03945922851562, 32.992889404296875, 42.451568603515625]}]}