{"image_path": "/home/hyem/workspace/frankmocap_notebooks/images/D9H-eRIROA/scene_00008421.jpg", "body_bbox_list": [[495, 146, 253, 490], [735, 111, 173, 414]], "hand_bbox_list": [{"left_hand": [644.2061767578125, 257.68487548828125, 47.47607421875, 42.921783447265625], "right_hand": [530.9197387695312, 248.1850128173828, 47.53424072265625, 44.55332946777344]}, {"left_hand": null, "right_hand": null}]}