{"image_path": "/home/hyem/workspace/frankmocap_notebooks/images/D9H-eRIROA/scene_00003586.jpg", "body_bbox_list": [[501, 164, 235, 465], [710, 137, 93, 210]], "hand_bbox_list": [{"left_hand": [678.864990234375, 347.5149841308594, 24.5054931640625, 32.202606201171875], "right_hand": [540.2418823242188, 346.5777282714844, 40.92718505859375, 37.238067626953125]}, {"left_hand": null, "right_hand": null}]}