{"image_path": "/home/hyem/workspace/frankmocap_notebooks/images/D9H-eRIROA/scene_00005175.jpg", "body_bbox_list": [[543, 182, 191, 457], [806, 130, 93, 224]], "hand_bbox_list": [{"left_hand": [713.3954467773438, 322.71868896484375, 31.65802001953125, 33.274627685546875], "right_hand": [645.9518432617188, 311.742431640625, 38.3763427734375, 36.28192138671875]}, {"left_hand": null, "right_hand": null}]}