{"image_path": "/home/hyem/workspace/frankmocap_notebooks/images/D9H-eRIROA/scene_00008911.jpg", "body_bbox_list": [[545, 145, 148, 514], [724, 87, 161, 428]], "hand_bbox_list": [{"left_hand": [651.47705078125, 240.65333557128906, 32.77227783203125, 35.09785461425781], "right_hand": [568.6597900390625, 374.01702880859375, 39.3226318359375, 32.37255859375]}, {"left_hand": null, "right_hand": null}]}