{"image_path": "/home/hyem/workspace/frankmocap_notebooks/images/D9H-eRIROA/scene_00006921.jpg", "body_bbox_list": [[535, 118, 224, 602]], "hand_bbox_list": [{"left_hand": [603.5709228515625, 392.5273742675781, 77.419677734375, 65.16180419921875], "right_hand": [702.6390380859375, 469.18499755859375, 91.237548828125, 72.6175537109375]}]}