{"image_path": "/home/hyem/workspace/frankmocap_notebooks/images/D9H-eRIROA/scene_00009166.jpg", "body_bbox_list": [[487, 94, 297, 626]], "hand_bbox_list": [{"left_hand": [595.451416015625, 439.82122802734375, 80.48504638671875, 69.9588623046875], "right_hand": [580.1497192382812, 435.3811340332031, 66.2950439453125, 59.227752685546875]}]}