{"image_path": "/home/hyem/workspace/frankmocap_notebooks/images/D9H-eRIROA/scene_00006990.jpg", "body_bbox_list": [[544, 142, 161, 481], [726, 103, 129, 452]], "hand_bbox_list": [{"left_hand": [684.2490844726562, 391.72723388671875, 25.90411376953125, 35.428192138671875], "right_hand": [564.2698364257812, 391.9249572753906, 29.01971435546875, 28.025238037109375]}, {"left_hand": null, "right_hand": null}]}