{"image_path": "/home/hyem/workspace/frankmocap_notebooks/images/D9H-eRIROA/scene_00007168.jpg", "body_bbox_list": [[545, 175, 243, 471]], "hand_bbox_list": [{"left_hand": [741.8125610351562, 218.13247680664062, 30.15216064453125, 35.673583984375], "right_hand": [546.3657836914062, 237.2047576904297, 37.60223388671875, 33.22978210449219]}]}