{"image_path": "/home/hyem/workspace/frankmocap_notebooks/images/D9H-eRIROA/scene_00008633.jpg", "body_bbox_list": [[540, 146, 259, 490], [807, 162, 186, 148]], "hand_bbox_list": [{"left_hand": [790.5408325195312, 333.3822937011719, 43.5465087890625, 35.751495361328125], "right_hand": [536.8050537109375, 373.2447204589844, 29.6630859375, 50.707855224609375]}, {"left_hand": null, "right_hand": null}]}