{"image_path": "/home/hyem/workspace/frankmocap_notebooks/images/D9H-eRIROA/scene_00001400.jpg", "body_bbox_list": [[544, 140, 155, 508]], "hand_bbox_list": [{"left_hand": [638.4016723632812, 275.1732177734375, 23.22021484375, 41.62152099609375], "right_hand": [543.5520629882812, 352.97479248046875, 34.83746337890625, 38.744537353515625]}]}