{"image_path": "/home/hyem/workspace/frankmocap_notebooks/images/D9H-eRIROA/scene_00004306.jpg", "body_bbox_list": [[545, 153, 142, 476], [774, 184, 55, 161]], "hand_bbox_list": [{"left_hand": [596.9141235351562, 231.38502502441406, 31.814697265625, 27.272232055664062], "right_hand": [537.7244262695312, 231.8920440673828, 31.76702880859375, 36.16688537597656]}, {"left_hand": null, "right_hand": null}]}