{"image_path": "/home/hyem/workspace/frankmocap_notebooks/images/D9H-eRIROA/scene_00006373.jpg", "body_bbox_list": [[531, 147, 204, 471], [724, 115, 167, 457]], "hand_bbox_list": [{"left_hand": [642.519287109375, 230.03665161132812, 50.4302978515625, 40.579345703125], "right_hand": [563.4832153320312, 231.0479278564453, 47.1722412109375, 43.92369079589844]}, {"left_hand": null, "right_hand": null}]}