{"image_path": "/home/hyem/workspace/frankmocap_notebooks/images/D9H-eRIROA/scene_00008448.jpg", "body_bbox_list": [[519, 176, 216, 458], [754, 142, 118, 340]], "hand_bbox_list": [{"left_hand": [661.8728637695312, 264.4761962890625, 36.9967041015625, 38.993377685546875], "right_hand": [608.974609375, 282.2229919433594, 45.683837890625, 45.284423828125]}, {"left_hand": null, "right_hand": null}]}