{"image_path": "/home/hyem/workspace/frankmocap_notebooks/images/D9H-eRIROA/scene_00003461.jpg", "body_bbox_list": [[567, 160, 148, 451], [743, 103, 123, 446]], "hand_bbox_list": [{"left_hand": [635.2372436523438, 251.2107391357422, 39.605712890625, 37.95381164550781], "right_hand": [607.0736694335938, 271.205078125, 28.2347412109375, 33.89385986328125]}, {"left_hand": null, "right_hand": null}]}