{"image_path": "/home/hyem/workspace/frankmocap_notebooks/images/D9H-eRIROA/scene_00005062.jpg", "body_bbox_list": [[466, 170, 272, 470], [660, 114, 199, 470]], "hand_bbox_list": [{"left_hand": [435.18389892578125, 287.4538269042969, 55.906005859375, 41.59619140625], "right_hand": [435.18389892578125, 287.4538269042969, 55.906005859375, 41.59619140625]}, {"left_hand": null, "right_hand": null}]}