{"image_path": "/home/hyem/workspace/frankmocap_notebooks/images/D9H-eRIROA/scene_00003637.jpg", "body_bbox_list": [[567, 159, 137, 476], [749, 121, 105, 433], [831, 199, 37, 75]], "hand_bbox_list": [{"left_hand": [633.990478515625, 281.4985046386719, 37.73712158203125, 38.6953125], "right_hand": [633.990478515625, 281.4985046386719, 37.73712158203125, 38.6953125]}, {"left_hand": null, "right_hand": null}, {"left_hand": null, "right_hand": null}]}