{"image_path": "/home/hyem/workspace/frankmocap_notebooks/images/D9H-eRIROA/scene_00007655.jpg", "body_bbox_list": [[449, 159, 278, 470], [718, 122, 161, 408]], "hand_bbox_list": [{"left_hand": [627.7977905273438, 254.1086883544922, 50.34332275390625, 43.68287658691406], "right_hand": [439.11737060546875, 236.88580322265625, 43.138763427734375, 48.4227294921875]}, {"left_hand": null, "right_hand": null}]}