{"image_path": "/home/hyem/workspace/frankmocap_notebooks/images/D9H-eRIROA/scene_00009754.jpg", "body_bbox_list": [[91, 105, 346, 533]], "hand_bbox_list": [{"left_hand": [249.87857055664062, 311.0738830566406, 59.499237060546875, 79.341796875], "right_hand": null}]}