{"image_path": "/home/hyem/workspace/frankmocap_notebooks/images/D9H-eRIROA/scene_00003718.jpg", "body_bbox_list": [[596, 160, 113, 446], [726, 141, 129, 359], [814, 208, 26, 124]], "hand_bbox_list": [{"left_hand": [649.0279541015625, 362.7716064453125, 39.37725830078125, 35.06060791015625], "right_hand": [649.0279541015625, 362.7716064453125, 39.37725830078125, 35.06060791015625]}, {"left_hand": null, "right_hand": null}, {"left_hand": null, "right_hand": null}]}