{"image_path": "/home/hyem/workspace/frankmocap_notebooks/images/D9H-eRIROA/scene_00009275.jpg", "body_bbox_list": [[498, 94, 297, 626]], "hand_bbox_list": [{"left_hand": [623.4344482421875, 430.13031005859375, 78.791259765625, 64.1827392578125], "right_hand": [623.4344482421875, 430.13031005859375, 78.791259765625, 64.1827392578125]}]}