{"image_path": "/home/hyem/workspace/frankmocap_notebooks/images/D9H-eRIROA/scene_00006399.jpg", "body_bbox_list": [[544, 147, 172, 476], [777, 104, 94, 422]], "hand_bbox_list": [{"left_hand": [653.826171875, 244.91964721679688, 37.10137939453125, 38.536163330078125], "right_hand": [571.5372314453125, 250.87350463867188, 33.1844482421875, 36.381378173828125]}, {"left_hand": null, "right_hand": null}]}