{"image_path": "/home/hyem/workspace/frankmocap_notebooks/images/D9H-eRIROA/scene_00003683.jpg", "body_bbox_list": [[493, 160, 297, 457], [722, 125, 204, 229]], "hand_bbox_list": [{"left_hand": [779.904296875, 343.7123718261719, 38.83941650390625, 37.13916015625], "right_hand": [491.1426086425781, 362.5204772949219, 25.994232177734375, 43.99090576171875]}, {"left_hand": null, "right_hand": null}]}