{"image_path": "/home/hyem/workspace/frankmocap_notebooks/images/D9H-eRIROA/scene_00004719.jpg", "body_bbox_list": [[560, 188, 185, 446], [814, 206, 31, 156]], "hand_bbox_list": [{"left_hand": [689.2737426757812, 356.78955078125, 37.1072998046875, 31.79608154296875], "right_hand": [598.0550537109375, 339.56744384765625, 39.99853515625, 31.574462890625]}, {"left_hand": null, "right_hand": null}]}