{"image_path": "/home/hyem/workspace/frankmocap_notebooks/images/D9H-eRIROA/scene_00001533.jpg", "body_bbox_list": [[562, 148, 142, 458], [720, 110, 118, 433], [748, 334, 12, 199]], "hand_bbox_list": [{"left_hand": [645.1096801757812, 301.91595458984375, 33.0328369140625, 32.1953125], "right_hand": [607.61474609375, 300.850830078125, 35.8582763671875, 32.708160400390625]}, {"left_hand": null, "right_hand": null}, {"left_hand": null, "right_hand": null}]}