{"image_path": "/home/hyem/workspace/frankmocap_notebooks/images/D9H-eRIROA/scene_00003881.jpg", "body_bbox_list": [[540, 170, 253, 465]], "hand_bbox_list": [{"left_hand": [765.4906616210938, 216.1484375, 33.94415283203125, 40.0465087890625], "right_hand": [527.0802612304688, 251.15708923339844, 38.979736328125, 37.44874572753906]}]}