{"image_path": "/home/hyem/workspace/frankmocap_notebooks/images/D9H-eRIROA/scene_00001875.jpg", "body_bbox_list": [[545, 165, 148, 452], [718, 122, 156, 414]], "hand_bbox_list": [{"left_hand": [669.8757934570312, 394.8692626953125, 28.0513916015625, 39.000518798828125], "right_hand": [570.3987426757812, 299.94183349609375, 36.04144287109375, 35.7484130859375]}, {"left_hand": null, "right_hand": null}]}