{"image_path": "/home/hyem/workspace/frankmocap_notebooks/images/D9H-eRIROA/scene_00009534.jpg", "body_bbox_list": [[11, 86, 378, 582]], "hand_bbox_list": [{"left_hand": [168.08346557617188, 328.38861083984375, 78.83123779296875, 91.9495849609375], "right_hand": null}]}