{"image_path": "/home/hyem/workspace/frankmocap_notebooks/images/D9H-eRIROA/scene_00002661.jpg", "body_bbox_list": [[519, 159, 216, 464]], "hand_bbox_list": [{"left_hand": [656.2593383789062, 252.3760223388672, 37.84246826171875, 39.70582580566406], "right_hand": [539.0218505859375, 362.2432556152344, 34.86492919921875, 31.9788818359375]}]}