{"image_path": "/home/hyem/workspace/frankmocap_notebooks/images/D9H-eRIROA/scene_00005973.jpg", "body_bbox_list": [[722, 110, 210, 421], [534, 168, 148, 519], [864, 185, 61, 148]], "hand_bbox_list": [{"left_hand": null, "right_hand": null}, {"left_hand": [611.2939453125, 385.15679931640625, 36.92578125, 43.07135009765625], "right_hand": [518.1903076171875, 295.6591491699219, 33.348388671875, 35.66851806640625]}, {"left_hand": null, "right_hand": null}]}