{"image_path": "/home/hyem/workspace/frankmocap_notebooks/images/D9H-eRIROA/scene_00000531.jpg", "body_bbox_list": [[355, 121, 353, 563], [774, 315, 173, 12]], "hand_bbox_list": [{"left_hand": [535.1593627929688, 501.4642333984375, 95.98883056640625, 97.77435302734375], "right_hand": [454.5469665527344, 485.77935791015625, 96.25656127929688, 91.806640625]}, {"left_hand": null, "right_hand": null}]}