{"image_path": "/home/hyem/workspace/frankmocap_notebooks/images/D9H-eRIROA/scene_00007545.jpg", "body_bbox_list": [[775, 101, 273, 495], [567, 172, 148, 533]], "hand_bbox_list": [{"left_hand": null, "right_hand": null}, {"left_hand": [662.8490600585938, 384.7353820800781, 41.28790283203125, 37.163665771484375], "right_hand": [550.4444580078125, 351.27386474609375, 37.7620849609375, 39.59295654296875]}]}