{"image_path": "/home/hyem/workspace/frankmocap_notebooks/images/D9H-eRIROA/scene_00005185.jpg", "body_bbox_list": [[495, 176, 259, 458], [827, 125, 112, 234]], "hand_bbox_list": [{"left_hand": [733.8110961914062, 317.1210632324219, 32.58917236328125, 31.701385498046875], "right_hand": [665.9921264648438, 302.3799133300781, 39.54779052734375, 34.96923828125]}, {"left_hand": null, "right_hand": null}]}