{"image_path": "/home/hyem/workspace/frankmocap_notebooks/images/D9H-eRIROA/scene_00005851.jpg", "body_bbox_list": [[538, 173, 167, 509], [729, 126, 162, 457]], "hand_bbox_list": [{"left_hand": [652.031494140625, 296.2966613769531, 30.60284423828125, 36.05841064453125], "right_hand": [529.7418212890625, 293.38287353515625, 34.19952392578125, 39.2421875]}, {"left_hand": null, "right_hand": null}]}