{"image_path": "/home/hyem/workspace/frankmocap_notebooks/images/D9H-eRIROA/scene_00004854.jpg", "body_bbox_list": [[562, 153, 248, 476]], "hand_bbox_list": [{"left_hand": [791.4908447265625, 125.15872192382812, 43.15594482421875, 49.71788024902344], "right_hand": [557.1465454101562, 310.7098693847656, 35.91510009765625, 51.190948486328125]}]}