{"image_path": "/home/hyem/workspace/frankmocap_notebooks/images/D9H-eRIROA/scene_00006037.jpg", "body_bbox_list": [[724, 126, 172, 446], [535, 173, 117, 509]], "hand_bbox_list": [{"left_hand": null, "right_hand": null}, {"left_hand": [566.6620483398438, 231.8629913330078, 30.23828125, 29.681900024414062], "right_hand": [522.6841430664062, 246.34994506835938, 31.69189453125, 36.38055419921875]}]}