{"image_path": "/home/hyem/workspace/frankmocap_notebooks/images/D9H-eRIROA/scene_00007526.jpg", "body_bbox_list": [[472, 147, 248, 476], [777, 112, 94, 260], [862, 145, 93, 37]], "hand_bbox_list": [{"left_hand": [614.7310180664062, 208.68894958496094, 41.3114013671875, 36.20256042480469], "right_hand": [445.9439392089844, 272.43450927734375, 42.5477294921875, 48.97259521484375]}, {"left_hand": null, "right_hand": null}, {"left_hand": null, "right_hand": null}]}