{"image_path": "/home/hyem/workspace/frankmocap_notebooks/images/D9H-eRIROA/scene_00007400.jpg", "body_bbox_list": [[549, 206, 173, 427], [775, 148, 132, 441]], "hand_bbox_list": [{"left_hand": [632.7039794921875, 375.3023376464844, 39.0413818359375, 35.580474853515625], "right_hand": [541.8526611328125, 353.7514953613281, 32.33367919921875, 29.270263671875]}, {"left_hand": null, "right_hand": null}]}