{"image_path": "/home/hyem/workspace/frankmocap_notebooks/images/D9H-eRIROA/scene_00005450.jpg", "body_bbox_list": [[560, 135, 180, 501], [788, 83, 129, 509], [881, 181, 50, 105]], "hand_bbox_list": [{"left_hand": [692.1051025390625, 315.3387451171875, 33.6883544921875, 35.6895751953125], "right_hand": [675.0787353515625, 328.11407470703125, 44.27392578125, 29.31256103515625]}, {"left_hand": null, "right_hand": null}, {"left_hand": null, "right_hand": null}]}