{"image_path": "/home/hyem/workspace/frankmocap_notebooks/images/D9H-eRIROA/scene_00008766.jpg", "body_bbox_list": [[533, 145, 172, 514], [747, 72, 148, 408]], "hand_bbox_list": [{"left_hand": [634.3444213867188, 312.2935485839844, 35.36968994140625, 36.6295166015625], "right_hand": [594.3036499023438, 317.88311767578125, 45.06365966796875, 37.05316162109375]}, {"left_hand": null, "right_hand": null}]}