{"image_path": "/home/hyem/workspace/frankmocap_notebooks/images/D9H-eRIROA/scene_00004479.jpg", "body_bbox_list": [[512, 236, 248, 383], [746, 259, 162, 259]], "hand_bbox_list": [{"left_hand": [708.2319946289062, 456.17120361328125, 24.64794921875, 29.11773681640625], "right_hand": [543.3875732421875, 441.2970886230469, 24.49774169921875, 29.735809326171875]}, {"left_hand": null, "right_hand": null}]}