{"image_path": "/home/hyem/workspace/frankmocap_notebooks/images/D9H-eRIROA/scene_00002660.jpg", "body_bbox_list": [[518, 159, 224, 470]], "hand_bbox_list": [{"left_hand": [653.8516235351562, 233.45375061035156, 38.4439697265625, 38.86137390136719], "right_hand": [539.7560424804688, 361.7992858886719, 27.69781494140625, 31.557891845703125]}]}