{"image_path": "/home/hyem/workspace/frankmocap_notebooks/images/D9H-eRIROA/scene_00003432.jpg", "body_bbox_list": [[567, 154, 148, 457], [726, 109, 129, 452]], "hand_bbox_list": [{"left_hand": [627.6865844726562, 295.5015869140625, 47.6112060546875, 45.666900634765625], "right_hand": [597.7799072265625, 276.0935363769531, 44.26995849609375, 40.822967529296875]}, {"left_hand": null, "right_hand": null}]}