{"image_path": "/home/hyem/workspace/frankmocap_notebooks/images/D9H-eRIROA/scene_00006254.jpg", "body_bbox_list": [[542, 153, 204, 470], [741, 104, 167, 422]], "hand_bbox_list": [{"left_hand": [643.869140625, 255.30889892578125, 50.37908935546875, 43.99627685546875], "right_hand": [550.1192626953125, 383.1856994628906, 29.34454345703125, 37.0303955078125]}, {"left_hand": null, "right_hand": null}]}