{"image_path": "/home/hyem/workspace/frankmocap_notebooks/images/D9H-eRIROA/scene_00009021.jpg", "body_bbox_list": [[544, 159, 161, 464], [400, 107, 129, 371]], "hand_bbox_list": [{"left_hand": [617.5044555664062, 316.77960205078125, 43.6669921875, 38.879302978515625], "right_hand": [576.73681640625, 236.9934844970703, 47.44561767578125, 46.15794372558594]}, {"left_hand": null, "right_hand": null}]}