{"image_path": "/home/hyem/workspace/frankmocap_notebooks/images/D9H-eRIROA/scene_00003149.jpg", "body_bbox_list": [[551, 170, 242, 465]], "hand_bbox_list": [{"left_hand": [746.1773071289062, 183.4452362060547, 27.9375, 34.72752380371094], "right_hand": [554.2213745117188, 211.8806915283203, 27.6619873046875, 22.668991088867188]}]}