{"image_path": "/home/hyem/workspace/frankmocap_notebooks/images/D9H-eRIROA/scene_00006668.jpg", "body_bbox_list": [[497, 165, 199, 452]], "hand_bbox_list": [{"left_hand": [645.4092407226562, 242.79916381835938, 38.17437744140625, 36.61810302734375], "right_hand": [489.15960693359375, 265.79644775390625, 44.57403564453125, 54.704193115234375]}]}