{"image_path": "/home/hyem/workspace/frankmocap_notebooks/images/D9H-eRIROA/scene_00006763.jpg", "body_bbox_list": [[319, 80, 538, 582]], "hand_bbox_list": [{"left_hand": [826.271240234375, 307.57098388671875, 67.5767822265625, 96.22354125976562], "right_hand": [301.6155090332031, 332.1204833984375, 62.23504638671875, 115.70388793945312]}]}