{"image_path": "/home/hyem/workspace/frankmocap_notebooks/images/D9H-eRIROA/scene_00009301.jpg", "body_bbox_list": [[441, 94, 310, 626]], "hand_bbox_list": [{"left_hand": [536.662353515625, 440.6651916503906, 84.89617919921875, 71.15643310546875], "right_hand": [536.662353515625, 440.6651916503906, 84.89617919921875, 71.15643310546875]}]}