{"image_path": "/home/hyem/workspace/frankmocap_notebooks/images/D9H-eRIROA/scene_00003077.jpg", "body_bbox_list": [[575, 164, 234, 465], [793, 119, 124, 353]], "hand_bbox_list": [{"left_hand": null, "right_hand": [604.2613525390625, 375.94976806640625, 39.28228759765625, 35.1412353515625]}, {"left_hand": null, "right_hand": null}]}