{"image_path": "/home/hyem/workspace/frankmocap_notebooks/images/D9H-eRIROA/scene_00004921.jpg", "body_bbox_list": [[566, 146, 167, 484], [800, 102, 88, 471]], "hand_bbox_list": [{"left_hand": [714.9230346679688, 365.57257080078125, 30.3834228515625, 50.42291259765625], "right_hand": [635.9418334960938, 281.29962158203125, 44.17694091796875, 35.540679931640625]}, {"left_hand": null, "right_hand": null}]}