{"image_path": "/home/hyem/workspace/frankmocap_notebooks/images/D9H-eRIROA/scene_00001720.jpg", "body_bbox_list": [[769, 102, 172, 465], [578, 165, 161, 457], [874, 190, 75, 143], [770, 351, 18, 210]], "hand_bbox_list": [{"left_hand": null, "right_hand": null}, {"left_hand": [703.9095458984375, 368.0412292480469, 35.9139404296875, 43.677764892578125], "right_hand": null}, {"left_hand": null, "right_hand": null}, {"left_hand": null, "right_hand": null}]}