{"image_path": "/home/hyem/workspace/frankmocap_notebooks/images/D9H-eRIROA/scene_00004512.jpg", "body_bbox_list": [[507, 65, 235, 557]], "hand_bbox_list": [{"left_hand": [672.6778564453125, 43.144859313964844, 56.10467529296875, 52.278968811035156], "right_hand": [504.8213195800781, 106.929443359375, 42.093841552734375, 43.91862487792969]}]}