{"image_path": "/home/hyem/workspace/frankmocap_notebooks/images/D9H-eRIROA/scene_00008962.jpg", "body_bbox_list": [[544, 127, 155, 533]], "hand_bbox_list": [{"left_hand": [560.6468505859375, 299.0311279296875, 54.89202880859375, 73.02386474609375], "right_hand": [564.6839599609375, 345.6573181152344, 45.87213134765625, 26.738616943359375]}]}