{"image_path": "/home/hyem/workspace/frankmocap_notebooks/images/D9H-eRIROA/scene_00001077.jpg", "body_bbox_list": [[548, 140, 186, 508]], "hand_bbox_list": [{"left_hand": [667.2900390625, 265.7529602050781, 45.3408203125, 44.5869140625], "right_hand": [569.8634033203125, 266.8293151855469, 48.86566162109375, 45.873260498046875]}]}