{"image_path": "/home/hyem/workspace/frankmocap_notebooks/images/D9H-eRIROA/scene_00002399.jpg", "body_bbox_list": [[500, 146, 389, 501], [776, 162, 248, 397]], "hand_bbox_list": [{"left_hand": [604.6202392578125, 151.1597900390625, 57.20684814453125, 30.21759033203125], "right_hand": [511.2880859375, 207.25045776367188, 45.925537109375, 42.30567932128906]}, {"left_hand": null, "right_hand": null}]}