{"image_path": "/home/hyem/workspace/frankmocap_notebooks/images/D9H-eRIROA/scene_00006462.jpg", "body_bbox_list": [[544, 153, 167, 465], [730, 109, 132, 440]], "hand_bbox_list": [{"left_hand": [629.873046875, 259.4478454589844, 48.9478759765625, 41.624053955078125], "right_hand": [582.4137573242188, 259.5072021484375, 41.767822265625, 42.302764892578125]}, {"left_hand": null, "right_hand": null}]}