{"image_path": "/home/hyem/workspace/frankmocap_notebooks/images/D9H-eRIROA/scene_00006631.jpg", "body_bbox_list": [[532, 153, 180, 470], [729, 112, 156, 248]], "hand_bbox_list": [{"left_hand": [676.9140625, 227.99566650390625, 50.6514892578125, 56.347198486328125], "right_hand": [523.4354858398438, 244.8642120361328, 47.01849365234375, 50.40007019042969]}, {"left_hand": null, "right_hand": null}]}