{"image_path": "/home/hyem/workspace/frankmocap_notebooks/images/D9H-eRIROA/scene_00008883.jpg", "body_bbox_list": [[544, 134, 167, 525], [764, 90, 148, 501]], "hand_bbox_list": [{"left_hand": [603.8003540039062, 286.7023620605469, 51.95965576171875, 48.03289794921875], "right_hand": [598.342529296875, 339.1739501953125, 41.0738525390625, 39.10693359375]}, {"left_hand": null, "right_hand": null}]}