{"image_path": "/home/hyem/workspace/frankmocap_notebooks/images/D9H-eRIROA/scene_00007330.jpg", "body_bbox_list": [[488, 211, 278, 433], [787, 170, 254, 223]], "hand_bbox_list": [{"left_hand": [690.3840942382812, 288.4345397949219, 48.3857421875, 51.114349365234375], "right_hand": [483.1151123046875, 296.3235168457031, 49.58599853515625, 45.8721923828125]}, {"left_hand": null, "right_hand": null}]}