{"image_path": "/home/hyem/workspace/frankmocap_notebooks/images/D9H-eRIROA/scene_00006636.jpg", "body_bbox_list": [[514, 159, 199, 464]], "hand_bbox_list": [{"left_hand": [685.9901123046875, 235.0740509033203, 40.177490234375, 51.34165954589844], "right_hand": [509.17132568359375, 243.19342041015625, 41.64794921875, 51.42059326171875]}]}