{"image_path": "/home/hyem/workspace/frankmocap_notebooks/images/D9H-eRIROA/scene_00008958.jpg", "body_bbox_list": [[544, 127, 161, 528]], "hand_bbox_list": [{"left_hand": [605.69970703125, 254.71353149414062, 41.74658203125, 46.511993408203125], "right_hand": [544.7855834960938, 380.4208068847656, 34.54022216796875, 43.39691162109375]}]}