{"image_path": "/home/hyem/workspace/frankmocap_notebooks/images/D9H-eRIROA/scene_00006991.jpg", "body_bbox_list": [[544, 142, 161, 476], [725, 103, 137, 452]], "hand_bbox_list": [{"left_hand": [686.5142822265625, 391.49908447265625, 24.55657958984375, 36.309661865234375], "right_hand": [564.6619873046875, 390.74700927734375, 28.143798828125, 28.021514892578125]}, {"left_hand": null, "right_hand": null}]}