{"image_path": "/home/hyem/workspace/frankmocap_notebooks/images/D9H-eRIROA/scene_00009188.jpg", "body_bbox_list": [[441, 89, 327, 520]], "hand_bbox_list": [{"left_hand": [558.626220703125, 430.44671630859375, 79.15777587890625, 74.509765625], "right_hand": [558.626220703125, 430.44671630859375, 79.15777587890625, 74.509765625]}]}