{"image_path": "/home/hyem/workspace/frankmocap_notebooks/images/D9H-eRIROA/scene_00001295.jpg", "body_bbox_list": [[353, 116, 172, 432], [556, 152, 137, 495]], "hand_bbox_list": [{"left_hand": null, "right_hand": null}, {"left_hand": [641.8872680664062, 375.98333740234375, 38.3134765625, 39.860809326171875], "right_hand": [575.27490234375, 377.7964782714844, 36.82501220703125, 39.806884765625]}]}