{"image_path": "/home/hyem/workspace/frankmocap_notebooks/images/D9H-eRIROA/scene_00002479.jpg", "body_bbox_list": [[519, 148, 216, 452], [772, 120, 104, 199], [760, 179, 117, 148]], "hand_bbox_list": [{"left_hand": [714.888916015625, 335.865966796875, 30.4747314453125, 49.43115234375], "right_hand": [514.3903198242188, 320.2291259765625, 38.80035400390625, 49.613555908203125]}, {"left_hand": null, "right_hand": null}, {"left_hand": null, "right_hand": null}]}