{"image_path": "/home/hyem/workspace/frankmocap_notebooks/images/D9H-eRIROA/scene_00000733.jpg", "body_bbox_list": [[378, 115, 335, 557]], "hand_bbox_list": [{"left_hand": [449.30047607421875, 489.0646057128906, 98.75384521484375, 101.63705444335938], "right_hand": [428.0765380859375, 463.5950927734375, 79.08938598632812, 91.00146484375]}]}