{"image_path": "/home/hyem/workspace/frankmocap_notebooks/images/D9H-eRIROA/scene_00002571.jpg", "body_bbox_list": [[544, 162, 155, 508], [773, 183, 69, 191]], "hand_bbox_list": [{"left_hand": [675.8787841796875, 402.23199462890625, 21.0989990234375, 43.01947021484375], "right_hand": [549.9494018554688, 388.62384033203125, 39.72314453125, 34.47882080078125]}, {"left_hand": null, "right_hand": null}]}