{"image_path": "/home/hyem/workspace/frankmocap_notebooks/images/D9H-eRIROA/scene_00004978.jpg", "body_bbox_list": [[751, 83, 191, 509], [532, 164, 191, 471], [805, 109, 129, 210]], "hand_bbox_list": [{"left_hand": null, "right_hand": null}, {"left_hand": [707.98193359375, 345.4397888183594, 29.9505615234375, 38.7042236328125], "right_hand": [524.085693359375, 308.6980895996094, 34.15533447265625, 36.08477783203125]}, {"left_hand": null, "right_hand": null}]}