{"image_path": "/home/hyem/workspace/frankmocap_notebooks/images/D9H-eRIROA/scene_00008199.jpg", "body_bbox_list": [[493, 212, 291, 414], [877, 233, 148, 192]], "hand_bbox_list": [{"left_hand": [720.4498901367188, 257.43994140625, 43.38580322265625, 53.49951171875], "right_hand": [506.3775329589844, 253.17303466796875, 47.095489501953125, 49.304779052734375]}, {"left_hand": null, "right_hand": null}]}