{"image_path": "/home/hyem/workspace/frankmocap_notebooks/images/D9H-eRIROA/scene_00003112.jpg", "body_bbox_list": [[523, 164, 259, 471], [772, 112, 216, 254]], "hand_bbox_list": [{"left_hand": [758.270751953125, 224.19467163085938, 39.53326416015625, 38.188720703125], "right_hand": [521.7236328125, 228.95578002929688, 28.3990478515625, 33.86553955078125]}, {"left_hand": null, "right_hand": null}]}