{"image_path": "/home/hyem/workspace/frankmocap_notebooks/images/D9H-eRIROA/scene_00000971.jpg", "body_bbox_list": [[565, 134, 180, 520], [376, 95, 137, 389]], "hand_bbox_list": [{"left_hand": [628.0629272460938, 301.0499572753906, 51.4600830078125, 41.141143798828125], "right_hand": [628.0629272460938, 301.0499572753906, 51.4600830078125, 41.141143798828125]}, {"left_hand": null, "right_hand": null}]}