{"image_path": "/home/hyem/workspace/frankmocap_notebooks/images/D9H-eRIROA/scene_00005214.jpg", "body_bbox_list": [[467, 188, 248, 451], [667, 128, 180, 414]], "hand_bbox_list": [{"left_hand": [485.714111328125, 284.302490234375, 36.7626953125, 37.19403076171875], "right_hand": [450.32965087890625, 302.5870056152344, 31.5726318359375, 31.29925537109375]}, {"left_hand": null, "right_hand": null}]}