{"image_path": "/home/hyem/workspace/frankmocap_notebooks/images/D9H-eRIROA/scene_00007266.jpg", "body_bbox_list": [[503, 106, 192, 519]], "hand_bbox_list": [{"left_hand": [613.0559692382812, 110.6960678100586, 24.29925537109375, 28.017616271972656], "right_hand": [524.0432739257812, 154.55003356933594, 27.77581787109375, 27.172698974609375]}]}