{"image_path": "/home/hyem/workspace/frankmocap_notebooks/images/D9H-eRIROA/scene_00002769.jpg", "body_bbox_list": [[581, 188, 199, 446], [780, 133, 156, 409]], "hand_bbox_list": [{"left_hand": [721.8609008789062, 385.2000427246094, 30.9521484375, 38.740966796875], "right_hand": [599.43408203125, 432.6827697753906, 35.26031494140625, 27.54345703125]}, {"left_hand": null, "right_hand": null}]}