{"image_path": "/home/hyem/workspace/frankmocap_notebooks/images/D9H-eRIROA/scene_00009084.jpg", "body_bbox_list": [[445, 100, 359, 620]], "hand_bbox_list": [{"left_hand": [690.0279541015625, 459.04168701171875, 70.62347412109375, 81.1676025390625], "right_hand": [472.1308898925781, 446.9154357910156, 53.308685302734375, 86.74008178710938]}]}