{"image_path": "/home/hyem/workspace/frankmocap_notebooks/images/D9H-eRIROA/scene_00006499.jpg", "body_bbox_list": [[532, 165, 180, 452]], "hand_bbox_list": [{"left_hand": [676.4010009765625, 173.41043090820312, 26.44195556640625, 44.82212829589844], "right_hand": [559.1715087890625, 177.82162475585938, 33.56982421875, 41.34173583984375]}]}