{"image_path": "/home/hyem/workspace/frankmocap_notebooks/images/D9H-eRIROA/scene_00005986.jpg", "body_bbox_list": [[533, 158, 161, 495], [737, 110, 129, 427]], "hand_bbox_list": [{"left_hand": [663.53564453125, 407.2129211425781, 31.2540283203125, 39.705169677734375], "right_hand": [531.2611694335938, 399.4620666503906, 30.7891845703125, 36.479644775390625]}, {"left_hand": null, "right_hand": null}]}