{"image_path": "/home/hyem/workspace/frankmocap_notebooks/images/D9H-eRIROA/scene_00003271.jpg", "body_bbox_list": [[547, 170, 199, 465]], "hand_bbox_list": [{"left_hand": [706.399169921875, 234.59182739257812, 28.23504638671875, 33.91827392578125], "right_hand": [535.906494140625, 239.09939575195312, 30.91912841796875, 30.56268310546875]}]}