{"image_path": "/home/hyem/workspace/frankmocap_notebooks/images/D9H-eRIROA/scene_00001900.jpg", "body_bbox_list": [[566, 176, 162, 452], [802, 120, 50, 441]], "hand_bbox_list": [{"left_hand": [716.0729370117188, 390.8365783691406, 25.9915771484375, 43.7845458984375], "right_hand": [565.1251831054688, 420.4803466796875, 33.5145263671875, 34.178314208984375]}, {"left_hand": null, "right_hand": null}]}