{"image_path": "/home/hyem/workspace/frankmocap_notebooks/images/D9H-eRIROA/scene_00009408.jpg", "body_bbox_list": [[511, 103, 272, 576]], "hand_bbox_list": [{"left_hand": [665.243896484375, 555.5521850585938, 89.176513671875, 87.029052734375], "right_hand": [665.243896484375, 555.5521850585938, 89.176513671875, 87.029052734375]}]}