{"image_path": "/home/hyem/workspace/frankmocap_notebooks/images/D9H-eRIROA/scene_00001142.jpg", "body_bbox_list": [[417, 114, 359, 576]], "hand_bbox_list": [{"left_hand": [626.404541015625, 400.1809997558594, 121.62384033203125, 109.67098999023438], "right_hand": [474.350830078125, 407.7401428222656, 131.860107421875, 125.40249633789062]}]}