{"image_path": "/home/hyem/workspace/frankmocap_notebooks/images/D9H-eRIROA/scene_00009469.jpg", "body_bbox_list": [[393, 94, 384, 626]], "hand_bbox_list": [{"left_hand": [634.8592529296875, 113.6004638671875, 87.22979736328125, 116.82881164550781], "right_hand": [399.8905944824219, 156.6645965576172, 63.714874267578125, 117.80271911621094]}]}