{"image_path": "/home/hyem/workspace/frankmocap_notebooks/images/D9H-eRIROA/scene_00005587.jpg", "body_bbox_list": [[469, 193, 322, 441]], "hand_bbox_list": [{"left_hand": [773.2069702148438, 197.3286590576172, 54.89654541015625, 34.20747375488281], "right_hand": [545.8652954101562, 380.9828796386719, 49.9056396484375, 51.070709228515625]}]}