{"image_path": "/home/hyem/workspace/frankmocap_notebooks/images/D9H-eRIROA/scene_00003267.jpg", "body_bbox_list": [[542, 170, 204, 465]], "hand_bbox_list": [{"left_hand": [703.502197265625, 238.47421264648438, 28.33953857421875, 34.054046630859375], "right_hand": [535.4279174804688, 233.90985107421875, 31.8651123046875, 32.074462890625]}]}