{"image_path": "/home/hyem/workspace/frankmocap_notebooks/images/D9H-eRIROA/scene_00004237.jpg", "body_bbox_list": [[495, 88, 253, 544]], "hand_bbox_list": [{"left_hand": [694.4298706054688, 56.304718017578125, 48.37908935546875, 58.55744934082031], "right_hand": [495.6510925292969, 95.59361267089844, 37.210845947265625, 51.647064208984375]}]}