{"image_path": "/home/hyem/workspace/frankmocap_notebooks/images/D9H-eRIROA/scene_00006274.jpg", "body_bbox_list": [[507, 153, 235, 470], [718, 104, 173, 422]], "hand_bbox_list": [{"left_hand": [638.931640625, 249.19158935546875, 46.129638671875, 44.398712158203125], "right_hand": [518.2279052734375, 241.85694885253906, 36.7921142578125, 38.19575500488281]}, {"left_hand": null, "right_hand": null}]}