{"image_path": "/home/hyem/workspace/frankmocap_notebooks/images/D9H-eRIROA/scene_00008087.jpg", "body_bbox_list": [[539, 173, 278, 509]], "hand_bbox_list": [{"left_hand": [774.730224609375, 201.80859375, 33.102294921875, 38.52667236328125], "right_hand": [529.300537109375, 253.7467041015625, 40.53369140625, 32.326873779296875]}]}