{"image_path": "/home/hyem/workspace/frankmocap_notebooks/images/D9H-eRIROA/scene_00009609.jpg", "body_bbox_list": [[74, 94, 353, 626]], "hand_bbox_list": [{"left_hand": [236.44081115722656, 311.57684326171875, 63.14869689941406, 76.46661376953125], "right_hand": null}]}