{"image_path": "/home/hyem/workspace/frankmocap_notebooks/images/D9H-eRIROA/scene_00009108.jpg", "body_bbox_list": [[323, 100, 558, 509]], "hand_bbox_list": [{"left_hand": [850.3016967773438, 414.9375, 90.52337646484375, 64.34027099609375], "right_hand": [266.0201110839844, 422.0268859863281, 100.39889526367188, 56.97796630859375]}]}