{"image_path": "/home/hyem/workspace/frankmocap_notebooks/images/D9H-eRIROA/scene_00004227.jpg", "body_bbox_list": [[512, 247, 259, 389], [778, 209, 205, 223]], "hand_bbox_list": [{"left_hand": [704.5645141601562, 428.1545104980469, 47.70196533203125, 36.95379638671875], "right_hand": [524.211181640625, 422.6215515136719, 43.49578857421875, 36.41912841796875]}, {"left_hand": null, "right_hand": null}]}