{"image_path": "/home/hyem/workspace/frankmocap_notebooks/images/D9H-eRIROA/scene_00002499.jpg", "body_bbox_list": [[488, 153, 278, 470]], "hand_bbox_list": [{"left_hand": [728.9933471679688, 203.59906005859375, 46.40533447265625, 49.93107604980469], "right_hand": null}]}