{"image_path": "/home/hyem/workspace/frankmocap_notebooks/images/D9H-eRIROA/scene_00008073.jpg", "body_bbox_list": [[557, 150, 253, 533]], "hand_bbox_list": [{"left_hand": [796.7877807617188, 218.71759033203125, 34.30657958984375, 38.126190185546875], "right_hand": [554.2049560546875, 201.1238250732422, 37.8577880859375, 36.50152587890625]}]}