{"image_path": "/home/hyem/workspace/frankmocap_notebooks/images/D9H-eRIROA/scene_00005037.jpg", "body_bbox_list": [[488, 175, 273, 465]], "hand_bbox_list": [{"left_hand": [755.814697265625, 342.068603515625, 30.1065673828125, 33.6883544921875], "right_hand": [698.7479248046875, 269.2364501953125, 37.64288330078125, 40.47393798828125]}]}