{"image_path": "/home/hyem/workspace/frankmocap_notebooks/images/D9H-eRIROA/scene_00002320.jpg", "body_bbox_list": [[460, 171, 278, 451]], "hand_bbox_list": [{"left_hand": [695.0303344726562, 186.35653686523438, 46.82232666015625, 49.59352111816406], "right_hand": [462.5162353515625, 211.67056274414062, 32.262298583984375, 37.17866516113281]}]}