{"image_path": "/home/hyem/workspace/frankmocap_notebooks/images/D9H-eRIROA/scene_00000700.jpg", "body_bbox_list": [[408, 91, 427, 600]], "hand_bbox_list": [{"left_hand": [580.6212768554688, 538.1993408203125, 119.33544921875, 97.04437255859375], "right_hand": [530.8167724609375, 428.5284118652344, 119.2308349609375, 117.74722290039062]}]}