{"image_path": "/home/hyem/workspace/frankmocap_notebooks/images/D9H-eRIROA/scene_00002253.jpg", "body_bbox_list": [[506, 147, 254, 465], [734, 103, 180, 446]], "hand_bbox_list": [{"left_hand": [741.37841796875, 377.56683349609375, 24.22271728515625, 40.55462646484375], "right_hand": [502.59112548828125, 366.5387878417969, 26.282958984375, 39.3399658203125]}, {"left_hand": null, "right_hand": null}]}