{"image_path": "/home/hyem/workspace/frankmocap_notebooks/images/D9H-eRIROA/scene_00005549.jpg", "body_bbox_list": [[442, 200, 303, 433], [820, 164, 143, 223]], "hand_bbox_list": [{"left_hand": [718.4915771484375, 359.2754821777344, 25.48516845703125, 31.34735107421875], "right_hand": [718.4915771484375, 359.2754821777344, 25.48516845703125, 31.34735107421875]}, {"left_hand": null, "right_hand": null}]}