{"image_path": "/home/hyem/workspace/frankmocap_notebooks/images/D9H-eRIROA/scene_00008407.jpg", "body_bbox_list": [[528, 164, 283, 465], [795, 137, 216, 199]], "hand_bbox_list": [{"left_hand": [796.9649658203125, 238.49647521972656, 41.04168701171875, 37.37965393066406], "right_hand": [560.712890625, 388.8953552246094, 34.82000732421875, 35.2603759765625]}, {"left_hand": null, "right_hand": null}]}