{"image_path": "/home/hyem/workspace/frankmocap_notebooks/images/D9H-eRIROA/scene_00003364.jpg", "body_bbox_list": [[506, 153, 254, 476]], "hand_bbox_list": [{"left_hand": [743.739013671875, 216.2386474609375, 34.98284912109375, 40.96014404296875], "right_hand": [498.8392028808594, 230.15890502929688, 41.993133544921875, 45.081787109375]}]}