{"image_path": "/home/hyem/workspace/frankmocap_notebooks/images/D9H-eRIROA/scene_00007048.jpg", "body_bbox_list": [[523, 142, 254, 481], [778, 72, 216, 267]], "hand_bbox_list": [{"left_hand": [733.1538696289062, 342.57342529296875, 42.87091064453125, 55.609619140625], "right_hand": [524.1253051757812, 314.01983642578125, 40.92181396484375, 51.18768310546875]}, {"left_hand": null, "right_hand": null}]}