{"image_path": "/home/hyem/workspace/frankmocap_notebooks/images/D9H-eRIROA/scene_00000589.jpg", "body_bbox_list": [[437, 89, 408, 631]], "hand_bbox_list": [{"left_hand": [634.6551513671875, 472.84246826171875, 103.44146728515625, 71.968017578125], "right_hand": [521.5907592773438, 457.808349609375, 97.7445068359375, 119.66278076171875]}]}