{"image_path": "/home/hyem/workspace/frankmocap_notebooks/images/D9H-eRIROA/scene_00001114.jpg", "body_bbox_list": [[416, 112, 389, 608]], "hand_bbox_list": [{"left_hand": [645.6646118164062, 285.1932373046875, 115.93035888671875, 124.68783569335938], "right_hand": null}]}