{"image_path": "/home/hyem/workspace/frankmocap_notebooks/images/D9H-eRIROA/scene_00004580.jpg", "body_bbox_list": [[269, 88, 649, 538]], "hand_bbox_list": [{"left_hand": [838.467529296875, 4.107432842254639, 78.2777099609375, 103.220703125], "right_hand": [277.3930358886719, 26.261131286621094, 80.58737182617188, 106.03824615478516]}]}