{"image_path": "/home/hyem/workspace/frankmocap_notebooks/images/D9H-eRIROA/scene_00004259.jpg", "body_bbox_list": [[584, 147, 143, 471], [766, 191, 105, 1]], "hand_bbox_list": [{"left_hand": [705.5222778320312, 356.8894958496094, 27.5294189453125, 22.011444091796875], "right_hand": [586.3048706054688, 355.97967529296875, 21.56634521484375, 43.85302734375]}, {"left_hand": null, "right_hand": null}]}