{"image_path": "/home/hyem/workspace/frankmocap_notebooks/images/D9H-eRIROA/scene_00003354.jpg", "body_bbox_list": [[512, 153, 242, 470], [715, 116, 224, 432]], "hand_bbox_list": [{"left_hand": [742.5928344726562, 219.09042358398438, 35.16845703125, 40.517333984375], "right_hand": [508.6050109863281, 235.61976623535156, 39.649627685546875, 39.51402282714844]}, {"left_hand": null, "right_hand": null}]}