{"image_path": "/home/hyem/workspace/frankmocap_notebooks/images/D9H-eRIROA/scene_00005791.jpg", "body_bbox_list": [[499, 179, 161, 508]], "hand_bbox_list": [{"left_hand": [538.8758544921875, 202.36619567871094, 28.5399169921875, 31.274444580078125], "right_hand": [486.43353271484375, 235.70703125, 35.384521484375, 41.43927001953125]}]}