{"image_path": "/home/hyem/workspace/frankmocap_notebooks/images/D9H-eRIROA/scene_00006318.jpg", "body_bbox_list": [[518, 159, 229, 464], [735, 119, 161, 353]], "hand_bbox_list": [{"left_hand": [644.1734008789062, 260.46234130859375, 48.05816650390625, 38.31878662109375], "right_hand": [579.171142578125, 261.5376892089844, 47.7955322265625, 36.3282470703125]}, {"left_hand": null, "right_hand": null}]}