{"image_path": "/home/hyem/workspace/frankmocap_notebooks/images/D9H-eRIROA/scene_00002228.jpg", "body_bbox_list": [[536, 147, 199, 471], [729, 108, 162, 470]], "hand_bbox_list": [{"left_hand": [728.9302368164062, 374.60052490234375, 31.33331298828125, 30.450469970703125], "right_hand": [538.6659545898438, 401.5937805175781, 30.450927734375, 37.888031005859375]}, {"left_hand": null, "right_hand": null}]}