{"image_path": "/home/hyem/workspace/frankmocap_notebooks/images/D9H-eRIROA/scene_00004813.jpg", "body_bbox_list": [[476, 188, 286, 446], [671, 199, 205, 322], [734, 347, 50, 167]], "hand_bbox_list": [{"left_hand": [471.47930908203125, 301.8912353515625, 42.2135009765625, 31.9129638671875], "right_hand": [513.3411865234375, 343.8939514160156, 30.223876953125, 32.81793212890625]}, {"left_hand": null, "right_hand": null}, {"left_hand": null, "right_hand": null}]}