{"image_path": "/home/hyem/workspace/frankmocap_notebooks/images/D9H-eRIROA/scene_00003591.jpg", "body_bbox_list": [[518, 171, 224, 451], [699, 142, 205, 340]], "hand_bbox_list": [{"left_hand": [717.7444458007812, 296.744384765625, 31.3837890625, 37.077545166015625], "right_hand": [521.7713623046875, 296.5622863769531, 34.53924560546875, 38.964263916015625]}, {"left_hand": null, "right_hand": null}]}