{"image_path": "/home/hyem/workspace/frankmocap_notebooks/images/D9H-eRIROA/scene_00001487.jpg", "body_bbox_list": [[596, 165, 118, 457], [743, 116, 123, 427]], "hand_bbox_list": [{"left_hand": [633.0761108398438, 316.45831298828125, 39.19049072265625, 36.5714111328125], "right_hand": [633.0761108398438, 316.45831298828125, 39.19049072265625, 36.5714111328125]}, {"left_hand": null, "right_hand": null}]}