{"image_path": "/home/hyem/workspace/frankmocap_notebooks/images/D9H-eRIROA/scene_00001274.jpg", "body_bbox_list": [[579, 134, 142, 514]], "hand_bbox_list": [{"left_hand": [631.6630249023438, 234.8386993408203, 37.94586181640625, 53.43574523925781], "right_hand": [574.6154174804688, 378.95806884765625, 28.09124755859375, 52.024444580078125]}]}