{"image_path": "/home/hyem/workspace/frankmocap_notebooks/images/D9H-eRIROA/scene_00000528.jpg", "body_bbox_list": [[355, 121, 353, 568]], "hand_bbox_list": [{"left_hand": [570.7871704101562, 483.5166320800781, 93.0009765625, 96.98818969726562], "right_hand": [436.3409729003906, 471.4930114746094, 114.03274536132812, 96.57846069335938]}]}