{"image_path": "/home/hyem/workspace/frankmocap_notebooks/images/D9H-eRIROA/scene_00007789.jpg", "body_bbox_list": [[474, 78, 335, 620]], "hand_bbox_list": [{"left_hand": [599.2862548828125, 405.5188903808594, 109.64202880859375, 108.98782348632812], "right_hand": [599.2862548828125, 405.5188903808594, 109.64202880859375, 108.98782348632812]}]}