{"image_path": "/home/hyem/workspace/frankmocap_notebooks/images/D9H-eRIROA/scene_00003356.jpg", "body_bbox_list": [[512, 153, 242, 470], [722, 141, 210, 235]], "hand_bbox_list": [{"left_hand": [740.525634765625, 221.17153930664062, 35.25469970703125, 40.46673583984375], "right_hand": [506.6500549316406, 234.60777282714844, 35.826507568359375, 37.13047790527344]}, {"left_hand": null, "right_hand": null}]}