{"image_path": "/home/hyem/workspace/frankmocap_notebooks/images/D9H-eRIROA/scene_00002713.jpg", "body_bbox_list": [[491, 171, 199, 457], [707, 111, 167, 408]], "hand_bbox_list": [{"left_hand": [649.0396728515625, 330.2003479003906, 31.75433349609375, 35.137969970703125], "right_hand": [502.4082336425781, 394.6393127441406, 32.934173583984375, 33.77789306640625]}, {"left_hand": null, "right_hand": null}]}