{"image_path": "/home/hyem/workspace/frankmocap_notebooks/images/D9H-eRIROA/scene_00008940.jpg", "body_bbox_list": [[555, 127, 173, 539]], "hand_bbox_list": [{"left_hand": [625.190185546875, 321.65960693359375, 37.75213623046875, 37.643035888671875], "right_hand": [612.1085205078125, 322.6458435058594, 35.0438232421875, 37.5128173828125]}]}