{"image_path": "/home/hyem/workspace/frankmocap_notebooks/images/D9H-eRIROA/scene_00006001.jpg", "body_bbox_list": [[481, 154, 186, 457], [729, 115, 162, 457], [748, 338, 12, 224]], "hand_bbox_list": [{"left_hand": [550.9640502929688, 239.19273376464844, 46.85894775390625, 39.97911071777344], "right_hand": [478.2276916503906, 260.5010070800781, 34.259185791015625, 36.346343994140625]}, {"left_hand": null, "right_hand": null}, {"left_hand": null, "right_hand": null}]}