{"image_path": "/home/hyem/workspace/frankmocap_notebooks/images/D9H-eRIROA/scene_00007686.jpg", "body_bbox_list": [[506, 165, 248, 457], [746, 115, 167, 310]], "hand_bbox_list": [{"left_hand": [642.2844848632812, 255.10789489746094, 49.30126953125, 39.87440490722656], "right_hand": [575.3919067382812, 242.91241455078125, 45.84161376953125, 49.870819091796875]}, {"left_hand": null, "right_hand": null}]}