{"image_path": "/home/hyem/workspace/frankmocap_notebooks/images/D9H-eRIROA/scene_00003667.jpg", "body_bbox_list": [[718, 103, 167, 452], [563, 141, 123, 495]], "hand_bbox_list": [{"left_hand": null, "right_hand": null}, {"left_hand": [643.0405883789062, 374.305908203125, 42.447021484375, 50.1844482421875], "right_hand": [579.634521484375, 384.7742004394531, 44.06756591796875, 47.745208740234375]}]}