{"image_path": "/home/hyem/workspace/frankmocap_notebooks/images/D9H-eRIROA/scene_00009352.jpg", "body_bbox_list": [[413, 83, 322, 520]], "hand_bbox_list": [{"left_hand": [637.7105102539062, 473.0269775390625, 61.72381591796875, 75.72247314453125], "right_hand": [394.52587890625, 287.6512451171875, 88.33120727539062, 98.8355712890625]}]}