{"image_path": "/home/hyem/workspace/frankmocap_notebooks/images/D9H-eRIROA/scene_00005319.jpg", "body_bbox_list": [[597, 164, 229, 471]], "hand_bbox_list": [{"left_hand": [783.4899291992188, 154.97457885742188, 44.16351318359375, 45.42372131347656], "right_hand": [583.7054443359375, 323.3363952636719, 37.44512939453125, 43.32220458984375]}]}