{"image_path": "/home/hyem/workspace/frankmocap_notebooks/images/D9H-eRIROA/scene_00002353.jpg", "body_bbox_list": [[452, 171, 316, 457]], "hand_bbox_list": [{"left_hand": [735.4862060546875, 255.02012634277344, 47.13006591796875, 55.58982849121094], "right_hand": [444.1361083984375, 262.5952453613281, 36.26055908203125, 57.322418212890625]}]}