{"image_path": "/home/hyem/workspace/frankmocap_notebooks/images/D9H-eRIROA/scene_00001886.jpg", "body_bbox_list": [[567, 147, 148, 476]], "hand_bbox_list": [{"left_hand": [692.0676879882812, 371.5290832519531, 26.92950439453125, 39.51708984375], "right_hand": [593.5478515625, 353.2619323730469, 39.22052001953125, 39.702606201171875]}]}