{"image_path": "/home/hyem/workspace/frankmocap_notebooks/images/D9H-eRIROA/scene_00007599.jpg", "body_bbox_list": [[745, 124, 180, 484], [573, 182, 142, 440]], "hand_bbox_list": [{"left_hand": null, "right_hand": null}, {"left_hand": [697.7772216796875, 349.980224609375, 35.73260498046875, 35.100830078125], "right_hand": [596.3382568359375, 356.7145690917969, 37.46685791015625, 26.70452880859375]}]}