{"image_path": "/home/hyem/workspace/frankmocap_notebooks/images/D9H-eRIROA/scene_00009152.jpg", "body_bbox_list": [[477, 94, 272, 626]], "hand_bbox_list": [{"left_hand": [572.757080078125, 429.5908203125, 68.7197265625, 67.47470092773438], "right_hand": [572.9517822265625, 416.50933837890625, 62.49176025390625, 51.453338623046875]}]}