{"image_path": "/home/hyem/workspace/frankmocap_notebooks/images/D9H-eRIROA/scene_00002234.jpg", "body_bbox_list": [[742, 115, 136, 457], [574, 153, 129, 465], [819, 190, 55, 132]], "hand_bbox_list": [{"left_hand": null, "right_hand": null}, {"left_hand": [673.5745239257812, 369.4862060546875, 29.14892578125, 32.2794189453125], "right_hand": [595.6554565429688, 391.5059814453125, 37.51422119140625, 40.541351318359375]}, {"left_hand": null, "right_hand": null}]}