{"image_path": "/home/hyem/workspace/frankmocap_notebooks/images/D9H-eRIROA/scene_00005898.jpg", "body_bbox_list": [[527, 159, 167, 464], [710, 103, 105, 458]], "hand_bbox_list": [{"left_hand": [671.4808349609375, 393.8479919433594, 27.0433349609375, 34.229888916015625], "right_hand": [532.1882934570312, 397.1325988769531, 29.3079833984375, 34.424468994140625]}, {"left_hand": null, "right_hand": null}]}