{"image_path": "/home/hyem/workspace/frankmocap_notebooks/images/D9H-eRIROA/scene_00005817.jpg", "body_bbox_list": [[773, 117, 192, 402], [534, 179, 148, 508]], "hand_bbox_list": [{"left_hand": null, "right_hand": null}, {"left_hand": [519.9954833984375, 259.3525695800781, 33.5228271484375, 40.638824462890625], "right_hand": [519.9954833984375, 259.3525695800781, 33.5228271484375, 40.638824462890625]}]}