{"image_path": "/home/hyem/workspace/frankmocap_notebooks/images/D9H-eRIROA/scene_00002294.jpg", "body_bbox_list": [[465, 164, 302, 471]], "hand_bbox_list": [{"left_hand": [714.025390625, 132.76300048828125, 50.56549072265625, 56.548736572265625], "right_hand": [468.32415771484375, 184.81564331054688, 31.875946044921875, 42.92919921875]}]}