{"image_path": "/home/hyem/workspace/frankmocap_notebooks/images/D9H-eRIROA/scene_00002555.jpg", "body_bbox_list": [[599, 126, 180, 558]], "hand_bbox_list": [{"left_hand": null, "right_hand": [627.6763916015625, 406.3776550292969, 20.61517333984375, 31.03668212890625]}]}