{"image_path": "/home/hyem/workspace/frankmocap_notebooks/images/D9H-eRIROA/scene_00006577.jpg", "body_bbox_list": [[538, 153, 161, 465], [726, 100, 118, 514]], "hand_bbox_list": [{"left_hand": [681.2268676757812, 402.64794921875, 24.9761962890625, 47.06365966796875], "right_hand": [556.462646484375, 396.6453857421875, 27.33294677734375, 39.070709228515625]}, {"left_hand": null, "right_hand": null}]}