{"image_path": "/home/hyem/workspace/frankmocap_notebooks/images/D9H-eRIROA/scene_00003733.jpg", "body_bbox_list": [[495, 160, 253, 440], [707, 112, 161, 243]], "hand_bbox_list": [{"left_hand": [733.392333984375, 354.9332275390625, 23.3841552734375, 34.154815673828125], "right_hand": [495.4077453613281, 360.67901611328125, 25.092254638671875, 33.16363525390625]}, {"left_hand": null, "right_hand": null}]}