{"image_path": "/home/hyem/workspace/frankmocap_notebooks/images/D9H-eRIROA/scene_00004532.jpg", "body_bbox_list": [[500, 70, 243, 552]], "hand_bbox_list": [{"left_hand": [658.1504516601562, 54.54327392578125, 59.22412109375, 50.69983673095703], "right_hand": [501.33880615234375, 109.4577865600586, 40.63165283203125, 37.98181915283203]}]}