{"image_path": "/home/hyem/workspace/frankmocap_notebooks/images/D9H-eRIROA/scene_00000794.jpg", "body_bbox_list": [[449, 136, 272, 584]], "hand_bbox_list": [{"left_hand": [604.24169921875, 681.8988647460938, 40.8193359375, 35.50689697265625], "right_hand": [562.9546508789062, 679.035400390625, 46.1640625, 38.94537353515625]}]}