{"image_path": "/home/hyem/workspace/frankmocap_notebooks/images/D9H-eRIROA/scene_00004204.jpg", "body_bbox_list": [[499, 206, 273, 427], [842, 239, 167, 50]], "hand_bbox_list": [{"left_hand": [745.9452514648438, 342.61566162109375, 33.3052978515625, 51.355133056640625], "right_hand": [498.0385437011719, 352.2516174316406, 35.537322998046875, 41.767333984375]}, {"left_hand": null, "right_hand": null}]}