{"image_path": "/home/hyem/workspace/frankmocap_notebooks/images/D9H-eRIROA/scene_00005266.jpg", "body_bbox_list": [[479, 170, 235, 470], [678, 122, 186, 403]], "hand_bbox_list": [{"left_hand": [507.8902282714844, 294.476806640625, 34.150665283203125, 38.112060546875], "right_hand": [470.4038391113281, 302.81671142578125, 31.469940185546875, 29.902618408203125]}, {"left_hand": null, "right_hand": null}]}