{"image_path": "/home/hyem/workspace/frankmocap_notebooks/images/D9H-eRIROA/scene_00007528.jpg", "body_bbox_list": [[491, 152, 205, 495]], "hand_bbox_list": [{"left_hand": [574.5300903320312, 188.27716064453125, 52.426025390625, 37.8250732421875], "right_hand": [478.7170104980469, 229.41836547851562, 38.467132568359375, 36.817962646484375]}]}