{"image_path": "/home/hyem/workspace/frankmocap_notebooks/images/D9H-eRIROA/scene_00005477.jpg", "body_bbox_list": [[470, 182, 286, 452], [659, 129, 229, 378], [768, 191, 56, 113]], "hand_bbox_list": [{"left_hand": [498.3931884765625, 325.33221435546875, 32.18927001953125, 32.720855712890625], "right_hand": null}, {"left_hand": null, "right_hand": null}, {"left_hand": null, "right_hand": null}]}