{"image_path": "/home/hyem/workspace/frankmocap_notebooks/images/D9H-eRIROA/scene_00006882.jpg", "body_bbox_list": [[465, 69, 302, 576]], "hand_bbox_list": [{"left_hand": [651.1076049804688, 105.8075180053711, 46.1405029296875, 136.30255126953125], "right_hand": [492.3218994140625, 115.76416778564453, 62.21807861328125, 126.15230560302734]}]}