{"image_path": "/home/hyem/workspace/frankmocap_notebooks/images/D9H-eRIROA/scene_00005827.jpg", "body_bbox_list": [[756, 109, 210, 446], [538, 168, 156, 519]], "hand_bbox_list": [{"left_hand": null, "right_hand": null}, {"left_hand": [583.6867065429688, 238.56398010253906, 31.865966796875, 33.26295471191406], "right_hand": [531.5074462890625, 244.78866577148438, 31.45477294921875, 43.38458251953125]}]}