{"image_path": "/home/hyem/workspace/frankmocap_notebooks/images/D9H-eRIROA/scene_00009147.jpg", "body_bbox_list": [[429, 89, 346, 631]], "hand_bbox_list": [{"left_hand": [695.4091796875, 432.2555847167969, 70.181640625, 88.82846069335938], "right_hand": null}]}