{"image_path": "/home/hyem/workspace/frankmocap_notebooks/images/D9H-eRIROA/scene_00008058.jpg", "body_bbox_list": [[540, 169, 248, 489]], "hand_bbox_list": [{"left_hand": [766.8361206054688, 235.2974853515625, 34.84765625, 37.33367919921875], "right_hand": [539.3170776367188, 199.29376220703125, 32.819091796875, 36.423431396484375]}]}