{"image_path": "/home/hyem/workspace/frankmocap_notebooks/images/D9H-eRIROA/scene_00005956.jpg", "body_bbox_list": [[732, 111, 224, 532], [522, 172, 148, 528]], "hand_bbox_list": [{"left_hand": null, "right_hand": null}, {"left_hand": [565.6312866210938, 354.98114013671875, 43.381103515625, 44.35687255859375], "right_hand": [505.56744384765625, 293.26617431640625, 33.0595703125, 32.09332275390625]}]}