{"image_path": "/home/hyem/workspace/frankmocap_notebooks/images/D9H-eRIROA/scene_00008852.jpg", "body_bbox_list": [[472, 170, 248, 465], [744, 106, 211, 378]], "hand_bbox_list": [{"left_hand": [682.9913940429688, 359.19482421875, 31.54327392578125, 42.81170654296875], "right_hand": [488.8264465332031, 277.8952331542969, 36.452056884765625, 39.737701416015625]}, {"left_hand": null, "right_hand": null}]}