{"image_path": "/home/hyem/workspace/frankmocap_notebooks/images/D9H-eRIROA/scene_00000888.jpg", "body_bbox_list": [[539, 146, 148, 490], [375, 107, 156, 365]], "hand_bbox_list": [{"left_hand": [595.6885986328125, 268.9249267578125, 36.6353759765625, 44.078826904296875], "right_hand": [595.6885986328125, 268.9249267578125, 36.6353759765625, 44.078826904296875]}, {"left_hand": null, "right_hand": null}]}