{"image_path": "/home/hyem/workspace/frankmocap_notebooks/images/D9H-eRIROA/scene_00009582.jpg", "body_bbox_list": [[62, 92, 360, 576]], "hand_bbox_list": [{"left_hand": [223.60745239257812, 307.3326721191406, 62.402313232421875, 80.43362426757812], "right_hand": null}]}