{"image_path": "/home/hyem/workspace/frankmocap_notebooks/images/D9H-eRIROA/scene_00007942.jpg", "body_bbox_list": [[564, 154, 99, 440]], "hand_bbox_list": [{"left_hand": [537.2012939453125, 276.62432861328125, 20.12139892578125, 27.9161376953125], "right_hand": [676.1331176757812, 295.27593994140625, 24.3287353515625, 27.158203125]}]}