{"image_path": "/home/hyem/workspace/frankmocap_notebooks/images/D9H-eRIROA/scene_00001061.jpg", "body_bbox_list": [[561, 146, 155, 501], [358, 98, 156, 451]], "hand_bbox_list": [{"left_hand": [636.194091796875, 249.0494842529297, 39.4273681640625, 58.32032775878906], "right_hand": [600.1679077148438, 262.80914306640625, 43.19793701171875, 39.869171142578125]}, {"left_hand": null, "right_hand": null}]}