{"image_path": "/home/hyem/workspace/frankmocap_notebooks/images/D9H-eRIROA/scene_00006420.jpg", "body_bbox_list": [[543, 147, 180, 476], [724, 109, 155, 440]], "hand_bbox_list": [{"left_hand": [630.9633178710938, 258.7129211425781, 49.65606689453125, 41.725250244140625], "right_hand": [575.293212890625, 258.1195373535156, 47.951416015625, 40.940216064453125]}, {"left_hand": null, "right_hand": null}]}