{"image_path": "/home/hyem/workspace/frankmocap_notebooks/images/D9H-eRIROA/scene_00009531.jpg", "body_bbox_list": [[0, 86, 384, 582]], "hand_bbox_list": [{"left_hand": [158.5729522705078, 332.9424133300781, 80.67085266113281, 92.29156494140625], "right_hand": null}]}