{"image_path": "/home/hyem/workspace/frankmocap_notebooks/images/D9H-eRIROA/scene_00005850.jpg", "body_bbox_list": [[544, 173, 167, 514], [741, 131, 161, 458]], "hand_bbox_list": [{"left_hand": [648.5346069335938, 292.99267578125, 32.7740478515625, 36.877044677734375], "right_hand": [531.1665649414062, 290.6973876953125, 33.213134765625, 38.46051025390625]}, {"left_hand": null, "right_hand": null}]}