{"image_path": "/home/hyem/workspace/frankmocap_notebooks/images/D9H-eRIROA/scene_00009093.jpg", "body_bbox_list": [[311, 94, 582, 626]], "hand_bbox_list": [{"left_hand": [863.6220703125, 379.83831787109375, 77.23004150390625, 70.59561157226562], "right_hand": [247.43641662597656, 398.3734130859375, 102.11967468261719, 64.6756591796875]}]}