{"image_path": "/home/hyem/workspace/frankmocap_notebooks/images/D9H-eRIROA/scene_00004592.jpg", "body_bbox_list": [[286, 94, 649, 544]], "hand_bbox_list": [{"left_hand": [846.125244140625, 5.890217304229736, 80.00762939453125, 109.1209487915039], "right_hand": [291.1019592285156, 43.16581726074219, 82.89456176757812, 102.64680480957031]}]}