{"image_path": "/home/hyem/workspace/frankmocap_notebooks/images/D9H-eRIROA/scene_00001553.jpg", "body_bbox_list": [[550, 146, 143, 484], [738, 102, 105, 465], [735, 328, 26, 205]], "hand_bbox_list": [{"left_hand": [628.5061645507812, 278.9231262207031, 51.00799560546875, 47.041748046875], "right_hand": [591.5067138671875, 315.6477355957031, 45.1212158203125, 29.428619384765625]}, {"left_hand": null, "right_hand": null}, {"left_hand": null, "right_hand": null}]}