{"image_path": "/home/hyem/workspace/frankmocap_notebooks/images/D9H-eRIROA/scene_00009770.jpg", "body_bbox_list": [[91, 99, 346, 539]], "hand_bbox_list": [{"left_hand": [249.29248046875, 309.9731140136719, 59.187744140625, 80.5384521484375], "right_hand": null}]}