{"image_path": "/home/hyem/workspace/frankmocap_notebooks/images/D9H-eRIROA/scene_00002287.jpg", "body_bbox_list": [[499, 195, 273, 409], [767, 203, 204, 112]], "hand_bbox_list": [{"left_hand": [734.5977783203125, 359.725341796875, 37.540771484375, 44.816650390625], "right_hand": [509.8089294433594, 345.1469421386719, 34.751617431640625, 48.923736572265625]}, {"left_hand": null, "right_hand": null}]}