{"image_path": "/home/hyem/workspace/frankmocap_notebooks/images/D9H-eRIROA/scene_00006046.jpg", "body_bbox_list": [[527, 168, 167, 508], [729, 126, 167, 457]], "hand_bbox_list": [{"left_hand": [604.8768310546875, 244.2067413330078, 33.1273193359375, 32.13975524902344], "right_hand": [529.8072509765625, 245.5076141357422, 28.8466796875, 45.43067932128906]}, {"left_hand": null, "right_hand": null}]}