{"image_path": "/home/hyem/workspace/frankmocap_notebooks/images/D9H-eRIROA/scene_00002244.jpg", "body_bbox_list": [[585, 147, 124, 471], [748, 103, 118, 441]], "hand_bbox_list": [{"left_hand": [613.3795166015625, 356.9354553222656, 37.14227294921875, 31.53326416015625], "right_hand": [613.3795166015625, 356.9354553222656, 37.14227294921875, 31.53326416015625]}, {"left_hand": null, "right_hand": null}]}