{"image_path": "/home/hyem/workspace/frankmocap_notebooks/images/D9H-eRIROA/scene_00002470.jpg", "body_bbox_list": [[545, 161, 148, 432], [721, 196, 99, 142]], "hand_bbox_list": [{"left_hand": [671.8116455078125, 372.86956787109375, 28.46002197265625, 35.4599609375], "right_hand": [562.2758178710938, 384.07843017578125, 21.07550048828125, 26.116790771484375]}, {"left_hand": null, "right_hand": null}]}