{"image_path": "/home/hyem/workspace/frankmocap_notebooks/images/D9H-eRIROA/scene_00008779.jpg", "body_bbox_list": [[549, 158, 162, 500]], "hand_bbox_list": [{"left_hand": [658.4954223632812, 338.317138671875, 37.86370849609375, 40.639739990234375], "right_hand": [584.0355834960938, 340.1608581542969, 40.966796875, 40.555999755859375]}]}