{"image_path": "/home/hyem/workspace/frankmocap_notebooks/images/D9H-eRIROA/scene_00006180.jpg", "body_bbox_list": [[533, 171, 166, 446], [719, 126, 148, 451]], "hand_bbox_list": [{"left_hand": [650.9512329101562, 348.4461669921875, 39.41766357421875, 26.450897216796875], "right_hand": [519.1030883789062, 341.7558898925781, 37.52630615234375, 30.212860107421875]}, {"left_hand": null, "right_hand": null}]}