{"image_path": "/home/hyem/workspace/frankmocap_notebooks/images/D9H-eRIROA/scene_00004845.jpg", "body_bbox_list": [[511, 188, 267, 440]], "hand_bbox_list": [{"left_hand": [766.2127075195312, 202.87994384765625, 31.61798095703125, 48.4498291015625], "right_hand": [524.3212280273438, 342.5107116699219, 42.166259765625, 52.351470947265625]}]}