{"image_path": "/home/hyem/workspace/frankmocap_notebooks/images/D9H-eRIROA/scene_00001675.jpg", "body_bbox_list": [[550, 183, 143, 433], [765, 137, 112, 311]], "hand_bbox_list": [{"left_hand": [672.3225708007812, 405.0845947265625, 24.8408203125, 45.77392578125], "right_hand": [556.3775634765625, 422.0670166015625, 27.7205810546875, 32.289337158203125]}, {"left_hand": null, "right_hand": null}]}