{"image_path": "/home/hyem/workspace/frankmocap_notebooks/images/D9H-eRIROA/scene_00006074.jpg", "body_bbox_list": [[549, 147, 162, 471], [725, 106, 137, 390]], "hand_bbox_list": [{"left_hand": [666.0941772460938, 257.1995544433594, 35.0584716796875, 38.901031494140625], "right_hand": [543.4720458984375, 250.98719787597656, 36.31689453125, 42.24967956542969]}, {"left_hand": null, "right_hand": null}]}