{"image_path": "/home/hyem/workspace/frankmocap_notebooks/images/D9H-eRIROA/scene_00006433.jpg", "body_bbox_list": [[544, 164, 167, 465], [718, 121, 156, 427]], "hand_bbox_list": [{"left_hand": [638.4588012695312, 269.1685485839844, 44.74749755859375, 46.772003173828125], "right_hand": [568.84130859375, 294.1658630371094, 29.6104736328125, 31.38275146484375]}, {"left_hand": null, "right_hand": null}]}