{"image_path": "/home/hyem/workspace/frankmocap_notebooks/images/D9H-eRIROA/scene_00005602.jpg", "body_bbox_list": [[568, 123, 254, 514]], "hand_bbox_list": [{"left_hand": [799.6905517578125, 127.4941635131836, 64.82513427734375, 35.430992126464844], "right_hand": [556.8869018554688, 311.1618347167969, 51.9779052734375, 51.0335693359375]}]}