{"image_path": "/home/hyem/workspace/frankmocap_notebooks/images/D9H-eRIROA/scene_00007830.jpg", "body_bbox_list": [[405, 94, 365, 626]], "hand_bbox_list": [{"left_hand": [658.9402465820312, 431.8116760253906, 151.47552490234375, 53.445526123046875], "right_hand": [376.142333984375, 419.6511535644531, 139.19830322265625, 64.44390869140625]}]}