{"image_path": "/home/hyem/workspace/frankmocap_notebooks/images/D9H-eRIROA/scene_00002227.jpg", "body_bbox_list": [[536, 147, 199, 471], [706, 108, 186, 470]], "hand_bbox_list": [{"left_hand": [725.502685546875, 373.7308654785156, 31.88189697265625, 32.08843994140625], "right_hand": [537.985595703125, 399.8779296875, 29.3917236328125, 36.7445068359375]}, {"left_hand": null, "right_hand": null}]}