{"image_path": "/home/hyem/workspace/frankmocap_notebooks/images/D9H-eRIROA/scene_00007630.jpg", "body_bbox_list": [[513, 147, 341, 476]], "hand_bbox_list": [{"left_hand": [835.3003540039062, 235.52978515625, 58.2647705078125, 59.138214111328125], "right_hand": [544.0143432617188, 368.4523620605469, 28.35675048828125, 30.96112060546875]}]}