{"image_path": "/home/hyem/workspace/frankmocap_notebooks/images/D9H-eRIROA/scene_00003387.jpg", "body_bbox_list": [[495, 146, 253, 484]], "hand_bbox_list": [{"left_hand": [739.485595703125, 224.2915802001953, 34.87225341796875, 38.69761657714844], "right_hand": [491.29571533203125, 247.64129638671875, 38.3525390625, 38.946746826171875]}]}