{"image_path": "/home/hyem/workspace/frankmocap_notebooks/images/D9H-eRIROA/scene_00007003.jpg", "body_bbox_list": [[562, 160, 136, 457], [730, 103, 137, 452]], "hand_bbox_list": [{"left_hand": [669.31298828125, 399.3442687988281, 32.0814208984375, 38.396484375], "right_hand": [571.0820922851562, 385.3403015136719, 31.3974609375, 30.042877197265625]}, {"left_hand": null, "right_hand": null}]}