{"image_path": "/home/hyem/workspace/frankmocap_notebooks/images/D9H-eRIROA/scene_00007637.jpg", "body_bbox_list": [[518, 153, 229, 470], [792, 131, 148, 216]], "hand_bbox_list": [{"left_hand": [712.3619384765625, 259.74810791015625, 47.767578125, 43.40789794921875], "right_hand": [541.3011474609375, 384.9387512207031, 27.6097412109375, 30.71942138671875]}, {"left_hand": null, "right_hand": null}]}