{"image_path": "/home/hyem/workspace/frankmocap_notebooks/images/D9H-eRIROA/scene_00002489.jpg", "body_bbox_list": [[525, 160, 205, 446], [735, 111, 167, 414], [830, 197, 61, 124]], "hand_bbox_list": [{"left_hand": [691.9857788085938, 366.1169738769531, 39.00848388671875, 50.421966552734375], "right_hand": [536.7404174804688, 344.86541748046875, 24.38568115234375, 42.588043212890625]}, {"left_hand": null, "right_hand": null}, {"left_hand": null, "right_hand": null}]}