{"image_path": "/home/hyem/workspace/frankmocap_notebooks/images/D9H-eRIROA/scene_00006838.jpg", "body_bbox_list": [[487, 118, 286, 495]], "hand_bbox_list": [{"left_hand": [631.9446411132812, 433.9988098144531, 68.817626953125, 82.38150024414062], "right_hand": [587.872314453125, 455.7235107421875, 84.7711181640625, 52.31298828125]}]}