{"image_path": "/home/hyem/workspace/frankmocap_notebooks/images/D9H-eRIROA/scene_00004929.jpg", "body_bbox_list": [[526, 142, 186, 481], [742, 78, 136, 519]], "hand_bbox_list": [{"left_hand": [688.7836303710938, 355.1025085449219, 27.02496337890625, 48.748199462890625], "right_hand": [579.4615478515625, 304.76861572265625, 42.42266845703125, 36.89788818359375]}, {"left_hand": null, "right_hand": null}]}