{"image_path": "/home/hyem/workspace/frankmocap_notebooks/images/D9H-eRIROA/scene_00009533.jpg", "body_bbox_list": [[11, 86, 378, 576]], "hand_bbox_list": [{"left_hand": [162.2739715576172, 331.4678955078125, 80.82759094238281, 92.40625], "right_hand": null}]}