{"image_path": "/home/hyem/workspace/frankmocap_notebooks/images/D9H-eRIROA/scene_00007005.jpg", "body_bbox_list": [[562, 160, 142, 457], [725, 104, 148, 433]], "hand_bbox_list": [{"left_hand": [672.5032958984375, 400.0904541015625, 32.48309326171875, 38.284088134765625], "right_hand": [567.2238159179688, 386.42352294921875, 32.0294189453125, 29.57366943359375]}, {"left_hand": null, "right_hand": null}]}