{"image_path": "/home/hyem/workspace/frankmocap_notebooks/images/D9H-eRIROA/scene_00001458.jpg", "body_bbox_list": [[571, 159, 180, 464], [733, 124, 199, 253]], "hand_bbox_list": [{"left_hand": [682.6135864257812, 334.92791748046875, 52.07275390625, 41.071014404296875], "right_hand": [566.6519165039062, 332.32427978515625, 39.340576171875, 30.134307861328125]}, {"left_hand": null, "right_hand": null}]}