{"image_path": "/home/hyem/workspace/frankmocap_notebooks/images/D9H-eRIROA/scene_00001198.jpg", "body_bbox_list": [[356, 133, 340, 544]], "hand_bbox_list": [{"left_hand": [450.8716125488281, 470.5887451171875, 102.51358032226562, 105.075927734375], "right_hand": [422.283447265625, 474.8305969238281, 77.5147705078125, 86.19070434570312]}]}