{"image_path": "/home/hyem/workspace/frankmocap_notebooks/images/D9H-eRIROA/scene_00007106.jpg", "body_bbox_list": [[551, 159, 254, 476], [739, 128, 210, 414]], "hand_bbox_list": [{"left_hand": null, "right_hand": [586.2703857421875, 364.60455322265625, 29.97467041015625, 32.000213623046875]}, {"left_hand": null, "right_hand": null}]}