{"image_path": "/home/hyem/workspace/frankmocap_notebooks/images/D9H-eRIROA/scene_00009442.jpg", "body_bbox_list": [[443, 100, 267, 514]], "hand_bbox_list": [{"left_hand": [596.0953369140625, 569.0322265625, 66.2620849609375, 67.42523193359375], "right_hand": [524.2131958007812, 558.538818359375, 78.3074951171875, 83.59747314453125]}]}