{"image_path": "/home/hyem/workspace/frankmocap_notebooks/images/D9H-eRIROA/scene_00002284.jpg", "body_bbox_list": [[506, 165, 259, 441], [773, 132, 186, 186]], "hand_bbox_list": [{"left_hand": [723.2326049804688, 356.8966369628906, 38.5460205078125, 51.132659912109375], "right_hand": [519.3443603515625, 333.2509765625, 34.43560791015625, 50.483978271484375]}, {"left_hand": null, "right_hand": null}]}