{"image_path": "/home/hyem/workspace/frankmocap_notebooks/images/D9H-eRIROA/scene_00005314.jpg", "body_bbox_list": [[579, 141, 248, 495]], "hand_bbox_list": [{"left_hand": [803.103759765625, 118.4499282836914, 56.55078125, 52.511009216308594], "right_hand": [550.145263671875, 328.6366882324219, 49.8939208984375, 46.520172119140625]}]}