{"image_path": "/home/hyem/workspace/frankmocap_notebooks/images/D9H-eRIROA/scene_00001396.jpg", "body_bbox_list": [[556, 140, 142, 514]], "hand_bbox_list": [{"left_hand": [644.1116333007812, 271.7258605957031, 23.042724609375, 42.5570068359375], "right_hand": [551.19482421875, 367.8525390625, 34.787353515625, 37.989105224609375]}]}