{"image_path": "/home/hyem/workspace/frankmocap_notebooks/images/D9H-eRIROA/scene_00009279.jpg", "body_bbox_list": [[492, 94, 316, 626]], "hand_bbox_list": [{"left_hand": [648.869873046875, 377.9126892089844, 73.404296875, 55.667694091796875], "right_hand": [570.2316284179688, 378.0219421386719, 73.16827392578125, 80.60049438476562]}]}