{"image_path": "/home/hyem/workspace/frankmocap_notebooks/images/D9H-eRIROA/scene_00002976.jpg", "body_bbox_list": [[539, 161, 148, 421], [686, 194, 113, 180]], "hand_bbox_list": [{"left_hand": [660.6759643554688, 400.2843017578125, 26.67547607421875, 32.10369873046875], "right_hand": [539.7859497070312, 390.9186096191406, 26.4158935546875, 33.570526123046875]}, {"left_hand": null, "right_hand": null}]}