{"image_path": "/home/hyem/workspace/frankmocap_notebooks/images/D9H-eRIROA/scene_00008798.jpg", "body_bbox_list": [[514, 163, 210, 484], [757, 109, 191, 316]], "hand_bbox_list": [{"left_hand": [650.2913818359375, 291.9670104980469, 47.30523681640625, 51.7442626953125], "right_hand": [517.7218627929688, 357.01043701171875, 40.601318359375, 51.637054443359375]}, {"left_hand": null, "right_hand": null}]}