{"image_path": "/home/hyem/workspace/frankmocap_notebooks/images/D9H-eRIROA/scene_00006142.jpg", "body_bbox_list": [[549, 194, 167, 427], [777, 223, 94, 302], [776, 230, 113, 148]], "hand_bbox_list": [{"left_hand": [702.407958984375, 418.5203552246094, 38.3370361328125, 29.2437744140625], "right_hand": [543.7076416015625, 402.1695556640625, 34.244384765625, 31.99798583984375]}, {"left_hand": null, "right_hand": null}, {"left_hand": null, "right_hand": null}]}