{"image_path": "/home/hyem/workspace/frankmocap_notebooks/images/D9H-eRIROA/scene_00005045.jpg", "body_bbox_list": [[543, 170, 180, 465], [789, 179, 99, 278]], "hand_bbox_list": [{"left_hand": [696.4132080078125, 341.7658386230469, 32.15948486328125, 36.74713134765625], "right_hand": [590.8780517578125, 295.7815246582031, 39.1837158203125, 35.3365478515625]}, {"left_hand": null, "right_hand": null}]}