{"image_path": "/home/hyem/workspace/frankmocap_notebooks/images/D9H-eRIROA/scene_00008476.jpg", "body_bbox_list": [[532, 153, 180, 476], [731, 102, 113, 471], [842, 194, 26, 180]], "hand_bbox_list": [{"left_hand": [686.8834838867188, 406.9051208496094, 28.9891357421875, 37.8028564453125], "right_hand": [534.8463745117188, 402.81060791015625, 27.93450927734375, 40.5687255859375]}, {"left_hand": null, "right_hand": null}, {"left_hand": null, "right_hand": null}]}