{"image_path": "/home/hyem/workspace/frankmocap_notebooks/images/D9H-eRIROA/scene_00007978.jpg", "body_bbox_list": [[573, 171, 142, 446], [719, 136, 148, 229]], "hand_bbox_list": [{"left_hand": [649.7872314453125, 369.10888671875, 38.2113037109375, 39.996490478515625], "right_hand": [599.0113525390625, 379.0408020019531, 35.194091796875, 36.694427490234375]}, {"left_hand": null, "right_hand": null}]}