{"image_path": "/home/hyem/workspace/frankmocap_notebooks/images/D9H-eRIROA/scene_00009245.jpg", "body_bbox_list": [[429, 82, 346, 638]], "hand_bbox_list": [{"left_hand": [599.2246704101562, 411.3921203613281, 80.21673583984375, 87.11410522460938], "right_hand": [535.4190063476562, 404.6216125488281, 85.22784423828125, 98.92562866210938]}]}