{"image_path": "/home/hyem/workspace/frankmocap_notebooks/images/D9H-eRIROA/scene_00001167.jpg", "body_bbox_list": [[373, 121, 346, 551]], "hand_bbox_list": [{"left_hand": [501.1590881347656, 557.7575073242188, 109.98995971679688, 95.5048828125], "right_hand": [406.2599182128906, 353.3887634277344, 125.38125610351562, 106.01321411132812]}]}