{"image_path": "/home/hyem/workspace/frankmocap_notebooks/images/D9H-eRIROA/scene_00003778.jpg", "body_bbox_list": [[459, 171, 303, 451]], "hand_bbox_list": [{"left_hand": [717.8142700195312, 155.8595733642578, 43.157958984375, 52.50779724121094], "right_hand": [461.877685546875, 181.1704864501953, 40.063140869140625, 50.95465087890625]}]}