{"image_path": "/home/hyem/workspace/frankmocap_notebooks/images/D9H-eRIROA/scene_00001112.jpg", "body_bbox_list": [[426, 120, 403, 582]], "hand_bbox_list": [{"left_hand": [611.4174194335938, 356.5773010253906, 132.87939453125, 102.98214721679688], "right_hand": null}]}