{"image_path": "/home/hyem/workspace/frankmocap_notebooks/images/D9H-eRIROA/scene_00003852.jpg", "body_bbox_list": [[569, 182, 235, 457]], "hand_bbox_list": [{"left_hand": [732.8579711914062, 249.54788208007812, 30.62664794921875, 37.15411376953125], "right_hand": [553.7352905273438, 250.76220703125, 38.7269287109375, 35.6162109375]}]}