{"image_path": "/home/hyem/workspace/frankmocap_notebooks/images/D9H-eRIROA/scene_00008304.jpg", "body_bbox_list": [[467, 153, 253, 476]], "hand_bbox_list": [{"left_hand": [699.5180053710938, 191.76087951660156, 27.544921875, 51.67730712890625], "right_hand": [497.3120422363281, 232.77536010742188, 48.904754638671875, 56.189239501953125]}]}