{"image_path": "/home/hyem/workspace/frankmocap_notebooks/images/D9H-eRIROA/scene_00007662.jpg", "body_bbox_list": [[501, 165, 235, 457], [747, 133, 137, 297]], "hand_bbox_list": [{"left_hand": [635.6718139648438, 266.62518310546875, 51.2646484375, 44.335693359375], "right_hand": [564.77783203125, 266.58929443359375, 48.1810302734375, 49.8656005859375]}, {"left_hand": null, "right_hand": null}]}