{"image_path": "/home/hyem/workspace/frankmocap_notebooks/images/D9H-eRIROA/scene_00004445.jpg", "body_bbox_list": [[512, 165, 253, 452]], "hand_bbox_list": [{"left_hand": [716.84619140625, 172.66758728027344, 30.36370849609375, 36.822509765625], "right_hand": [559.8076782226562, 264.33575439453125, 27.63580322265625, 35.220611572265625]}]}