{"image_path": "/home/hyem/workspace/frankmocap_notebooks/images/D9H-eRIROA/scene_00007604.jpg", "body_bbox_list": [[549, 182, 173, 446], [748, 131, 129, 441]], "hand_bbox_list": [{"left_hand": [651.9100952148438, 334.24774169921875, 34.44146728515625, 33.885955810546875], "right_hand": [529.6016235351562, 339.02557373046875, 34.5850830078125, 32.3292236328125]}, {"left_hand": null, "right_hand": null}]}