{"image_path": "/home/hyem/workspace/frankmocap_notebooks/images/D9H-eRIROA/scene_00001329.jpg", "body_bbox_list": [[550, 171, 132, 440], [429, 136, 104, 235]], "hand_bbox_list": [{"left_hand": [628.71240234375, 369.6728515625, 30.70208740234375, 34.831298828125], "right_hand": [594.5298461914062, 364.5992126464844, 32.74041748046875, 34.780364990234375]}, {"left_hand": null, "right_hand": null}]}