{"image_path": "/home/hyem/workspace/frankmocap_notebooks/images/D9H-eRIROA/scene_00002992.jpg", "body_bbox_list": [[563, 176, 118, 441], [715, 134, 112, 384]], "hand_bbox_list": [{"left_hand": [615.2711181640625, 383.09222412109375, 37.61383056640625, 40.7095947265625], "right_hand": [589.1901245117188, 419.0549621582031, 32.92425537109375, 34.310638427734375]}, {"left_hand": null, "right_hand": null}]}