{"image_path": "/home/hyem/workspace/frankmocap_notebooks/images/D9H-eRIROA/scene_00007873.jpg", "body_bbox_list": [[383, 103, 370, 587]], "hand_bbox_list": [{"left_hand": [619.0001220703125, 449.1890563964844, 96.80633544921875, 111.18295288085938], "right_hand": [507.65789794921875, 451.54364013671875, 108.8861083984375, 122.65216064453125]}]}