{"image_path": "/home/hyem/workspace/frankmocap_notebooks/images/D9H-eRIROA/scene_00005794.jpg", "body_bbox_list": [[499, 186, 155, 495]], "hand_bbox_list": [{"left_hand": [537.9619750976562, 220.22775268554688, 31.9459228515625, 32.502288818359375], "right_hand": [483.84185791015625, 249.0404815673828, 39.48724365234375, 49.19706726074219]}]}