{"image_path": "/home/hyem/workspace/frankmocap_notebooks/images/D9H-eRIROA/scene_00007105.jpg", "body_bbox_list": [[551, 128, 259, 509]], "hand_bbox_list": [{"left_hand": null, "right_hand": [590.9470825195312, 371.8852844238281, 25.78125, 32.1795654296875]}]}