{"image_path": "/home/hyem/workspace/frankmocap_notebooks/images/D9H-eRIROA/scene_00005368.jpg", "body_bbox_list": [[480, 132, 346, 552]], "hand_bbox_list": [{"left_hand": [791.7638549804688, 485.7371826171875, 63.67388916015625, 67.9049072265625], "right_hand": [675.9227905273438, 434.90667724609375, 62.34759521484375, 80.02130126953125]}]}