{"image_path": "/home/hyem/workspace/frankmocap_notebooks/images/D9H-eRIROA/scene_00007546.jpg", "body_bbox_list": [[764, 103, 278, 441], [555, 167, 161, 533]], "hand_bbox_list": [{"left_hand": null, "right_hand": null}, {"left_hand": [650.6864624023438, 363.0867004394531, 43.8099365234375, 36.646820068359375], "right_hand": [545.503173828125, 334.313232421875, 38.749267578125, 38.541656494140625]}]}