{"image_path": "/home/hyem/workspace/frankmocap_notebooks/images/D9H-eRIROA/scene_00004243.jpg", "body_bbox_list": [[500, 76, 248, 551]], "hand_bbox_list": [{"left_hand": [690.58984375, 54.81041717529297, 53.82257080078125, 56.12926483154297], "right_hand": [499.4703674316406, 97.5020523071289, 39.527252197265625, 52.05419158935547]}]}