{"image_path": "/home/hyem/workspace/frankmocap_notebooks/images/D9H-eRIROA/scene_00001352.jpg", "body_bbox_list": [[556, 147, 148, 476], [736, 97, 137, 465]], "hand_bbox_list": [{"left_hand": [645.1788330078125, 313.3769836425781, 35.11029052734375, 32.514251708984375], "right_hand": [572.3643798828125, 380.0304870605469, 37.86328125, 36.00152587890625]}, {"left_hand": null, "right_hand": null}]}