{"image_path": "/home/hyem/workspace/frankmocap_notebooks/images/D9H-eRIROA/scene_00009180.jpg", "body_bbox_list": [[476, 94, 286, 626]], "hand_bbox_list": [{"left_hand": [533.8953857421875, 421.9345703125, 78.40667724609375, 82.2705078125], "right_hand": [533.8953857421875, 421.9345703125, 78.40667724609375, 82.2705078125]}]}