{"image_path": "/home/hyem/workspace/frankmocap_notebooks/images/D9H-eRIROA/scene_00005598.jpg", "body_bbox_list": [[592, 135, 211, 501]], "hand_bbox_list": [{"left_hand": [781.04443359375, 126.57402801513672, 42.61627197265625, 37.156959533691406], "right_hand": null}]}