{"image_path": "/home/hyem/workspace/frankmocap_notebooks/images/D9H-eRIROA/scene_00003284.jpg", "body_bbox_list": [[531, 170, 215, 465], [789, 189, 93, 55]], "hand_bbox_list": [{"left_hand": [730.4401245117188, 209.10617065429688, 31.67529296875, 36.32696533203125], "right_hand": [525.7400512695312, 246.9473419189453, 32.603515625, 33.63691711425781]}, {"left_hand": null, "right_hand": null}]}