{"image_path": "/home/hyem/workspace/frankmocap_notebooks/images/D9H-eRIROA/scene_00009064.jpg", "body_bbox_list": [[447, 94, 316, 626]], "hand_bbox_list": [{"left_hand": [586.9542236328125, 396.49200439453125, 87.8548583984375, 77.29714965820312], "right_hand": [497.020751953125, 273.6931457519531, 98.1043701171875, 85.41064453125]}]}