{"image_path": "/home/hyem/workspace/frankmocap_notebooks/images/D9H-eRIROA/scene_00007218.jpg", "body_bbox_list": [[473, 161, 224, 539]], "hand_bbox_list": [{"left_hand": [463.4903869628906, 198.61351013183594, 34.16961669921875, 36.26042175292969], "right_hand": [463.4903869628906, 198.61351013183594, 34.16961669921875, 36.26042175292969]}]}