{"image_path": "/home/hyem/workspace/frankmocap_notebooks/images/D9H-eRIROA/scene_00005720.jpg", "body_bbox_list": [[478, 95, 259, 525]], "hand_bbox_list": [{"left_hand": [702.0620727539062, 68.01139068603516, 38.7623291015625, 53.02952575683594], "right_hand": [453.94036865234375, 330.4295654296875, 47.0152587890625, 40.3316650390625]}]}