{"image_path": "/home/hyem/workspace/frankmocap_notebooks/images/D9H-eRIROA/scene_00002383.jpg", "body_bbox_list": [[469, 188, 316, 457], [773, 191, 74, 18]], "hand_bbox_list": [{"left_hand": [633.600341796875, 225.48106384277344, 40.9158935546875, 43.81779479980469], "right_hand": [478.19830322265625, 268.25469970703125, 44.73809814453125, 56.26727294921875]}, {"left_hand": null, "right_hand": null}]}