{"image_path": "/home/hyem/workspace/frankmocap_notebooks/images/D9H-eRIROA/scene_00001985.jpg", "body_bbox_list": [[493, 147, 291, 465]], "hand_bbox_list": [{"left_hand": [764.820068359375, 193.31080627441406, 27.93243408203125, 53.56779479980469], "right_hand": [496.808837890625, 189.4486541748047, 28.22381591796875, 52.07838439941406]}]}