{"image_path": "/home/hyem/workspace/frankmocap_notebooks/images/D9H-eRIROA/scene_00008223.jpg", "body_bbox_list": [[515, 201, 286, 414], [694, 161, 204, 421], [806, 341, 99, 167]], "hand_bbox_list": [{"left_hand": null, "right_hand": [567.9539184570312, 377.7005310058594, 34.481201171875, 38.701507568359375]}, {"left_hand": null, "right_hand": null}, {"left_hand": null, "right_hand": null}]}