{"image_path": "/home/hyem/workspace/frankmocap_notebooks/images/D9H-eRIROA/scene_00005227.jpg", "body_bbox_list": [[465, 176, 302, 458], [659, 123, 235, 390]], "hand_bbox_list": [{"left_hand": [474.9976501464844, 289.1145935058594, 34.9056396484375, 35.187347412109375], "right_hand": [449.6794128417969, 297.6344909667969, 30.48822021484375, 31.474029541015625]}, {"left_hand": null, "right_hand": null}]}