{"image_path": "/home/hyem/workspace/frankmocap_notebooks/images/D9H-eRIROA/scene_00005131.jpg", "body_bbox_list": [[542, 141, 199, 489], [768, 79, 180, 500]], "hand_bbox_list": [{"left_hand": [712.4736938476562, 287.08050537109375, 36.64453125, 35.1094970703125], "right_hand": [584.7880249023438, 273.7221984863281, 42.73687744140625, 35.5030517578125]}, {"left_hand": null, "right_hand": null}]}