{"image_path": "/home/hyem/workspace/frankmocap_notebooks/images/D9H-eRIROA/scene_00001416.jpg", "body_bbox_list": [[495, 146, 248, 484], [740, 112, 185, 248]], "hand_bbox_list": [{"left_hand": [681.1325073242188, 240.32232666015625, 37.1427001953125, 36.305023193359375], "right_hand": [503.0329895019531, 253.18197631835938, 38.349822998046875, 30.87774658203125]}, {"left_hand": null, "right_hand": null}]}