{"image_path": "/home/hyem/workspace/frankmocap_notebooks/images/D9H-eRIROA/scene_00005948.jpg", "body_bbox_list": [[510, 186, 167, 489], [711, 124, 199, 354], [843, 344, 18, 235]], "hand_bbox_list": [{"left_hand": [570.0016479492188, 341.8335266113281, 43.095458984375, 37.161163330078125], "right_hand": [484.9820251464844, 316.7923889160156, 34.486114501953125, 35.60980224609375]}, {"left_hand": null, "right_hand": null}, {"left_hand": null, "right_hand": null}]}