{"image_path": "/home/hyem/workspace/frankmocap_notebooks/images/D9H-eRIROA/scene_00001103.jpg", "body_bbox_list": [[421, 126, 390, 558]], "hand_bbox_list": [{"left_hand": [556.5159301757812, 483.08953857421875, 92.4376220703125, 85.62335205078125], "right_hand": [533.5089111328125, 486.49884033203125, 80.190673828125, 78.6998291015625]}]}