{"image_path": "/home/hyem/workspace/frankmocap_notebooks/images/D9H-eRIROA/scene_00004266.jpg", "body_bbox_list": [[572, 147, 172, 476], [752, 101, 161, 484]], "hand_bbox_list": [{"left_hand": [724.5546264648438, 394.3810119628906, 27.31036376953125, 47.031494140625], "right_hand": [600.8976440429688, 263.88616943359375, 40.49163818359375, 36.42779541015625]}, {"left_hand": null, "right_hand": null}]}