{"image_path": "/home/hyem/workspace/frankmocap_notebooks/images/D9H-eRIROA/scene_00007534.jpg", "body_bbox_list": [[545, 191, 148, 501], [809, 217, 148, 180]], "hand_bbox_list": [{"left_hand": [568.2814331054688, 236.66529846191406, 38.894287109375, 32.61643981933594], "right_hand": [537.9644165039062, 258.858642578125, 28.97515869140625, 36.5687255859375]}, {"left_hand": null, "right_hand": null}]}