{"image_path": "/home/hyem/workspace/frankmocap_notebooks/images/D9H-eRIROA/scene_00001659.jpg", "body_bbox_list": [[713, 108, 161, 470], [538, 154, 156, 457]], "hand_bbox_list": [{"left_hand": null, "right_hand": null}, {"left_hand": [669.6057739257812, 358.1112365722656, 39.85296630859375, 49.815093994140625], "right_hand": [557.1619262695312, 344.4935607910156, 38.502685546875, 40.457183837890625]}]}