{"image_path": "/home/hyem/workspace/frankmocap_notebooks/images/D9H-eRIROA/scene_00007759.jpg", "body_bbox_list": [[478, 159, 254, 464], [704, 107, 235, 495]], "hand_bbox_list": [{"left_hand": [720.6719360351562, 375.7445983886719, 37.72027587890625, 40.521453857421875], "right_hand": [476.7043151855469, 394.1421203613281, 28.262451171875, 49.16156005859375]}, {"left_hand": null, "right_hand": null}]}