{"image_path": "/home/hyem/workspace/frankmocap_notebooks/images/D9H-eRIROA/scene_00006411.jpg", "body_bbox_list": [[544, 147, 172, 476], [730, 103, 137, 458]], "hand_bbox_list": [{"left_hand": [633.4141845703125, 263.04351806640625, 50.30731201171875, 44.978790283203125], "right_hand": [575.14599609375, 268.8169250488281, 50.39630126953125, 39.8353271484375]}, {"left_hand": null, "right_hand": null}]}