{"image_path": "/home/hyem/workspace/frankmocap_notebooks/images/D9H-eRIROA/scene_00001099.jpg", "body_bbox_list": [[422, 121, 371, 563]], "hand_bbox_list": [{"left_hand": [540.9636840820312, 483.01513671875, 93.9036865234375, 81.5838623046875], "right_hand": [517.5391845703125, 488.1593322753906, 77.1712646484375, 73.80636596679688]}]}