{"image_path": "/home/hyem/workspace/frankmocap_notebooks/images/D9H-eRIROA/scene_00008735.jpg", "body_bbox_list": [[724, 85, 161, 465], [550, 146, 148, 490]], "hand_bbox_list": [{"left_hand": null, "right_hand": null}, {"left_hand": [639.5153198242188, 351.20074462890625, 39.85345458984375, 54.164520263671875], "right_hand": [587.0012817382812, 353.5157470703125, 38.7626953125, 43.666229248046875]}]}