{"image_path": "/home/hyem/workspace/frankmocap_notebooks/images/D9H-eRIROA/scene_00008491.jpg", "body_bbox_list": [[532, 146, 180, 484], [773, 115, 80, 457]], "hand_bbox_list": [{"left_hand": [683.4120483398438, 407.48345947265625, 22.98974609375, 40.282562255859375], "right_hand": [546.3018188476562, 404.56890869140625, 24.03692626953125, 36.16680908203125]}, {"left_hand": null, "right_hand": null}]}