{"image_path": "/home/hyem/workspace/frankmocap_notebooks/images/D9H-eRIROA/scene_00005278.jpg", "body_bbox_list": [[474, 164, 216, 471], [667, 111, 180, 414]], "hand_bbox_list": [{"left_hand": [540.3875122070312, 318.3873291015625, 40.09600830078125, 33.343414306640625], "right_hand": [477.3697814941406, 307.5643005371094, 30.08367919921875, 29.570281982421875]}, {"left_hand": null, "right_hand": null}]}