{"image_path": "/home/hyem/workspace/frankmocap_notebooks/images/D9H-eRIROA/scene_00004494.jpg", "body_bbox_list": [[512, 218, 253, 414], [750, 176, 216, 335]], "hand_bbox_list": [{"left_hand": [705.2213134765625, 397.9056396484375, 44.1357421875, 44.521392822265625], "right_hand": [536.6825561523438, 362.1973571777344, 39.71173095703125, 53.458465576171875]}, {"left_hand": null, "right_hand": null}]}