{"image_path": "/home/hyem/workspace/frankmocap_notebooks/images/D9H-eRIROA/scene_00007388.jpg", "body_bbox_list": [[492, 200, 316, 433]], "hand_bbox_list": [{"left_hand": [775.50537109375, 365.4181823730469, 30.93072509765625, 30.584991455078125], "right_hand": [775.50537109375, 365.4181823730469, 30.93072509765625, 30.584991455078125]}]}