{"image_path": "/home/hyem/workspace/frankmocap_notebooks/images/D9H-eRIROA/scene_00007227.jpg", "body_bbox_list": [[482, 124, 291, 495]], "hand_bbox_list": [{"left_hand": [767.10302734375, 116.7756576538086, 34.12408447265625, 28.90052032470703], "right_hand": [540.687744140625, 123.82179260253906, 39.24249267578125, 36.43452453613281]}]}