{"image_path": "/home/hyem/workspace/frankmocap_notebooks/images/D9H-eRIROA/scene_00000507.jpg", "body_bbox_list": [[393, 110, 283, 551]], "hand_bbox_list": [{"left_hand": [454.8390197753906, 535.0523071289062, 119.61648559570312, 93.24493408203125], "right_hand": [435.32275390625, 370.51849365234375, 130.30572509765625, 116.84292602539062]}]}