{"image_path": "/home/hyem/workspace/frankmocap_notebooks/images/D9H-eRIROA/scene_00005329.jpg", "body_bbox_list": [[644, 103, 310, 576]], "hand_bbox_list": [{"left_hand": [847.4164428710938, 428.74261474609375, 92.169921875, 101.82904052734375], "right_hand": [734.3322143554688, 383.798583984375, 110.89776611328125, 106.54751586914062]}]}