{"image_path": "/home/hyem/workspace/frankmocap_notebooks/images/D9H-eRIROA/scene_00005289.jpg", "body_bbox_list": [[523, 152, 242, 484]], "hand_bbox_list": [{"left_hand": [757.1619262695312, 222.62457275390625, 36.404052734375, 41.255523681640625], "right_hand": [566.2125854492188, 301.9988708496094, 48.8602294921875, 43.334869384765625]}]}