{"image_path": "/home/hyem/workspace/frankmocap_notebooks/images/D9H-eRIROA/scene_00003555.jpg", "body_bbox_list": [[519, 153, 216, 470]], "hand_bbox_list": [{"left_hand": [713.2054443359375, 223.39622497558594, 35.447998046875, 40.79490661621094], "right_hand": [512.599609375, 247.90892028808594, 38.7401123046875, 47.93977355957031]}]}