{"image_path": "/home/hyem/workspace/frankmocap_notebooks/images/D9H-eRIROA/scene_00005959.jpg", "body_bbox_list": [[743, 105, 224, 409], [522, 167, 148, 533], [837, 351, 25, 204]], "hand_bbox_list": [{"left_hand": null, "right_hand": null}, {"left_hand": [594.1539306640625, 382.1170349121094, 37.883544921875, 44.086517333984375], "right_hand": [505.9774169921875, 286.755126953125, 34.0152587890625, 32.524871826171875]}, {"left_hand": null, "right_hand": null}]}