{"image_path": "/home/hyem/workspace/frankmocap_notebooks/images/D9H-eRIROA/scene_00008342.jpg", "body_bbox_list": [[770, 127, 260, 421], [585, 183, 118, 537]], "hand_bbox_list": [{"left_hand": null, "right_hand": null}, {"left_hand": [656.5881958007812, 403.38128662109375, 50.79644775390625, 43.63922119140625], "right_hand": [568.71533203125, 384.8376159667969, 39.6341552734375, 37.930023193359375]}]}