{"image_path": "/home/hyem/workspace/frankmocap_notebooks/images/D9H-eRIROA/scene_00009268.jpg", "body_bbox_list": [[511, 94, 278, 626]], "hand_bbox_list": [{"left_hand": [647.5747680664062, 416.71185302734375, 75.23858642578125, 74.97991943359375], "right_hand": [647.5747680664062, 416.71185302734375, 75.23858642578125, 74.97991943359375]}]}