{"image_path": "/home/hyem/workspace/frankmocap_notebooks/images/D9H-eRIROA/scene_00003277.jpg", "body_bbox_list": [[536, 159, 205, 476], [772, 207, 88, 31]], "hand_bbox_list": [{"left_hand": [722.9142456054688, 202.73739624023438, 30.079833984375, 36.7802734375], "right_hand": [530.1725463867188, 256.5040588378906, 33.05816650390625, 32.842987060546875]}, {"left_hand": null, "right_hand": null}]}