{"image_path": "/home/hyem/workspace/frankmocap_notebooks/images/D9H-eRIROA/scene_00005094.jpg", "body_bbox_list": [[448, 170, 297, 465], [648, 117, 223, 397]], "hand_bbox_list": [{"left_hand": [454.5561218261719, 306.8245849609375, 47.989837646484375, 35.578948974609375], "right_hand": [454.5561218261719, 306.8245849609375, 47.989837646484375, 35.578948974609375]}, {"left_hand": null, "right_hand": null}]}