{"image_path": "/home/hyem/workspace/frankmocap_notebooks/images/D9H-eRIROA/scene_00007149.jpg", "body_bbox_list": [[576, 163, 210, 484]], "hand_bbox_list": [{"left_hand": [730.5167236328125, 239.1962432861328, 27.263671875, 31.962905883789062], "right_hand": [562.5565185546875, 237.816650390625, 38.9151611328125, 33.951507568359375]}]}